{
"type": "FeatureCollection",
"name": "biodiversidad_distritos",
"crs": { "type": "name", "properties": { "name": "urn:ogc:def:crs:OGC:1.3:CRS84" } },
"features": [
{ "type": "Feature", "properties": { "district": "Chinchaypujio", "records": 283, "flora_species": 26, "fauna_species": 65, "species": 91, "families": 48, "sources": 2, "platforms": 3, "first_year": 1946, "last_year": 2024, "recent_records": 118, "records_per_species": 3.1, "recent_pct": 41.7, "exclusive_species": 9.0, "mean_turnover": 0.811, "tooltip": "<b>Chinchaypujio</b><br>Registros:    283<br>Especies: 91<br>Flora: 26 | Fauna: 65<br>Especies exclusivas: 9<br>Recambio medio: 81%" }, "geometry": { "type": "Polygon", "coordinates": [ [ [ -72.255643731823497, -13.523290856226426 ], [ -72.25423598182222, -13.52517785622819 ], [ -72.253190606821235, -13.526539856229469 ], [ -72.252525481820641, -13.527300106230163 ], [ -72.25163860681981, -13.527965356230798 ], [ -72.250403231818694, -13.528567106231343 ], [ -72.249706356818038, -13.528757231231539 ], [ -72.247679106816193, -13.529010606231765 ], [ -72.246063731814701, -13.528788856231552 ], [ -72.243022856811933, -13.528788856231538 ], [ -72.240077106809196, -13.529073981231795 ], [ -72.238588356807824, -13.529137231231863 ], [ -72.236434481805858, -13.529042231231763 ], [ -72.234407231803999, -13.528978856231712 ], [ -72.232126606801927, -13.529485731232162 ], [ -72.230827856800744, -13.530119356232776 ], [ -72.229434231799459, -13.530879481233482 ], [ -72.227539106797707, -13.531757856234291 ], [ -72.225506481795833, -13.532304856234814 ], [ -72.223922731794403, -13.532653231235114 ], [ -72.222307231792911, -13.532811606235253 ], [ -72.221071856791767, -13.53341348123582 ], [ -72.219994981790776, -13.53404698123642 ], [ -72.219329731790182, -13.534617106236954 ], [ -72.21898135678984, -13.535123856237416 ], [ -72.218094481789038, -13.536612606238792 ], [ -72.217365856788376, -13.537372856239511 ], [ -72.21632060678742, -13.538006356240102 ], [ -72.21508523178629, -13.538323106240371 ], [ -72.214229981785508, -13.538671606240715 ], [ -72.213913231785199, -13.539051606241067 ], [ -72.214024356785302, -13.539704481241685 ], [ -72.214416356785662, -13.540946231242827 ], [ -72.214677981785897, -13.542188106243978 ], [ -72.21474323178596, -13.542972356244729 ], [ -72.214547231785772, -13.543560606245251 ], [ -72.21395898178524, -13.54441035624607 ], [ -72.212847856784208, -13.545586856247166 ], [ -72.211605981783094, -13.546305731247829 ], [ -72.210364231781938, -13.546632606248131 ], [ -72.207684356779467, -13.547351481248793 ], [ -72.20546223177746, -13.548070481249455 ], [ -72.203762856775896, -13.548201231249571 ], [ -72.201275231773621, -13.548646481249985 ], [ -72.200233356772642, -13.548462606249801 ], [ -72.19768435677031, -13.54793973124932 ], [ -72.196246481769009, -13.548331981249685 ], [ -72.194873856767757, -13.549246981250535 ], [ -72.192651731765707, -13.550358106251572 ], [ -72.190560106763797, -13.551469231252591 ], [ -72.189252981762607, -13.55258035625363 ], [ -72.188403231761811, -13.554148981255077 ], [ -72.188011106761451, -13.555129231256018 ], [ -72.186834731760385, -13.557090106257821 ], [ -72.18585423175945, -13.558201231258856 ], [ -72.184416356758163, -13.559443106260021 ], [ -72.182847606756724, -13.561077106261536 ], [ -72.181163731755163, -13.563368856263661 ], [ -72.180158356754248, -13.565078106265252 ], [ -72.179414481753554, -13.565841981265969 ], [ -72.179173106753339, -13.566203856266315 ], [ -72.178851481753057, -13.567048356267087 ], [ -72.178348731752607, -13.567953231267932 ], [ -72.177966731752235, -13.568455856268418 ], [ -72.177323356751657, -13.568677106268598 ], [ -72.17587560675031, -13.569300356269185 ], [ -72.17493060674947, -13.570024231269867 ], [ -72.174186606748776, -13.570969231270746 ], [ -72.173342106747981, -13.572095231271799 ], [ -72.172517606747235, -13.573160981272769 ], [ -72.1715928567464, -13.57414610627368 ], [ -72.171130356745962, -13.575432981274878 ], [ -72.170828731745686, -13.576800231276168 ], [ -72.170667856745538, -13.578026856277289 ], [ -72.170346231745256, -13.578589856277832 ], [ -72.169863606744798, -13.579213106278418 ], [ -72.169561981744522, -13.57935385627855 ], [ -72.168998981744025, -13.57959523127878 ], [ -72.168677356743714, -13.579675606278832 ], [ -72.168134731743237, -13.579750981278913 ], [ -72.167401231742559, -13.580021231279149 ], [ -72.16743985674259, -13.58071623127981 ], [ -72.16755560674271, -13.581295356280341 ], [ -72.167594231742726, -13.582569356281534 ], [ -72.1673626067425, -13.584422606283258 ], [ -72.16651948174173, -13.585670981284414 ], [ -72.166335981741554, -13.586382856285063 ], [ -72.16627060674152, -13.587578606286195 ], [ -72.166768356741969, -13.589486356287965 ], [ -72.167348856742507, -13.590398606288835 ], [ -72.167524856742645, -13.591151731289521 ], [ -72.167678856742796, -13.591638106289979 ], [ -72.167811106742917, -13.592299356290592 ], [ -72.167931606743011, -13.592750606291021 ], [ -72.167978856743062, -13.593104856291335 ], [ -72.167978856743062, -13.593718981291911 ], [ -72.168002481743088, -13.593931606292093 ], [ -72.167931606743011, -13.594191481292331 ], [ -72.167718981742823, -13.594451231292581 ], [ -72.167411981742546, -13.594663856292778 ], [ -72.166750606741942, -13.595041731293142 ], [ -72.166231106741478, -13.595254356293326 ], [ -72.165994731741222, -13.595702981293753 ], [ -72.165356981740658, -13.596978606294941 ], [ -72.164979106740304, -13.597710856295633 ], [ -72.164790106740114, -13.598277731296148 ], [ -72.164577606739954, -13.599151606296962 ], [ -72.164341356739726, -13.599647606297413 ], [ -72.164128731739538, -13.600214481297957 ], [ -72.164105231739512, -13.600852231298536 ], [ -72.164128731739524, -13.601537231299195 ], [ -72.164128731739524, -13.602411106300014 ], [ -72.164105231739498, -13.603639356301148 ], [ -72.164341356739726, -13.60427710630173 ], [ -72.164530356739888, -13.604891231302329 ], [ -72.164624856739948, -13.605576231302958 ], [ -72.16457760673994, -13.606284856303629 ], [ -72.164294106739661, -13.60718235630446 ], [ -72.163726481739161, -13.607868106305077 ], [ -72.16232410673787, -13.60886460630601 ], [ -72.161226606736847, -13.609437481306529 ], [ -72.160294231735989, -13.609491981306594 ], [ -72.158744231734588, -13.609565731306658 ], [ -72.156935856732915, -13.609971731307025 ], [ -72.155238106731375, -13.610414606307447 ], [ -72.153355856729647, -13.611226606308179 ], [ -72.152138106728529, -13.612112356309021 ], [ -72.150920106727426, -13.613256356310069 ], [ -72.149886731726468, -13.615101606311798 ], [ -72.149037856725698, -13.615987481312617 ], [ -72.148115231724844, -13.616504106313094 ], [ -72.147303231724109, -13.616836356313419 ], [ -72.146638981723498, -13.617463731313988 ], [ -72.145826981722749, -13.61831248131479 ], [ -72.144830606721825, -13.619419731315805 ], [ -72.144055481721139, -13.62019473131652 ], [ -72.142948356720126, -13.621117356317383 ], [ -72.141435231718731, -13.621966231318178 ], [ -72.141103106718418, -13.622150731318344 ], [ -72.137929106715518, -13.622815106318967 ], [ -72.136895731714574, -13.623294856319408 ], [ -72.135419481713228, -13.624623481320642 ], [ -72.135013481712861, -13.625213981321206 ], [ -72.134792106712652, -13.62598898132191 ], [ -72.134533731712423, -13.627944981323736 ], [ -72.134349231712221, -13.629310606324989 ], [ -72.134422856712305, -13.630270106325899 ], [ -72.134496856712389, -13.630860606326454 ], [ -72.134039981711965, -13.6315611063271 ], [ -72.133501356711463, -13.632299731327775 ], [ -72.133230481711209, -13.632901606328348 ], [ -72.133019856711016, -13.63413548132951 ], [ -72.132839231710861, -13.636482731331681 ], [ -72.132658731710677, -13.637566106332685 ], [ -72.132568356710593, -13.638258231333333 ], [ -72.132327606710376, -13.638829981333876 ], [ -72.132206981710269, -13.639304731334301 ], [ -72.132568356710593, -13.639732856334717 ], [ -72.133170231711134, -13.640063856335011 ], [ -72.133742106711665, -13.640966731335856 ], [ -72.134765231712592, -13.64183935633668 ], [ -72.13584860671358, -13.642350981337158 ], [ -72.1375037317151, -13.642802356337565 ], [ -72.139188981716643, -13.643313981338064 ], [ -72.139982106717383, -13.643847981338558 ], [ -72.14059510671791, -13.644215856338905 ], [ -72.141984606719191, -13.644624481339271 ], [ -72.143741731720823, -13.644828856339458 ], [ -72.145744356722645, -13.644787981339446 ], [ -72.1468069817236, -13.644706231339356 ], [ -72.148073606724779, -13.644297606338995 ], [ -72.14885023172549, -13.643807106338517 ], [ -72.149667481726226, -13.643643731338374 ], [ -72.15032135672682, -13.643643731338381 ], [ -72.150770856727249, -13.644011481338733 ], [ -72.151016106727468, -13.644542731339218 ], [ -72.151220481727648, -13.645033106339664 ], [ -72.151629106728009, -13.645482731340115 ], [ -72.15220123172854, -13.645932231340513 ], [ -72.154326356730493, -13.646463481341021 ], [ -72.156287731732277, -13.646586106341118 ], [ -72.157513856733416, -13.646667856341198 ], [ -72.158331231734152, -13.64707648134158 ], [ -72.158985106734775, -13.64748510634195 ], [ -72.160252106735911, -13.648302481342713 ], [ -72.1611101067367, -13.648506856342939 ], [ -72.162295231737772, -13.648343356342783 ], [ -72.16360298173899, -13.647934731342403 ], [ -72.164788106740048, -13.647812106342274 ], [ -72.165687231740876, -13.648098106342559 ], [ -72.166627106741743, -13.64862948134304 ], [ -72.167240106742284, -13.649038106343422 ], [ -72.167853106742868, -13.649528481343868 ], [ -72.168670481743618, -13.650468356344755 ], [ -72.169732856744588, -13.652103106346283 ], [ -72.171490231746191, -13.654064606348134 ], [ -72.17255273174716, -13.655413231349375 ], [ -72.173656231748154, -13.655862856349788 ], [ -72.175658606749991, -13.656761856350643 ], [ -72.178028856752164, -13.658641731352397 ], [ -72.179908731753869, -13.660439856354071 ], [ -72.181052981754945, -13.661134606354713 ], [ -72.182932856756651, -13.661911231355433 ], [ -72.184117981757737, -13.662646606356116 ], [ -72.185466606758979, -13.664403981357758 ], [ -72.186815231760193, -13.665629856358906 ], [ -72.187836856761137, -13.666038606359294 ], [ -72.18857248176181, -13.666651606359855 ], [ -72.189103731762302, -13.66779585636092 ], [ -72.189757606762896, -13.668817481361877 ], [ -72.190207106763296, -13.669471356362484 ], [ -72.190534106763607, -13.670901731363804 ], [ -72.190656731763696, -13.672291106365119 ], [ -72.190779231763813, -13.673312856366055 ], [ -72.191187981764187, -13.674579731367261 ], [ -72.191555731764538, -13.675315356367934 ], [ -72.192005231764938, -13.676091731368672 ], [ -72.193026981765897, -13.676949981369463 ], [ -72.193680856766491, -13.677726481370167 ], [ -72.194130356766877, -13.678625481371022 ], [ -72.194498106767213, -13.680546231372809 ], [ -72.194579856767291, -13.681322731373536 ], [ -72.194743356767447, -13.68205823137421 ], [ -72.19560148176825, -13.682630356374744 ], [ -72.196459731769011, -13.683039106375137 ], [ -72.197930981770355, -13.683570481375634 ], [ -72.198584856770964, -13.68381560637585 ], [ -72.199320356771622, -13.68422423137622 ], [ -72.200505481772723, -13.685204981377158 ], [ -72.201118481773293, -13.685572856377494 ], [ -72.201445481773575, -13.686512731378375 ], [ -72.202017606774092, -13.687820481379601 ], [ -72.202426231774481, -13.688474356380214 ], [ -72.203161856775125, -13.68908735638076 ], [ -72.205101231776936, -13.690565356382146 ], [ -72.205983981777734, -13.691262231382787 ], [ -72.207052481778717, -13.69247010638394 ], [ -72.207842356779452, -13.69312035638454 ], [ -72.209003731780484, -13.693677981385056 ], [ -72.21011873178152, -13.693863856385224 ], [ -72.211419606782741, -13.694049731385393 ], [ -72.211977106783209, -13.694653606385959 ], [ -72.212395231783617, -13.695396981386661 ], [ -72.213184981784337, -13.69688360638804 ], [ -72.214392731785438, -13.698230856389303 ], [ -72.215321981786303, -13.699392356390369 ], [ -72.216390606787257, -13.700089231391047 ], [ -72.217505606788293, -13.700646731391551 ], [ -72.218481231789198, -13.701436606392301 ], [ -72.218945731789589, -13.702411981393194 ], [ -72.219038731789709, -13.703387731394121 ], [ -72.218992106789642, -13.704688606395303 ], [ -72.218899481789563, -13.705478356396041 ], [ -72.219178106789812, -13.706500481396997 ], [ -72.2207111067912, -13.707475981397932 ], [ -72.222011981792392, -13.708405231398785 ], [ -72.223452231793715, -13.709984731400262 ], [ -72.224544856794736, -13.710839981401062 ], [ -72.225453731795568, -13.711895481402038 ], [ -72.22642135679645, -13.712716356402815 ], [ -72.227799356797718, -13.713566606403598 ], [ -72.228412106798288, -13.713978481404006 ], [ -72.228674106798536, -13.714055356404042 ], [ -72.228981231798798, -13.713268356403326 ], [ -72.230248106799962, -13.71169435640185 ], [ -72.230344106800061, -13.711252856401464 ], [ -72.230248106799962, -13.71023548140049 ], [ -72.23076635680043, -13.70818160639859 ], [ -72.23067048180036, -13.706761231397268 ], [ -72.230675356800361, -13.706072856396633 ], [ -72.230926731800594, -13.705277106395881 ], [ -72.231331481800964, -13.704914106395547 ], [ -72.232155106801727, -13.704397606395071 ], [ -72.232433731801962, -13.704289856394963 ], [ -72.233307481802797, -13.703951731394648 ], [ -72.234933231804277, -13.703322731394083 ], [ -72.236105856805338, -13.702638606393426 ], [ -72.237278481806456, -13.701703356392555 ], [ -72.23816498180723, -13.701171356392075 ], [ -72.238604731807641, -13.700907606391839 ], [ -72.23898198180801, -13.700740356391666 ], [ -72.241312981810125, -13.699706981390705 ], [ -72.243825606812436, -13.698799606389855 ], [ -72.244296231812868, -13.698508981389612 ], [ -72.244775106813336, -13.698213231389335 ], [ -72.244844606813373, -13.69807060638921 ], [ -72.245054356813583, -13.697640981388792 ], [ -72.245137856813656, -13.696663731387874 ], [ -72.244733231813271, -13.69413698138553 ], [ -72.244516731813093, -13.693071731384526 ], [ -72.244192856812788, -13.691876856383432 ], [ -72.243623356812279, -13.690324481381976 ], [ -72.243500481812148, -13.689185481380918 ], [ -72.243723856812366, -13.688504106380261 ], [ -72.244382731812948, -13.687688731379529 ], [ -72.244762481813325, -13.687431856379291 ], [ -72.244923731813458, -13.687413606379272 ], [ -72.245253856813761, -13.687376106379224 ], [ -72.245566606814052, -13.687621731379473 ], [ -72.246147356814589, -13.688682731380466 ], [ -72.246850856815229, -13.68946448138119 ], [ -72.246986981815354, -13.689579856381288 ], [ -72.247443856815778, -13.689967106381644 ], [ -72.248023606816318, -13.690458481382127 ], [ -72.248149731816426, -13.690970606382574 ], [ -72.248090606816362, -13.691787481383331 ], [ -72.248034731816333, -13.692558106384062 ], [ -72.248380981816652, -13.692893106384377 ], [ -72.248838856817045, -13.693138856384607 ], [ -72.249172481817368, -13.693191106384642 ], [ -72.249408356817568, -13.6932281063847 ], [ -72.249770981817903, -13.693142606384605 ], [ -72.25028010681838, -13.693022481384489 ], [ -72.250592231818672, -13.69294898138442 ], [ -72.250890731818927, -13.692753981384255 ], [ -72.253071481820939, -13.691329606382924 ], [ -72.255148731822857, -13.690045231381726 ], [ -72.256243231823859, -13.689151856380903 ], [ -72.257873731825342, -13.68796798137981 ], [ -72.258320481825763, -13.687476606379333 ], [ -72.258465731825893, -13.687040981378935 ], [ -72.258353981825792, -13.686594356378523 ], [ -72.257706231825225, -13.685443981377452 ], [ -72.257683856825167, -13.684930231376969 ], [ -72.258130606825603, -13.684193231376298 ], [ -72.258633231826053, -13.68363473137577 ], [ -72.259828231827157, -13.682752481374951 ], [ -72.260766356828, -13.682339231374565 ], [ -72.261369356828595, -13.682194106374418 ], [ -72.262075106829215, -13.682300731374543 ], [ -72.263055731830121, -13.682830731375029 ], [ -72.263787731830789, -13.68355773137568 ], [ -72.264831606831763, -13.684416481376504 ], [ -72.265780731832606, -13.684874481376939 ], [ -72.266160481832969, -13.685008481377061 ], [ -72.266643356833413, -13.685052356377104 ], [ -72.267266106833986, -13.685108981377152 ], [ -72.268974856835555, -13.684930231376976 ], [ -72.270129481836605, -13.684701231376764 ], [ -72.271789231838142, -13.684371856376462 ], [ -72.273293356839503, -13.68413860637626 ], [ -72.273877606840074, -13.684047981376162 ], [ -72.275977231841978, -13.684126106376238 ], [ -72.277417856843314, -13.684148481376262 ], [ -72.277987481843837, -13.684405356376502 ], [ -72.278367231844186, -13.684807481376874 ], [ -72.278679856844462, -13.685410606377433 ], [ -72.279338856845087, -13.68721960637912 ], [ -72.279975356845654, -13.688168981380008 ], [ -72.280489106846105, -13.689162981380937 ], [ -72.281036356846627, -13.689933606381652 ], [ -72.281784606847324, -13.690536606382231 ], [ -72.282756231848225, -13.690938731382596 ], [ -72.284386606849708, -13.690860481382504 ], [ -72.287178606852265, -13.69023510638195 ], [ -72.288429606853427, -13.689922356381661 ], [ -72.289724981854619, -13.689855356381603 ], [ -72.290283481855127, -13.690056356381774 ], [ -72.290719106855519, -13.690413731382103 ], [ -72.2913444818561, -13.691039231382687 ], [ -72.292159731856856, -13.692211856383778 ], [ -72.292974981857597, -13.693250481384764 ], [ -72.293790231858353, -13.694065731385505 ], [ -72.2940526068586, -13.694270856385712 ], [ -72.294067231858619, -13.694282356385713 ], [ -72.294918231859398, -13.694947981386333 ], [ -72.295833981860241, -13.695573481386942 ], [ -72.297285856861549, -13.696478106387769 ], [ -72.297743731861985, -13.696935981388183 ], [ -72.298011856862217, -13.697494356388733 ], [ -72.298026606862251, -13.697778231388982 ], [ -72.298056106862276, -13.698343481389498 ], [ -72.29759860686184, -13.6991918563903 ], [ -72.297055856861348, -13.700198481391244 ], [ -72.296984356861259, -13.70033098139136 ], [ -72.296894981861186, -13.700956481391938 ], [ -72.296883856861186, -13.702028606392938 ], [ -72.297040231861331, -13.702732106393601 ], [ -72.297330606861578, -13.703257106394076 ], [ -72.297754981861999, -13.70365910639444 ], [ -72.299165856863283, -13.704445356395189 ], [ -72.299835981863907, -13.704667981395382 ], [ -72.301015606864993, -13.704956981395675 ], [ -72.301605481865536, -13.705248106395931 ], [ -72.302540981866372, -13.705802731396442 ], [ -72.30315623186695, -13.7060566063967 ], [ -72.30562310686922, -13.706748106397347 ], [ -72.307037106870524, -13.707001981397566 ], [ -72.307906231871328, -13.707441356397984 ], [ -72.308119106871501, -13.707548856398084 ], [ -72.308228481871595, -13.707597481398148 ], [ -72.308388731871773, -13.707619106398164 ], [ -72.309406231872686, -13.708124981398624 ], [ -72.310351606873567, -13.708468731398964 ], [ -72.311123106874291, -13.708566356399039 ], [ -72.312066356875135, -13.708560606399033 ], [ -72.312339731875397, -13.708490231398965 ], [ -72.312628856875676, -13.708289106398773 ], [ -72.31297260687596, -13.707947231398455 ], [ -72.313490231876457, -13.707318356397872 ], [ -72.313898481876834, -13.706992231397576 ], [ -72.314042981876952, -13.706746106397352 ], [ -72.314595731877475, -13.70640435639703 ], [ -72.315287106878102, -13.706070356396696 ], [ -72.316382856879116, -13.70514060639584 ], [ -72.316773481879466, -13.704626981395364 ], [ -72.316912106879627, -13.704087856394858 ], [ -72.316925731879621, -13.703642606394453 ], [ -72.316843731879558, -13.703109356393961 ], [ -72.316402231879124, -13.701251981392232 ], [ -72.314999981877861, -13.699583981390679 ], [ -72.314726606877599, -13.69915235639027 ], [ -72.314710981877582, -13.698931606390065 ], [ -72.314849606877715, -13.698476606389647 ], [ -72.314996106877857, -13.69832423138951 ], [ -72.315433606878273, -13.698072231389261 ], [ -72.316111356878864, -13.697790981388998 ], [ -72.317017606879702, -13.697265606388527 ], [ -72.317603481880241, -13.696984356388263 ], [ -72.318496106881071, -13.696728481388032 ], [ -72.319697231882188, -13.69646098138776 ], [ -72.320509731882908, -13.696281231387623 ], [ -72.321017606883402, -13.696035106387377 ], [ -72.322212856884491, -13.695621106387007 ], [ -72.323267606885452, -13.695080106386488 ], [ -72.324064481886197, -13.694197231385665 ], [ -72.324392481886505, -13.693962856385454 ], [ -72.324701231886777, -13.693812481385299 ], [ -72.325034981887086, -13.693749981385265 ], [ -72.326269481888232, -13.693761731385258 ], [ -72.327267606889151, -13.693708981385216 ], [ -72.32830860689009, -13.693597606385115 ], [ -72.328980481890724, -13.693316356384862 ], [ -72.330693356892283, -13.69245698138406 ], [ -72.331519481893039, -13.692216856383835 ], [ -72.331722606893237, -13.692158231383775 ], [ -72.331953106893479, -13.691990231383622 ], [ -72.332976606894405, -13.691669981383333 ], [ -72.333203106894629, -13.691498106383156 ], [ -72.334222606895537, -13.691007856382718 ], [ -72.335136731896384, -13.690359231382091 ], [ -72.336056606897216, -13.689540981381342 ], [ -72.336728481897865, -13.688728606380607 ], [ -72.337023481898143, -13.688107481380021 ], [ -72.337831981898873, -13.686982481378969 ], [ -72.338542981899508, -13.686201231378236 ], [ -72.339226606900155, -13.685576231377665 ], [ -72.3402481069011, -13.684857481376968 ], [ -72.34079498190161, -13.684609356376756 ], [ -72.341093731901893, -13.684474606376618 ], [ -72.341865231902588, -13.684206981376372 ], [ -72.342337856903015, -13.684189481376361 ], [ -72.342720731903356, -13.684283231376469 ], [ -72.343335981903934, -13.684591856376743 ], [ -72.343630856904227, -13.684634731376777 ], [ -72.344113231904672, -13.684617231376761 ], [ -72.344673856905146, -13.684390606376546 ], [ -72.345466856905915, -13.683828106376037 ], [ -72.346421856906787, -13.6832578563755 ], [ -72.346947356907279, -13.683083981375345 ], [ -72.347320481907616, -13.683083981375347 ], [ -72.347822231908083, -13.683162106375425 ], [ -72.34841998190862, -13.683312481375568 ], [ -72.348435606908652, -13.683298856375526 ], [ -72.349859356909946, -13.683671856375891 ], [ -72.350757856910761, -13.683679731375898 ], [ -72.351146481911144, -13.683486356375719 ], [ -72.351699231911653, -13.682697231375 ], [ -72.351947231911851, -13.682486356374799 ], [ -72.352408231912293, -13.682308606374624 ], [ -72.354085981913826, -13.681859356374195 ], [ -72.354644606914349, -13.681632856374 ], [ -72.355777356915411, -13.680855481373275 ], [ -72.356535106916098, -13.680337981372791 ], [ -72.357373106916867, -13.679599606372129 ], [ -72.357921856917372, -13.679044981371593 ], [ -72.358894356918285, -13.677949231370565 ], [ -72.359994106919274, -13.676464856369174 ], [ -72.360927731920157, -13.675753856368528 ], [ -72.361503856920677, -13.67502535636784 ], [ -72.361632856920806, -13.674892606367726 ], [ -72.362078106921217, -13.674437481367296 ], [ -72.362554731921634, -13.674021481366916 ], [ -72.363361356922397, -13.673046856366016 ], [ -72.363705106922723, -13.67263285636561 ], [ -72.36413873192312, -13.672302731365331 ], [ -72.364705106923623, -13.671968731365007 ], [ -72.365123106924017, -13.671662106364709 ], [ -72.366115231924923, -13.670689606363817 ], [ -72.366552731925324, -13.670142606363322 ], [ -72.366949231925716, -13.669507856362712 ], [ -72.367804731926498, -13.66745310636081 ], [ -72.367947231926635, -13.667369106360722 ], [ -72.368253856926913, -13.666998106360371 ], [ -72.36859760692721, -13.666716856360123 ], [ -72.369124981927712, -13.665994106359438 ], [ -72.369437481927989, -13.665660106359146 ], [ -72.370437606928917, -13.665154356358661 ], [ -72.37131835692972, -13.664710981358256 ], [ -72.373042981931334, -13.664144481357729 ], [ -72.373757856931974, -13.663761731357356 ], [ -72.374414106932591, -13.663513731357135 ], [ -72.375726606933782, -13.662853481356533 ], [ -72.376390606934393, -13.662712856356386 ], [ -72.376533231934545, -13.662576231356267 ], [ -72.376644481934633, -13.662540981356244 ], [ -72.377064606935022, -13.662230481355941 ], [ -72.37810935693598, -13.661609356355372 ], [ -72.378472606936327, -13.661542981355298 ], [ -72.378896481936707, -13.661548856355322 ], [ -72.379595731937343, -13.661736481355485 ], [ -72.38022848193792, -13.662013731355753 ], [ -72.380486231938193, -13.662242231355945 ], [ -72.380915981938585, -13.662531231356251 ], [ -72.381956856939539, -13.66296673135666 ], [ -72.382703106940227, -13.663197231356865 ], [ -72.383144481940633, -13.663333981356978 ], [ -72.383439481940911, -13.663373106357005 ], [ -72.383994106941415, -13.663335981356973 ], [ -72.384581981941963, -13.663357481357011 ], [ -72.386160106943393, -13.663757856357378 ], [ -72.38713085694431, -13.663783231357405 ], [ -72.387931606945017, -13.664060606357664 ], [ -72.388554731945618, -13.664074231357663 ], [ -72.389402356946377, -13.663962856357564 ], [ -72.389855481946825, -13.663861356357488 ], [ -72.390206981947145, -13.663710981357337 ], [ -72.390425731947317, -13.663501981357154 ], [ -72.390667856947559, -13.663269481356917 ], [ -72.391070356947935, -13.66305273135672 ], [ -72.392042981948819, -13.662744106356447 ], [ -72.394640606951199, -13.662039106355778 ], [ -72.395353481951858, -13.661749981355538 ], [ -72.396072231952544, -13.6613007313551 ], [ -72.396794981953221, -13.66096298135478 ], [ -72.397140606953513, -13.660861356354681 ], [ -72.398181606954495, -13.660693356354539 ], [ -72.399574231955782, -13.660316356354187 ], [ -72.400718731956829, -13.659845731353753 ], [ -72.401748106957783, -13.659505856353427 ], [ -72.402429731958421, -13.659121106353057 ], [ -72.402482481958444, -13.659091731353032 ], [ -72.403039106958985, -13.658640606352634 ], [ -72.403412106959308, -13.658171856352199 ], [ -72.403683606959575, -13.657589856351649 ], [ -72.403824231959703, -13.656898481351018 ], [ -72.40377935695966, -13.656201231350355 ], [ -72.403820356959713, -13.655621106349827 ], [ -72.403937481959787, -13.655158231349384 ], [ -72.404441356960263, -13.653835981348141 ], [ -72.404228481960089, -13.652628856347034 ], [ -72.404109356959978, -13.652208981346616 ], [ -72.403970731959831, -13.65204498134648 ], [ -72.403960981959813, -13.651935606346392 ], [ -72.403560606959459, -13.651333981345822 ], [ -72.403197231959112, -13.650988231345501 ], [ -72.402390606958377, -13.650619106345172 ], [ -72.399716856955934, -13.649124981343757 ], [ -72.399210981955463, -13.648769481343429 ], [ -72.398833981955107, -13.648587856343282 ], [ -72.398474606954778, -13.648318356343013 ], [ -72.397955106954285, -13.647767606342494 ], [ -72.397597606953966, -13.647119231341916 ], [ -72.397611356953988, -13.64650385634131 ], [ -72.397800731954149, -13.645951231340797 ], [ -72.398392606954701, -13.644960981339883 ], [ -72.398476606954773, -13.644906231339826 ], [ -72.398673856954957, -13.644714731339658 ], [ -72.399578106955801, -13.643388731338423 ], [ -72.399779481955989, -13.642876981337952 ], [ -72.399822231956023, -13.641849606336979 ], [ -72.399663481955884, -13.64117573133637 ], [ -72.399396981955618, -13.640690106335896 ], [ -72.39885710695512, -13.639706231334983 ], [ -72.398789356955078, -13.639268981334586 ], [ -72.398962606955223, -13.638575731333951 ], [ -72.399429856955663, -13.637189106332674 ], [ -72.399414856955644, -13.636375231331886 ], [ -72.399475106955691, -13.634943356330545 ], [ -72.399603231955808, -13.634340481330007 ], [ -72.399634356955858, -13.634250231329922 ], [ -72.399829356956019, -13.633684731329385 ], [ -72.39983473195602, -13.633676981329376 ], [ -72.400002606956178, -13.633323106329046 ], [ -72.399619981955823, -13.633499981329203 ], [ -72.399136731955409, -13.633455106329155 ], [ -72.398845606955135, -13.633367231329084 ], [ -72.398068356954397, -13.632966856328704 ], [ -72.397042981953462, -13.632550731328323 ], [ -72.396634731953085, -13.632281231328067 ], [ -72.396208981952697, -13.6318613563277 ], [ -72.395693356952208, -13.631634731327486 ], [ -72.394992606951561, -13.631630856327478 ], [ -72.393968731950636, -13.631734356327549 ], [ -72.393445356950153, -13.631703106327523 ], [ -72.393218731949929, -13.631646356327494 ], [ -72.392800731949549, -13.631419981327248 ], [ -72.392544981949328, -13.631201231327065 ], [ -72.391796856948631, -13.630749981326645 ], [ -72.390365231947314, -13.629617231325577 ], [ -72.390183606947133, -13.629419981325398 ], [ -72.389960981946942, -13.62897448132499 ], [ -72.389820356946814, -13.628783231324805 ], [ -72.389425731946446, -13.628417981324459 ], [ -72.3892694819463, -13.628341856324417 ], [ -72.389066356946103, -13.628103481324169 ], [ -72.388883606945939, -13.627810106323912 ], [ -72.388807231945862, -13.627657481323773 ], [ -72.388462856945551, -13.62711135632326 ], [ -72.388074231945183, -13.626740231322904 ], [ -72.387564481944722, -13.626412106322594 ], [ -72.387458981944647, -13.626285106322491 ], [ -72.38679885694404, -13.625484356321731 ], [ -72.386273481943533, -13.62463510632095 ], [ -72.385822231943109, -13.624249981320606 ], [ -72.384990231942353, -13.623837856320199 ], [ -72.384800731942178, -13.623691356320069 ], [ -72.384386731941817, -13.622921856319357 ], [ -72.38340623194091, -13.620667981317247 ], [ -72.383333981940837, -13.620412106317007 ], [ -72.382578106940144, -13.619105481315795 ], [ -72.382106356939701, -13.617598356314389 ], [ -72.381695356939332, -13.616617231313457 ], [ -72.381105481938803, -13.615972606312884 ], [ -72.380775356938472, -13.615427731312369 ], [ -72.380361356938096, -13.614949231311934 ], [ -72.380107481937898, -13.614482481311496 ], [ -72.379886731937674, -13.613851606310906 ], [ -72.379740356937518, -13.613614481310663 ], [ -72.379419856937218, -13.613354981310438 ], [ -72.379175606937011, -13.613156606310248 ], [ -72.378824481936718, -13.612530731309676 ], [ -72.378665481936537, -13.612112356309281 ], [ -72.378128981936044, -13.611361231308578 ], [ -72.377485231935466, -13.610180981307478 ], [ -72.376412231934466, -13.608571481305978 ], [ -72.37558960693373, -13.60771298130518 ], [ -72.374874231933049, -13.606854606304379 ], [ -72.374373481932579, -13.606532606304089 ], [ -72.371869731930303, -13.605566981303179 ], [ -72.370403356928932, -13.60506623130272 ], [ -72.369330356927961, -13.604851606302505 ], [ -72.368400356927069, -13.604815856302485 ], [ -72.366933731925755, -13.605209356302836 ], [ -72.366003981924905, -13.605853106303444 ], [ -72.364394356923398, -13.606067731303652 ], [ -72.363607481922671, -13.605781606303353 ], [ -72.363070981922192, -13.604815856302475 ], [ -72.362570231921723, -13.603098981300874 ], [ -72.362498731921661, -13.602240606300068 ], [ -72.3624273569216, -13.60141798129929 ], [ -72.361926481921145, -13.600309231298262 ], [ -72.360924981920206, -13.599128856297158 ], [ -72.360781981920084, -13.597769731295912 ], [ -72.360853481920145, -13.596625231294821 ], [ -72.36110385692038, -13.595337606293633 ], [ -72.361282731920539, -13.594264481292628 ], [ -72.361389981920667, -13.593513356291963 ], [ -72.361211106920479, -13.592833856291302 ], [ -72.36110385692038, -13.591510481290058 ], [ -72.361890731921108, -13.589936731288612 ], [ -72.363357231922478, -13.588827856287583 ], [ -72.36410823192314, -13.588076731286892 ], [ -72.364394356923412, -13.587361606286199 ], [ -72.36410823192314, -13.586932231285825 ], [ -72.363750606922835, -13.58589498128485 ], [ -72.362999481922131, -13.584929231283947 ], [ -72.362105356921319, -13.583748981282865 ], [ -72.360470731919818, -13.581756731280985 ], [ -72.35966960691907, -13.580612231279925 ], [ -72.359354981918784, -13.579496231278911 ], [ -72.359297606918744, -13.5780083562775 ], [ -72.359097356918539, -13.576291481275902 ], [ -72.359097356918539, -13.575232856274926 ], [ -72.358896981918363, -13.574374356274108 ], [ -72.358385981917891, -13.573587981273391 ], [ -72.357302981916916, -13.572539856272398 ], [ -72.356464481916149, -13.571771231271688 ], [ -72.355835606915562, -13.571212231271154 ], [ -72.355451231915197, -13.570653231270633 ], [ -72.35534648191512, -13.570198981270229 ], [ -72.355486231915251, -13.56957023126966 ], [ -72.355590856915342, -13.568731731268867 ], [ -72.355870481915588, -13.567997981268157 ], [ -72.356045231915758, -13.567299231267512 ], [ -72.356149981915834, -13.56698485626724 ], [ -72.356115231915808, -13.566530606266788 ], [ -72.356045231915758, -13.565901731266203 ], [ -72.355660856915392, -13.564888606265292 ], [ -72.354927231914743, -13.56411998126457 ], [ -72.354438106914287, -13.563456106263953 ], [ -72.354333356914168, -13.562862231263395 ], [ -72.354438106914287, -13.562373106262942 ], [ -72.355066981914874, -13.56142973126207 ], [ -72.355695856915446, -13.560241856260951 ], [ -72.355870481915588, -13.559822606260564 ], [ -72.356254856915967, -13.558215481259067 ], [ -72.35670898191637, -13.556817981257767 ], [ -72.35702348191667, -13.555595356256628 ], [ -72.3568487319165, -13.554651981255729 ], [ -72.356604231916293, -13.553883356255055 ], [ -72.356149981915848, -13.553289356254471 ], [ -72.3554163569152, -13.552835231254067 ], [ -72.354271481914125, -13.552437481253669 ], [ -72.352779981912775, -13.551756981253043 ], [ -72.351393606911458, -13.551130981252461 ], [ -72.350678106910806, -13.550571981251933 ], [ -72.350432106910617, -13.550102356251507 ], [ -72.350141481910342, -13.549230481250685 ], [ -72.349962606910154, -13.547530981249123 ], [ -72.349716606909965, -13.546882606248504 ], [ -72.349403606909632, -13.546412981248082 ], [ -72.349001106909299, -13.546032856247722 ], [ -72.348642856908953, -13.545910856247607 ], [ -72.347962606908325, -13.545670731247355 ], [ -72.347122231907576, -13.545390606247118 ], [ -72.34672210690718, -13.545110481246844 ], [ -72.346281856906771, -13.544430231246242 ], [ -72.345801731906349, -13.542949606244841 ], [ -72.345601606906158, -13.541909231243864 ], [ -72.345641606906199, -13.541188856243203 ], [ -72.346281856906785, -13.539668231241773 ], [ -72.346441981906949, -13.538787856240965 ], [ -72.346121856906635, -13.537987481240206 ], [ -72.345681606906254, -13.536586981238925 ], [ -72.345241481905845, -13.534906356237345 ], [ -72.344641106905286, -13.533785856236312 ], [ -72.344080981904781, -13.533025606235588 ], [ -72.343680856904413, -13.532465481235086 ], [ -72.343560856904304, -13.531704981234357 ], [ -72.343440731904181, -13.530864731233581 ], [ -72.343440731904181, -13.529664356232459 ], [ -72.343360731904113, -13.529183981232036 ], [ -72.343160606903922, -13.528703856231578 ], [ -72.342400356903241, -13.528063606230969 ], [ -72.341920231902776, -13.527383231230344 ], [ -72.34176010690264, -13.526182856229212 ], [ -72.341479981902367, -13.525342481228432 ], [ -72.340839731901809, -13.524502106227656 ], [ -72.340079356901114, -13.524061856227243 ], [ -72.338598731899737, -13.523581731226788 ], [ -72.337118231898373, -13.523381606226621 ], [ -72.334597106896055, -13.523501731226732 ], [ -72.333796856895319, -13.523621731226816 ], [ -72.333076481894679, -13.52338160622663 ], [ -72.331876106893546, -13.522581356225849 ], [ -72.33123573189296, -13.522061106225371 ], [ -72.330355481892155, -13.521941106225245 ], [ -72.305384356869212, -13.517879231221459 ], [ -72.271014481837639, -13.509113856213272 ], [ -72.271176481837784, -13.509708106213811 ], [ -72.271311481837898, -13.510523981214579 ], [ -72.271700481838252, -13.511561231215548 ], [ -72.272132731838653, -13.512425731216341 ], [ -72.272651356839106, -13.513376606217232 ], [ -72.27282423183928, -13.513981731217793 ], [ -72.272780981839247, -13.514889356218641 ], [ -72.27256485683904, -13.515840231219519 ], [ -72.272219106838733, -13.516661356220272 ], [ -72.271527731838077, -13.517396231220969 ], [ -72.270836106837464, -13.517612356221171 ], [ -72.270317356836998, -13.517482731221049 ], [ -72.269366481836087, -13.517136856220722 ], [ -72.267032481833979, -13.516445356220071 ], [ -72.264568856831701, -13.516229231219862 ], [ -72.262839981830126, -13.515969731219641 ], [ -72.261889106829244, -13.515969731219638 ], [ -72.261240731828636, -13.516099606219756 ], [ -72.260505981827976, -13.516358856219998 ], [ -72.260160231827655, -13.517093731220658 ], [ -72.260124606827617, -13.518394606221873 ], [ -72.259931106827452, -13.519860731223257 ], [ -72.259848231827362, -13.520718231224039 ], [ -72.25946085682699, -13.521769356225022 ], [ -72.258769356826363, -13.522599231225795 ], [ -72.258022606825705, -13.522875856226053 ], [ -72.255643731823497, -13.523290856226426 ] ] ] } },
{ "type": "Feature", "properties": { "district": "Pucyura", "records": 150, "flora_species": 25, "fauna_species": 44, "species": 69, "families": 42, "sources": 2, "platforms": 4, "first_year": 1915, "last_year": 2025, "recent_records": 46, "records_per_species": 2.2, "recent_pct": 30.7, "exclusive_species": 14.0, "mean_turnover": 0.865, "tooltip": "<b>Pucyura</b><br>Registros:    150<br>Especies: 69<br>Flora: 25 | Fauna: 44<br>Especies exclusivas: 14<br>Recambio medio: 86%" }, "geometry": { "type": "Polygon", "coordinates": [ [ [ -72.057363481642213, -13.505320481209406 ], [ -72.057613856642448, -13.506071481210112 ], [ -72.05771398164255, -13.506772481210746 ], [ -72.058665356643402, -13.509726606213507 ], [ -72.058965731643667, -13.510778106214486 ], [ -72.059566606644196, -13.512880981216448 ], [ -72.060367731644916, -13.515184231218598 ], [ -72.06091848164543, -13.516786481220096 ], [ -72.061369106645813, -13.520291356223359 ], [ -72.061869856646283, -13.522193981225135 ], [ -72.062220231646592, -13.524497106227273 ], [ -72.061969981646371, -13.525849106228545 ], [ -72.061719606646136, -13.527150856229744 ], [ -72.061460856645908, -13.527943856230477 ], [ -72.062081481646473, -13.527824606230379 ], [ -72.062082981646469, -13.527824606230382 ], [ -72.063251231647541, -13.527872356230427 ], [ -72.064373231648545, -13.528015481230534 ], [ -72.06590110664996, -13.528230356230749 ], [ -72.066951481650904, -13.528492981231018 ], [ -72.068216731652058, -13.528851106231357 ], [ -72.069267106653015, -13.52932848123179 ], [ -72.070747231654352, -13.529877606232285 ], [ -72.071773731655284, -13.52973435623217 ], [ -72.072083981655581, -13.529495606231942 ], [ -72.072537481655985, -13.529209106231685 ], [ -72.073129981656535, -13.529203856231661 ], [ -72.074532106657813, -13.529203856231661 ], [ -72.075518731658718, -13.528840231231348 ], [ -72.076557231659649, -13.528684356231183 ], [ -72.077388231660422, -13.528476731231013 ], [ -72.078238231661189, -13.528376981230899 ], [ -72.079751981662568, -13.527294606229912 ], [ -72.081309356663994, -13.525967856228684 ], [ -72.083184106665698, -13.5244681062273 ], [ -72.083760981666231, -13.523977731226847 ], [ -72.084164731666604, -13.523227856226146 ], [ -72.084366606666777, -13.522218356225187 ], [ -72.084712731667111, -13.521353106224385 ], [ -72.085477731667822, -13.52053060622362 ], [ -72.086452356668715, -13.518992106222196 ], [ -72.086862481669073, -13.517761231221062 ], [ -72.086964981669155, -13.516120106219526 ], [ -72.087170231669347, -13.515350856218793 ], [ -72.088349731670434, -13.513863606217411 ], [ -72.08917023167119, -13.512478731216131 ], [ -72.090042106671987, -13.510683981214456 ], [ -72.091054481672927, -13.509835606213672 ], [ -72.09151410667333, -13.509605856213456 ], [ -72.093417731675061, -13.509146356213053 ], [ -72.094500856676049, -13.508982231212878 ], [ -72.095321356676806, -13.508785356212714 ], [ -72.095977856677408, -13.508522731212455 ], [ -72.096568606677948, -13.508260231212208 ], [ -72.097717481678984, -13.507702231211685 ], [ -72.098866231680049, -13.507078481211126 ], [ -72.09932573168048, -13.506848856210905 ], [ -72.099949356681037, -13.506520606210602 ], [ -72.100737106681763, -13.505995481210121 ], [ -72.101590481682535, -13.505831356209951 ], [ -72.102148481683045, -13.50566723120982 ], [ -72.102345356683216, -13.504945106209147 ], [ -72.102410856683278, -13.504354356208601 ], [ -72.102410856683278, -13.503369606207677 ], [ -72.102509481683384, -13.502581981206944 ], [ -72.102706356683555, -13.502155106206526 ], [ -72.103133106683956, -13.501597231206024 ], [ -72.103395731684188, -13.501039231205491 ], [ -72.103395731684188, -13.500317231204825 ], [ -72.103329981684126, -13.499693606204255 ], [ -72.103428481684205, -13.499201106203785 ], [ -72.103690731684452, -13.498994606203588 ], [ -72.10442573168514, -13.498732106203352 ], [ -72.10537085668598, -13.498522106203167 ], [ -72.106893481687379, -13.498102106202797 ], [ -72.108841481689169, -13.497235731201979 ], [ -72.110647606690819, -13.496227606201041 ], [ -72.111739606691827, -13.495177606200061 ], [ -72.113083731693038, -13.493917356198891 ], [ -72.11409185669396, -13.493497481198492 ], [ -72.114763856694566, -13.492993481198033 ], [ -72.115267856695056, -13.49223735619732 ], [ -72.115813981695524, -13.491355356196499 ], [ -72.116107981695805, -13.490599231195811 ], [ -72.117241981696836, -13.489213106194518 ], [ -72.117746106697297, -13.488373106193711 ], [ -72.118460106697981, -13.486944981192403 ], [ -72.118502106698003, -13.486356981191864 ], [ -72.118754106698233, -13.485390856190957 ], [ -72.11925823169868, -13.484550856190182 ], [ -72.119720231699105, -13.482870731188607 ], [ -72.120308231699653, -13.481736606187534 ], [ -72.120602231699934, -13.481022481186885 ], [ -72.12064423169997, -13.480308606186224 ], [ -72.120518231699862, -13.479300356185279 ], [ -72.120392231699739, -13.478670356184704 ], [ -72.120140231699509, -13.477326231183451 ], [ -72.120220731699575, -13.475580106181823 ], [ -72.120285606699653, -13.474009856180366 ], [ -72.120143981699528, -13.473018356179425 ], [ -72.119860731699276, -13.471318856177859 ], [ -72.119506606698934, -13.470185731176793 ], [ -72.119435856698871, -13.468981856175692 ], [ -72.1197898566992, -13.467777981174573 ], [ -72.120143981699542, -13.466715731173551 ], [ -72.120568856699904, -13.466149231173059 ], [ -72.121631106700889, -13.465795106172717 ], [ -72.122373356701587, -13.465527856172457 ], [ -72.12297673170211, -13.464924481171908 ], [ -72.123394356702519, -13.464460481171473 ], [ -72.123649606702742, -13.46427473117132 ], [ -72.123997731703057, -13.464112356171144 ], [ -72.124392231703425, -13.463972981171029 ], [ -72.124634731703637, -13.463787106170852 ], [ -72.124670606703674, -13.463508856170591 ], [ -72.124833106703832, -13.462952106170071 ], [ -72.124995481703962, -13.462511231169648 ], [ -72.125366731704304, -13.461513356168725 ], [ -72.125645231704567, -13.460817231168082 ], [ -72.126733981705542, -13.459664981167011 ], [ -72.126961731705762, -13.459247356166628 ], [ -72.126961731705762, -13.458715856166128 ], [ -72.126582106705413, -13.457956481165407 ], [ -72.126164481705047, -13.457234981164758 ], [ -72.125215356704174, -13.456210106163779 ], [ -72.124607856703619, -13.455678606163296 ], [ -72.123392981702523, -13.454881231162538 ], [ -72.122519731701729, -13.454539606162214 ], [ -72.121494606700807, -13.454235856161937 ], [ -72.120735356700081, -13.454083981161789 ], [ -72.119900106699333, -13.453856231161602 ], [ -72.118950981698461, -13.453362606161129 ], [ -72.118115731697699, -13.452375481160217 ], [ -72.11663498169635, -13.450742981158678 ], [ -72.115344231695175, -13.448806731156887 ], [ -72.11386360669384, -13.446870481155058 ], [ -72.112838481692904, -13.445123981153445 ], [ -72.112344981692445, -13.444061231152475 ], [ -72.112155106692285, -13.442618356151112 ], [ -72.111661606691825, -13.440492231149149 ], [ -72.110712356690968, -13.437834731146671 ], [ -72.109497606689871, -13.436012356144937 ], [ -72.108738231689173, -13.435328981144332 ], [ -72.107955106688451, -13.435052731144058 ], [ -72.107285106687854, -13.436365981145281 ], [ -72.106155231686813, -13.437382856146231 ], [ -72.105477231686208, -13.438512731147279 ], [ -72.105194731685927, -13.439586106148287 ], [ -72.104742856685519, -13.440715981149328 ], [ -72.103838856684703, -13.441676481150235 ], [ -72.101240106682326, -13.443879731152283 ], [ -72.098810856680089, -13.445857106154122 ], [ -72.096833606678288, -13.447495356155638 ], [ -72.094573731676235, -13.449416231157413 ], [ -72.092709481674532, -13.450320106158246 ], [ -72.091071106673027, -13.450885106158784 ], [ -72.089941231671986, -13.451449981159294 ], [ -72.088698356670875, -13.452862356160608 ], [ -72.088302856670509, -13.453709856161391 ], [ -72.088246356670467, -13.454783231162391 ], [ -72.088528856670706, -13.456252106163776 ], [ -72.08937623167148, -13.457890481165288 ], [ -72.089884731671916, -13.459133356166449 ], [ -72.090449606672465, -13.460658606167863 ], [ -72.090562606672535, -13.461562606168709 ], [ -72.090167231672197, -13.462353481169448 ], [ -72.088754856670903, -13.463426981170462 ], [ -72.086607981668934, -13.464330856171298 ], [ -72.085378856667816, -13.464580106171512 ], [ -72.083896231666458, -13.464443856171393 ], [ -72.082822856665473, -13.464443856171393 ], [ -72.081240981664038, -13.46472635617164 ], [ -72.080256106663143, -13.46502260617193 ], [ -72.079746106662682, -13.465454106172331 ], [ -72.079079231662092, -13.466356356173165 ], [ -72.078490731661532, -13.46702323117378 ], [ -72.077784606660899, -13.468474731175119 ], [ -72.077353106660482, -13.469690856176276 ], [ -72.07703923166018, -13.470750106177276 ], [ -72.07676460665995, -13.472476231178852 ], [ -72.07688235666005, -13.473849231180145 ], [ -72.077078481660223, -13.474359231180618 ], [ -72.077470731660597, -13.474790731181004 ], [ -72.07817685666123, -13.475261481181466 ], [ -72.07868685666169, -13.475692981181849 ], [ -72.079392981662352, -13.476438356182552 ], [ -72.080062481662935, -13.4771287311832 ], [ -72.081602981664346, -13.478964981184912 ], [ -72.084090356666607, -13.481668606187421 ], [ -72.08609098166842, -13.483777356189412 ], [ -72.088091606670247, -13.486480981191921 ], [ -72.088686356670792, -13.487616481192971 ], [ -72.088578231670709, -13.487994981193337 ], [ -72.087334606669558, -13.488751856194044 ], [ -72.085766481668131, -13.489833356195035 ], [ -72.084096981666605, -13.49067010619582 ], [ -72.082368731665028, -13.490929356196043 ], [ -72.080985981663744, -13.491793481196849 ], [ -72.080035356662876, -13.492657731197667 ], [ -72.079343981662262, -13.493694731198623 ], [ -72.078652606661635, -13.495336731200155 ], [ -72.077701981660752, -13.495768856200563 ], [ -72.07614648165935, -13.496028106200775 ], [ -72.07450448165784, -13.496200981200946 ], [ -72.071306856654928, -13.496719481201433 ], [ -72.069492106653271, -13.49749723120213 ], [ -72.068109356652002, -13.498274981202863 ], [ -72.066035231650105, -13.49957135620407 ], [ -72.063442731647754, -13.500349106204798 ], [ -72.061800731646258, -13.501558981205907 ], [ -72.060763606645324, -13.503114606207367 ], [ -72.057363481642213, -13.505320481209406 ] ] ] } },
{ "type": "Feature", "properties": { "district": "Cachimayo", "records": 471, "flora_species": 11, "fauna_species": 62, "species": 73, "families": 36, "sources": 2, "platforms": 4, "first_year": 1980, "last_year": 2026, "recent_records": 345, "records_per_species": 6.5, "recent_pct": 73.2, "exclusive_species": 4.0, "mean_turnover": 0.785, "tooltip": "<b>Cachimayo</b><br>Registros:    471<br>Especies: 73<br>Flora: 11 | Fauna: 62<br>Especies exclusivas: 4<br>Recambio medio: 78%" }, "geometry": { "type": "Polygon", "coordinates": [ [ [ -72.000603231590731, -13.44403823115222 ], [ -72.000005731590193, -13.445445106153516 ], [ -72.000005731590193, -13.446750731154754 ], [ -72.000211856590383, -13.447987606155918 ], [ -72.000761606590885, -13.449087106156922 ], [ -72.001654981591685, -13.450255231158017 ], [ -72.002410731592363, -13.451217231158909 ], [ -72.002754481592646, -13.452248106159889 ], [ -72.003288231593132, -13.453224106160773 ], [ -72.003587856593413, -13.454056731161559 ], [ -72.003654356593458, -13.454323106161807 ], [ -72.003887481593694, -13.455089106162525 ], [ -72.004819981594537, -13.456687606164037 ], [ -72.005402356595056, -13.457160106164451 ], [ -72.006052231595618, -13.457719981164994 ], [ -72.006385231595942, -13.458152856165384 ], [ -72.00655173159609, -13.459085356166238 ], [ -72.006851481596385, -13.459951231167064 ], [ -72.007251106596726, -13.462748606169685 ], [ -72.007650731597082, -13.463880856170714 ], [ -72.009115981598413, -13.465246231171992 ], [ -72.010481356599655, -13.466445106173113 ], [ -72.011946731600972, -13.467477481174065 ], [ -72.013611856602481, -13.468310106174863 ], [ -72.015110356603842, -13.469309106175782 ], [ -72.015609981604314, -13.469941856176373 ], [ -72.015876356604551, -13.471007606177379 ], [ -72.016675606605276, -13.472639356178885 ], [ -72.017208481605749, -13.47357185617977 ], [ -72.018174231606636, -13.474837356180954 ], [ -72.018973481607361, -13.475370231181445 ], [ -72.020805106609018, -13.476102856182109 ], [ -72.022270356610335, -13.476569106182563 ], [ -72.023269481611251, -13.476902106182877 ], [ -72.023317481611286, -13.476922106182897 ], [ -72.024068731611962, -13.47723510618318 ], [ -72.025001231612833, -13.477601481183525 ], [ -72.025700606613441, -13.477701356183626 ], [ -72.02620698161391, -13.477851606183767 ], [ -72.027757856615324, -13.477410106183347 ], [ -72.028449106615938, -13.477335981183298 ], [ -72.028927981616391, -13.477327481183295 ], [ -72.029767606617156, -13.477312481183271 ], [ -72.030293106617634, -13.477347606183312 ], [ -72.030843731618134, -13.477285106183237 ], [ -72.031589856618794, -13.477382856183336 ], [ -72.031874981619097, -13.477458981183426 ], [ -72.032201231619368, -13.477646481183594 ], [ -72.032855481619976, -13.478130856184045 ], [ -72.033378856620445, -13.478343731184225 ], [ -72.033955106620965, -13.478400356184297 ], [ -72.034242231621207, -13.478367231184258 ], [ -72.03575385662262, -13.47776173118371 ], [ -72.036210981623029, -13.477699231183644 ], [ -72.036501981623275, -13.477712856183654 ], [ -72.037103481623816, -13.477861356183784 ], [ -72.037734356624412, -13.477955231183881 ], [ -72.03855273162516, -13.478294981184183 ], [ -72.038937481625481, -13.478689481184565 ], [ -72.039169981625719, -13.479150356184995 ], [ -72.039685606626193, -13.479904356185708 ], [ -72.040093731626555, -13.480208981185987 ], [ -72.040267606626728, -13.480402356186163 ], [ -72.041498106627813, -13.481099606186813 ], [ -72.043099606629283, -13.482169981187825 ], [ -72.043613231629749, -13.482658356188287 ], [ -72.043855481629947, -13.482802731188423 ], [ -72.044150356630254, -13.483126981188706 ], [ -72.044449231630523, -13.483565606189126 ], [ -72.04481385663081, -13.484105106189617 ], [ -72.044861356630875, -13.484167981189691 ], [ -72.044998106630999, -13.484445356189955 ], [ -72.045132856631113, -13.485076231190533 ], [ -72.045126981631114, -13.486062481191444 ], [ -72.045206856631168, -13.486316356191667 ], [ -72.045273481631256, -13.486998106192315 ], [ -72.045683606631613, -13.4878438561931 ], [ -72.046289106632173, -13.488410106193637 ], [ -72.046814481632637, -13.489089856194282 ], [ -72.047078106632881, -13.489251981194435 ], [ -72.047714856633462, -13.489915981195054 ], [ -72.048148481633845, -13.490269481195382 ], [ -72.048337856634035, -13.490314481195423 ], [ -72.048851606634486, -13.490232481195342 ], [ -72.049607231635193, -13.490216231195323 ], [ -72.050117481635652, -13.490008356195137 ], [ -72.050552231636047, -13.489687106194827 ], [ -72.051062481636521, -13.489630356194777 ], [ -72.051421481636837, -13.489838231194975 ], [ -72.051572731636981, -13.490310731195434 ], [ -72.051653356637047, -13.491018106196075 ], [ -72.051655481637042, -13.491100606196158 ], [ -72.05175573163713, -13.49340385619829 ], [ -72.051805731637174, -13.496407981201095 ], [ -72.052056106637394, -13.49866123120319 ], [ -72.052206356637527, -13.500013106204459 ], [ -72.052757106638026, -13.500814231205212 ], [ -72.053508106638716, -13.502566481206836 ], [ -72.054559606639643, -13.503968606208149 ], [ -72.055961606640935, -13.504669606208795 ], [ -72.057363481642213, -13.505320481209406 ], [ -72.060763606645324, -13.503114606207367 ], [ -72.061800731646258, -13.501558981205907 ], [ -72.063442731647754, -13.500349106204798 ], [ -72.066035231650105, -13.49957135620407 ], [ -72.068109356652002, -13.498274981202863 ], [ -72.069492106653271, -13.49749723120213 ], [ -72.071306856654928, -13.496719481201433 ], [ -72.07450448165784, -13.496200981200946 ], [ -72.07614648165935, -13.496028106200775 ], [ -72.077701981660752, -13.495768856200563 ], [ -72.078652606661635, -13.495336731200155 ], [ -72.079343981662262, -13.493694731198623 ], [ -72.080035356662876, -13.492657731197667 ], [ -72.080985981663744, -13.491793481196849 ], [ -72.082368731665028, -13.490929356196043 ], [ -72.084096981666605, -13.49067010619582 ], [ -72.085766481668131, -13.489833356195035 ], [ -72.087334606669558, -13.488751856194044 ], [ -72.088578231670709, -13.487994981193337 ], [ -72.088686356670792, -13.487616481192971 ], [ -72.088091606670247, -13.486480981191921 ], [ -72.08609098166842, -13.483777356189412 ], [ -72.084090356666607, -13.481668606187421 ], [ -72.081602981664346, -13.478964981184912 ], [ -72.080062481662935, -13.4771287311832 ], [ -72.079392981662352, -13.476438356182552 ], [ -72.07868685666169, -13.475692981181849 ], [ -72.07817685666123, -13.475261481181466 ], [ -72.077470731660597, -13.474790731181004 ], [ -72.077078481660223, -13.474359231180618 ], [ -72.07688235666005, -13.473849231180145 ], [ -72.07676460665995, -13.472476231178852 ], [ -72.07703923166018, -13.470750106177276 ], [ -72.077353106660482, -13.469690856176276 ], [ -72.077784606660899, -13.468474731175119 ], [ -72.078490731661532, -13.46702323117378 ], [ -72.079079231662092, -13.466356356173165 ], [ -72.079746106662682, -13.465454106172331 ], [ -72.080256106663143, -13.46502260617193 ], [ -72.081240981664038, -13.46472635617164 ], [ -72.082822856665473, -13.464443856171393 ], [ -72.083896231666458, -13.464443856171393 ], [ -72.085378856667816, -13.464580106171512 ], [ -72.086607981668934, -13.464330856171298 ], [ -72.088754856670903, -13.463426981170462 ], [ -72.090167231672197, -13.462353481169448 ], [ -72.090562606672535, -13.461562606168709 ], [ -72.090449606672465, -13.460658606167863 ], [ -72.089884731671916, -13.459133356166449 ], [ -72.08937623167148, -13.457890481165288 ], [ -72.088528856670706, -13.456252106163776 ], [ -72.088246356670467, -13.454783231162391 ], [ -72.088302856670509, -13.453709856161391 ], [ -72.088698356670875, -13.452862356160608 ], [ -72.089941231671986, -13.451449981159294 ], [ -72.091071106673027, -13.450885106158784 ], [ -72.092709481674532, -13.450320106158246 ], [ -72.094573731676235, -13.449416231157413 ], [ -72.096833606678288, -13.447495356155638 ], [ -72.098810856680089, -13.445857106154122 ], [ -72.101240106682326, -13.443879731152283 ], [ -72.103838856684703, -13.441676481150235 ], [ -72.104742856685519, -13.440715981149328 ], [ -72.105194731685927, -13.439586106148287 ], [ -72.105477231686208, -13.438512731147279 ], [ -72.106155231686813, -13.437382856146231 ], [ -72.107285106687854, -13.436365981145281 ], [ -72.107955106688451, -13.435052731144058 ], [ -72.10756135668808, -13.43453173114357 ], [ -72.106763981687379, -13.433240856142369 ], [ -72.105814856686521, -13.431456481140705 ], [ -72.103650856684538, -13.42728023113682 ], [ -72.103225231684164, -13.426774106136335 ], [ -72.102103981683129, -13.427446856136966 ], [ -72.100892856682037, -13.428523231137959 ], [ -72.098695356680011, -13.431034606140301 ], [ -72.097753481679163, -13.431572981140798 ], [ -72.096746106678225, -13.431732481140941 ], [ -72.095117481676766, -13.431464731140704 ], [ -72.093499981675279, -13.431464731140689 ], [ -72.090911981672903, -13.432003981141181 ], [ -72.084650106667198, -13.432999231142123 ], [ -72.07767435666085, -13.43375148114279 ], [ -72.075538356658882, -13.434756731143716 ], [ -72.072648481656273, -13.436390106145231 ], [ -72.070009981653868, -13.438337606147046 ], [ -72.067936731651983, -13.441478856149969 ], [ -72.067044981651136, -13.44308398115148 ], [ -72.065360856649619, -13.445562356153777 ], [ -72.063224981647679, -13.4480753561561 ], [ -72.060774856645423, -13.45096523115879 ], [ -72.059384731644172, -13.451839856159598 ], [ -72.058580106643419, -13.451857481159621 ], [ -72.058335981643197, -13.451806606159582 ], [ -72.058189481643055, -13.451724606159489 ], [ -72.056718731641752, -13.452042981159778 ], [ -72.056431606641468, -13.452181606159934 ], [ -72.055425731640554, -13.452515606160226 ], [ -72.05423248163946, -13.453076231160745 ], [ -72.053597481638903, -13.453265606160919 ], [ -72.052644481638012, -13.453453106161087 ], [ -72.050654356636215, -13.453669981161291 ], [ -72.049790981635425, -13.453585981161218 ], [ -72.048181606633975, -13.453261856160911 ], [ -72.047519481633358, -13.453236231160879 ], [ -72.045650356631654, -13.452912106160575 ], [ -72.045046856631117, -13.452763731160436 ], [ -72.043601481629779, -13.452736356160413 ], [ -72.042861356629118, -13.452777356160448 ], [ -72.04172260662807, -13.452679731160369 ], [ -72.040542981627027, -13.452224606159938 ], [ -72.039095731625707, -13.450771481158581 ], [ -72.03847060662514, -13.450003731157851 ], [ -72.037406731624159, -13.44918035615709 ], [ -72.036339856623201, -13.448478481156439 ], [ -72.035306606622242, -13.447597731155614 ], [ -72.034244106621287, -13.447109356155162 ], [ -72.033267606620385, -13.44689848115496 ], [ -72.032906231620075, -13.446960981155012 ], [ -72.032246106619468, -13.446617231154685 ], [ -72.031005856618336, -13.446458981154537 ], [ -72.030042981617484, -13.446222606154324 ], [ -72.029439481616905, -13.446206981154308 ], [ -72.029037231616542, -13.446128731154236 ], [ -72.028085981615689, -13.446109356154206 ], [ -72.02590035661369, -13.445783231153897 ], [ -72.02374023161174, -13.445790981153905 ], [ -72.022394481610533, -13.445636731153748 ], [ -72.022191356610321, -13.445538981153657 ], [ -72.021734356609926, -13.445044981153195 ], [ -72.021214856609475, -13.444101606152323 ], [ -72.021017606609277, -13.443833981152075 ], [ -72.020945356609204, -13.443623106151882 ], [ -72.020498106608812, -13.442962856151283 ], [ -72.019871481608234, -13.441907731150284 ], [ -72.019449481607865, -13.441239606149658 ], [ -72.018886856607352, -13.440360606148836 ], [ -72.01832423160684, -13.439446356147988 ], [ -72.017867231606417, -13.43884860614741 ], [ -72.017269481605879, -13.438672731147246 ], [ -72.016267356604956, -13.438816981147404 ], [ -72.014438856603306, -13.439520231148034 ], [ -72.013707481602637, -13.440139106148614 ], [ -72.012694856601726, -13.440982981149402 ], [ -72.011541481600673, -13.441264231149669 ], [ -72.009487981598795, -13.44177060615014 ], [ -72.008381106597781, -13.441691481150045 ], [ -72.005967231595605, -13.441222106149619 ], [ -72.004022731593849, -13.441758481150117 ], [ -72.002480606592442, -13.442563106150851 ], [ -72.000603231590731, -13.44403823115222 ] ] ] } },
{ "type": "Feature", "properties": { "district": "Zurite", "records": 3356, "flora_species": 12, "fauna_species": 135, "species": 147, "families": 42, "sources": 2, "platforms": 3, "first_year": 2007, "last_year": 2025, "recent_records": 3320, "records_per_species": 22.8, "recent_pct": 98.9, "exclusive_species": 8.0, "mean_turnover": 0.728, "tooltip": "<b>Zurite</b><br>Registros:  3,356<br>Especies: 147<br>Flora: 12 | Fauna: 135<br>Especies exclusivas: 8<br>Recambio medio: 73%" }, "geometry": { "type": "Polygon", "coordinates": [ [ [ -72.201968856774357, -13.467865231174754 ], [ -72.201898481774293, -13.468218731175082 ], [ -72.201925731774324, -13.468896356175721 ], [ -72.20217773177454, -13.469675731176437 ], [ -72.202175731774545, -13.46982423117656 ], [ -72.201995981774374, -13.470083981176819 ], [ -72.201312481773755, -13.470671856177365 ], [ -72.200923856773372, -13.471322231177991 ], [ -72.200847481773337, -13.471619106178245 ], [ -72.20076560677326, -13.471687481178307 ], [ -72.200560606773053, -13.472150356178751 ], [ -72.200361356772888, -13.472402356178975 ], [ -72.200173856772707, -13.472837856179369 ], [ -72.200201231772724, -13.473320356179828 ], [ -72.200480481772999, -13.473998106180458 ], [ -72.200962856773415, -13.474679731181118 ], [ -72.201468731773886, -13.476216856182525 ], [ -72.201472606773891, -13.476570356182862 ], [ -72.201396481773813, -13.477132856183394 ], [ -72.201140731773592, -13.478199231184377 ], [ -72.20113473177355, -13.479019481185162 ], [ -72.201335981773752, -13.480339856186388 ], [ -72.202433606774775, -13.481521481187487 ], [ -72.202783231775086, -13.481765606187698 ], [ -72.203894356776118, -13.482789106188646 ], [ -72.204234356776411, -13.482966856188826 ], [ -72.205124981777232, -13.483017606188863 ], [ -72.205509731777568, -13.483177731189024 ], [ -72.205662106777737, -13.483415981189244 ], [ -72.20581060677786, -13.483822231189626 ], [ -72.206033231778051, -13.484062481189849 ], [ -72.206398481778407, -13.4843301061901 ], [ -72.206675731778631, -13.484427731190172 ], [ -72.20696098177892, -13.484453106190216 ], [ -72.207248106779161, -13.484382856190139 ], [ -72.207831981779705, -13.484107481189879 ], [ -72.208441356780256, -13.483958981189746 ], [ -72.209558481781301, -13.483929731189733 ], [ -72.210183606781854, -13.483771481189569 ], [ -72.210972606782576, -13.483179731189018 ], [ -72.211386731782966, -13.483124981188981 ], [ -72.211855481783388, -13.483195356189052 ], [ -72.212373106783886, -13.483439481189265 ], [ -72.213039106784493, -13.484093731189907 ], [ -72.213367231784773, -13.484265606190037 ], [ -72.214339856785671, -13.484929856190675 ], [ -72.214982606786251, -13.485201231190906 ], [ -72.219164106790075, -13.487371106192946 ], [ -72.220363231791197, -13.488208981193718 ], [ -72.220915981791691, -13.48840035619391 ], [ -72.221324231792082, -13.488437481193953 ], [ -72.222533231793193, -13.488949231194416 ], [ -72.223343731793918, -13.489177731194628 ], [ -72.22487498179531, -13.48984760619526 ], [ -72.226046981796401, -13.490080106195467 ], [ -72.226835981797123, -13.490529356195902 ], [ -72.227609356797814, -13.490742231196091 ], [ -72.227984356798174, -13.490748106196088 ], [ -72.228345606798499, -13.490601606195954 ], [ -72.228999981799106, -13.490902356196239 ], [ -72.229183606799268, -13.490947231196285 ], [ -72.23025385680026, -13.490759731196103 ], [ -72.230710981800669, -13.490462981195835 ], [ -72.23150973180141, -13.490265606195663 ], [ -72.232197231802033, -13.490247981195635 ], [ -72.232755731802555, -13.490179731195578 ], [ -72.233695356803395, -13.490349606195741 ], [ -72.234621106804255, -13.490615231196003 ], [ -72.235551606805103, -13.493687481198844 ], [ -72.236008231805513, -13.496999731201935 ], [ -72.236236731805732, -13.499912106204649 ], [ -72.23749310680688, -13.502310606206869 ], [ -72.2380641068074, -13.504709106209114 ], [ -72.239434731808643, -13.507221856211446 ], [ -72.240348481809491, -13.507964231212142 ], [ -72.240974106810043, -13.508418106212567 ], [ -72.241605356810638, -13.509967481214026 ], [ -72.242179231811178, -13.511115231215065 ], [ -72.24252348181146, -13.512090856216 ], [ -72.242580981811514, -13.513353356217172 ], [ -72.242638356811582, -13.51496010621865 ], [ -72.243326856812217, -13.516566981220153 ], [ -72.244417106813216, -13.51765723122119 ], [ -72.245737106814417, -13.519091981222497 ], [ -72.24682748181543, -13.519952731223311 ], [ -72.24757348181609, -13.520469231223808 ], [ -72.249225856817617, -13.521188481224472 ], [ -72.250277106818587, -13.521935356225175 ], [ -72.250885731819125, -13.522516231225721 ], [ -72.251383606819587, -13.52273760622592 ], [ -72.252407106820542, -13.522986481226159 ], [ -72.253900856821886, -13.523290856226419 ], [ -72.255643731823497, -13.523290856226426 ], [ -72.258022606825705, -13.522875856226053 ], [ -72.258769356826363, -13.522599231225795 ], [ -72.25946085682699, -13.521769356225022 ], [ -72.259848231827362, -13.520718231224039 ], [ -72.259931106827452, -13.519860731223257 ], [ -72.260124606827617, -13.518394606221873 ], [ -72.260160231827655, -13.517093731220658 ], [ -72.260505981827976, -13.516358856219998 ], [ -72.261240731828636, -13.516099606219756 ], [ -72.261889106829244, -13.515969731219638 ], [ -72.262839981830126, -13.515969731219641 ], [ -72.264568856831701, -13.516229231219862 ], [ -72.267032481833979, -13.516445356220071 ], [ -72.269366481836087, -13.517136856220722 ], [ -72.270317356836998, -13.517482731221049 ], [ -72.270836106837464, -13.517612356221171 ], [ -72.271527731838077, -13.517396231220969 ], [ -72.272219106838733, -13.516661356220272 ], [ -72.27256485683904, -13.515840231219519 ], [ -72.272780981839247, -13.514889356218641 ], [ -72.27282423183928, -13.513981731217793 ], [ -72.272651356839106, -13.513376606217232 ], [ -72.272132731838653, -13.512425731216341 ], [ -72.271700481838252, -13.511561231215548 ], [ -72.271311481837898, -13.510523981214579 ], [ -72.271176481837784, -13.509708106213811 ], [ -72.271014481837639, -13.509113856213272 ], [ -72.270473981837128, -13.508357481212542 ], [ -72.270365981837031, -13.507492981211742 ], [ -72.270419981837094, -13.506412356210735 ], [ -72.270419981837094, -13.504845731209279 ], [ -72.270365981837045, -13.502846731207425 ], [ -72.269825731836534, -13.501117856205793 ], [ -72.269879731836596, -13.499767106204548 ], [ -72.269285481836064, -13.498416481203293 ], [ -72.269015356835794, -13.497389981202328 ], [ -72.268907231835712, -13.496363356201377 ], [ -72.269123231835906, -13.494958731200068 ], [ -72.26923135683603, -13.493175856198404 ], [ -72.269663606836403, -13.491392856196754 ], [ -72.270528106837205, -13.489880106195347 ], [ -72.271014481837653, -13.489069731194604 ], [ -72.272057606838601, -13.488467731194016 ], [ -72.272846106839324, -13.487791856193407 ], [ -72.273521981839963, -13.487284856192927 ], [ -72.273972606840374, -13.486665356192351 ], [ -72.270572231837264, -13.476015606182441 ], [ -72.269969481836725, -13.47226535617895 ], [ -72.268467731835329, -13.468573606175507 ], [ -72.268718106835564, -13.467635231174619 ], [ -72.269781731836559, -13.465570231172704 ], [ -72.27072035683743, -13.464506606171701 ], [ -72.272722606839253, -13.463129981170416 ], [ -72.2744119818408, -13.461878606169268 ], [ -72.27566335684196, -13.460189231167698 ], [ -72.276789481842982, -13.456309856164093 ], [ -72.277978481844102, -13.448801356157116 ], [ -72.278791856844833, -13.444108606152726 ], [ -72.279480231845483, -13.439978981148871 ], [ -72.279104856845152, -13.435849356145049 ], [ -72.278353856844461, -13.432032481141487 ], [ -72.277728231843881, -13.428465981138148 ], [ -72.27729023184348, -13.425525356135417 ], [ -72.276847981843076, -13.42279023113286 ], [ -72.276199731842482, -13.422697606132783 ], [ -72.275069731841441, -13.42243823113253 ], [ -72.274236231840703, -13.422049356132201 ], [ -72.273569356840071, -13.421697356131862 ], [ -72.272772856839339, -13.42134535613153 ], [ -72.272235606838862, -13.420937856131127 ], [ -72.271642856838312, -13.420659981130882 ], [ -72.271476106838165, -13.420530356130765 ], [ -72.270957481837669, -13.420159856130423 ], [ -72.270401731837168, -13.419659731129931 ], [ -72.269883106836701, -13.418400106128784 ], [ -72.269327356836172, -13.417770356128186 ], [ -72.268141856835101, -13.416918231127385 ], [ -72.266993356834035, -13.416084606126615 ], [ -72.266233856833352, -13.415658606126215 ], [ -72.265715231832857, -13.415325231125896 ], [ -72.26517798183238, -13.415325231125898 ], [ -72.264640856831875, -13.415473356126048 ], [ -72.264140731831432, -13.415677106126248 ], [ -72.26373323183104, -13.415991981126519 ], [ -72.262973731830343, -13.416992356127471 ], [ -72.26251060682992, -13.417381356127823 ], [ -72.261695606829164, -13.417714731128127 ], [ -72.260712856828277, -13.418337856128693 ], [ -72.259898731827519, -13.418881731129213 ], [ -72.259213356826891, -13.419029981129347 ], [ -72.258546481826301, -13.418733606129063 ], [ -72.258027856825805, -13.418214856128589 ], [ -72.256619981824528, -13.417010856127469 ], [ -72.256230981824146, -13.416769981127251 ], [ -72.255753731823717, -13.416713106127203 ], [ -72.255209481823229, -13.416386606126887 ], [ -72.254774106822836, -13.416241356126751 ], [ -72.254193606822298, -13.416205106126714 ], [ -72.253649356821796, -13.415443106125998 ], [ -72.253032481821222, -13.414753731125362 ], [ -72.252197981820473, -13.414354606124993 ], [ -72.250565231818968, -13.413955481124628 ], [ -72.249621856818109, -13.414173356124818 ], [ -72.248823606817382, -13.41446348112509 ], [ -72.24802535681664, -13.41482635612541 ], [ -72.247698981816356, -13.415805981126335 ], [ -72.247263481815949, -13.416350231126838 ], [ -72.24675548181547, -13.41671310612719 ], [ -72.245594481814408, -13.417184731127596 ], [ -72.244723606813594, -13.417511231127914 ], [ -72.243816481812786, -13.417692731128072 ], [ -72.242873231811913, -13.418236981128572 ], [ -72.242074981811186, -13.419071481129368 ], [ -72.241748356810888, -13.419942231130184 ], [ -72.241784731810924, -13.420849481131027 ], [ -72.242074981811186, -13.421865231131983 ], [ -72.241857231810968, -13.423425481133405 ], [ -72.241458106810597, -13.424368856134313 ], [ -72.240587356809797, -13.425275981135139 ], [ -72.239861606809143, -13.425819981135671 ], [ -72.23830148180771, -13.426545856136324 ], [ -72.23692273180643, -13.427670606137376 ], [ -72.235362481805026, -13.42883160613844 ], [ -72.233584606803376, -13.430210481139717 ], [ -72.23267748180254, -13.431371481140831 ], [ -72.231915606801849, -13.432169731141565 ], [ -72.230351606800426, -13.433133481142455 ], [ -72.228128856798349, -13.433674231142962 ], [ -72.226136731796544, -13.43487498114408 ], [ -72.225245356795725, -13.435716731144858 ], [ -72.225074231795574, -13.437259731146305 ], [ -72.224800731795298, -13.44148673115023 ], [ -72.224399106794934, -13.444566481153085 ], [ -72.222926231793579, -13.446708856155071 ], [ -72.220783731791627, -13.447512356155832 ], [ -72.219110106790097, -13.448169231156427 ], [ -72.21728260678843, -13.44925423115745 ], [ -72.215854981787089, -13.450282106158404 ], [ -72.214998356786325, -13.451367231159404 ], [ -72.213970606785381, -13.452395106160383 ], [ -72.212828356784328, -13.453936981161815 ], [ -72.211800356783385, -13.455707356163435 ], [ -72.210943606782592, -13.456963731164619 ], [ -72.210025356781742, -13.457949231165523 ], [ -72.209591856781358, -13.458830106166355 ], [ -72.20935748178114, -13.459154356166632 ], [ -72.209206981780994, -13.459492231166964 ], [ -72.208289106780171, -13.460648481168061 ], [ -72.207343731779304, -13.461357481168703 ], [ -72.206581981778598, -13.462003856169307 ], [ -72.205847606777908, -13.4624218561697 ], [ -72.205335856777452, -13.462593731169846 ], [ -72.20470698177688, -13.462896481170141 ], [ -72.204158231776361, -13.463646481170825 ], [ -72.203603481775872, -13.464261731171399 ], [ -72.203113231775404, -13.464892606171983 ], [ -72.202972606775276, -13.46516410617224 ], [ -72.202753856775075, -13.465792981172827 ], [ -72.202644481774982, -13.465945356172966 ], [ -72.202552731774901, -13.466390606173373 ], [ -72.202348856774719, -13.466907606173864 ], [ -72.201968856774357, -13.467865231174754 ] ] ] } },
{ "type": "Feature", "properties": { "district": "Anta", "records": 26783, "flora_species": 117, "fauna_species": 225, "species": 342, "families": 111, "sources": 2, "platforms": 4, "first_year": 1899, "last_year": 2026, "recent_records": 20311, "records_per_species": 78.3, "recent_pct": 75.8, "exclusive_species": 113.0, "mean_turnover": 0.797, "tooltip": "<b>Anta</b><br>Registros: 26,783<br>Especies: 342<br>Flora: 117 | Fauna: 225<br>Especies exclusivas: 113<br>Recambio medio: 80%" }, "geometry": { "type": "Polygon", "coordinates": [ [ [ -72.116983356696764, -13.397010481108646 ], [ -72.116524731696344, -13.397354481108957 ], [ -72.115549981695438, -13.398214481109774 ], [ -72.115033981694992, -13.399074606110567 ], [ -72.11486898169484, -13.400792981112161 ], [ -72.115320606695235, -13.401769356113064 ], [ -72.116352731696182, -13.402973481114186 ], [ -72.116581981696385, -13.403718856114908 ], [ -72.117371106697092, -13.404933606116023 ], [ -72.117263231697009, -13.405425481116501 ], [ -72.116904356696693, -13.405918856116948 ], [ -72.116321356696147, -13.406726106117683 ], [ -72.116186731696018, -13.407219481118171 ], [ -72.115917731695774, -13.409013481119834 ], [ -72.115379481695285, -13.410628106121333 ], [ -72.114437606694423, -13.412377231122953 ], [ -72.113764856693805, -13.414709481125115 ], [ -72.113226731693302, -13.416727731127008 ], [ -72.112553981692685, -13.417579856127798 ], [ -72.11067023169096, -13.419014981129136 ], [ -72.109279856689682, -13.420360481130384 ], [ -72.108921106689365, -13.421033106131016 ], [ -72.108921106689365, -13.422019981131916 ], [ -72.108293231688791, -13.422917106132759 ], [ -72.104391106685227, -13.425697606135339 ], [ -72.103225231684164, -13.426774106136335 ], [ -72.103650856684538, -13.42728023113682 ], [ -72.105814856686521, -13.431456481140705 ], [ -72.106763981687379, -13.433240856142369 ], [ -72.10756135668808, -13.43453173114357 ], [ -72.107955106688451, -13.435052731144058 ], [ -72.108738231689173, -13.435328981144332 ], [ -72.109497606689871, -13.436012356144937 ], [ -72.110712356690968, -13.437834731146671 ], [ -72.111661606691825, -13.440492231149149 ], [ -72.112155106692285, -13.442618356151112 ], [ -72.112344981692445, -13.444061231152475 ], [ -72.112838481692904, -13.445123981153445 ], [ -72.11386360669384, -13.446870481155058 ], [ -72.115344231695175, -13.448806731156887 ], [ -72.11663498169635, -13.450742981158678 ], [ -72.118115731697699, -13.452375481160217 ], [ -72.118950981698461, -13.453362606161129 ], [ -72.119900106699333, -13.453856231161602 ], [ -72.120735356700081, -13.454083981161789 ], [ -72.121494606700807, -13.454235856161937 ], [ -72.122519731701729, -13.454539606162214 ], [ -72.123392981702523, -13.454881231162538 ], [ -72.124607856703619, -13.455678606163296 ], [ -72.125215356704174, -13.456210106163779 ], [ -72.126164481705047, -13.457234981164758 ], [ -72.126582106705413, -13.457956481165407 ], [ -72.126961731705762, -13.458715856166128 ], [ -72.126961731705762, -13.459247356166628 ], [ -72.126733981705542, -13.459664981167011 ], [ -72.125645231704567, -13.460817231168082 ], [ -72.125366731704304, -13.461513356168725 ], [ -72.124995481703962, -13.462511231169648 ], [ -72.124833106703832, -13.462952106170071 ], [ -72.124670606703674, -13.463508856170591 ], [ -72.124634731703637, -13.463787106170852 ], [ -72.124392231703425, -13.463972981171029 ], [ -72.123997731703057, -13.464112356171144 ], [ -72.123649606702742, -13.46427473117132 ], [ -72.123394356702519, -13.464460481171473 ], [ -72.12297673170211, -13.464924481171908 ], [ -72.122373356701587, -13.465527856172457 ], [ -72.121631106700889, -13.465795106172717 ], [ -72.120568856699904, -13.466149231173059 ], [ -72.120143981699542, -13.466715731173551 ], [ -72.1197898566992, -13.467777981174573 ], [ -72.119435856698871, -13.468981856175692 ], [ -72.119506606698934, -13.470185731176793 ], [ -72.119860731699276, -13.471318856177859 ], [ -72.120143981699528, -13.473018356179425 ], [ -72.120285606699653, -13.474009856180366 ], [ -72.120220731699575, -13.475580106181823 ], [ -72.120140231699509, -13.477326231183451 ], [ -72.120392231699739, -13.478670356184704 ], [ -72.120518231699862, -13.479300356185279 ], [ -72.12064423169997, -13.480308606186224 ], [ -72.120602231699934, -13.481022481186885 ], [ -72.120308231699653, -13.481736606187534 ], [ -72.119720231699105, -13.482870731188607 ], [ -72.11925823169868, -13.484550856190182 ], [ -72.118754106698233, -13.485390856190957 ], [ -72.118502106698003, -13.486356981191864 ], [ -72.118460106697981, -13.486944981192403 ], [ -72.117746106697297, -13.488373106193711 ], [ -72.117241981696836, -13.489213106194518 ], [ -72.116107981695805, -13.490599231195811 ], [ -72.115813981695524, -13.491355356196499 ], [ -72.115267856695056, -13.49223735619732 ], [ -72.114763856694566, -13.492993481198033 ], [ -72.11409185669396, -13.493497481198492 ], [ -72.113083731693038, -13.493917356198891 ], [ -72.111739606691827, -13.495177606200061 ], [ -72.110647606690819, -13.496227606201041 ], [ -72.108841481689169, -13.497235731201979 ], [ -72.106893481687379, -13.498102106202797 ], [ -72.10537085668598, -13.498522106203167 ], [ -72.10442573168514, -13.498732106203352 ], [ -72.103690731684452, -13.498994606203588 ], [ -72.103428481684205, -13.499201106203785 ], [ -72.103329981684126, -13.499693606204255 ], [ -72.103395731684188, -13.500317231204825 ], [ -72.103395731684188, -13.501039231205491 ], [ -72.103133106683956, -13.501597231206024 ], [ -72.102706356683555, -13.502155106206526 ], [ -72.102509481683384, -13.502581981206944 ], [ -72.102410856683278, -13.503369606207677 ], [ -72.102410856683278, -13.504354356208601 ], [ -72.102345356683216, -13.504945106209147 ], [ -72.102148481683045, -13.50566723120982 ], [ -72.101590481682535, -13.505831356209951 ], [ -72.100737106681763, -13.505995481210121 ], [ -72.099949356681037, -13.506520606210602 ], [ -72.09932573168048, -13.506848856210905 ], [ -72.098866231680049, -13.507078481211126 ], [ -72.097717481678984, -13.507702231211685 ], [ -72.096568606677948, -13.508260231212208 ], [ -72.095977856677408, -13.508522731212455 ], [ -72.095321356676806, -13.508785356212714 ], [ -72.094500856676049, -13.508982231212878 ], [ -72.093417731675061, -13.509146356213053 ], [ -72.09151410667333, -13.509605856213456 ], [ -72.091054481672927, -13.509835606213672 ], [ -72.090042106671987, -13.510683981214456 ], [ -72.08917023167119, -13.512478731216131 ], [ -72.088349731670434, -13.513863606217411 ], [ -72.087170231669347, -13.515350856218793 ], [ -72.086964981669155, -13.516120106219526 ], [ -72.086862481669073, -13.517761231221062 ], [ -72.086452356668715, -13.518992106222196 ], [ -72.085477731667822, -13.52053060622362 ], [ -72.084712731667111, -13.521353106224385 ], [ -72.084366606666777, -13.522218356225187 ], [ -72.084164731666604, -13.523227856226146 ], [ -72.083760981666231, -13.523977731226847 ], [ -72.083184106665698, -13.5244681062273 ], [ -72.081309356663994, -13.525967856228684 ], [ -72.079751981662568, -13.527294606229912 ], [ -72.078238231661189, -13.528376981230899 ], [ -72.079131231662004, -13.528952981231441 ], [ -72.080046606662847, -13.52958660623205 ], [ -72.080891606663585, -13.530713356233088 ], [ -72.082440856665031, -13.532473731234758 ], [ -72.083778481666243, -13.533952356236121 ], [ -72.084905106667236, -13.534515731236652 ], [ -72.085323231667644, -13.534525856236657 ], [ -72.086823231669001, -13.534816106236933 ], [ -72.08822648167029, -13.535106481237214 ], [ -72.089339356671303, -13.535783856237851 ], [ -72.090016731671923, -13.536412856238416 ], [ -72.091728106673472, -13.537503731239427 ], [ -72.092637106674303, -13.538412606240279 ], [ -72.093286231674881, -13.539256606241077 ], [ -72.093416106674994, -13.540165481241919 ], [ -72.093740731675311, -13.541074606242779 ], [ -72.093967856675533, -13.541691231243334 ], [ -72.094227606675744, -13.542405356244014 ], [ -72.094811856676273, -13.543801231245311 ], [ -72.095461106676851, -13.544580356246028 ], [ -72.095720856677119, -13.545326981246752 ], [ -72.096077981677439, -13.546495606247811 ], [ -72.096662231677968, -13.547307106248576 ], [ -72.097246606678482, -13.547534356248786 ], [ -72.098187981679345, -13.547891481249106 ], [ -72.099323981680385, -13.548118606249355 ], [ -72.10003823168104, -13.548475731249669 ], [ -72.100525231681473, -13.548995106250155 ], [ -72.101726231682562, -13.550683106251718 ], [ -72.102083231682911, -13.551104981252118 ], [ -72.102310606683105, -13.551786856252773 ], [ -72.102537856683313, -13.552728231253646 ], [ -72.103089606683824, -13.553344981254215 ], [ -72.103641481684306, -13.553539731254384 ], [ -72.104160856684786, -13.553572231254421 ], [ -72.104907481685458, -13.553831981254675 ], [ -72.105719106686195, -13.553994231254844 ], [ -72.106725356687136, -13.553766981254615 ], [ -72.108153731688446, -13.553182731254076 ], [ -72.109192481689377, -13.552273731253223 ], [ -72.109809231689937, -13.551332356252352 ], [ -72.110263731690381, -13.550942856251991 ], [ -72.111107731691135, -13.550683106251734 ], [ -72.111724481691695, -13.550683106251746 ], [ -72.112795731692657, -13.551072731252106 ], [ -72.113801981693612, -13.551527106252543 ], [ -72.115100481694796, -13.551689481252676 ], [ -72.116171731695758, -13.551754356252752 ], [ -72.1167561066963, -13.551884231252885 ], [ -72.117307856696812, -13.551689481252685 ], [ -72.118281731697707, -13.55149473125253 ], [ -72.119937356699197, -13.550877856251942 ], [ -72.12149548170062, -13.550293606251408 ], [ -72.122664106701691, -13.549806731250943 ], [ -72.124416981703305, -13.54863810624987 ], [ -72.125066231703897, -13.548150981249414 ], [ -72.126169981704919, -13.547664231248969 ], [ -72.12776060670636, -13.547079856248413 ], [ -72.128637106707131, -13.546560481247955 ], [ -72.129448481707882, -13.545943731247375 ], [ -72.130000481708421, -13.54509973124658 ], [ -72.130747106709094, -13.54412585624568 ], [ -72.131298981709577, -13.543411731245005 ], [ -72.132629856710821, -13.541983356243673 ], [ -72.133441356711543, -13.541074606242828 ], [ -72.134220481712276, -13.540425231242237 ], [ -72.135888231713807, -13.539528481241389 ], [ -72.136943231714753, -13.539000981240894 ], [ -72.137673731715438, -13.538757606240669 ], [ -72.138363356716056, -13.538351731240292 ], [ -72.139012606716648, -13.538108231240091 ], [ -72.139905356717478, -13.538148856240113 ], [ -72.140798106718293, -13.538311106240281 ], [ -72.142015356719398, -13.538148856240113 ], [ -72.142908106720213, -13.537945981239938 ], [ -72.143882106721108, -13.5377024812397 ], [ -72.145342731722437, -13.537134481239168 ], [ -72.146803481723779, -13.536809856238873 ], [ -72.148345356725201, -13.53685035623891 ], [ -72.149197481725963, -13.537012731239097 ], [ -72.150399606727063, -13.537616356239623 ], [ -72.152479231728961, -13.539239356241163 ], [ -72.154558856730844, -13.540355231242197 ], [ -72.155573231731779, -13.541217481243001 ], [ -72.158717981734668, -13.543753606245378 ], [ -72.160188856735999, -13.545731731247219 ], [ -72.160848231736608, -13.547304106248669 ], [ -72.16120335673692, -13.548673606249965 ], [ -72.161101856736821, -13.549586606250795 ], [ -72.1600874817359, -13.55156473125264 ], [ -72.159051606734963, -13.553070481254041 ], [ -72.158041606734031, -13.55445435625534 ], [ -72.157443231733495, -13.555389481256197 ], [ -72.157256231733314, -13.556698731257407 ], [ -72.157293606733333, -13.558007856258648 ], [ -72.157480606733515, -13.559167356259712 ], [ -72.157630231733634, -13.559878106260362 ], [ -72.158490481734418, -13.562346856262696 ], [ -72.158602731734533, -13.563132231263424 ], [ -72.158527981734466, -13.564104856264301 ], [ -72.158453106734385, -13.565152231265277 ], [ -72.158565356734499, -13.565825481265923 ], [ -72.158972606734849, -13.566384731266446 ], [ -72.159710856735529, -13.567503981267482 ], [ -72.160365481736136, -13.568111856268061 ], [ -72.161066731736767, -13.568485856268392 ], [ -72.162652356738235, -13.569596981269436 ], [ -72.163192856738704, -13.570407856270203 ], [ -72.16384923173932, -13.572106606271761 ], [ -72.164544231739939, -13.574152856273678 ], [ -72.165856856741129, -13.576392106275783 ], [ -72.166474606741701, -13.577936356277204 ], [ -72.167015106742198, -13.579094731278298 ], [ -72.16732398174247, -13.579635106278792 ], [ -72.167401231742559, -13.580021231279149 ], [ -72.168134731743237, -13.579750981278913 ], [ -72.168677356743714, -13.579675606278832 ], [ -72.168998981744025, -13.57959523127878 ], [ -72.169561981744522, -13.57935385627855 ], [ -72.169863606744798, -13.579213106278418 ], [ -72.170346231745256, -13.578589856277832 ], [ -72.170667856745538, -13.578026856277289 ], [ -72.170828731745686, -13.576800231276168 ], [ -72.171130356745962, -13.575432981274878 ], [ -72.1715928567464, -13.57414610627368 ], [ -72.172517606747235, -13.573160981272769 ], [ -72.173342106747981, -13.572095231271799 ], [ -72.174186606748776, -13.570969231270746 ], [ -72.17493060674947, -13.570024231269867 ], [ -72.17587560675031, -13.569300356269185 ], [ -72.177323356751657, -13.568677106268598 ], [ -72.177966731752235, -13.568455856268418 ], [ -72.178348731752607, -13.567953231267932 ], [ -72.178851481753057, -13.567048356267087 ], [ -72.179173106753339, -13.566203856266315 ], [ -72.179414481753554, -13.565841981265969 ], [ -72.180158356754248, -13.565078106265252 ], [ -72.181163731755163, -13.563368856263661 ], [ -72.182847606756724, -13.561077106261536 ], [ -72.184416356758163, -13.559443106260021 ], [ -72.18585423175945, -13.558201231258856 ], [ -72.186834731760385, -13.557090106257821 ], [ -72.188011106761451, -13.555129231256018 ], [ -72.188403231761811, -13.554148981255077 ], [ -72.189252981762607, -13.55258035625363 ], [ -72.190560106763797, -13.551469231252591 ], [ -72.192651731765707, -13.550358106251572 ], [ -72.194873856767757, -13.549246981250535 ], [ -72.196246481769009, -13.548331981249685 ], [ -72.19768435677031, -13.54793973124932 ], [ -72.200233356772642, -13.548462606249801 ], [ -72.201275231773621, -13.548646481249985 ], [ -72.203762856775896, -13.548201231249571 ], [ -72.20546223177746, -13.548070481249455 ], [ -72.207684356779467, -13.547351481248793 ], [ -72.210364231781938, -13.546632606248131 ], [ -72.211605981783094, -13.546305731247829 ], [ -72.212847856784208, -13.545586856247166 ], [ -72.21395898178524, -13.54441035624607 ], [ -72.214547231785772, -13.543560606245251 ], [ -72.21474323178596, -13.542972356244729 ], [ -72.214677981785897, -13.542188106243978 ], [ -72.214416356785662, -13.540946231242827 ], [ -72.214024356785302, -13.539704481241685 ], [ -72.213913231785199, -13.539051606241067 ], [ -72.214229981785508, -13.538671606240715 ], [ -72.21508523178629, -13.538323106240371 ], [ -72.21632060678742, -13.538006356240102 ], [ -72.217365856788376, -13.537372856239511 ], [ -72.218094481789038, -13.536612606238792 ], [ -72.21898135678984, -13.535123856237416 ], [ -72.219329731790182, -13.534617106236954 ], [ -72.219994981790776, -13.53404698123642 ], [ -72.221071856791767, -13.53341348123582 ], [ -72.222307231792911, -13.532811606235253 ], [ -72.223922731794403, -13.532653231235114 ], [ -72.225506481795833, -13.532304856234814 ], [ -72.227539106797707, -13.531757856234291 ], [ -72.229434231799459, -13.530879481233482 ], [ -72.230827856800744, -13.530119356232776 ], [ -72.232126606801927, -13.529485731232162 ], [ -72.234407231803999, -13.528978856231712 ], [ -72.236434481805858, -13.529042231231763 ], [ -72.238588356807824, -13.529137231231863 ], [ -72.240077106809196, -13.529073981231795 ], [ -72.243022856811933, -13.528788856231538 ], [ -72.246063731814701, -13.528788856231552 ], [ -72.247679106816193, -13.529010606231765 ], [ -72.249706356818038, -13.528757231231539 ], [ -72.250403231818694, -13.528567106231343 ], [ -72.25163860681981, -13.527965356230798 ], [ -72.252525481820641, -13.527300106230163 ], [ -72.253190606821235, -13.526539856229469 ], [ -72.25423598182222, -13.52517785622819 ], [ -72.255643731823497, -13.523290856226426 ], [ -72.253900856821886, -13.523290856226419 ], [ -72.252407106820542, -13.522986481226159 ], [ -72.251383606819587, -13.52273760622592 ], [ -72.250885731819125, -13.522516231225721 ], [ -72.250277106818587, -13.521935356225175 ], [ -72.249225856817617, -13.521188481224472 ], [ -72.24757348181609, -13.520469231223808 ], [ -72.24682748181543, -13.519952731223311 ], [ -72.245737106814417, -13.519091981222497 ], [ -72.244417106813216, -13.51765723122119 ], [ -72.243326856812217, -13.516566981220153 ], [ -72.242638356811582, -13.51496010621865 ], [ -72.242580981811514, -13.513353356217172 ], [ -72.24252348181146, -13.512090856216 ], [ -72.242179231811178, -13.511115231215065 ], [ -72.241605356810638, -13.509967481214026 ], [ -72.240974106810043, -13.508418106212567 ], [ -72.240348481809491, -13.507964231212142 ], [ -72.239434731808643, -13.507221856211446 ], [ -72.2380641068074, -13.504709106209114 ], [ -72.23749310680688, -13.502310606206869 ], [ -72.236236731805732, -13.499912106204649 ], [ -72.236008231805513, -13.496999731201935 ], [ -72.235551606805103, -13.493687481198844 ], [ -72.234621106804255, -13.490615231196003 ], [ -72.233695356803395, -13.490349606195741 ], [ -72.232755731802555, -13.490179731195578 ], [ -72.232197231802033, -13.490247981195635 ], [ -72.23150973180141, -13.490265606195663 ], [ -72.230710981800669, -13.490462981195835 ], [ -72.23025385680026, -13.490759731196103 ], [ -72.229183606799268, -13.490947231196285 ], [ -72.228999981799106, -13.490902356196239 ], [ -72.228345606798499, -13.490601606195954 ], [ -72.227984356798174, -13.490748106196088 ], [ -72.227609356797814, -13.490742231196091 ], [ -72.226835981797123, -13.490529356195902 ], [ -72.226046981796401, -13.490080106195467 ], [ -72.22487498179531, -13.48984760619526 ], [ -72.223343731793918, -13.489177731194628 ], [ -72.222533231793193, -13.488949231194416 ], [ -72.221324231792082, -13.488437481193953 ], [ -72.220915981791691, -13.48840035619391 ], [ -72.220363231791197, -13.488208981193718 ], [ -72.219164106790075, -13.487371106192946 ], [ -72.214982606786251, -13.485201231190906 ], [ -72.214339856785671, -13.484929856190675 ], [ -72.213367231784773, -13.484265606190037 ], [ -72.213039106784493, -13.484093731189907 ], [ -72.212373106783886, -13.483439481189265 ], [ -72.211855481783388, -13.483195356189052 ], [ -72.211386731782966, -13.483124981188981 ], [ -72.210972606782576, -13.483179731189018 ], [ -72.210183606781854, -13.483771481189569 ], [ -72.209558481781301, -13.483929731189733 ], [ -72.208441356780256, -13.483958981189746 ], [ -72.207831981779705, -13.484107481189879 ], [ -72.207248106779161, -13.484382856190139 ], [ -72.20696098177892, -13.484453106190216 ], [ -72.206675731778631, -13.484427731190172 ], [ -72.206398481778407, -13.4843301061901 ], [ -72.206033231778051, -13.484062481189849 ], [ -72.20581060677786, -13.483822231189626 ], [ -72.205662106777737, -13.483415981189244 ], [ -72.205509731777568, -13.483177731189024 ], [ -72.205124981777232, -13.483017606188863 ], [ -72.204234356776411, -13.482966856188826 ], [ -72.203894356776118, -13.482789106188646 ], [ -72.202783231775086, -13.481765606187698 ], [ -72.202433606774775, -13.481521481187487 ], [ -72.201335981773752, -13.480339856186388 ], [ -72.20113473177355, -13.479019481185162 ], [ -72.201140731773592, -13.478199231184377 ], [ -72.201396481773813, -13.477132856183394 ], [ -72.201472606773891, -13.476570356182862 ], [ -72.201468731773886, -13.476216856182525 ], [ -72.200962856773415, -13.474679731181118 ], [ -72.200480481772999, -13.473998106180458 ], [ -72.200201231772724, -13.473320356179828 ], [ -72.200173856772707, -13.472837856179369 ], [ -72.200361356772888, -13.472402356178975 ], [ -72.200560606773053, -13.472150356178751 ], [ -72.20076560677326, -13.471687481178307 ], [ -72.200847481773337, -13.471619106178245 ], [ -72.200923856773372, -13.471322231177991 ], [ -72.201312481773755, -13.470671856177365 ], [ -72.201995981774374, -13.470083981176819 ], [ -72.202175731774545, -13.46982423117656 ], [ -72.20217773177454, -13.469675731176437 ], [ -72.201925731774324, -13.468896356175721 ], [ -72.201898481774293, -13.468218731175082 ], [ -72.201968856774357, -13.467865231174754 ], [ -72.201521981773965, -13.466735606173705 ], [ -72.200199481772756, -13.459153356166638 ], [ -72.197961856770704, -13.450546981158613 ], [ -72.197961856770704, -13.449899981158037 ], [ -72.197825606770593, -13.44891273115711 ], [ -72.197927731770704, -13.447959356156217 ], [ -72.198302231771024, -13.446529356154866 ], [ -72.198915106771594, -13.445371731153811 ], [ -72.199017231771691, -13.444690731153161 ], [ -72.198949106771622, -13.44370335615227 ], [ -72.19854060677126, -13.442749981151353 ], [ -72.197893731770648, -13.44114973114989 ], [ -72.197587231770385, -13.439855856148675 ], [ -72.197178731770009, -13.439038731147898 ], [ -72.196770106769634, -13.438664106147554 ], [ -72.196429606769343, -13.438289731147218 ], [ -72.19591885676887, -13.437880981146813 ], [ -72.195067731768091, -13.437370356146364 ], [ -72.194931481767952, -13.437063856146061 ], [ -72.194590981767647, -13.436382856145425 ], [ -72.194352731767424, -13.435974356145051 ], [ -72.194012231767104, -13.435531731144614 ], [ -72.193637606766757, -13.434952856144113 ], [ -72.192820481766006, -13.434340106143532 ], [ -72.192582106765812, -13.433931481143157 ], [ -72.192343856765589, -13.43328448114254 ], [ -72.192173606765422, -13.432399231141728 ], [ -72.192071481765339, -13.431309731140695 ], [ -72.192003356765298, -13.430390481139845 ], [ -72.192309731765548, -13.429675356139182 ], [ -72.192684356765895, -13.429096606138634 ], [ -72.19288860676609, -13.428585856138161 ], [ -72.19282048176602, -13.428109231137734 ], [ -72.19256835676579, -13.427892606137517 ], [ -72.192207481765479, -13.427904856137552 ], [ -72.191867106765159, -13.428075106137682 ], [ -72.191560731764881, -13.428517731138109 ], [ -72.191186231764547, -13.428994481138549 ], [ -72.190777606764172, -13.429402981138926 ], [ -72.190266856763685, -13.429539231139055 ], [ -72.189858356763324, -13.429539231139051 ], [ -72.189143231762671, -13.429368981138891 ], [ -72.188836856762407, -13.429062481138612 ], [ -72.188053731761684, -13.428687981138243 ], [ -72.187338856761016, -13.428415481137991 ], [ -72.185295856759154, -13.427802731137433 ], [ -72.184104106758056, -13.427632481137273 ], [ -72.183355106757375, -13.427462231137099 ], [ -72.182946481757014, -13.427223981136867 ], [ -72.18267410675675, -13.426645106136339 ], [ -72.182435731756556, -13.425964106135721 ], [ -72.182027231756152, -13.425146981134956 ], [ -72.181720731755888, -13.424738356134558 ], [ -72.181244106755443, -13.424500106134355 ], [ -72.180971731755207, -13.424329856134186 ], [ -72.180154481754428, -13.423580731133471 ], [ -72.179269231753651, -13.422831731132783 ], [ -72.178520231752969, -13.422354981132337 ], [ -72.17756685675208, -13.421946481131979 ], [ -72.176817856751398, -13.421639981131674 ], [ -72.176477356751107, -13.421265481131341 ], [ -72.175864481750537, -13.42051623113063 ], [ -72.175557981750245, -13.420312106130439 ], [ -72.175149481749884, -13.420073731130213 ], [ -72.174536606749328, -13.420039731130199 ], [ -72.17382160674866, -13.420243981130358 ], [ -72.173038481747952, -13.420618606130732 ], [ -72.171506356746534, -13.421307481131361 ], [ -72.170757731745866, -13.421681856131707 ], [ -72.169335106744555, -13.421981356131981 ], [ -72.167987356743325, -13.42153210613157 ], [ -72.166939356742375, -13.420708606130788 ], [ -72.166340356741827, -13.419660356129821 ], [ -72.166040981741546, -13.418237856128497 ], [ -72.165891231741412, -13.416590731126956 ], [ -72.166040981741546, -13.414344731124869 ], [ -72.16581635674136, -13.4129969811236 ], [ -72.16491785674053, -13.41187398112257 ], [ -72.163270731739019, -13.410750981121518 ], [ -72.162746731738551, -13.409702731120539 ], [ -72.16267185673847, -13.408729481119627 ], [ -72.163046106738818, -13.407756231118723 ], [ -72.16366210673938, -13.406041731117107 ], [ -72.164018981739716, -13.404376106115569 ], [ -72.163900106739604, -13.40294848111424 ], [ -72.161877481737775, -13.400449981111926 ], [ -72.158308356734494, -13.398427606110037 ], [ -72.154739106731242, -13.39688085610859 ], [ -72.15093198172778, -13.395334106107136 ], [ -72.147957606725072, -13.393549731105455 ], [ -72.146665481723872, -13.39177810610383 ], [ -72.144679856722064, -13.391778106103837 ], [ -72.143496981720986, -13.391735856103766 ], [ -72.142102731719703, -13.39169360610372 ], [ -72.140624106718349, -13.391271231103328 ], [ -72.138891981716782, -13.390764231102878 ], [ -72.137831856715792, -13.390521356102644 ], [ -72.136240231714339, -13.389851106102004 ], [ -72.134899981713119, -13.389348606101548 ], [ -72.133140856711535, -13.389180981101374 ], [ -72.130879106709457, -13.389683606101856 ], [ -72.129036231707772, -13.390269981102406 ], [ -72.126690731705636, -13.391526481103549 ], [ -72.125740106704754, -13.392134606104134 ], [ -72.12459448170371, -13.392852356104786 ], [ -72.122889106702146, -13.394143606105988 ], [ -72.121054356700483, -13.395060981106827 ], [ -72.119334356698914, -13.395748981107484 ], [ -72.117671481697386, -13.396494356108162 ], [ -72.116983356696764, -13.397010481108646 ] ] ] } },
{ "type": "Feature", "properties": { "district": "Ancahuasi", "records": 952, "flora_species": 111, "fauna_species": 116, "species": 227, "families": 96, "sources": 2, "platforms": 4, "first_year": 1899, "last_year": 2026, "recent_records": 510, "records_per_species": 4.2, "recent_pct": 53.6, "exclusive_species": 79.0, "mean_turnover": 0.789, "tooltip": "<b>Ancahuasi</b><br>Registros:    952<br>Especies: 227<br>Flora: 111 | Fauna: 116<br>Especies exclusivas: 79<br>Recambio medio: 79%" }, "geometry": { "type": "Polygon", "coordinates": [ [ [ -72.276847981843076, -13.42279023113286 ], [ -72.27729023184348, -13.425525356135417 ], [ -72.277728231843881, -13.428465981138148 ], [ -72.278353856844461, -13.432032481141487 ], [ -72.279104856845152, -13.435849356145049 ], [ -72.279480231845483, -13.439978981148871 ], [ -72.278791856844833, -13.444108606152726 ], [ -72.277978481844102, -13.448801356157116 ], [ -72.276789481842982, -13.456309856164093 ], [ -72.27566335684196, -13.460189231167698 ], [ -72.2744119818408, -13.461878606169268 ], [ -72.272722606839253, -13.463129981170416 ], [ -72.27072035683743, -13.464506606171701 ], [ -72.269781731836559, -13.465570231172704 ], [ -72.268718106835564, -13.467635231174619 ], [ -72.268467731835329, -13.468573606175507 ], [ -72.269969481836725, -13.47226535617895 ], [ -72.270572231837264, -13.476015606182441 ], [ -72.273972606840374, -13.486665356192351 ], [ -72.273521981839963, -13.487284856192927 ], [ -72.272846106839324, -13.487791856193407 ], [ -72.272057606838601, -13.488467731194016 ], [ -72.271014481837653, -13.489069731194604 ], [ -72.270528106837205, -13.489880106195347 ], [ -72.269663606836403, -13.491392856196754 ], [ -72.26923135683603, -13.493175856198404 ], [ -72.269123231835906, -13.494958731200068 ], [ -72.268907231835712, -13.496363356201377 ], [ -72.269015356835794, -13.497389981202328 ], [ -72.269285481836064, -13.498416481203293 ], [ -72.269879731836596, -13.499767106204548 ], [ -72.269825731836534, -13.501117856205793 ], [ -72.270365981837045, -13.502846731207425 ], [ -72.270419981837094, -13.504845731209279 ], [ -72.270419981837094, -13.506412356210735 ], [ -72.270365981837031, -13.507492981211742 ], [ -72.270473981837128, -13.508357481212542 ], [ -72.271014481837639, -13.509113856213272 ], [ -72.305384356869212, -13.517879231221459 ], [ -72.330355481892155, -13.521941106225245 ], [ -72.33123573189296, -13.522061106225371 ], [ -72.332002106893654, -13.521639356224998 ], [ -72.332543856894148, -13.521368731224719 ], [ -72.333371356894943, -13.521007606224405 ], [ -72.334499731895974, -13.520736731224122 ], [ -72.337403606898619, -13.520465981223873 ], [ -72.339616981900676, -13.520284856223729 ], [ -72.340521106901505, -13.520023106223476 ], [ -72.341639481902547, -13.51957110622306 ], [ -72.342829231903636, -13.518928606222469 ], [ -72.345161106905792, -13.517429606221084 ], [ -72.346231856906783, -13.516882231220571 ], [ -72.347849856908269, -13.51612098121986 ], [ -72.350538606910746, -13.515335606219121 ], [ -72.353655731913591, -13.514383856218242 ], [ -72.355345106915152, -13.513955481217851 ], [ -72.357605606917247, -13.513669981217578 ], [ -72.358414731917989, -13.51364623121756 ], [ -72.360080356919525, -13.512361231216376 ], [ -72.361412856920751, -13.511718856215763 ], [ -72.364958231924007, -13.51105260621514 ], [ -72.367379981926248, -13.510276606214441 ], [ -72.370679731929272, -13.509161106213389 ], [ -72.375443606933672, -13.507286356211644 ], [ -72.376757106934889, -13.506429731210867 ], [ -72.377499606935572, -13.505972856210446 ], [ -72.377899231935928, -13.505573106210065 ], [ -72.377670731935723, -13.504944981209464 ], [ -72.37670898193484, -13.503644481208266 ], [ -72.376121106934278, -13.502675856207368 ], [ -72.375785106933961, -13.502226606206934 ], [ -72.375076231933335, -13.501914106206648 ], [ -72.374679731932986, -13.501714856206476 ], [ -72.374169981932511, -13.501458981206216 ], [ -72.373943356932301, -13.501343731206113 ], [ -72.37360348193198, -13.501228481206009 ], [ -72.373138731931547, -13.501044856205841 ], [ -72.37258198193102, -13.500857606205679 ], [ -72.37212698193062, -13.50076760620559 ], [ -72.371671856930192, -13.500818356205629 ], [ -72.371101606929685, -13.500841856205652 ], [ -72.370732481929352, -13.500697231205525 ], [ -72.37039260692903, -13.500527356205344 ], [ -72.370251981928888, -13.500414106205266 ], [ -72.370052731928695, -13.499999981204876 ], [ -72.36988673192856, -13.499734356204618 ], [ -72.369476606928174, -13.499302731204221 ], [ -72.368595731927385, -13.498060606203053 ], [ -72.368220731927011, -13.497357356202405 ], [ -72.366880856925803, -13.495269481200461 ], [ -72.366537106925477, -13.494644481199892 ], [ -72.366232481925195, -13.493740231199046 ], [ -72.366216856925178, -13.493369106198683 ], [ -72.366097606925067, -13.492640606198002 ], [ -72.365986856924962, -13.492289606197685 ], [ -72.36552935692454, -13.490806606196289 ], [ -72.365077606924118, -13.48977185619534 ], [ -72.364902356923977, -13.48925198119486 ], [ -72.364533231923645, -13.48864448119428 ], [ -72.36424610692336, -13.488066356193743 ], [ -72.364011731923142, -13.487150356192902 ], [ -72.363939481923111, -13.486369106192164 ], [ -72.364009731923147, -13.485882856191717 ], [ -72.36417773192332, -13.485517731191385 ], [ -72.36424610692336, -13.485228481191111 ], [ -72.364218731923359, -13.484847606190751 ], [ -72.364162106923288, -13.484076231190022 ], [ -72.364197231923328, -13.483693356189669 ], [ -72.364221981923365, -13.482927731188962 ], [ -72.364032356923175, -13.48212223118821 ], [ -72.36386648192304, -13.48138773118753 ], [ -72.363345356922551, -13.480795606186977 ], [ -72.362942731922175, -13.480274481186479 ], [ -72.363487481922689, -13.479563856185825 ], [ -72.363771731922938, -13.478900606185231 ], [ -72.364198106923354, -13.478260981184599 ], [ -72.364600856923687, -13.478000356184369 ], [ -72.365656231924675, -13.477621106184019 ], [ -72.366827606925753, -13.477289731183713 ], [ -72.368011981926855, -13.476721231183177 ], [ -72.369149106927921, -13.475584106182122 ], [ -72.369528106928257, -13.474612981181236 ], [ -72.372725981931197, -13.470893856177756 ], [ -72.374620731932936, -13.468816731175833 ], [ -72.374797356933087, -13.46775685617486 ], [ -72.375018231933325, -13.466476231173642 ], [ -72.374797356933087, -13.465327981172583 ], [ -72.374179106932544, -13.464135731171478 ], [ -72.373428481931839, -13.462634231170057 ], [ -72.373340106931764, -13.461750981169249 ], [ -72.373340106931764, -13.460735356168311 ], [ -72.373428481931839, -13.459631231167267 ], [ -72.373516731931929, -13.457908981165676 ], [ -72.373384356931837, -13.456716731164569 ], [ -72.372854356931327, -13.45601023116391 ], [ -72.371264606929884, -13.455259356163209 ], [ -72.369586481928309, -13.455170981163132 ], [ -72.367819981926672, -13.45521523116315 ], [ -72.366186106925184, -13.455038606162994 ], [ -72.364242981923397, -13.454950231162904 ], [ -72.363346481922562, -13.454530731162521 ], [ -72.36133273192074, -13.452340356160468 ], [ -72.359956981919453, -13.450519481158775 ], [ -72.359707731919229, -13.449761356158071 ], [ -72.358990481918582, -13.448028106156475 ], [ -72.358651356918259, -13.446558481155074 ], [ -72.358606106918245, -13.444998356153635 ], [ -72.358515731918132, -13.443008606151782 ], [ -72.359080981918666, -13.441041481149938 ], [ -72.359600981919129, -13.43986573114884 ], [ -72.360934981920366, -13.439142231148196 ], [ -72.361839231921195, -13.439006606148073 ], [ -72.363195981922445, -13.438803106147867 ], [ -72.363942106923133, -13.438712731147785 ], [ -72.364462231923611, -13.438735231147808 ], [ -72.365230981924341, -13.438690106147773 ], [ -72.365515606924603, -13.438533231147602 ], [ -72.365382856924484, -13.438320356147413 ], [ -72.365460981924556, -13.438142606147235 ], [ -72.366292981925312, -13.437296856146483 ], [ -72.366398481925415, -13.437128856146311 ], [ -72.366513731925522, -13.436792981146004 ], [ -72.366535106925525, -13.435628856144916 ], [ -72.366302731925316, -13.434761731144109 ], [ -72.365808606924858, -13.433824231143241 ], [ -72.365712856924787, -13.433515606142956 ], [ -72.365665981924721, -13.432812481142296 ], [ -72.365708981924769, -13.431912106141452 ], [ -72.365615231924679, -13.43123048114081 ], [ -72.365402356924491, -13.430835981140428 ], [ -72.365167981924259, -13.430521481140147 ], [ -72.36447860692364, -13.429808606139492 ], [ -72.364333981923522, -13.429730481139414 ], [ -72.364054731923247, -13.429089856138834 ], [ -72.364003856923219, -13.428626981138397 ], [ -72.364025231923222, -13.426617231136513 ], [ -72.364101606923299, -13.426203106136143 ], [ -72.364148481923351, -13.425583981135569 ], [ -72.36410348192328, -13.424115231134188 ], [ -72.364100231923288, -13.423435106133555 ], [ -72.364222606923391, -13.422138731132344 ], [ -72.364080106923282, -13.420966856131265 ], [ -72.363923856923122, -13.420458981130796 ], [ -72.363642606922866, -13.419847606130219 ], [ -72.36335748192262, -13.418980481129406 ], [ -72.363240231922532, -13.417943356128431 ], [ -72.363322231922567, -13.417496106128032 ], [ -72.363277356922552, -13.416951231127515 ], [ -72.363203106922498, -13.416632856127233 ], [ -72.362953106922248, -13.416222606126833 ], [ -72.362644481921976, -13.415335981126027 ], [ -72.362474481921794, -13.41484573112556 ], [ -72.361456981920881, -13.412812481123673 ], [ -72.360695356920189, -13.410781231121772 ], [ -72.359675731919239, -13.408726606119849 ], [ -72.359388731918969, -13.408312606119463 ], [ -72.358665981918307, -13.407474606118686 ], [ -72.3584383569181, -13.407132981118361 ], [ -72.358193356917866, -13.406773481118021 ], [ -72.357933606917641, -13.406123106117434 ], [ -72.357050731916829, -13.40491998111631 ], [ -72.355720731915596, -13.403884731115332 ], [ -72.354341856914331, -13.402595731114133 ], [ -72.353755856913793, -13.401900356113478 ], [ -72.353431606913489, -13.401609356113218 ], [ -72.353098731913192, -13.401422606113046 ], [ -72.352181606912339, -13.400773481112441 ], [ -72.351882856912084, -13.400558606112229 ], [ -72.351296856911546, -13.400236356111947 ], [ -72.351058606911323, -13.400017606111728 ], [ -72.350451231910753, -13.399767606111494 ], [ -72.349558606909923, -13.399574106111331 ], [ -72.348720731909168, -13.39929498111106 ], [ -72.348244106908709, -13.398998106110778 ], [ -72.347650356908176, -13.398458981110267 ], [ -72.347179731907758, -13.39817773111001 ], [ -72.346714606907341, -13.397888856109763 ], [ -72.3462644819069, -13.397648231109542 ], [ -72.344282731905068, -13.395969856107957 ], [ -72.343265856904139, -13.395249731107283 ], [ -72.34292698190383, -13.39482598110691 ], [ -72.342882856903813, -13.394390481106493 ], [ -72.341528731902542, -13.392877231105087 ], [ -72.3399613569011, -13.390504856102885 ], [ -72.338266856899551, -13.388683106101167 ], [ -72.337250106898622, -13.387496981100046 ], [ -72.336614481898053, -13.387115481099713 ], [ -72.335385856896906, -13.387242731099846 ], [ -72.333521981895203, -13.387708731100258 ], [ -72.331403731893232, -13.387878106100416 ], [ -72.330135481892086, -13.387762981100323 ], [ -72.329142481891154, -13.387961606100474 ], [ -72.328281981890385, -13.388292606100812 ], [ -72.327421481889587, -13.388954481101425 ], [ -72.322456856885012, -13.391800856104046 ], [ -72.319610481882393, -13.395441606107452 ], [ -72.317955606880858, -13.399810481111526 ], [ -72.315402356878522, -13.404898481116245 ], [ -72.314579606877771, -13.40596660611725 ], [ -72.313719106876974, -13.406098981117358 ], [ -72.305414106869335, -13.405462856116769 ], [ -72.304848981868815, -13.405503231116811 ], [ -72.296111231860792, -13.413909981124617 ], [ -72.293066231857978, -13.41649160612703 ], [ -72.292271981857255, -13.417352106127812 ], [ -72.291874731856879, -13.418609856128986 ], [ -72.291609981856624, -13.420728106130968 ], [ -72.289992981855164, -13.420972606131205 ], [ -72.287561731852918, -13.421204231131405 ], [ -72.2858946068514, -13.421250481131455 ], [ -72.285315731850858, -13.421343106131539 ], [ -72.284621106850224, -13.42138935613157 ], [ -72.28364860684934, -13.421250481131437 ], [ -72.282745606848508, -13.421250481131448 ], [ -72.281796231847622, -13.421412606131598 ], [ -72.281032106846951, -13.421505231131674 ], [ -72.280089731846061, -13.421345356131541 ], [ -72.279441356845467, -13.421382481131559 ], [ -72.278718981844804, -13.421734356131886 ], [ -72.277922356844059, -13.422253106132365 ], [ -72.2771814818434, -13.422660606132759 ], [ -72.276847981843076, -13.42279023113286 ] ] ] } },
{ "type": "Feature", "properties": { "district": "Mollepata", "records": 25302, "flora_species": 587, "fauna_species": 424, "species": 1011, "families": 204, "sources": 2, "platforms": 5, "first_year": 1949, "last_year": 2026, "recent_records": 13632, "records_per_species": 25.0, "recent_pct": 53.9, "exclusive_species": 558.0, "mean_turnover": 0.871, "tooltip": "<b>Mollepata</b><br>Registros: 25,302<br>Especies: 1011<br>Flora: 587 | Fauna: 424<br>Especies exclusivas: 558<br>Recambio medio: 87%" }, "geometry": { "type": "Polygon", "coordinates": [ [ [ -72.977758820611186, -13.388049986328745 ], [ -72.978016165754013, -13.387314154899828 ], [ -72.978524692035663, -13.386580332654201 ], [ -72.979620674969908, -13.385687238889323 ], [ -72.980804471466627, -13.384302912594668 ], [ -72.98122652891422, -13.38389635229985 ], [ -72.98206720641511, -13.383493134021357 ], [ -72.982991614336129, -13.383090580806574 ], [ -72.983832972228114, -13.3826053649719 ], [ -72.984760102392372, -13.381874865029529 ], [ -72.985943857402575, -13.380490507494763 ], [ -72.986959463449452, -13.379186775704106 ], [ -72.987299815861292, -13.378533611103153 ], [ -72.987813736756607, -13.377143882904935 ], [ -72.988075799777448, -13.37583416977356 ], [ -72.987996835615292, -13.375259638674672 ], [ -72.987432548424223, -13.372631551388556 ], [ -72.987356314330654, -13.371729055914477 ], [ -72.987358355865965, -13.37148310689034 ], [ -72.987370604216622, -13.370007412647393 ], [ -72.987461127105036, -13.369188264688509 ], [ -72.987634013297878, -13.368533764852129 ], [ -72.987640815900704, -13.367713901979258 ], [ -72.98739849745796, -13.366646140838082 ], [ -72.986826733831052, -13.364919835116632 ], [ -72.986498658628008, -13.36409735682288 ], [ -72.985756746195705, -13.362697682389781 ], [ -72.984689496264522, -13.360147563316279 ], [ -72.983699176370834, -13.358417922096466 ], [ -72.982960018980933, -13.356690279670545 ], [ -72.982716359931729, -13.355786499600347 ], [ -72.982642858132238, -13.354556089475349 ], [ -72.981747873409091, -13.351433436024264 ], [ -72.98117821603023, -13.349461177878512 ], [ -72.981018963521095, -13.34847604950683 ], [ -72.980788262548515, -13.346014611577408 ], [ -72.98054734259992, -13.344782867609235 ], [ -72.980388780832968, -13.343715724087561 ], [ -72.980399000769054, -13.342486030149976 ], [ -72.980914898478275, -13.340850358428908 ], [ -72.981003371277936, -13.340277161208016 ], [ -72.980681470407518, -13.338716835517138 ], [ -72.980861143490117, -13.337242476898989 ], [ -72.980621586787564, -13.335846800027321 ], [ -72.980544685779932, -13.335026271946736 ], [ -72.980632480392217, -13.334535089816278 ], [ -72.981144948762491, -13.333309344953307 ], [ -72.98123410264354, -13.332654131534321 ], [ -72.981238185680581, -13.332162233833165 ], [ -72.981164683929492, -13.330931823240272 ], [ -72.981354551353817, -13.328227766203185 ], [ -72.981619276913264, -13.326590088021669 ], [ -72.981705030379842, -13.326344804917651 ], [ -72.98187855787981, -13.325608289306675 ], [ -72.982388275757728, -13.324710502210491 ], [ -72.984248833510904, -13.322429625412965 ], [ -72.984676187038659, -13.321367183913923 ], [ -72.984930697077871, -13.320959245422472 ], [ -72.985952793437477, -13.318835685186267 ], [ -72.986813562179179, -13.315972891936333 ], [ -72.986989101442063, -13.314990467645313 ], [ -72.986999943105175, -13.31367875012182 ], [ -72.986921664039386, -13.313022203537066 ], [ -72.986839990940467, -13.312775589933231 ], [ -72.986675976973743, -13.312364329918084 ], [ -72.985772196042376, -13.310307462702028 ], [ -72.985361822332777, -13.309320344043769 ], [ -72.985369278655511, -13.308418560047075 ], [ -72.985375379092545, -13.30768071019339 ], [ -72.985549557934121, -13.306862220511146 ], [ -72.985804725322097, -13.306372311208417 ], [ -72.986562770435143, -13.305804414329453 ], [ -72.987994471183725, -13.30474986808078 ], [ -72.989008337496742, -13.303610081876586 ], [ -72.98926281793814, -13.303202134832063 ], [ -72.989774479695498, -13.302058370133114 ], [ -72.989865617830375, -13.301157196498112 ], [ -72.989956748191531, -13.300256071269247 ], [ -72.990131582233971, -13.299355559032866 ], [ -72.990389433440498, -13.298537724114023 ], [ -72.991070498849012, -13.297149277707311 ], [ -72.992685036049338, -13.294210471311743 ], [ -72.993107566034979, -13.293721871523701 ], [ -72.993612441906407, -13.293397914976664 ], [ -72.994956975124452, -13.292752589256891 ], [ -72.995964020674919, -13.292432585872987 ], [ -72.996047716840124, -13.292433245363259 ], [ -72.996467544408617, -13.292272558231303 ], [ -72.996888717469602, -13.291947934752967 ], [ -72.997227539575249, -13.291458667113083 ], [ -72.997397622852006, -13.291132065228004 ], [ -72.997317288647636, -13.290721469854358 ], [ -72.996825210367717, -13.289487755349883 ], [ -72.996830593958222, -13.288831915643655 ], [ -72.996917656793428, -13.288422638359735 ], [ -72.997682344819822, -13.28703487146433 ], [ -72.997942842723731, -13.285889053891458 ], [ -72.998206695439833, -13.2843333474354 ], [ -72.998214762304912, -13.283349537986416 ], [ -72.998220812026048, -13.282611680847797 ], [ -72.998312570328579, -13.281628529478624 ], [ -72.998652719189394, -13.28097532126564 ], [ -72.999075877262257, -13.280404738112491 ], [ -72.999497028164527, -13.280080058009094 ], [ -72.999916160108128, -13.280001378357394 ], [ -73.00041898087737, -13.279923355397734 ], [ -73.001088517855152, -13.279928613966941 ], [ -73.002255513558197, -13.280511686447422 ], [ -73.002756326820176, -13.28067961204556 ], [ -73.003174115911079, -13.280764863350321 ], [ -73.003424523335426, -13.280848801112606 ], [ -73.004513866855703, -13.280693396653472 ], [ -73.00468192218537, -13.280612691945409 ], [ -73.005101721172281, -13.280452035350521 ], [ -73.005522862516187, -13.280127344122677 ], [ -73.005947349616306, -13.279392761778904 ], [ -73.006117414384804, -13.27906615095127 ], [ -73.006460879111501, -13.278002989595432 ], [ -73.006545909265498, -13.27783965956303 ], [ -73.006218503581437, -13.27693524030375 ], [ -73.005809417061513, -13.275784163140891 ], [ -73.005647389321041, -13.275127008216357 ], [ -73.005566376083067, -13.274798382102835 ], [ -73.005318650850256, -13.274386525251565 ], [ -72.999504636055377, -13.2689296566521 ], [ -72.996588316098453, -13.267348906848447 ], [ -72.993081523428245, -13.266337484398205 ], [ -72.990998783121483, -13.265173205899789 ], [ -72.989832564132698, -13.264508079131684 ], [ -72.988417320157879, -13.263595063653073 ], [ -72.987255840309643, -13.262356057349566 ], [ -72.987172154899113, -13.262355396437501 ], [ -72.985172493383871, -13.261273755733445 ], [ -72.982917058799003, -13.260763983478775 ], [ -72.982082918149317, -13.260429442058577 ], [ -72.981999916580975, -13.260346763708341 ], [ -72.980582696426708, -13.259679662189775 ], [ -72.97866541473158, -13.258762574505068 ], [ -72.976578747637546, -13.258090144312369 ], [ -72.974159405414397, -13.257169041228048 ], [ -72.971991805158481, -13.256167947871313 ], [ -72.971908802116445, -13.256085315502714 ], [ -72.970409325162279, -13.255253517116165 ], [ -72.969241178358772, -13.254834258940697 ], [ -72.968399594648133, -13.255401456512933 ], [ -72.967803605928779, -13.256626530000071 ], [ -72.967122564968662, -13.258014915488422 ], [ -72.966023780812719, -13.259317944558177 ], [ -72.965853687206604, -13.259644523398947 ], [ -72.965176035608238, -13.260622971375124 ], [ -72.964501113778638, -13.261273502743476 ], [ -72.963661544974087, -13.261594732067801 ], [ -72.962745802511691, -13.261013514713225 ], [ -72.961834170429924, -13.25994035152579 ], [ -72.961000748736993, -13.259523779378842 ], [ -72.95949651204333, -13.259265779291326 ], [ -72.959078781461514, -13.259180463592076 ], [ -72.956992189402456, -13.258507831589782 ], [ -72.954241644456118, -13.257173988969459 ], [ -72.952908222423588, -13.256507369707011 ], [ -72.951572062573447, -13.256168704620954 ], [ -72.949730391377031, -13.256235872992473 ], [ -72.949226928735783, -13.256395814856887 ], [ -72.948980695368377, -13.255819939161666 ], [ -72.948484795009392, -13.255078063927888 ], [ -72.947819473506527, -13.254580786525743 ], [ -72.947486126265687, -13.254414112823085 ], [ -72.947069786658432, -13.254164799590431 ], [ -72.94640447079783, -13.253667519241105 ], [ -72.945490870426795, -13.252840304900095 ], [ -72.944494291288521, -13.251930448409828 ], [ -72.943164374894963, -13.250853862090258 ], [ -72.941582054970212, -13.249939272560972 ], [ -72.94000112778312, -13.248860695914829 ], [ -72.938081367525015, -13.248271245498453 ], [ -72.936073096211203, -13.248255005615929 ], [ -72.9347328667737, -13.248408148678761 ], [ -72.933474936955477, -13.248725892015255 ], [ -72.932720450910153, -13.248883768319487 ], [ -72.932636080737282, -13.24896505495885 ], [ -72.932045486727375, -13.249534206356786 ], [ -72.931548267444697, -13.248956236652383 ], [ -72.930723967660896, -13.247473842753227 ], [ -72.930230913591217, -13.246403986177887 ], [ -72.929986114304867, -13.245664121720338 ], [ -72.930410047126045, -13.245011700949693 ], [ -72.930410739879449, -13.244929736263481 ], [ -72.930495802208981, -13.244766436901697 ], [ -72.930919719875504, -13.244113966068184 ], [ -72.931092612857483, -13.243459507837402 ], [ -72.930764149088432, -13.242718965757319 ], [ -72.929518709913694, -13.241561037404058 ], [ -72.928352109948463, -13.240977681973087 ], [ -72.928268441137575, -13.240977002853905 ], [ -72.928185465610312, -13.240894359108944 ], [ -72.928101784423262, -13.240893679838583 ], [ -72.928018103240078, -13.240893000540829 ], [ -72.927934434476015, -13.240892321316462 ], [ -72.927850753302451, -13.240891641963934 ], [ -72.927767084547469, -13.240890962684801 ], [ -72.927599734637795, -13.240889603943598 ], [ -72.926847360205073, -13.240801523775895 ], [ -72.926089421533234, -13.241369254548538 ], [ -72.925835625861481, -13.241695121247915 ], [ -72.925665498510568, -13.242021667640511 ], [ -72.925240865882131, -13.24275609263889 ], [ -72.92414683751656, -13.243485072210564 ], [ -72.923388884545417, -13.244052792690065 ], [ -72.922213262556397, -13.244535139853115 ], [ -72.920285926373424, -13.244847415503177 ], [ -72.918528739459205, -13.244833087627182 ], [ -72.91735588429539, -13.244987456975927 ], [ -72.916599320704506, -13.245391226365822 ], [ -72.915423670904588, -13.24587353914028 ], [ -72.914418162892943, -13.246029261175051 ], [ -72.913920297685536, -13.245533276609523 ], [ -72.913340848062617, -13.244790715647284 ], [ -72.913341546929558, -13.24470870320636 ], [ -72.913179086206938, -13.24413349080989 ], [ -72.91309960887763, -13.243640926537969 ], [ -72.913101006228032, -13.243476950313015 ], [ -72.913101704688899, -13.243394986522057 ], [ -72.913444087627255, -13.242495975530746 ], [ -72.913444786334153, -13.242413963071838 ], [ -72.91361353223374, -13.242251403592585 ], [ -72.913953816943604, -13.24159828287284 ], [ -72.914377767693182, -13.240945845096102 ], [ -72.914302475651326, -13.239961448982831 ], [ -72.913725142602672, -13.238972901631145 ], [ -72.913726539024225, -13.23880892527861 ], [ -72.913315147771883, -13.237985721407959 ], [ -72.91282218730592, -13.236915893148822 ], [ -72.912080315117052, -13.235598071979505 ], [ -72.912001526538219, -13.235023495264173 ], [ -72.912002224904739, -13.234941531474639 ], [ -72.91191925741623, -13.234858883519619 ], [ -72.911919956215712, -13.234776871091826 ], [ -72.911837674796473, -13.234612259238016 ], [ -72.911754009039257, -13.234611575030454 ], [ -72.911838373609768, -13.234530246810756 ], [ -72.9118397703932, -13.23436631924513 ], [ -72.911840469192327, -13.234284306817266 ], [ -72.911841167572263, -13.234202343031434 ], [ -72.91184186594748, -13.23412037924612 ], [ -72.911762391506699, -13.233627815082324 ], [ -72.911601322758855, -13.232888626551389 ], [ -72.911356602170784, -13.23214875391221 ], [ -72.911116074307358, -13.23091700133517 ], [ -72.91104078037354, -13.229932557199925 ], [ -72.910958513125578, -13.229767945434716 ], [ -72.910798158469973, -13.228946793264377 ], [ -72.910131594242557, -13.228613365801262 ], [ -72.909214715323301, -13.228195967543154 ], [ -72.907965273375268, -13.227529837943448 ], [ -72.906716538575978, -13.226781739643732 ], [ -72.906465525331029, -13.226779682898373 ], [ -72.905799673749101, -13.226364330951176 ], [ -72.905383436588522, -13.226114962515696 ], [ -72.904046839673427, -13.225858045266538 ], [ -72.902542909813363, -13.225599747830334 ], [ -72.901704823531418, -13.225756804776665 ], [ -72.901621161339293, -13.225756117701847 ], [ -72.900783775586959, -13.225831256840115 ], [ -72.900114428725217, -13.225825756625785 ], [ -72.90003075418258, -13.225825068924907 ], [ -72.899362812246679, -13.225655591734261 ], [ -72.898611911869381, -13.225403461739232 ], [ -72.897859595395914, -13.225315304517048 ], [ -72.897610003194032, -13.225149264572167 ], [ -72.89736111405989, -13.22490126134913 ], [ -72.896275535482033, -13.2246463708939 ], [ -72.895272930256112, -13.224474128345426 ], [ -72.894602181840654, -13.224632588774872 ], [ -72.894266807613391, -13.224711793959347 ], [ -72.893091939575513, -13.225112049941414 ], [ -72.892251752050598, -13.22551506102611 ], [ -72.892167373561122, -13.225596333570463 ], [ -72.891914954327248, -13.225758236939164 ], [ -72.891076878532729, -13.225915257998638 ], [ -72.890154409973832, -13.226153596424444 ], [ -72.889735370932925, -13.226232152880431 ], [ -72.887645786766754, -13.225968931604287 ], [ -72.887562125261795, -13.225968239917167 ], [ -72.886727567759863, -13.22571538484641 ], [ -72.886560939389923, -13.225631989619242 ], [ -72.886143314446599, -13.225546566533703 ], [ -72.885059873159634, -13.225045693786992 ], [ -72.884559284084403, -13.224877564702025 ], [ -72.88372473475907, -13.224624700823066 ], [ -72.883390773981588, -13.224539966503389 ], [ -72.882302401927618, -13.224612916958218 ], [ -72.881799691933665, -13.224690766943137 ], [ -72.881131064934053, -13.224603206622215 ], [ -72.880129188280691, -13.224348944056695 ], [ -72.879464106671733, -13.223851568901178 ], [ -72.878964234252521, -13.223601467665524 ], [ -72.878706151040532, -13.224419151165225 ], [ -72.878274336041201, -13.225973249053904 ], [ -72.877765947648726, -13.226706884030254 ], [ -72.877342649367293, -13.227277240082973 ], [ -72.877256846460057, -13.22752247949307 ], [ -72.876578275803936, -13.228582617005738 ], [ -72.875811064164381, -13.230215935289856 ], [ -72.875215443150552, -13.231358724673903 ], [ -72.874536140096765, -13.232500863982512 ], [ -72.874197197093721, -13.23298994644527 ], [ -72.874027725053239, -13.23323448742285 ], [ -72.873942627402187, -13.233397714369069 ], [ -72.873685935013654, -13.234051464584789 ], [ -72.87342709484534, -13.234951099440675 ], [ -72.873336316653351, -13.235770165949583 ], [ -72.873329201355077, -13.236589977847364 ], [ -72.873404327391086, -13.237574410086774 ], [ -72.873400057972177, -13.238066277729006 ], [ -72.873315681640349, -13.238147542474218 ], [ -72.872557652761046, -13.238715096938906 ], [ -72.872136454750134, -13.239039505290004 ], [ -72.871294754904369, -13.239606406307043 ], [ -72.87121037737198, -13.23968767016054 ], [ -72.870536729647895, -13.240173953415326 ], [ -72.870452339264602, -13.240255216843297 ], [ -72.869694310202817, -13.240822760820603 ], [ -72.869442575254979, -13.240902675676114 ], [ -72.869105748460882, -13.241145814702479 ], [ -72.867675482985817, -13.242035656238615 ], [ -72.867254974689359, -13.242278093127176 ], [ -72.866918156482768, -13.242521228726897 ], [ -72.866833764154407, -13.242602490640794 ], [ -72.865658780701438, -13.24300260005732 ], [ -72.865324091422664, -13.242999800619677 ], [ -72.864904306586823, -13.24316027187243 ], [ -72.864568187886306, -13.243321393851067 ], [ -72.864567472769068, -13.243403403711961 ], [ -72.863729318986472, -13.243560322853529 ], [ -72.863227999738783, -13.243474158420319 ], [ -72.862564344699777, -13.242812766364041 ], [ -72.861982212376944, -13.242397957276642 ], [ -72.861899262194214, -13.242315295257059 ], [ -72.861567438045128, -13.241984549492836 ], [ -72.861068271123173, -13.241652449645226 ], [ -72.860069942018811, -13.240988198968694 ], [ -72.858904992560639, -13.240240629181267 ], [ -72.857988918968402, -13.239741044362304 ], [ -72.857241612463696, -13.239078891147553 ], [ -72.857075000787773, -13.238995525635447 ], [ -72.855998039969862, -13.237756736915415 ], [ -72.855998757212646, -13.237674776124557 ], [ -72.855503195172176, -13.236932766626575 ], [ -72.854922537679045, -13.236353975174062 ], [ -72.854177402975196, -13.235445933526586 ], [ -72.853517384791118, -13.234374623895516 ], [ -72.853021848539953, -13.233632611673595 ], [ -72.852863117391578, -13.232647482197173 ], [ -72.85270224485852, -13.231908283451679 ], [ -72.852707271721016, -13.23133446158816 ], [ -72.852879633234892, -13.230762046462605 ], [ -72.852802434379953, -13.23002355121386 ], [ -72.852976230266123, -13.229287165782603 ], [ -72.852978384008821, -13.229041235087303 ], [ -72.852733121133355, -13.228383293894602 ], [ -72.852403493249724, -13.227806658760608 ], [ -72.852159668570124, -13.226984796071207 ], [ -72.851829313095664, -13.226490121169256 ], [ -72.8518300310987, -13.226408160527875 ], [ -72.851333782215363, -13.225748108360779 ], [ -72.85100702169899, -13.224843532547572 ], [ -72.850679544455005, -13.22402096586073 ], [ -72.850515088019932, -13.223691667375617 ], [ -72.850185457952421, -13.223115030841255 ], [ -72.84994021881262, -13.222457088840686 ], [ -72.849777919903218, -13.221881859840749 ], [ -72.849700716665254, -13.221143364933404 ], [ -72.849702153913029, -13.220979395173149 ], [ -72.84970574630799, -13.220569543722677 ], [ -72.849378277546563, -13.21974692801345 ], [ -72.849049372731926, -13.219088330532049 ], [ -72.848801263978785, -13.21875832772737 ], [ -72.848303598536972, -13.218262242572838 ], [ -72.847642204998621, -13.217354848378765 ], [ -72.846983692717373, -13.21611956274954 ], [ -72.846739904820808, -13.215297698860216 ], [ -72.846661271232037, -13.214723173916649 ], [ -72.846582637800367, -13.214148648983718 ], [ -72.846338852639064, -13.213326736460733 ], [ -72.846260232314819, -13.212752211658529 ], [ -72.846179442031598, -13.212423616677974 ], [ -72.845929892147083, -13.212257533273215 ], [ -72.8453449925331, -13.212170639644667 ], [ -72.844923816840307, -13.2124950051836 ], [ -72.844336025668667, -13.212735999053562 ], [ -72.843329935375095, -13.212973464040653 ], [ -72.842321681988821, -13.213456854025798 ], [ -72.841145382103406, -13.214020786977731 ], [ -72.839969089880299, -13.214584713760825 ], [ -72.839380568393537, -13.214907703357555 ], [ -72.838539623981688, -13.215392489808574 ], [ -72.837700843318089, -13.215631344494851 ], [ -72.837196707410854, -13.215873027214622 ], [ -72.836691138083495, -13.216278628659706 ], [ -72.836265596086704, -13.217094833317432 ], [ -72.835836435709595, -13.218320933196962 ], [ -72.834901689468822, -13.219952676397034 ], [ -72.833884707975599, -13.221419736894479 ], [ -72.833207437549092, -13.222315765545464 ], [ -72.832616729235994, -13.222884614119899 ], [ -72.831687726879892, -13.223860516471937 ], [ -72.830587775102273, -13.225244888481864 ], [ -72.82991048120482, -13.22614090464538 ], [ -72.829317578748089, -13.226955669713513 ], [ -72.828811960235925, -13.22736129822573 ], [ -72.828387094859735, -13.228095522716407 ], [ -72.828214681632133, -13.228667912900097 ], [ -72.827960060319583, -13.229075672798308 ], [ -72.827874936302806, -13.229238879953538 ], [ -72.826693457160346, -13.230376589684424 ], [ -72.825428282696649, -13.231513530986339 ], [ -72.825344622721317, -13.231512818643191 ], [ -72.823912843031579, -13.232566415126726 ], [ -72.822983768603251, -13.233542225431712 ], [ -72.822307878937025, -13.234274295051538 ], [ -72.82171564612473, -13.235007075958082 ], [ -72.821293672165083, -13.235413398658444 ], [ -72.821037561545339, -13.235985066283703 ], [ -72.820696329715105, -13.236719985718691 ], [ -72.82035363681868, -13.237618870695574 ], [ -72.820347802547118, -13.238274638815559 ], [ -72.82034342642028, -13.238766489204085 ], [ -72.820342697192842, -13.238848448053099 ], [ -72.820337591164531, -13.239422305901561 ], [ -72.820083686144073, -13.239748046493913 ], [ -72.819578743029794, -13.240071642327266 ], [ -72.819494350875004, -13.240152886408721 ], [ -72.818989405815003, -13.240476529454892 ], [ -72.818484484771048, -13.240800122856832 ], [ -72.818312753369412, -13.241290542023535 ], [ -72.818306911526022, -13.241946357701279 ], [ -72.818222518269749, -13.242027601185047 ], [ -72.818138124957628, -13.242108844632753 ], [ -72.817967852025006, -13.242435345878265 ], [ -72.817882728215054, -13.242598547895948 ], [ -72.817881267238292, -13.242762513912799 ], [ -72.817878345658698, -13.243090397304059 ], [ -72.818041315110946, -13.243583677738012 ], [ -72.818611650169487, -13.245310158563779 ], [ -72.818853904721209, -13.24629600376587 ], [ -72.819097621301012, -13.247117882877477 ], [ -72.819262030489867, -13.247447196862378 ], [ -72.81925837915017, -13.247857087809026 ], [ -72.8192518066883, -13.248594862293029 ], [ -72.819327464026941, -13.249497269679598 ], [ -72.819406017772195, -13.250071793318373 ], [ -72.819902196964733, -13.250731900669726 ], [ -72.819897085588224, -13.251305709175812 ], [ -72.819475076612648, -13.251712023561071 ], [ -72.819053066671941, -13.252118288377542 ], [ -72.818713991115359, -13.252607275231465 ], [ -72.818540055639943, -13.253343617531391 ], [ -72.818362488870903, -13.254489850212972 ], [ -72.81827004959095, -13.255472832485218 ], [ -72.818178315498471, -13.256373807070103 ], [ -72.818004398783657, -13.257110148349202 ], [ -72.817747518491601, -13.257763814284806 ], [ -72.817236704855389, -13.258743164741288 ], [ -72.81681099372318, -13.259559361510867 ], [ -72.816469705769819, -13.260294266962486 ], [ -72.816213574033881, -13.260865923135178 ], [ -72.815538310852602, -13.261515951426178 ], [ -72.814865973635136, -13.261838143739718 ], [ -72.814278037707751, -13.262079044603597 ], [ -72.812685255407629, -13.262393285890363 ], [ -72.811762637310309, -13.262631307558708 ], [ -72.811093962756246, -13.26254360040438 ], [ -72.81034088532607, -13.262537130815186 ], [ -72.809753679410974, -13.26269601351329 ], [ -72.808915438373703, -13.262852785075271 ], [ -72.807909857608152, -13.263008065635455 ], [ -72.805644741355223, -13.263644430317024 ], [ -72.803715769017089, -13.264119693760845 ], [ -72.802205927653787, -13.264516592982455 ], [ -72.801448400714861, -13.265001939118394 ], [ -72.800941193987768, -13.265571407159756 ], [ -72.800767929155668, -13.266225720628663 ], [ -72.800680570865055, -13.266634883588752 ], [ -72.800258504493158, -13.267041156591858 ], [ -72.799670546275451, -13.26728201943815 ], [ -72.799416582101586, -13.267607729988075 ], [ -72.799247739691737, -13.267770199173107 ], [ -72.799162592392634, -13.267933439955538 ], [ -72.798909340066842, -13.268177192074164 ], [ -72.798488006831278, -13.268501455122991 ], [ -72.797984453365601, -13.26866107892862 ], [ -72.797564595372691, -13.268821425307522 ], [ -72.797061804924354, -13.26889904128476 ], [ -72.796390168778615, -13.269139171688449 ], [ -72.795887352836388, -13.269216784967087 ], [ -72.795467493014925, -13.269377127515099 ], [ -72.794963936648514, -13.269536744744027 ], [ -72.794455966069165, -13.270188153061991 ], [ -72.793356319317624, -13.271490288758864 ], [ -72.793104538337275, -13.271570119280771 ], [ -72.792598780015439, -13.271975602395775 ], [ -72.792428448885374, -13.272302028656169 ], [ -72.792426226928015, -13.272547948582345 ], [ -72.792508417655384, -13.272712636738156 ], [ -72.792670602829872, -13.273287884543347 ], [ -72.792497307465808, -13.273942236332076 ], [ -72.792410671969478, -13.274269387904308 ], [ -72.792240362895996, -13.274595862550541 ], [ -72.791903424322882, -13.274838831245848 ], [ -72.791650898556668, -13.275000616728668 ], [ -72.791483527856201, -13.274999165016249 ], [ -72.791064397321023, -13.275077492581351 ], [ -72.790478662076154, -13.275072410268503 ], [ -72.789722564521298, -13.275393798506672 ], [ -72.789136087267607, -13.275470669882381 ], [ -72.788550327017248, -13.275465582772183 ], [ -72.787548405170995, -13.275210939921255 ], [ -72.786964131603341, -13.27504188706931 ], [ -72.786298414537185, -13.274626235324074 ], [ -72.786049600939322, -13.274378133787872 ], [ -72.785715654206143, -13.27429326674784 ], [ -72.785128412005704, -13.274452085570138 ], [ -72.784290870144687, -13.274526810477571 ], [ -72.783621441759266, -13.274520984262296 ], [ -72.782866853741339, -13.274678340823201 ], [ -72.782111520552178, -13.274917700134695 ], [ -72.781439858623074, -13.275157786066648 ], [ -72.780851868085648, -13.275398599313178 ], [ -72.780177969200039, -13.275884599320639 ], [ -72.779670693028081, -13.276454013192721 ], [ -72.779164134826104, -13.276941469112868 ], [ -72.778909388715476, -13.277349158048123 ], [ -72.778821963599484, -13.277758257948596 ], [ -72.778566470407185, -13.278247902580175 ], [ -72.778393878683104, -13.278820281762476 ], [ -72.777971011123952, -13.279308464554891 ], [ -72.77763106971382, -13.279879333187843 ], [ -72.77745922054919, -13.280369706288566 ], [ -72.777536950636815, -13.281026184147651 ], [ -72.777448774469789, -13.281517287737351 ], [ -72.777109574227339, -13.282006198723167 ], [ -72.776682965081292, -13.282904256035982 ], [ -72.77642372781132, -13.283803726109509 ], [ -72.775911918371719, -13.284864961836631 ], [ -72.775485298416299, -13.285763015469847 ], [ -72.774976468881178, -13.286496375100553 ], [ -72.774210626811126, -13.287883282131093 ], [ -72.773784741658403, -13.288699374941817 ], [ -72.773610632660066, -13.289435610747127 ], [ -72.773265426854522, -13.290580306598786 ], [ -72.773257197335113, -13.291481967499278 ], [ -72.773166037041264, -13.292300988353876 ], [ -72.773158554226399, -13.293120693182457 ], [ -72.773068889470707, -13.293775704721517 ], [ -72.773061405025004, -13.294595458038883 ], [ -72.772799864887176, -13.295740835567845 ], [ -72.772707202077356, -13.296723767195077 ], [ -72.772698217514829, -13.29770743179 ], [ -72.77269372496167, -13.298199264056164 ], [ -72.772688483568629, -13.298773052126808 ], [ -72.772683990622696, -13.299264884347556 ], [ -72.772593570436612, -13.300001899321526 ], [ -72.77242019314933, -13.300656176067463 ], [ -72.772247588002557, -13.301228545587808 ], [ -72.772242344322379, -13.301802333349386 ], [ -72.772404462843824, -13.302377588182425 ], [ -72.772651037109441, -13.302871620922501 ], [ -72.7729738039572, -13.304186090971578 ], [ -72.77313592494518, -13.304761345762396 ], [ -72.773463188665488, -13.305584032243416 ], [ -72.773540879847687, -13.306240509476492 ], [ -72.773535636718961, -13.306814346156038 ], [ -72.773194163779522, -13.307549111853994 ], [ -72.772851164437341, -13.308447885326629 ], [ -72.772679276596364, -13.308938249489797 ], [ -72.77258959776816, -13.309593258989709 ], [ -72.772243593748627, -13.31081990224687 ], [ -72.772194845381051, -13.311297663228615 ], [ -72.772151662589494, -13.311720875623863 ], [ -72.772062704947558, -13.312293928498686 ], [ -72.771887086761794, -13.313194167256219 ], [ -72.771461886675553, -13.313928242173791 ], [ -72.770954474357822, -13.314497621171164 ], [ -72.770278187375936, -13.315229488800728 ], [ -72.769181189830633, -13.316203592668643 ], [ -72.76833451548184, -13.31726185314038 ], [ -72.767828591890435, -13.317667263994316 ], [ -72.76664788719259, -13.318640617530761 ], [ -72.765050195284644, -13.319446320348254 ], [ -72.764209514630522, -13.319848823186435 ], [ -72.763535452253791, -13.320334752840711 ], [ -72.762860634061497, -13.32090263539501 ], [ -72.762522093274143, -13.32130955710743 ], [ -72.762264978058155, -13.321963081378327 ], [ -72.762424816111121, -13.322784302708563 ], [ -72.762669121971214, -13.323524209796876 ], [ -72.762744519863261, -13.324426648378864 ], [ -72.762650279860438, -13.32557347633573 ], [ -72.762807883186952, -13.326640611924935 ], [ -72.763133619941684, -13.327627219768042 ], [ -72.763708921098512, -13.328779951353344 ], [ -72.764284251415077, -13.329932731257072 ], [ -72.764772882960941, -13.331412593727062 ], [ -72.765264506873734, -13.332564635052949 ], [ -72.766008740750863, -13.333554929305052 ], [ -72.766757497684736, -13.334053393388968 ], [ -72.767755101053126, -13.334799981054672 ], [ -72.768503891116936, -13.335298392681382 ], [ -72.768669018853927, -13.335545780540491 ], [ -72.768833419169297, -13.335875172570077 ], [ -72.768829658033667, -13.336284998056531 ], [ -72.768822134491074, -13.337104746261819 ], [ -72.768817620748223, -13.337596527065868 ], [ -72.768640427274377, -13.33866071625688 ], [ -72.768464009256917, -13.339642901251517 ], [ -72.768034199081924, -13.340868740300065 ], [ -72.767857775611418, -13.341850924076409 ], [ -72.768010105611708, -13.343491844437015 ], [ -72.767836691112436, -13.344146109374178 ], [ -72.767493599292919, -13.345044861967542 ], [ -72.767152765178707, -13.345697650716149 ], [ -72.766898638569614, -13.346023355640783 ], [ -72.76672672519615, -13.346513708572751 ], [ -72.766720696478657, -13.347169447308717 ], [ -72.76679911747523, -13.347743968668569 ], [ -72.76696198881443, -13.348237272675611 ], [ -72.767458190691912, -13.348897487038247 ], [ -72.767786222638719, -13.349638180678092 ], [ -72.768032818959284, -13.350132222280605 ], [ -72.768027545339081, -13.35070600618198 ], [ -72.768026792072277, -13.350787961411836 ], [ -72.767942315868993, -13.350869227455524 ], [ -72.767856357763606, -13.351114404115338 ], [ -72.767770399895753, -13.351359532077847 ], [ -72.767093229756043, -13.352173375392171 ], [ -72.766334619417322, -13.352740515238642 ], [ -72.765994522338175, -13.353311344772587 ], [ -72.765740384713339, -13.353637046854258 ], [ -72.764890496434745, -13.355023138559204 ], [ -72.764548907124492, -13.355757923883038 ], [ -72.764128096740691, -13.356000141638354 ], [ -72.763455432717464, -13.356322095438852 ], [ -72.762361978620106, -13.356886261664748 ], [ -72.762193068184914, -13.357048740390477 ], [ -72.761520399300579, -13.357370688156323 ], [ -72.76093142799796, -13.357693422804148 ], [ -72.760760978994071, -13.358019809657396 ], [ -72.760502316030554, -13.358837281883032 ], [ -72.760408000176099, -13.359984150777368 ], [ -72.760321273705244, -13.360311277742969 ], [ -72.759979636642342, -13.361046053036951 ], [ -72.759303926005515, -13.361695859930075 ], [ -72.758795638287737, -13.362347195859618 ], [ -72.758288080600352, -13.362916526843696 ], [ -72.75777599949177, -13.363977681325325 ], [ -72.757260856577375, -13.365366749163126 ], [ -72.756577543598652, -13.366836284937728 ], [ -72.755816586757689, -13.367649293468629 ], [ -72.754800696199723, -13.368869939129485 ], [ -72.75395678256055, -13.369600242670845 ], [ -72.753616628887158, -13.370171046529846 ], [ -72.753532166110347, -13.370252257401168 ], [ -72.752942393579289, -13.370656920769044 ], [ -72.751764363792006, -13.371302236765702 ], [ -72.751258314848997, -13.371707639608857 ], [ -72.750835968252076, -13.372113785600742 ], [ -72.750412074410335, -13.372683838626898 ], [ -72.749905259682805, -13.373171191970062 ], [ -72.749056725290629, -13.374393246710245 ], [ -72.748632086024259, -13.375045298200277 ], [ -72.748043080953394, -13.375367944486161 ], [ -72.747373391847802, -13.37536197890042 ], [ -72.746703703068292, -13.375356011544394 ], [ -72.74594799797579, -13.375595206103238 ], [ -72.745110136570958, -13.375669744311875 ], [ -72.744607119880996, -13.375747218225181 ], [ -72.744269961971568, -13.375990140622209 ], [ -72.743844544675781, -13.376724135203716 ], [ -72.743760076512942, -13.376805341888662 ], [ -72.743757787056353, -13.377051251602316 ], [ -72.743337709107351, -13.377211471795867 ], [ -72.742834664311076, -13.377288941351013 ], [ -72.742079739402087, -13.377446169363866 ], [ -72.741493752601301, -13.377440934906621 ], [ -72.741075201398871, -13.377437195273751 ], [ -72.740657414855164, -13.377351452798342 ], [ -72.740406274421332, -13.377349208197147 ], [ -72.739989252283607, -13.377181559838432 ], [ -72.7397404056982, -13.376933405572874 ], [ -72.739494617750879, -13.376357388691714 ], [ -72.739246562227777, -13.376027232282871 ], [ -72.738914012950573, -13.375778329014668 ], [ -72.738417854659772, -13.375118112155665 ], [ -72.738169036549692, -13.374869957119797 ], [ -72.737918664423731, -13.3747857084459 ], [ -72.737500883828815, -13.374700010274905 ], [ -72.736998609598501, -13.374695515429092 ], [ -72.736160753969557, -13.3747699753782 ], [ -72.735574009944798, -13.374846730115143 ], [ -72.734820624058372, -13.374839981884401 ], [ -72.734152475236897, -13.374670026569468 ], [ -72.733316894734187, -13.374498617387964 ], [ -72.732314676111798, -13.37424365399367 ], [ -72.731648065567825, -13.373909786538801 ], [ -72.73039704406284, -13.373406704611256 ], [ -72.729228938648987, -13.372986370236493 ], [ -72.727893432889942, -13.37256447842765 ], [ -72.727057892573654, -13.372393001969442 ], [ -72.725803022042854, -13.372299760585753 ], [ -72.724214882679561, -13.372039546518385 ], [ -72.723880023382691, -13.372036532918496 ], [ -72.723045259579195, -13.371783091382937 ], [ -72.722209727517281, -13.371611648498524 ], [ -72.721122271429408, -13.371519843851862 ], [ -72.720454146574241, -13.371349903901271 ], [ -72.719787565357336, -13.371015960331929 ], [ -72.719121756691052, -13.370600111599044 ], [ -72.718621836011991, -13.370349676310685 ], [ -72.718037418975854, -13.370180437083087 ], [ -72.717953717565237, -13.370179681895801 ], [ -72.717284828336304, -13.370091686727578 ], [ -72.716446221881498, -13.370248035078644 ], [ -72.715606044777701, -13.370568381775811 ], [ -72.715267352596385, -13.370975166503801 ], [ -72.715182878310031, -13.371056411094242 ], [ -72.714841866870643, -13.371709099883306 ], [ -72.714917069702267, -13.372611523585659 ], [ -72.714995363489635, -13.373186041727301 ], [ -72.714907025045932, -13.373677095052567 ], [ -72.714230399402567, -13.374408756641294 ], [ -72.713136004222093, -13.375054629898704 ], [ -72.712205914326802, -13.376029917181519 ], [ -72.711528500080092, -13.376843520893591 ], [ -72.71084875791054, -13.377903050385607 ], [ -72.710253512818269, -13.378881359399577 ], [ -72.709656688001786, -13.380023593710831 ], [ -72.709144336747769, -13.381084608343222 ], [ -72.708633555827873, -13.381981693733795 ], [ -72.708121970261502, -13.382960753133293 ], [ -72.7079475790065, -13.383696945101798 ], [ -72.708105682309181, -13.384682077416757 ], [ -72.708343639038318, -13.386077800258315 ], [ -72.708337433551961, -13.386733534708677 ], [ -72.708077755012184, -13.387632894138383 ], [ -72.707988616982746, -13.388205892999336 ], [ -72.707982409512383, -13.388861627175999 ], [ -72.708057581026281, -13.389764048541988 ], [ -72.708047492833131, -13.390829613438408 ], [ -72.708125017286008, -13.39148610738088 ], [ -72.70794748610254, -13.392550152503309 ], [ -72.707773858897795, -13.393204366790927 ], [ -72.707768424623723, -13.393778149081438 ], [ -72.707842041352251, -13.394844473356567 ], [ -72.70799936742263, -13.395911581888189 ], [ -72.707904011204576, -13.397140313568114 ], [ -72.707811758927122, -13.398041214625566 ], [ -72.707634241586533, -13.399105258249417 ], [ -72.70795277561534, -13.400829596509752 ], [ -72.708111680041611, -13.40173275381586 ], [ -72.708437232504636, -13.402719407340273 ], [ -72.708599997086267, -13.403212733964127 ], [ -72.709005407426574, -13.404609978285166 ], [ -72.709166620845735, -13.405267232251417 ], [ -72.709074365245272, -13.406168109180575 ], [ -72.709068152081244, -13.406823842925355 ], [ -72.709059608409774, -13.407725479803393 ], [ -72.708968903490856, -13.408462428997899 ], [ -72.70887817280601, -13.409199377805717 ], [ -72.708867296012812, -13.41034691748338 ], [ -72.708945597148443, -13.410921435805463 ], [ -72.709190526702258, -13.411579474892273 ], [ -72.709268051524745, -13.412235969063103 ], [ -72.709349436222922, -13.412482632591413 ], [ -72.70943004429283, -13.412811247612996 ], [ -72.709423051866523, -13.41354895699086 ], [ -72.709417613175916, -13.414122714705938 ], [ -72.709247072666116, -13.414449072586352 ], [ -72.709162554447204, -13.414530287595515 ], [ -72.709161777491431, -13.414612239068868 ], [ -72.709157891712579, -13.415022093692283 ], [ -72.709236607242175, -13.415798231126626 ], [ -72.708556982241547, -13.415905606126735 ], [ -72.707929102617598, -13.41622308653349 ], [ -72.706923732240043, -13.416786231127562 ], [ -72.706053857239212, -13.41710673112784 ], [ -72.705389982238628, -13.417518856128247 ], [ -72.704748982238002, -13.417816356128526 ], [ -72.704062232237391, -13.417999606128678 ], [ -72.702940482236343, -13.418045356128721 ], [ -72.701360857234874, -13.418594731129241 ], [ -72.700238732233856, -13.418830231129462 ], [ -72.698610107232327, -13.419500981130078 ], [ -72.69770873223149, -13.419976731130488 ], [ -72.695780857229707, -13.420727856131213 ], [ -72.6949296072289, -13.421003231131465 ], [ -72.693824941544307, -13.420948334870927 ], [ -72.693802732227866, -13.420947231131404 ], [ -72.693602607227703, -13.420727856131203 ], [ -72.693752857227835, -13.420126731130654 ], [ -72.693577482227681, -13.419375731129943 ], [ -72.693252107227352, -13.418649731129303 ], [ -72.692292607226477, -13.416827856127595 ], [ -72.691494232225736, -13.415756106126576 ], [ -72.690944857225247, -13.414725981125624 ], [ -72.690372482224703, -13.413077481124091 ], [ -72.690166482224527, -13.412596856123644 ], [ -72.689479857223873, -13.41170410612283 ], [ -72.688678482223139, -13.410628106121807 ], [ -72.687785607222324, -13.409826981121077 ], [ -72.687121732221712, -13.409048606120356 ], [ -72.685977107220637, -13.407400356118805 ], [ -72.685336107220053, -13.406667731118135 ], [ -72.684809607219563, -13.40634723111784 ], [ -72.683962607218774, -13.405935231117454 ], [ -72.682680607217577, -13.405271356116788 ], [ -72.681078107216095, -13.404355731115956 ], [ -72.679727482214815, -13.403600106115237 ], [ -72.677323732212599, -13.402890356114607 ], [ -72.675423732210845, -13.402569981114297 ], [ -72.674072982209594, -13.402638731114378 ], [ -72.672882607208521, -13.402547106114289 ], [ -72.671417482207147, -13.402661606114387 ], [ -72.670350982206159, -13.402804981114521 ], [ -72.669657107205509, -13.402971481114635 ], [ -72.668185857204151, -13.403110356114828 ], [ -72.66710335720316, -13.403193606114852 ], [ -72.666742482202821, -13.402971481114669 ], [ -72.666131857202259, -13.402499606114194 ], [ -72.665659982201831, -13.402166606113898 ], [ -72.66416598220043, -13.401195356113034 ], [ -72.663411607199748, -13.400778731112643 ], [ -72.662467857198862, -13.400251356112152 ], [ -72.661690607198153, -13.400001481111913 ], [ -72.660608107197149, -13.399723981111638 ], [ -72.659692107196292, -13.39936298111131 ], [ -72.6585263571952, -13.398724731110731 ], [ -72.657388232194151, -13.398308356110341 ], [ -72.655750607192616, -13.39789198110994 ], [ -72.654612482191567, -13.397586731109651 ], [ -72.652530732189661, -13.396587481108737 ], [ -72.652003357189201, -13.396198731108386 ], [ -72.650670982187933, -13.394783106107045 ], [ -72.648478232185894, -13.392007356104447 ], [ -72.648200607185657, -13.391646606104105 ], [ -72.647867482185333, -13.391008106103511 ], [ -72.64697923218452, -13.390341981102903 ], [ -72.645813482183442, -13.389592481102197 ], [ -72.644786482182496, -13.388926356101559 ], [ -72.643204232181034, -13.387621731100381 ], [ -72.641816482179735, -13.386261606099112 ], [ -72.641372357179335, -13.385678731098546 ], [ -72.640928232178922, -13.385179106098061 ], [ -72.639429357177548, -13.383680231096687 ], [ -72.638957482177105, -13.382958356096033 ], [ -72.638541107176721, -13.382153606095237 ], [ -72.638291107176485, -13.381515231094687 ], [ -72.638291107176485, -13.38076573109395 ], [ -72.638094232176314, -13.380291106093559 ], [ -72.637738857175975, -13.379935731093209 ], [ -72.63709485717537, -13.37951385609278 ], [ -72.636251107174573, -13.37918073109249 ], [ -72.635562732173966, -13.379069731092388 ], [ -72.634452357172933, -13.378847731092202 ], [ -72.633697482172209, -13.378625606091955 ], [ -72.632942482171529, -13.378048231091409 ], [ -72.632098607170732, -13.37727110609068 ], [ -72.63145460717017, -13.376427231089901 ], [ -72.630855107169609, -13.375827731089334 ], [ -72.630166732168959, -13.375161481088732 ], [ -72.629722607168546, -13.374650731088288 ], [ -72.629326232168211, -13.374484356088141 ], [ -72.629034232167911, -13.374539731088181 ], [ -72.628967607167837, -13.374739606088379 ], [ -72.628811982167718, -13.37500610608862 ], [ -72.628590107167511, -13.375494606089061 ], [ -72.628190357167142, -13.376138481089667 ], [ -72.627724107166685, -13.376715856090184 ], [ -72.626702482165783, -13.377692856091119 ], [ -72.626036357165148, -13.378137106091541 ], [ -72.624970482164159, -13.378825481092177 ], [ -72.62343835716274, -13.379447231092772 ], [ -72.621972732161382, -13.379980231093242 ], [ -72.620573732160068, -13.380357731093596 ], [ -72.620040857159609, -13.380601981093829 ], [ -72.618775107158427, -13.38124585609444 ], [ -72.618086732157778, -13.381623356094792 ], [ -72.61726510715701, -13.381756606094912 ], [ -72.616399107156212, -13.382089731095206 ], [ -72.616043732155859, -13.382489481095579 ], [ -72.61511110715503, -13.383466481096463 ], [ -72.614378357154337, -13.383621981096621 ], [ -72.614222857154203, -13.38339985609645 ], [ -72.614178357154159, -13.383066731096127 ], [ -72.6141118571541, -13.382556106095622 ], [ -72.613889857153893, -13.381867731094999 ], [ -72.613356857153391, -13.380779606093986 ], [ -72.612246607152386, -13.378869856092207 ], [ -72.611336107151516, -13.377803856091202 ], [ -72.610070357150391, -13.376449481089949 ], [ -72.609337607149683, -13.375161481088737 ], [ -72.608232482148679, -13.373853481087496 ], [ -72.607627732148131, -13.373140731086888 ], [ -72.606850607147393, -13.372274731086035 ], [ -72.60571810714633, -13.371164481084985 ], [ -72.605140732145813, -13.370476106084377 ], [ -72.604319107145045, -13.369232606083195 ], [ -72.603142232143966, -13.368055606082137 ], [ -72.601654232142593, -13.366612231080785 ], [ -72.600011232141085, -13.365302106079554 ], [ -72.59903410714017, -13.36483585607912 ], [ -72.598212607139416, -13.364635981078955 ], [ -72.596724732138028, -13.364258481078602 ], [ -72.596103107137452, -13.364036356078399 ], [ -72.595503357136877, -13.363636731077991 ], [ -72.595170357136581, -13.363170231077559 ], [ -72.594970482136404, -13.362481981076948 ], [ -72.594792857136255, -13.362037856076531 ], [ -72.594703982136167, -13.361749231076276 ], [ -72.59423760713571, -13.361105231075625 ], [ -72.594015607135503, -13.360772106075313 ], [ -72.59378510713529, -13.360623106075209 ], [ -72.593393857134956, -13.360661106075236 ], [ -72.59281648213441, -13.360794356075338 ], [ -72.59243898213407, -13.360860981075451 ], [ -72.59170623213339, -13.360927606075494 ], [ -72.590862357132593, -13.361038606075599 ], [ -72.589907482131721, -13.361105231075646 ], [ -72.588552982130494, -13.361038606075606 ], [ -72.587131607129152, -13.361105231075621 ], [ -72.585732857127866, -13.361571481076092 ], [ -72.584800107127009, -13.362037856076503 ], [ -72.583667732125946, -13.362304356076775 ], [ -72.583052232125382, -13.362190231076649 ], [ -72.582360982124754, -13.362027606076497 ], [ -72.580978482123456, -13.361742981076258 ], [ -72.57927060712187, -13.361702356076194 ], [ -72.578660732121335, -13.361580356076074 ], [ -72.577888107120614, -13.360889106075412 ], [ -72.577318857120076, -13.359831856074468 ], [ -72.576993607119775, -13.359059356073713 ], [ -72.576830982119631, -13.358530731073257 ], [ -72.576637107119438, -13.358098606072835 ], [ -72.576035607118911, -13.357532606072297 ], [ -72.574974357117895, -13.356329856071161 ], [ -72.574089982117101, -13.355339356070292 ], [ -72.573099482116163, -13.354454981069468 ], [ -72.5717198571149, -13.3535351060686 ], [ -72.570375607113661, -13.35311073106819 ], [ -72.569420482112776, -13.352756856067849 ], [ -72.56842998211188, -13.352297106067452 ], [ -72.566979482110511, -13.351483356066698 ], [ -72.56602435710964, -13.350917481066151 ], [ -72.565104607108807, -13.350315981065599 ], [ -72.564220357107985, -13.348865606064248 ], [ -72.563406607107225, -13.347238356062716 ], [ -72.562805232106683, -13.345221981060858 ], [ -72.5623099821062, -13.343382356059127 ], [ -72.561814732105745, -13.342038106057872 ], [ -72.560930357104937, -13.340446231056371 ], [ -72.560541232104583, -13.339597231055619 ], [ -72.560045982104128, -13.338429856054509 ], [ -72.559479857103597, -13.337545481053692 ], [ -72.558524732102697, -13.336590231052801 ], [ -72.557109732101395, -13.335705856051943 ], [ -72.556048482100422, -13.335033731051363 ], [ -72.554951857099411, -13.334503106050864 ], [ -72.553536857098109, -13.334113981050503 ], [ -72.552227982096881, -13.333583356050008 ], [ -72.550918857095695, -13.333335731049747 ], [ -72.549362482094239, -13.333052731049515 ], [ -72.547912232092898, -13.332663481049153 ], [ -72.54668160709177, -13.33260935604911 ], [ -72.546732482091826, -13.333994481050393 ], [ -72.54694835709202, -13.33485810605119 ], [ -72.547272232092311, -13.336207481052469 ], [ -72.547542107092568, -13.337178981053327 ], [ -72.547919857092921, -13.338204481054289 ], [ -72.549107357094002, -13.339769731055778 ], [ -72.550888482095672, -13.342576481058364 ], [ -72.551914107096621, -13.343709981059439 ], [ -72.552777607097411, -13.346030856061612 ], [ -72.553371357097959, -13.346840481062346 ], [ -72.5541809820987, -13.348729731064111 ], [ -72.554774732099247, -13.350672731065938 ], [ -72.555098607099538, -13.35331748106835 ], [ -72.554936607099378, -13.354990856069934 ], [ -72.554546857099027, -13.356749981071603 ], [ -72.554583982099061, -13.358021481072756 ], [ -72.554316357098813, -13.359578106074224 ], [ -72.55430060709881, -13.361195356075717 ], [ -72.554620982099081, -13.362353481076807 ], [ -72.555070357099524, -13.363281231077671 ], [ -72.555845732100209, -13.364308606078609 ], [ -72.557074232101371, -13.365326231079559 ], [ -72.558175607102385, -13.366423856080582 ], [ -72.558894482103057, -13.367242231081308 ], [ -72.560046857104098, -13.368738231082713 ], [ -72.560876982104872, -13.369494106083438 ], [ -72.561742232105672, -13.370421856084302 ], [ -72.56233198210623, -13.371437481085284 ], [ -72.563707107107504, -13.373414106087095 ], [ -72.564271482107998, -13.374458981088067 ], [ -72.564566357108262, -13.375357481088873 ], [ -72.565158232108843, -13.37786323109126 ], [ -72.565458982109092, -13.378589856091898 ], [ -72.565773482109407, -13.37915823109245 ], [ -72.566560607110134, -13.380101606093351 ], [ -72.567093732110607, -13.380843731094025 ], [ -72.568353482111775, -13.383162106096192 ], [ -72.568890732112294, -13.383999981096963 ], [ -72.569211107112551, -13.384281231097217 ], [ -72.570595732113858, -13.38511135609799 ], [ -72.571214857114441, -13.385648481098515 ], [ -72.571800732114951, -13.386369106099188 ], [ -72.572236357115372, -13.387300731100035 ], [ -72.572361357115497, -13.387761856100473 ], [ -72.57234573211548, -13.388339856100981 ], [ -72.572171857115308, -13.388972606101586 ], [ -72.571941357115094, -13.389540981102108 ], [ -72.57178123211493, -13.390193481102733 ], [ -72.571677732114864, -13.390609356103099 ], [ -72.571660107114823, -13.391353481103788 ], [ -72.571796857114961, -13.392402356104764 ], [ -72.571742232114886, -13.393089856105423 ], [ -72.571314482114502, -13.394179731106449 ], [ -72.570842357114046, -13.39522385610741 ], [ -72.570099607113363, -13.39686723110896 ], [ -72.569912107113211, -13.397828106109845 ], [ -72.569745982113076, -13.398253856110241 ], [ -72.569308607112646, -13.399050731110952 ], [ -72.569047982112423, -13.400879106112685 ], [ -72.569033232112389, -13.402398481114073 ], [ -72.568831982112201, -13.403294981114927 ], [ -72.568091857111511, -13.405187481116709 ], [ -72.567933607111399, -13.407242231118602 ], [ -72.56717573211067, -13.408705106119982 ], [ -72.566882857110414, -13.410511731121655 ], [ -72.566681607110198, -13.410966856122084 ], [ -72.566459107110006, -13.411300731122365 ], [ -72.566187482109754, -13.411572231122644 ], [ -72.565265607108913, -13.411935606123 ], [ -72.565037107108708, -13.412175731123199 ], [ -72.564915982108573, -13.412544981123535 ], [ -72.564861357108526, -13.413531231124455 ], [ -72.56473048210843, -13.414121106124975 ], [ -72.564568357108271, -13.414513731125398 ], [ -72.56400385710775, -13.415501856126301 ], [ -72.562939482106756, -13.416447231127187 ], [ -72.562851482106666, -13.416636731127355 ], [ -72.561646482105559, -13.418289106128865 ], [ -72.559947232103994, -13.419603481130137 ], [ -72.559525357103595, -13.420115231130595 ], [ -72.559015607103106, -13.421748106132119 ], [ -72.558306607102452, -13.423044981133319 ], [ -72.557355482101599, -13.424070356134276 ], [ -72.556828107101097, -13.424529356134673 ], [ -72.556154357100482, -13.424882856135039 ], [ -72.555324232099721, -13.425197231135343 ], [ -72.554388732098843, -13.425724606135807 ], [ -72.553156232097692, -13.426738231136753 ], [ -72.552443357097033, -13.427558606137513 ], [ -72.551421857096102, -13.429341856139134 ], [ -72.551042982095737, -13.429845731139631 ], [ -72.549135107093988, -13.43169998114136 ], [ -72.548895857093768, -13.431928231141576 ], [ -72.547669982092629, -13.432884731142462 ], [ -72.546609357091654, -13.434578106144047 ], [ -72.545923857091012, -13.435455106144889 ], [ -72.545230482090375, -13.436214856145586 ], [ -72.544771482089971, -13.436556606145913 ], [ -72.544107482089345, -13.436939481146272 ], [ -72.543689607088965, -13.437335981146626 ], [ -72.54288673208822, -13.438378731147614 ], [ -72.542248107087602, -13.439507856148634 ], [ -72.541724607087147, -13.440214856149261 ], [ -72.541529357086944, -13.44058985614965 ], [ -72.540865232086318, -13.44124223115027 ], [ -72.540371107085889, -13.441548856150552 ], [ -72.539068357084687, -13.441958856150949 ], [ -72.538749982084397, -13.442124981151071 ], [ -72.538312482083967, -13.44253323115146 ], [ -72.537732482083442, -13.443261731152134 ], [ -72.537392607083149, -13.443523481152376 ], [ -72.536371107082189, -13.444005856152824 ], [ -72.534501982080457, -13.444660106153432 ], [ -72.534246107080207, -13.44484760615361 ], [ -72.533771482079771, -13.445464856154198 ], [ -72.533380857079408, -13.445749981154462 ], [ -72.533054732079123, -13.445874981154571 ], [ -72.532511732078618, -13.445908231154601 ], [ -72.532007857078142, -13.446029356154693 ], [ -72.531287107077503, -13.446708981155368 ], [ -72.530871107077104, -13.447306606155911 ], [ -72.530205107076469, -13.448449231156964 ], [ -72.529621107075954, -13.449140606157606 ], [ -72.529447107075782, -13.449580106158013 ], [ -72.529456982075772, -13.450507856158881 ], [ -72.529318357075653, -13.451009731159361 ], [ -72.529033232075406, -13.451347606159663 ], [ -72.528314482074748, -13.451808606160061 ], [ -72.527960982074418, -13.452164106160414 ], [ -72.527495982073987, -13.453296856161472 ], [ -72.527259732073745, -13.455136731163183 ], [ -72.527296857073779, -13.456400356164384 ], [ -72.527234357073738, -13.456951231164885 ], [ -72.527197232073689, -13.458714731166545 ], [ -72.527093732073595, -13.459093731166853 ], [ -72.526558607073127, -13.459810606167538 ], [ -72.526425732073008, -13.460115231167844 ], [ -72.526134732072691, -13.461660106169221 ], [ -72.525042982071724, -13.463025356170535 ], [ -72.524277357070986, -13.46356835617104 ], [ -72.522624982069473, -13.465146481172523 ], [ -72.521342357068292, -13.466729606173995 ], [ -72.520671857067654, -13.467716856174906 ], [ -72.520081982067097, -13.468283231175423 ], [ -72.519054732066181, -13.469029231176137 ], [ -72.517701232064908, -13.469822231176856 ], [ -72.517039107064292, -13.470470731177466 ], [ -72.516652357063947, -13.470945356177902 ], [ -72.516386732063694, -13.471419981178308 ], [ -72.51604885706341, -13.472298856179179 ], [ -72.516023482063389, -13.472939481179765 ], [ -72.515839857063199, -13.47400198118075 ], [ -72.515326232062719, -13.475937481182534 ], [ -72.514947232062354, -13.476986356183501 ], [ -72.514894482062331, -13.477290981183804 ], [ -72.514259732061703, -13.478347606184792 ], [ -72.513603482061129, -13.479087856185485 ], [ -72.513017607060576, -13.479607481185978 ], [ -72.511900357059559, -13.480248106186561 ], [ -72.511490232059174, -13.480609356186884 ], [ -72.511216857058926, -13.481109481187374 ], [ -72.510740107058481, -13.482175731188335 ], [ -72.509988232057793, -13.483351606189453 ], [ -72.509806607057612, -13.484160106190203 ], [ -72.509740232057553, -13.486001981191945 ], [ -72.508587857056469, -13.488562481194297 ], [ -72.50857623205647, -13.488863231194571 ], [ -72.508705107056599, -13.489835981195505 ], [ -72.508658232056547, -13.490406231195987 ], [ -72.508191357056106, -13.491140606196723 ], [ -72.506732482054773, -13.492703106198158 ], [ -72.506492232054555, -13.493072231198491 ], [ -72.506371107054434, -13.493449231198849 ], [ -72.506283232054372, -13.494130856199474 ], [ -72.506203107054276, -13.496455106201662 ], [ -72.505855482053974, -13.498289106203359 ], [ -72.505867232053987, -13.499113231204145 ], [ -72.506031232054127, -13.499999981204976 ], [ -72.505898482054022, -13.501113231205991 ], [ -72.505802732053894, -13.502464856207252 ], [ -72.505994107054093, -13.504537106209181 ], [ -72.505980482054071, -13.504865231209473 ], [ -72.505853482053951, -13.505636731210195 ], [ -72.505843732053933, -13.50599010621054 ], [ -72.505683607053797, -13.506341856210849 ], [ -72.505417982053515, -13.506755856211239 ], [ -72.505830107053939, -13.507671856212097 ], [ -72.506257857054337, -13.509109356213445 ], [ -72.506316357054374, -13.509843731214138 ], [ -72.506234357054296, -13.510277356214511 ], [ -72.506425732054481, -13.510978481215151 ], [ -72.506673857054722, -13.511509731215677 ], [ -72.507382857055362, -13.51232223121643 ], [ -72.507609357055557, -13.51264848121675 ], [ -72.507798982055732, -13.513021481217084 ], [ -72.507816357055745, -13.513261731217291 ], [ -72.507730482055692, -13.513958981217927 ], [ -72.507761357055713, -13.514742856218698 ], [ -72.507832732055789, -13.515113606219009 ], [ -72.508134732056064, -13.516660106220467 ], [ -72.50806835705599, -13.516974606220758 ], [ -72.507902357055841, -13.517214856221001 ], [ -72.506753857054761, -13.518287106221992 ], [ -72.506361357054431, -13.518789231222476 ], [ -72.505915982054006, -13.519486356223112 ], [ -72.505789107053886, -13.520865231224388 ], [ -72.505853482053936, -13.521357481224856 ], [ -72.505947232054055, -13.521685606225109 ], [ -72.506156232054209, -13.522077981225509 ], [ -72.506943357054951, -13.522984356226358 ], [ -72.509089857056921, -13.524841856228104 ], [ -72.510540982058259, -13.526429731229594 ], [ -72.511331982058977, -13.527138731230245 ], [ -72.51225973205986, -13.528199231231188 ], [ -72.512748107060318, -13.528585981231592 ], [ -72.513552732061058, -13.529081981232022 ], [ -72.514107482061576, -13.529357481232285 ], [ -72.515205732062583, -13.530144856233019 ], [ -72.51607035706337, -13.530775356233619 ], [ -72.516451232063716, -13.531519481234326 ], [ -72.516445357063716, -13.532068356234808 ], [ -72.516341857063608, -13.532529356235271 ], [ -72.516410107063678, -13.533023481235713 ], [ -72.516839857064099, -13.534101606236721 ], [ -72.51716010706437, -13.535203106237756 ], [ -72.517718732064893, -13.536249981238724 ], [ -72.518474607065599, -13.537281231239684 ], [ -72.518935607066041, -13.538220731240562 ], [ -72.519054732066138, -13.538464856240806 ], [ -72.519959107066967, -13.539691356241946 ], [ -72.520277357067258, -13.539945356242173 ], [ -72.520761732067712, -13.540216856242431 ], [ -72.521509607068396, -13.540451231242617 ], [ -72.522826232069619, -13.540613231242782 ], [ -72.523232482070014, -13.540605481242769 ], [ -72.524119107070803, -13.54072848124286 ], [ -72.526896482073354, -13.54132623124344 ], [ -72.527988232074392, -13.541749981243862 ], [ -72.529080107075373, -13.542400356244448 ], [ -72.530353482076549, -13.542775356244812 ], [ -72.531062482077232, -13.543072231245077 ], [ -72.531468732077599, -13.543363231245374 ], [ -72.53165235707776, -13.543566356245556 ], [ -72.531749982077841, -13.543589981245553 ], [ -72.532255857078326, -13.543927731245871 ], [ -72.532705107078712, -13.544164106246114 ], [ -72.533789107079741, -13.544603481246535 ], [ -72.535083982080948, -13.545369106247213 ], [ -72.536154357081898, -13.546156106247951 ], [ -72.537206982082907, -13.546689606248465 ], [ -72.53747660708315, -13.546919981248671 ], [ -72.537765607083415, -13.547248106248983 ], [ -72.539330107084865, -13.548244106249909 ], [ -72.540654357086083, -13.548886731250459 ], [ -72.540927732086303, -13.549081981250685 ], [ -72.541812482087153, -13.549943356251486 ], [ -72.542316357087628, -13.550312481251805 ], [ -72.543294982088526, -13.551167981252632 ], [ -72.543876857089046, -13.55158398125301 ], [ -72.544636732089742, -13.552417981253809 ], [ -72.545525357090582, -13.55324410625458 ], [ -72.546126982091138, -13.553687481254963 ], [ -72.546537107091524, -13.554263731255512 ], [ -72.546894482091844, -13.554920106256132 ], [ -72.547056607092003, -13.555470731256623 ], [ -72.547160107092111, -13.555652356256807 ], [ -72.547634732092547, -13.555892606257032 ], [ -72.547906232092785, -13.555902356257048 ], [ -72.548118482093003, -13.556016856257115 ], [ -72.54975035709451, -13.555097356256296 ], [ -72.550661232095322, -13.55452810625574 ], [ -72.551410732096031, -13.554281481255533 ], [ -72.552065357096637, -13.55422460625549 ], [ -72.553014107097511, -13.554290981255543 ], [ -72.554199982098609, -13.554319481255572 ], [ -72.555604107099896, -13.554300481255559 ], [ -72.556495857100742, -13.553996856255271 ], [ -72.557805107101956, -13.553067231254419 ], [ -72.558782357102857, -13.552554856253936 ], [ -72.56048048210441, -13.551805356253242 ], [ -72.562150232105964, -13.551425856252855 ], [ -72.563042107106796, -13.551416231252851 ], [ -72.563943357107632, -13.551795856253225 ], [ -72.564446232108082, -13.5521848562536 ], [ -72.564882607108501, -13.552649731254013 ], [ -72.565129232108688, -13.553294856254624 ], [ -72.565148232108726, -13.55438585625563 ], [ -72.565318982108877, -13.554917106256093 ], [ -72.56596410710948, -13.555676106256847 ], [ -72.567567357110946, -13.556956856258035 ], [ -72.568136732111483, -13.55752610625855 ], [ -72.568573107111902, -13.55830410625927 ], [ -72.569047482112339, -13.559518481260378 ], [ -72.56972110711294, -13.559983356260812 ], [ -72.570698357113869, -13.560808731261625 ], [ -72.571571107114664, -13.561368481262143 ], [ -72.572332107115386, -13.561424606262211 ], [ -72.572924107115924, -13.56150560626225 ], [ -72.573693482116624, -13.562062731262778 ], [ -72.573888732116799, -13.562203981262934 ], [ -72.57431035711717, -13.562509356263197 ], [ -72.575310232118113, -13.562764731263432 ], [ -72.575926857118688, -13.562764731263451 ], [ -72.579377732121884, -13.561442231262182 ], [ -72.582031732124349, -13.561041731261822 ], [ -72.582533232124817, -13.561186356262001 ], [ -72.583137732125365, -13.561360731262132 ], [ -72.584541607126667, -13.561956356262668 ], [ -72.585073357127158, -13.561828731262587 ], [ -72.586111482128132, -13.560896231261715 ], [ -72.586328357128323, -13.560701356261537 ], [ -72.587615982129506, -13.560389981261242 ], [ -72.588080107129954, -13.560522606261372 ], [ -72.588584107130401, -13.560854231261679 ], [ -72.589717982131461, -13.56157710626235 ], [ -72.590341482132018, -13.561583731262342 ], [ -72.590991357132637, -13.561676481262454 ], [ -72.591748107133327, -13.561840106262601 ], [ -72.591773732133362, -13.561849981262611 ], [ -72.59285860713436, -13.562190356262896 ], [ -72.593390357134837, -13.562169106262902 ], [ -72.593964732135376, -13.561679981262419 ], [ -72.594113732135526, -13.560999231261798 ], [ -72.59396885713538, -13.560323731261182 ], [ -72.593425107134877, -13.55961398126051 ], [ -72.593007232134497, -13.559070356260005 ], [ -72.592861482134339, -13.55860610625955 ], [ -72.592867982134351, -13.558095481259102 ], [ -72.593305732134766, -13.557591481258635 ], [ -72.5937698571352, -13.556888606257978 ], [ -72.594094857135516, -13.555973481257134 ], [ -72.594366732135754, -13.555655106256799 ], [ -72.594446357135851, -13.555217481256406 ], [ -72.59466660713602, -13.553065106254422 ], [ -72.594848732136199, -13.5523013562537 ], [ -72.595707982137029, -13.550639231252182 ], [ -72.596188732137449, -13.549893231251476 ], [ -72.59692648213813, -13.549420731250979 ], [ -72.597771982138923, -13.549230106250853 ], [ -72.59821135713932, -13.549296356250887 ], [ -72.598675482139726, -13.549205231250822 ], [ -72.599106607140143, -13.548815606250427 ], [ -72.599894107140884, -13.546867606248643 ], [ -72.599901857140878, -13.546867606248652 ], [ -72.599920607140888, -13.546811356248615 ], [ -72.600601232141543, -13.545109731246983 ], [ -72.600984107141912, -13.544620481246556 ], [ -72.601430732142276, -13.544301606246261 ], [ -72.602073107142886, -13.544181231246156 ], [ -72.603600482144287, -13.544322731246281 ], [ -72.604749107145381, -13.544429106246382 ], [ -72.606216732146706, -13.544322731246266 ], [ -72.607875857148287, -13.544046231246044 ], [ -72.60885435714917, -13.543939856245897 ], [ -72.610066732150301, -13.544343981246277 ], [ -72.611711232151805, -13.545503981247382 ], [ -72.612990982152979, -13.546062106247904 ], [ -72.6134266071534, -13.546048481247885 ], [ -72.613644357153603, -13.545830731247683 ], [ -72.613876857153812, -13.544437356246398 ], [ -72.614124107154041, -13.543598731245604 ], [ -72.614418482154321, -13.542600356244698 ], [ -72.614738482154635, -13.542101231244221 ], [ -72.615877732155639, -13.541269356243461 ], [ -72.617298482156983, -13.540488481242679 ], [ -72.619064857158591, -13.539861231242108 ], [ -72.619584857159111, -13.539940481242226 ], [ -72.620089982159541, -13.540225606242448 ], [ -72.620582107160018, -13.540834356243037 ], [ -72.621035482160437, -13.540899106243099 ], [ -72.621890357161234, -13.540277356242532 ], [ -72.623638857162874, -13.538282731240642 ], [ -72.625011607164112, -13.536275231238774 ], [ -72.625835732164873, -13.53556060623813 ], [ -72.62655260716555, -13.535368606237936 ], [ -72.627410107166341, -13.535342856237929 ], [ -72.628746232167586, -13.536051731238599 ], [ -72.629550857168297, -13.536560731239048 ], [ -72.63063498216934, -13.537331481239782 ], [ -72.63121135716986, -13.53774148124017 ], [ -72.631882107170497, -13.538702481241067 ], [ -72.632402732170974, -13.539731981241983 ], [ -72.633018107171537, -13.540690356242909 ], [ -72.633455982171952, -13.541151981243335 ], [ -72.633905607172352, -13.541329481243501 ], [ -72.635049482173443, -13.541740981243905 ], [ -72.636033982174325, -13.542129481244267 ], [ -72.636875857175099, -13.542142481244227 ], [ -72.63786023217601, -13.541430106243604 ], [ -72.639492107177517, -13.540432856242688 ], [ -72.640800357178733, -13.539603731241931 ], [ -72.641629357179497, -13.538256856240643 ], [ -72.642160232180004, -13.537052356239512 ], [ -72.642260107180093, -13.536276481238815 ], [ -72.642520482180331, -13.534738231237345 ], [ -72.642449482180254, -13.533957106236615 ], [ -72.642260107180107, -13.532868481235646 ], [ -72.642425732180243, -13.531543106234373 ], [ -72.642768982180556, -13.530880481233767 ], [ -72.643216732180989, -13.530334231233246 ], [ -72.643786607181497, -13.529756231232746 ], [ -72.644614982182276, -13.528916106231947 ], [ -72.645478857183065, -13.528111356231207 ], [ -72.646176982183718, -13.527330356230467 ], [ -72.648188732185588, -13.525945856229189 ], [ -72.648768607186113, -13.525448981228678 ], [ -72.64917085718649, -13.524880856228192 ], [ -72.649206232186529, -13.524312856227658 ], [ -72.649076232186388, -13.523685606227078 ], [ -72.648768607186113, -13.522715231226149 ], [ -72.648046732185463, -13.519401856223087 ], [ -72.648141357185523, -13.518881231222597 ], [ -72.648460857185853, -13.518407856222174 ], [ -72.649135482186452, -13.517910856221707 ], [ -72.64969160718698, -13.517638731221473 ], [ -72.650345982187602, -13.517714856221529 ], [ -72.651148982188332, -13.5181293562219 ], [ -72.651809607188937, -13.518207106221984 ], [ -72.652405357189508, -13.517805481221622 ], [ -72.652975232190016, -13.517183731221014 ], [ -72.653635857190608, -13.51656210622045 ], [ -72.653830107190814, -13.51614773122003 ], [ -72.654490607191434, -13.514878356218874 ], [ -72.654933857191821, -13.514029481218071 ], [ -72.655868732192701, -13.513496981217589 ], [ -72.656768107193528, -13.513354981217439 ], [ -72.657234482193957, -13.513564481217628 ], [ -72.657584607194266, -13.513721731217807 ], [ -72.658543107195186, -13.514538231218587 ], [ -72.659619982196176, -13.515331106219325 ], [ -72.66092160719738, -13.516017481219972 ], [ -72.662649357198987, -13.516680106220587 ], [ -72.66445985720064, -13.517177106221025 ], [ -72.667441857203443, -13.517224481221065 ], [ -72.668364982204281, -13.517283606221142 ], [ -72.668921107204795, -13.517910856221693 ], [ -72.669027607204896, -13.51847885622224 ], [ -72.66906310720492, -13.51929535622302 ], [ -72.669500982205335, -13.520253856223896 ], [ -72.670045357205851, -13.521046731224633 ], [ -72.671039357206752, -13.521898731225441 ], [ -72.671488982207165, -13.522123481225634 ], [ -72.671784607207428, -13.522111356225601 ], [ -72.672067482207694, -13.522099606225623 ], [ -72.673015607208583, -13.521662106225198 ], [ -72.67455385721, -13.520952106224513 ], [ -72.675615857211, -13.520595231224217 ], [ -72.676222482211557, -13.520088231223756 ], [ -72.676483357211794, -13.519588981223285 ], [ -72.676766732212059, -13.519046856222747 ], [ -72.677015357212298, -13.518301231222051 ], [ -72.677559607212771, -13.517141606221019 ], [ -72.678021107213212, -13.516585481220488 ], [ -72.679334732214457, -13.515307481219287 ], [ -72.680245857215283, -13.514810481218843 ], [ -72.681050482216023, -13.51482223121884 ], [ -72.682078232216966, -13.515037231219043 ], [ -72.682861107217704, -13.515200981219191 ], [ -72.683665732218444, -13.51533110621933 ], [ -72.683895982218658, -13.51531760621932 ], [ -72.684269232219023, -13.515295606219288 ], [ -72.684756107219442, -13.515157731219157 ], [ -72.685712982220338, -13.514774981218787 ], [ -72.687476107221983, -13.513437731217566 ], [ -72.689085482223462, -13.512573856216719 ], [ -72.690020232224342, -13.511958606216171 ], [ -72.691322107225545, -13.51141423121568 ], [ -72.693132607227227, -13.510727981214991 ], [ -72.694055607228094, -13.510479356214811 ], [ -72.695700482229626, -13.510360981214705 ], [ -72.69675373223059, -13.509852231214225 ], [ -72.697428232231204, -13.509461731213818 ], [ -72.698315732232047, -13.508656981213067 ], [ -72.699037607232711, -13.507828606212311 ], [ -72.699309732232976, -13.506988481211573 ], [ -72.699735732233336, -13.506124606210731 ], [ -72.700966357234492, -13.504917606209622 ], [ -72.701546232235046, -13.50411285620887 ], [ -72.701711982235167, -13.503604106208414 ], [ -72.702102482235532, -13.5029768562078 ], [ -72.702268482235695, -13.502858356207685 ], [ -72.70259948223601, -13.502621856207471 ], [ -72.703841982237151, -13.502219481207131 ], [ -72.704788732238015, -13.502172231207076 ], [ -72.70613773223927, -13.502314231207199 ], [ -72.706989732240046, -13.502278731207165 ], [ -72.707652357240676, -13.502089356206953 ], [ -72.708504357241466, -13.501639731206573 ], [ -72.709238107242157, -13.501178231206147 ], [ -72.709557607242445, -13.500740356205736 ], [ -72.709714982242588, -13.500056981205121 ], [ -72.710125607242972, -13.498870606204006 ], [ -72.710267607243125, -13.497391481202595 ], [ -72.71040960724325, -13.496432981201737 ], [ -72.710610732243424, -13.496066106201399 ], [ -72.711699482244413, -13.494681606200107 ], [ -72.713616482246195, -13.49287098119842 ], [ -72.715142982247642, -13.491285356196917 ], [ -72.716290857248694, -13.490433356196144 ], [ -72.716441107248812, -13.490387231196101 ], [ -72.717758232250063, -13.489983606195711 ], [ -72.718787732251002, -13.489723231195473 ], [ -72.719616107251767, -13.489628606195399 ], [ -72.721225482253274, -13.48966410619539 ], [ -72.722456232254402, -13.489959981195703 ], [ -72.723071482254966, -13.490279481195975 ], [ -72.724621732256423, -13.491320856196971 ], [ -72.725331732257089, -13.491687606197289 ], [ -72.726515107258152, -13.491817856197393 ], [ -72.727532607259093, -13.491770481197396 ], [ -72.728195482259721, -13.491699481197312 ], [ -72.728481857259979, -13.491599606197248 ], [ -72.72870435726017, -13.491521981197153 ], [ -72.729260482260727, -13.491119606196776 ], [ -72.729701357261135, -13.490554856196262 ], [ -72.730124357261516, -13.489025106194839 ], [ -72.730834232262168, -13.486457231192446 ], [ -72.731378732262669, -13.485344856191395 ], [ -72.732467357263687, -13.484173356190325 ], [ -72.733282482264428, -13.48378473118993 ], [ -72.734372732265442, -13.483546231189745 ], [ -72.735745232266723, -13.483415981189594 ], [ -72.736514482267467, -13.483131981189372 ], [ -72.737449357268318, -13.482989981189172 ], [ -72.738360357269158, -13.482978106189192 ], [ -72.739780482270461, -13.483049106189281 ], [ -72.742525857273009, -13.483309481189517 ], [ -72.743413482273866, -13.483260981189451 ], [ -72.744040607274414, -13.483226606189415 ], [ -72.744369857274719, -13.483149231189369 ], [ -72.745448857275719, -13.48289535618912 ], [ -72.746312607276536, -13.48244560618871 ], [ -72.746504857276705, -13.482313731188594 ], [ -72.747519732277638, -13.481617356187936 ], [ -72.748466357278531, -13.481120356187494 ], [ -72.749377482279371, -13.47991323118635 ], [ -72.750324607280234, -13.478201356184764 ], [ -72.750617732280517, -13.477581231184207 ], [ -72.750943732280803, -13.476592231183259 ], [ -72.751106732280974, -13.475777231182468 ], [ -72.751193732281052, -13.474592606181417 ], [ -72.751106732280959, -13.473538481180427 ], [ -72.751117482280975, -13.472897356179809 ], [ -72.751339732281167, -13.472357731179331 ], [ -72.752041357281826, -13.471484731178498 ], [ -72.753367107283054, -13.469834981176966 ], [ -72.755334132961977, -13.467538442547735 ], [ -72.756239529361252, -13.466352808138641 ], [ -72.757430251078759, -13.464396016746859 ], [ -72.758023326310536, -13.463663516092074 ], [ -72.758786921910641, -13.462604642390421 ], [ -72.760308017070955, -13.461142614788821 ], [ -72.760983285761213, -13.46057478298933 ], [ -72.761825259227649, -13.460090442856121 ], [ -72.762413739831658, -13.459849750374731 ], [ -72.763422442154635, -13.459448824805802 ], [ -72.763759690547033, -13.459205893333593 ], [ -72.764012442273071, -13.459044195152453 ], [ -72.764434946195365, -13.458638074371452 ], [ -72.764941944145477, -13.458150718413551 ], [ -72.765110198959206, -13.458070228750682 ], [ -72.766548229733772, -13.456525453409037 ], [ -72.767309484869571, -13.455712456008744 ], [ -72.767814976519062, -13.455389025899535 ], [ -72.768991120683225, -13.454989584387594 ], [ -72.769160131176392, -13.454827136819937 ], [ -72.769666352823734, -13.454421747416967 ], [ -72.770090357023776, -13.453851656244085 ], [ -72.770265435417102, -13.453033424239845 ], [ -72.770273021432061, -13.452213731362543 ], [ -72.77011691007452, -13.450982682818006 ], [ -72.770209010925839, -13.450081753342435 ], [ -72.770464757329478, -13.449592178634598 ], [ -72.770633762832446, -13.449429704945155 ], [ -72.77088649972977, -13.449267997411402 ], [ -72.771475679723565, -13.448945298648741 ], [ -72.772062609574959, -13.44886853589232 ], [ -72.772816245470992, -13.448875209233961 ], [ -72.772861760561014, -13.44887932745074 ], [ -72.773820345207113, -13.448966058510907 ], [ -72.774321272253488, -13.449134462853706 ], [ -72.774736929697184, -13.449466035343923 ], [ -72.774820661837651, -13.449466776031278 ], [ -72.77523329343758, -13.450126240805437 ], [ -72.775315537013995, -13.450290940211145 ], [ -72.775481488589023, -13.450456355585226 ], [ -72.775894123431442, -13.451115819773417 ], [ -72.776638716488392, -13.452106138219092 ], [ -72.77738404681962, -13.45301447570529 ], [ -72.778045648701863, -13.45392207196948 ], [ -72.778542029784177, -13.454582273514736 ], [ -72.779703829830652, -13.455740219395897 ], [ -72.780618162744062, -13.456486094590833 ], [ -72.78187051191631, -13.456907028724757 ], [ -72.782789409344545, -13.45716106844991 ], [ -72.783291091375546, -13.457247478499696 ], [ -72.783709038762609, -13.457333125156815 ], [ -72.784292973872994, -13.457584206870136 ], [ -72.785210369925252, -13.458002198148373 ], [ -72.785712055534901, -13.458088579443695 ], [ -72.786801473377153, -13.458016210052966 ], [ -72.788056832685982, -13.458109220430893 ], [ -72.789398964378179, -13.457875089656646 ], [ -72.790742598383488, -13.457477015372655 ], [ -72.790910094905314, -13.45747848714667 ], [ -72.791919509048142, -13.456995482280197 ], [ -72.792424953532986, -13.45667202207134 ], [ -72.792677687947645, -13.45651026729475 ], [ -72.793859070757563, -13.455536914657463 ], [ -72.794197790316275, -13.455129975974629 ], [ -72.794620993868435, -13.454641839305671 ], [ -72.795213191166212, -13.453991185084407 ], [ -72.796231581220539, -13.452524515310818 ], [ -72.796913498760418, -13.451218818096272 ], [ -72.797516918350226, -13.449338618044404 ], [ -72.79761113903082, -13.448191744862275 ], [ -72.797534147653693, -13.447453259701051 ], [ -72.797374897102486, -13.446550104510438 ], [ -72.79696819651042, -13.445234896058402 ], [ -72.795979076512623, -13.443504676172774 ], [ -72.795155206847994, -13.44202183872534 ], [ -72.794989969352017, -13.441774454364868 ], [ -72.794496557329992, -13.440786408666044 ], [ -72.794332820608474, -13.440375087532422 ], [ -72.79368017780051, -13.438483861870957 ], [ -72.793271255377803, -13.437414544423545 ], [ -72.792946814356256, -13.436264004676589 ], [ -72.792787582118194, -13.435360849629626 ], [ -72.792715852865655, -13.434048575465397 ], [ -72.792723351543955, -13.433228868838809 ], [ -72.793159280992029, -13.431347182991733 ], [ -72.793163028858928, -13.430937329474988 ], [ -72.792920819337652, -13.42995146060901 ], [ -72.792759338728175, -13.429294222734269 ], [ -72.792768333779662, -13.428310554919666 ], [ -72.792858055605379, -13.427655517957154 ], [ -72.792948550998744, -13.42691850062598 ], [ -72.793374695002143, -13.426102460221729 ], [ -72.793799338015418, -13.425450330968777 ], [ -72.794306978968237, -13.424880938569045 ], [ -72.796165507599127, -13.423093676570916 ], [ -72.797008806775665, -13.422445224821626 ], [ -72.797430442418303, -13.422120985345162 ], [ -72.798271468308187, -13.421718446055818 ], [ -72.799025804816637, -13.421643047266103 ], [ -72.800110556423746, -13.422062430376684 ], [ -72.800278004579795, -13.422063891914174 ], [ -72.801361268681248, -13.42264718348952 ], [ -72.802364543843424, -13.422819884760351 ], [ -72.802448293152892, -13.422820615051608 ], [ -72.803202608802565, -13.422745228185555 ], [ -72.803793202892251, -13.422258498768956 ], [ -72.80463347708374, -13.421937893477478 ], [ -72.805052868286907, -13.421859582958115 ], [ -72.805721967741931, -13.421947372525828 ], [ -72.807475839118169, -13.422454514000703 ], [ -72.808977801156374, -13.423041442154879 ], [ -72.810480490431985, -13.423546356474297 ], [ -72.811979497942971, -13.424461146239974 ], [ -72.812146206263506, -13.424544581674217 ], [ -72.813560734007453, -13.425540618255333 ], [ -72.813977162472227, -13.425790171226264 ], [ -72.814810789068645, -13.426207294042943 ], [ -72.814894515408014, -13.426208020164335 ], [ -72.816148285946042, -13.426464830386793 ], [ -72.816315738958352, -13.426466281740639 ], [ -72.817993357994069, -13.426152887236727 ], [ -72.820088916109199, -13.425925109741359 ], [ -72.822439324903172, -13.425289574426028 ], [ -72.822692007482573, -13.42512780530026 ], [ -72.824206594467, -13.424321099621226 ], [ -72.824627465947415, -13.424078791754857 ], [ -72.825048336655712, -13.423836483054046 ], [ -72.825641112205957, -13.423103773608934 ], [ -72.825896730268852, -13.422614095632213 ], [ -72.825981931819655, -13.422450877613972 ], [ -72.825984883652296, -13.422122972751037 ], [ -72.826322761803723, -13.421797980951728 ], [ -72.826658426252891, -13.421718886924101 ], [ -72.828084082881915, -13.421485234331199 ], [ -72.829005862100516, -13.421411186974684 ], [ -72.829089599993665, -13.421411908235598 ], [ -72.82917258858636, -13.421494611838204 ], [ -72.830258898189626, -13.42174990803912 ], [ -72.830342623847784, -13.421750628794834 ], [ -72.830592340646277, -13.421916731783863 ], [ -72.830925808241588, -13.422083579686948 ], [ -72.831091787541624, -13.422248961593471 ], [ -72.832171480903654, -13.423242021032724 ], [ -72.83349868604283, -13.424647077212379 ], [ -72.833913680452497, -13.425060565656343 ], [ -72.835162323143962, -13.425891089705742 ], [ -72.836578455039486, -13.426723071270089 ], [ -72.838166458485588, -13.427064610010378 ], [ -72.838587337285446, -13.42682227756066 ], [ -72.83875552676497, -13.426741755403595 ], [ -72.838840000948949, -13.426660490738898 ], [ -72.839093410519979, -13.42641672073394 ], [ -72.839431280726714, -13.426091709680138 ], [ -72.840105552042942, -13.425605603220108 ], [ -72.8404412079542, -13.425526490853692 ], [ -72.841114010041267, -13.425204323005538 ], [ -72.842121744739856, -13.424885045812861 ], [ -72.843882353912875, -13.424654172311985 ], [ -72.846395083801212, -13.424593669853781 ], [ -72.847065684710984, -13.424517434767056 ], [ -72.847820756396402, -13.42435990523707 ], [ -72.848326080685567, -13.424036310154047 ], [ -72.849084058753618, -13.423550890854431 ], [ -72.850599289098554, -13.422662027721758 ], [ -72.851355812751578, -13.422340543327119 ], [ -72.85219604900189, -13.422019794077025 ], [ -72.853542337442917, -13.421293426161581 ], [ -72.858672581613533, -13.418795632550841 ], [ -72.858900646841533, -13.418686408456518 ], [ -72.85892523814735, -13.418633822293776 ], [ -72.860101122737674, -13.41823387903 ], [ -72.861443730275838, -13.417917358728962 ], [ -72.862791424056724, -13.417026989227661 ], [ -72.863799832703194, -13.416625631274819 ], [ -72.864640775024142, -13.416222826267324 ], [ -72.864808963019541, -13.416142284333743 ], [ -72.865732903742966, -13.415822168623061 ], [ -72.866738408971642, -13.415748711237526 ], [ -72.869415660799703, -13.416017271208405 ], [ -72.870168532912459, -13.416105622577145 ], [ -72.872263274762446, -13.415959350463762 ], [ -72.874360180460911, -13.415567105693812 ], [ -72.875535313959332, -13.415249093581886 ], [ -72.876291778890049, -13.414927525565778 ], [ -72.8771312600431, -13.414688645035785 ], [ -72.877884134495588, -13.414776973159841 ], [ -72.878385087606631, -13.41494514658166 ], [ -72.879464966933611, -13.415938028013903 ], [ -72.880045347177159, -13.416598765732054 ], [ -72.880877630056176, -13.417179652904812 ], [ -72.881712804731023, -13.41743262099072 ], [ -72.882886506906459, -13.417278496687286 ], [ -72.883977917064712, -13.416959741738372 ], [ -72.885323388163016, -13.416315170724534 ], [ -72.885407114966384, -13.416315872917629 ], [ -72.886248748271043, -13.415831028984606 ], [ -72.886755447428087, -13.41534337500762 ], [ -72.88734873760211, -13.414528527202823 ], [ -72.887433909773904, -13.414365257422912 ], [ -72.887606390593035, -13.413792833567472 ], [ -72.887868327801527, -13.412565273790047 ], [ -72.888042238453636, -13.411828877806807 ], [ -72.888297736738025, -13.411339115429112 ], [ -72.889063483926222, -13.409951811275612 ], [ -72.889575889129347, -13.408808335282878 ], [ -72.889834242240724, -13.407990675647534 ], [ -72.889755513993677, -13.407416147443021 ], [ -72.889758375946371, -13.407088228455702 ], [ -72.889675355237728, -13.407005542251481 ], [ -72.889349034217233, -13.406019032669292 ], [ -72.889021987425451, -13.405114484362411 ], [ -72.888780096819559, -13.404046664798372 ], [ -72.888456632093835, -13.402732236047099 ], [ -72.888378635117149, -13.402075722244987 ], [ -72.888385791457978, -13.401255937303743 ], [ -72.888562548955818, -13.400191644321376 ], [ -72.888737158073937, -13.399373284055747 ], [ -72.889076358956487, -13.398884218444913 ], [ -72.889583727563718, -13.398314566193509 ], [ -72.890427418073969, -13.397583763590452 ], [ -72.892283689418477, -13.395959622208851 ], [ -72.892622878007572, -13.395470549936737 ], [ -72.892878345312923, -13.39498077839483 ], [ -72.89305293400929, -13.394162387785864 ], [ -72.893061497016532, -13.39317867631326 ], [ -72.893151637941571, -13.392441572815029 ], [ -72.893155918865986, -13.39194970482961 ], [ -72.893500092057579, -13.390886800205493 ], [ -72.893839982966043, -13.39031573854799 ], [ -72.894009571192186, -13.390071200532059 ], [ -72.894768799592953, -13.389421665087681 ], [ -72.895443581161203, -13.388853415441096 ], [ -72.895948775060731, -13.388529679144312 ], [ -72.896872580779871, -13.388209451197701 ], [ -72.898047562508253, -13.387891285112927 ], [ -72.898215010250325, -13.387892678227788 ], [ -72.898718065025676, -13.387814870479556 ], [ -72.899304837085253, -13.387737782126052 ], [ -72.900311656438973, -13.387500198846304 ], [ -72.901150316385355, -13.38734318249824 ], [ -72.901651949119298, -13.387429341758862 ], [ -72.902069852193094, -13.387514804806765 ], [ -72.902987982673721, -13.387850348721861 ], [ -72.903488908030425, -13.388018466938508 ], [ -72.903571916222006, -13.388101148344079 ], [ -72.903822385439824, -13.388185219261883 ], [ -72.905154882385133, -13.389016101043339 ], [ -72.905988584174722, -13.389432927903387 ], [ -72.906072302793135, -13.389433621871055 ], [ -72.906824402691981, -13.389603840431558 ], [ -72.907409775151734, -13.389690658709897 ], [ -72.908163294062675, -13.389696899713879 ], [ -72.90858334168297, -13.389536416501485 ], [ -72.909172242315961, -13.389213344471635 ], [ -72.9095937040574, -13.388888909684603 ], [ -72.909849118217323, -13.388399114537771 ], [ -72.910024350508237, -13.387498739930756 ], [ -72.910028595538435, -13.387006866416217 ], [ -72.910037792379597, -13.385941156607663 ], [ -72.910043451592813, -13.385285333269549 ], [ -72.910128596273637, -13.385122051694811 ], [ -72.91021585012291, -13.384712857457451 ], [ -72.910468440976771, -13.384550984752579 ], [ -72.910888465988904, -13.384390471680454 ], [ -72.911473816394405, -13.384477303150502 ], [ -72.912225213626712, -13.384729466916168 ], [ -72.912975187601461, -13.385145578638834 ], [ -72.913225658614053, -13.385229640276972 ], [ -72.913810306689371, -13.385398429659652 ], [ -72.914395673983037, -13.385485254960766 ], [ -72.915147771894468, -13.385655423510109 ], [ -72.915566385805377, -13.385658877149904 ], [ -72.915985717515412, -13.38558036717162 ], [ -72.91699111135712, -13.385506664088112 ], [ -72.918585385581025, -13.385109883841094 ], [ -72.921189984964116, -13.384065507585476 ], [ -72.922618205053013, -13.38350337088035 ], [ -72.923456847403969, -13.383346300556216 ], [ -72.924296191597534, -13.383107239483774 ], [ -72.924799235754136, -13.383029377054831 ], [ -72.924966683004513, -13.383030751956557 ], [ -72.925887637007207, -13.383038311885263 ], [ -72.926055084379811, -13.383039686067061 ], [ -72.926807188442851, -13.38320982000238 ], [ -72.928476757703066, -13.383797418385784 ], [ -72.929812146005119, -13.384300275531611 ], [ -72.930980079215601, -13.384801755314136 ], [ -72.932064999352761, -13.385220557064542 ], [ -72.932565948545005, -13.385388619773467 ], [ -72.933068297720823, -13.385392729425428 ], [ -72.9336529732131, -13.385561474983112 ], [ -72.934739993706231, -13.385734350004762 ], [ -72.937583856948933, -13.386085506207019 ], [ -72.93850483614041, -13.386093021909764 ], [ -72.939760711555451, -13.386103265143742 ], [ -72.940597275596275, -13.386192079216686 ], [ -72.941266377206361, -13.386279501862042 ], [ -72.942355506997274, -13.386206403569433 ], [ -72.943360215126191, -13.386214583458653 ], [ -72.944027933067375, -13.386465976592138 ], [ -72.94502846333144, -13.386966034417615 ], [ -72.945446398285938, -13.387051403503419 ], [ -72.945530124392988, -13.387052084331566 ], [ -72.946031785750364, -13.387138157620575 ], [ -72.947119531481803, -13.387228968397714 ], [ -72.947537467928967, -13.387314358515138 ], [ -72.947955404770738, -13.387399747981629 ], [ -72.948455673239835, -13.387649770354614 ], [ -72.94895525483183, -13.387981756658281 ], [ -72.94953787657704, -13.388396410851778 ], [ -72.949870695066238, -13.388645096068581 ], [ -72.950370280870445, -13.388977080122897 ], [ -72.950703801419024, -13.389143751069737 ], [ -72.951037322270224, -13.389310445959964 ], [ -72.951538298355004, -13.389478474097487 ], [ -72.951872514119216, -13.389563154522261 ], [ -72.952542332756494, -13.389568584341855 ], [ -72.953129117212839, -13.389491369047644 ], [ -72.954388484759733, -13.389091644204886 ], [ -72.955144107462573, -13.388851801157555 ], [ -72.956819344953999, -13.388783360550766 ], [ -72.957825455652625, -13.388627529806305 ], [ -72.959249505202976, -13.38855704211459 ], [ -72.959920705461897, -13.388398497088319 ], [ -72.960508868325135, -13.388157284611152 ], [ -72.960593286114459, -13.388075970859273 ], [ -72.961264484645227, -13.387917421936061 ], [ -72.961600083777185, -13.387838134598896 ], [ -72.962018029946464, -13.38792350162098 ], [ -72.962435286832687, -13.388090833414036 ], [ -72.962602051724502, -13.38817417363879 ], [ -72.962934892363961, -13.388422819246932 ], [ -72.963684992986046, -13.388838794534681 ], [ -72.964018525162857, -13.38900544917565 ], [ -72.96443647473798, -13.389090812599992 ], [ -72.965187263117684, -13.389424818470689 ], [ -72.965354036494801, -13.389508132863796 ], [ -72.965855709553992, -13.38959416843492 ], [ -72.967361438881554, -13.389770255313898 ], [ -72.968950900055034, -13.38994700673622 ], [ -72.970289173181143, -13.390121754580784 ], [ -72.971376956890268, -13.390212464035574 ], [ -72.971963743461885, -13.390135204323864 ], [ -72.972383759562263, -13.389974584557857 ], [ -72.97280377498943, -13.389813988331985 ], [ -72.974485203718785, -13.389007614935638 ], [ -72.974738445727851, -13.388763682000903 ], [ -72.975579148947887, -13.388360489404739 ], [ -72.976419856095731, -13.387957269327813 ], [ -72.976755453113043, -13.387877985462328 ], [ -72.977090365265354, -13.387880667287121 ], [ -72.977340864800695, -13.387964644545132 ], [ -72.977423908085825, -13.388047305356455 ], [ -72.977502158429701, -13.388703826731668 ], [ -72.977614179503334, -13.388418456450115 ], [ -72.977758820611186, -13.388049986328745 ] ] ] } },
{ "type": "Feature", "properties": { "district": "Limatambo", "records": 9420, "flora_species": 268, "fauna_species": 311, "species": 579, "families": 151, "sources": 2, "platforms": 5, "first_year": 1939, "last_year": 2026, "recent_records": 5735, "records_per_species": 16.3, "recent_pct": 60.9, "exclusive_species": 186.0, "mean_turnover": 0.827, "tooltip": "<b>Limatambo</b><br>Registros:  9,420<br>Especies: 579<br>Flora: 268 | Fauna: 311<br>Especies exclusivas: 186<br>Recambio medio: 83%" }, "geometry": { "type": "Polygon", "coordinates": [ [ [ -72.544105357089393, -13.33417510605056 ], [ -72.543652482088987, -13.334668231051008 ], [ -72.543420982088776, -13.334859481051206 ], [ -72.543082982088436, -13.33521660605153 ], [ -72.542865357088232, -13.335561106051854 ], [ -72.542520857087951, -13.335996106052235 ], [ -72.54235773208778, -13.336630731052844 ], [ -72.542267107087696, -13.33751910605368 ], [ -72.542140107087562, -13.338407481054501 ], [ -72.54210385708754, -13.339477106055499 ], [ -72.541976982087419, -13.340202356056174 ], [ -72.541831982087274, -13.34080060605673 ], [ -72.541705107087168, -13.341543981057438 ], [ -72.541596232087073, -13.342269231058106 ], [ -72.54137660708686, -13.343017231058795 ], [ -72.541037357086552, -13.343808856059505 ], [ -72.540283482085869, -13.3445249810602 ], [ -72.539341357084993, -13.345278606060887 ], [ -72.53813510708386, -13.346221106061778 ], [ -72.53711735708292, -13.347238731062719 ], [ -72.536099607081994, -13.348407231063806 ], [ -72.535534357081474, -13.349123356064476 ], [ -72.535232857081184, -13.349914856065212 ], [ -72.535119732081085, -13.351686356066846 ], [ -72.535873607081768, -13.353457856068514 ], [ -72.536514357082368, -13.354626231069588 ], [ -72.537482857083262, -13.355707981070605 ], [ -72.538025732083753, -13.356371356071223 ], [ -72.538749482084413, -13.35775848107251 ], [ -72.539111357084764, -13.358753481073435 ], [ -72.539744482085354, -13.36017085607477 ], [ -72.540076232085667, -13.361165731075697 ], [ -72.540226982085798, -13.361949731076427 ], [ -72.540257107085807, -13.362552856076984 ], [ -72.540588857086149, -13.363155856077542 ], [ -72.540890357086397, -13.363909731078236 ], [ -72.541010982086519, -13.364814356079098 ], [ -72.541041107086571, -13.365718856079948 ], [ -72.541010982086519, -13.366593356080742 ], [ -72.54089260708642, -13.367415981081532 ], [ -72.540679232086205, -13.367799481081859 ], [ -72.540076232085653, -13.368251731082283 ], [ -72.539473107085101, -13.368462856082475 ], [ -72.538719357084389, -13.36885485608285 ], [ -72.537422732083201, -13.369789606083728 ], [ -72.536879982082695, -13.370332356084239 ], [ -72.535824607081722, -13.371267106085082 ], [ -72.534557982080557, -13.372201856085962 ], [ -72.533351982079438, -13.372895356086604 ], [ -72.532718857078848, -13.373015981086727 ], [ -72.531995107078203, -13.373015981086729 ], [ -72.530517607076817, -13.372563731086311 ], [ -72.529643232076012, -13.372081231085859 ], [ -72.528919482075338, -13.371870106085664 ], [ -72.527622982074121, -13.371659106085449 ], [ -72.526477107073106, -13.371297231085121 ], [ -72.524517107071262, -13.370724356084569 ], [ -72.523642732070471, -13.370603731084463 ], [ -72.522617482069521, -13.370814856084664 ], [ -72.521984232068945, -13.371206731085039 ], [ -72.521260607068257, -13.371508356085327 ], [ -72.519963982067068, -13.372141481085887 ], [ -72.518787982065987, -13.372443106086168 ], [ -72.517581857064869, -13.372834981086552 ], [ -72.516405982063773, -13.373347606087004 ], [ -72.515048982062524, -13.373920606087552 ], [ -72.514114232061672, -13.374010981087642 ], [ -72.512877982060516, -13.373528606087175 ], [ -72.511521107059266, -13.372925481086638 ], [ -72.510737107058546, -13.372774731086475 ], [ -72.509983232057834, -13.372925481086632 ], [ -72.509229607057136, -13.373166731086849 ], [ -72.508264607056262, -13.372865231086566 ], [ -72.50775198205578, -13.372382731086127 ], [ -72.507510732055565, -13.371839981085628 ], [ -72.50742023205548, -13.371267106085069 ], [ -72.507601232055649, -13.369849856083761 ], [ -72.507480607055555, -13.369276981083232 ], [ -72.507239357055326, -13.368613606082627 ], [ -72.506696607054806, -13.367950231082004 ], [ -72.505822107054016, -13.367377356081439 ], [ -72.504766732053028, -13.366894856081018 ], [ -72.503651107052008, -13.366050606080218 ], [ -72.502927482051334, -13.365749106079928 ], [ -72.502233857050712, -13.365688731079887 ], [ -72.501600732050107, -13.365839481080029 ], [ -72.501118232049663, -13.365960106080127 ], [ -72.49933923204803, -13.366502856080627 ], [ -72.498344107047117, -13.366683856080796 ], [ -72.497620482046429, -13.3667742310809 ], [ -72.49665560704554, -13.366774231080898 ], [ -72.495781107044735, -13.366955231081068 ], [ -72.495358982044351, -13.367256731081335 ], [ -72.494213107043279, -13.367920106081938 ], [ -72.493670357042774, -13.368161356082181 ], [ -72.493248232042419, -13.368191481082205 ], [ -72.492580107041789, -13.368210981082209 ], [ -72.492048232041299, -13.36848048108247 ], [ -72.491443732040736, -13.368769606082754 ], [ -72.490996857040315, -13.368822231082804 ], [ -72.490339607039701, -13.368690856082669 ], [ -72.489682482039115, -13.368401606082402 ], [ -72.489077857038552, -13.368217606082249 ], [ -72.487632232037228, -13.367954731081985 ], [ -72.486974982036628, -13.367770731081821 ], [ -72.486475482036155, -13.367455356081511 ], [ -72.485739482035456, -13.367139856081234 ], [ -72.48526635703503, -13.366929606081024 ], [ -72.484736107034536, -13.366726231080847 ], [ -72.483880107033769, -13.366763481080858 ], [ -72.483172982033096, -13.366763481080858 ], [ -72.481535482031575, -13.366614606080745 ], [ -72.480530607030687, -13.366354106080486 ], [ -72.479265232029491, -13.365758606079938 ], [ -72.47811160702841, -13.365460856079634 ], [ -72.476064732026543, -13.364642106078895 ], [ -72.474352607024954, -13.363227981077559 ], [ -72.473385107024086, -13.362036981076482 ], [ -72.472640857023379, -13.361329856075802 ], [ -72.47185923202268, -13.361106606075605 ], [ -72.470854357021736, -13.361069356075539 ], [ -72.469626357020616, -13.361218231075707 ], [ -72.468835107019856, -13.361467606075927 ], [ -72.468144232019242, -13.361586731076045 ], [ -72.467834732018943, -13.361848731076289 ], [ -72.467191607018378, -13.362348856076753 ], [ -72.466286482017523, -13.364135231078418 ], [ -72.465714857016991, -13.364825981079067 ], [ -72.465238482016574, -13.365159481079356 ], [ -72.464905107016222, -13.365278481079491 ], [ -72.464404857015793, -13.365469231079649 ], [ -72.463833232015261, -13.365492856079666 ], [ -72.463094857014568, -13.365183231079378 ], [ -72.462594732014111, -13.364849856079083 ], [ -72.461728357013314, -13.364205106078487 ], [ -72.459688857011429, -13.362610856077001 ], [ -72.458902857010713, -13.362039231076473 ], [ -72.457902482009757, -13.361539106075979 ], [ -72.457306982009243, -13.361300856075744 ], [ -72.456711607008671, -13.361300856075747 ], [ -72.456187607008189, -13.361539106075972 ], [ -72.455187232007262, -13.362158231076545 ], [ -72.453710482005917, -13.362968106077307 ], [ -72.452805357005076, -13.363111106077463 ], [ -72.451804982004163, -13.362825231077172 ], [ -72.451257232003641, -13.36253948107692 ], [ -72.450733107003174, -13.36161060607605 ], [ -72.450209107002692, -13.360538731075041 ], [ -72.449875732002369, -13.359847981074392 ], [ -72.449399357001951, -13.359228731073832 ], [ -72.448637107001232, -13.35868085607332 ], [ -72.44808935700074, -13.358299606072979 ], [ -72.447660607000358, -13.358037731072706 ], [ -72.447041356999762, -13.35744235607215 ], [ -72.446040856998863, -13.356680106071471 ], [ -72.445397856998241, -13.356322856071118 ], [ -72.444540356997464, -13.355584481070446 ], [ -72.444040231997008, -13.355203356070081 ], [ -72.443682981996673, -13.354988856069879 ], [ -72.443420981996439, -13.35417923106912 ], [ -72.443349481996378, -13.353702856068701 ], [ -72.443111356996141, -13.3532978560683 ], [ -72.442801606995857, -13.3527501060678 ], [ -72.442801606995857, -13.352416606067477 ], [ -72.44299223199603, -13.351987856067089 ], [ -72.443182731996217, -13.351773606066876 ], [ -72.443801981996799, -13.350892231066055 ], [ -72.444183106997158, -13.349820481065061 ], [ -72.444468981997403, -13.349082106064387 ], [ -72.444707106997612, -13.348748606064063 ], [ -72.444754731997662, -13.348296106063641 ], [ -72.444540356997479, -13.347867356063251 ], [ -72.443992606996986, -13.347200481062613 ], [ -72.443706731996684, -13.346295356061779 ], [ -72.443659106996662, -13.345604606061146 ], [ -72.443801981996799, -13.34503310606059 ], [ -72.443682981996673, -13.344675731060264 ], [ -72.443373356996403, -13.344485231060091 ], [ -72.442563481995634, -13.344223106059863 ], [ -72.441777481994933, -13.344246981059873 ], [ -72.441277356994448, -13.344151731059787 ], [ -72.440562731993808, -13.344032606059674 ], [ -72.439490981992833, -13.344008731059649 ], [ -72.439101606992466, -13.344052731059707 ], [ -72.438752606992125, -13.344389856060008 ], [ -72.438395231991791, -13.344842356060415 ], [ -72.437799856991248, -13.345533106061067 ], [ -72.436942356990457, -13.346128606061635 ], [ -72.436299231989892, -13.346104731061605 ], [ -72.435727606989332, -13.345961856061466 ], [ -72.433798356987566, -13.345556981061101 ], [ -72.433083731986898, -13.345533106061065 ], [ -72.432369231986257, -13.345533106061065 ], [ -72.431035356985035, -13.345580731061101 ], [ -72.430392356984441, -13.345866481061366 ], [ -72.429630106983723, -13.346652606062104 ], [ -72.428772731982917, -13.347557731062956 ], [ -72.428343981982536, -13.348200856063558 ], [ -72.427867606982105, -13.348700981064006 ], [ -72.427129231981397, -13.349058231064333 ], [ -72.426557606980879, -13.349105856064396 ], [ -72.426128856980498, -13.349201106064481 ], [ -72.425223731979671, -13.349177481064462 ], [ -72.424485356978963, -13.349010606064288 ], [ -72.423532606978114, -13.348677106063979 ], [ -72.422579731977223, -13.348581856063898 ], [ -72.421460356976198, -13.348748606064042 ], [ -72.420626981975431, -13.348653356063984 ], [ -72.419554981974429, -13.348462856063776 ], [ -72.418316481973292, -13.348176981063517 ], [ -72.416506231971624, -13.347700606063089 ], [ -72.414981856970229, -13.347367106062748 ], [ -72.414719856969981, -13.347200481062584 ], [ -72.414267356969575, -13.34655735606202 ], [ -72.413933856969237, -13.345985731061488 ], [ -72.41348135696883, -13.345676106061202 ], [ -72.412933481968324, -13.34548548106101 ], [ -72.411885481967374, -13.345318856060841 ], [ -72.411123356966684, -13.345128231060661 ], [ -72.410313481965929, -13.344890106060447 ], [ -72.409813231965472, -13.344818606060368 ], [ -72.409432231965098, -13.344818606060372 ], [ -72.408979606964678, -13.344890106060443 ], [ -72.408598606964361, -13.345080606060618 ], [ -72.408288981964049, -13.345485481061012 ], [ -72.407598231963405, -13.346200106061666 ], [ -72.407050356962898, -13.346390606061833 ], [ -72.406502606962405, -13.346390606061822 ], [ -72.405787981961751, -13.346342981061802 ], [ -72.404835231960845, -13.346342981061792 ], [ -72.404096856960194, -13.346700106062132 ], [ -72.40378735695991, -13.347033731062432 ], [ -72.403334731959504, -13.347962606063325 ], [ -72.402810731959008, -13.348867731064148 ], [ -72.401881731958142, -13.349796606065029 ], [ -72.401381606957699, -13.350392106065557 ], [ -72.400929106957264, -13.35108285606621 ], [ -72.400285981956671, -13.351535356066629 ], [ -72.399666731956103, -13.351916481066988 ], [ -72.398928356955437, -13.352511856067542 ], [ -72.398166106954719, -13.352892981067907 ], [ -72.397070481953705, -13.353154981068112 ], [ -72.396546481953251, -13.353131231068131 ], [ -72.396038981952771, -13.353043106068023 ], [ -72.395745981952487, -13.35308398106808 ], [ -72.395276981952065, -13.353519481068485 ], [ -72.394648106951479, -13.354148231069045 ], [ -72.393466731950397, -13.355158106070004 ], [ -72.392190106949215, -13.356206106070978 ], [ -72.39169473194876, -13.356663356071413 ], [ -72.390684856947829, -13.357997231072623 ], [ -72.390094106947274, -13.358683231073284 ], [ -72.388760231946065, -13.360340981074815 ], [ -72.387921856945269, -13.361674856076057 ], [ -72.387235856944656, -13.362398856076732 ], [ -72.386378481943851, -13.36291335607722 ], [ -72.385771606943308, -13.363320981077605 ], [ -72.385373731942934, -13.363570981077821 ], [ -72.385134731942713, -13.363976481078193 ], [ -72.384056731941726, -13.36453910607872 ], [ -72.383056481940798, -13.365245106079376 ], [ -72.381938606939784, -13.365598106079716 ], [ -72.38082085693874, -13.365480481079592 ], [ -72.380055981938014, -13.365127481079265 ], [ -72.379114606937151, -13.364597981078784 ], [ -72.377998606936146, -13.364055481078276 ], [ -72.376299731934594, -13.363838606078062 ], [ -72.375251606933617, -13.363730106077963 ], [ -72.375003106933377, -13.363619731077872 ], [ -72.373864981932329, -13.363216356077482 ], [ -72.373513731932022, -13.36292373107721 ], [ -72.372723356931289, -13.362279731076608 ], [ -72.372167231930774, -13.361986981076331 ], [ -72.371786606930414, -13.361781981076129 ], [ -72.371203481929896, -13.361344856075752 ], [ -72.371347481930016, -13.36266023107695 ], [ -72.371376856930041, -13.363509106077757 ], [ -72.371347481930016, -13.36491423107905 ], [ -72.371318231930005, -13.365792481079872 ], [ -72.370908481929604, -13.366465731080519 ], [ -72.370352231929076, -13.367197481081192 ], [ -72.369356981928163, -13.368280606082198 ], [ -72.368625106927524, -13.369100106082966 ], [ -72.36852560692742, -13.369443981083279 ], [ -72.36805448192699, -13.370038231083829 ], [ -72.367322856926293, -13.370526106084288 ], [ -72.36674523192579, -13.370808481084548 ], [ -72.366321606925396, -13.371090856084811 ], [ -72.36607760692516, -13.371399106085089 ], [ -72.365923731925037, -13.371784106085448 ], [ -72.365795231924892, -13.372515731086148 ], [ -72.365796856924902, -13.37339673108697 ], [ -72.366085731925182, -13.375883856089278 ], [ -72.366278231925335, -13.376798356090134 ], [ -72.366406606925452, -13.377729106090989 ], [ -72.366579356925627, -13.378699606091905 ], [ -72.367254731926252, -13.379646606092777 ], [ -72.367917856926852, -13.380287481093395 ], [ -72.368116731927032, -13.380641106093702 ], [ -72.368028356926942, -13.381083231094133 ], [ -72.367873606926807, -13.381525231094523 ], [ -72.367122106926104, -13.381945231094905 ], [ -72.365707606924801, -13.382541981095475 ], [ -72.364536231923736, -13.382851356095765 ], [ -72.364300731923507, -13.383037106095957 ], [ -72.364049981923287, -13.383315481096208 ], [ -72.363806981923062, -13.383757606096607 ], [ -72.363342856922642, -13.384553231097341 ], [ -72.36250285692185, -13.385746731098472 ], [ -72.361817606921235, -13.386785481099436 ], [ -72.360984856920467, -13.387589981100181 ], [ -72.359991856919549, -13.388237481100765 ], [ -72.35882648191847, -13.388626106101123 ], [ -72.3577472319175, -13.38901460610148 ], [ -72.356495356916341, -13.389575731102012 ], [ -72.355459356915375, -13.389964231102365 ], [ -72.354639106914618, -13.390266481102659 ], [ -72.353300981913378, -13.390482231102842 ], [ -72.351315231911542, -13.390007481102428 ], [ -72.35010648191043, -13.390136856102533 ], [ -72.349199981909607, -13.3905254811029 ], [ -72.347257356907846, -13.39199310610427 ], [ -72.346307731906975, -13.392424731104679 ], [ -72.345055856905816, -13.392813356105002 ], [ -72.344451481905253, -13.393115481105323 ], [ -72.343631231904496, -13.393806231105959 ], [ -72.342882856903813, -13.394390481106493 ], [ -72.34292698190383, -13.39482598110691 ], [ -72.343265856904139, -13.395249731107283 ], [ -72.344282731905068, -13.395969856107957 ], [ -72.3462644819069, -13.397648231109542 ], [ -72.346714606907341, -13.397888856109763 ], [ -72.347179731907758, -13.39817773111001 ], [ -72.347650356908176, -13.398458981110267 ], [ -72.348244106908709, -13.398998106110778 ], [ -72.348720731909168, -13.39929498111106 ], [ -72.349558606909923, -13.399574106111331 ], [ -72.350451231910753, -13.399767606111494 ], [ -72.351058606911323, -13.400017606111728 ], [ -72.351296856911546, -13.400236356111947 ], [ -72.351882856912084, -13.400558606112229 ], [ -72.352181606912339, -13.400773481112441 ], [ -72.353098731913192, -13.401422606113046 ], [ -72.353431606913489, -13.401609356113218 ], [ -72.353755856913793, -13.401900356113478 ], [ -72.354341856914331, -13.402595731114133 ], [ -72.355720731915596, -13.403884731115332 ], [ -72.357050731916829, -13.40491998111631 ], [ -72.357933606917641, -13.406123106117434 ], [ -72.358193356917866, -13.406773481118021 ], [ -72.3584383569181, -13.407132981118361 ], [ -72.358665981918307, -13.407474606118686 ], [ -72.359388731918969, -13.408312606119463 ], [ -72.359675731919239, -13.408726606119849 ], [ -72.360695356920189, -13.410781231121772 ], [ -72.361456981920881, -13.412812481123673 ], [ -72.362474481921794, -13.41484573112556 ], [ -72.362644481921976, -13.415335981126027 ], [ -72.362953106922248, -13.416222606126833 ], [ -72.363203106922498, -13.416632856127233 ], [ -72.363277356922552, -13.416951231127515 ], [ -72.363322231922567, -13.417496106128032 ], [ -72.363240231922532, -13.417943356128431 ], [ -72.36335748192262, -13.418980481129406 ], [ -72.363642606922866, -13.419847606130219 ], [ -72.363923856923122, -13.420458981130796 ], [ -72.364080106923282, -13.420966856131265 ], [ -72.364222606923391, -13.422138731132344 ], [ -72.364100231923288, -13.423435106133555 ], [ -72.36410348192328, -13.424115231134188 ], [ -72.364148481923351, -13.425583981135569 ], [ -72.364101606923299, -13.426203106136143 ], [ -72.364025231923222, -13.426617231136513 ], [ -72.364003856923219, -13.428626981138397 ], [ -72.364054731923247, -13.429089856138834 ], [ -72.364333981923522, -13.429730481139414 ], [ -72.36447860692364, -13.429808606139492 ], [ -72.365167981924259, -13.430521481140147 ], [ -72.365402356924491, -13.430835981140428 ], [ -72.365615231924679, -13.43123048114081 ], [ -72.365708981924769, -13.431912106141452 ], [ -72.365665981924721, -13.432812481142296 ], [ -72.365712856924787, -13.433515606142956 ], [ -72.365808606924858, -13.433824231143241 ], [ -72.366302731925316, -13.434761731144109 ], [ -72.366535106925525, -13.435628856144916 ], [ -72.366513731925522, -13.436792981146004 ], [ -72.366398481925415, -13.437128856146311 ], [ -72.366292981925312, -13.437296856146483 ], [ -72.365460981924556, -13.438142606147235 ], [ -72.365382856924484, -13.438320356147413 ], [ -72.365515606924603, -13.438533231147602 ], [ -72.365230981924341, -13.438690106147773 ], [ -72.364462231923611, -13.438735231147808 ], [ -72.363942106923133, -13.438712731147785 ], [ -72.363195981922445, -13.438803106147867 ], [ -72.361839231921195, -13.439006606148073 ], [ -72.360934981920366, -13.439142231148196 ], [ -72.359600981919129, -13.43986573114884 ], [ -72.359080981918666, -13.441041481149938 ], [ -72.358515731918132, -13.443008606151782 ], [ -72.358606106918245, -13.444998356153635 ], [ -72.358651356918259, -13.446558481155074 ], [ -72.358990481918582, -13.448028106156475 ], [ -72.359707731919229, -13.449761356158071 ], [ -72.359956981919453, -13.450519481158775 ], [ -72.36133273192074, -13.452340356160468 ], [ -72.363346481922562, -13.454530731162521 ], [ -72.364242981923397, -13.454950231162904 ], [ -72.366186106925184, -13.455038606162994 ], [ -72.367819981926672, -13.45521523116315 ], [ -72.369586481928309, -13.455170981163132 ], [ -72.371264606929884, -13.455259356163209 ], [ -72.372854356931327, -13.45601023116391 ], [ -72.373384356931837, -13.456716731164569 ], [ -72.373516731931929, -13.457908981165676 ], [ -72.373428481931839, -13.459631231167267 ], [ -72.373340106931764, -13.460735356168311 ], [ -72.373340106931764, -13.461750981169249 ], [ -72.373428481931839, -13.462634231170057 ], [ -72.374179106932544, -13.464135731171478 ], [ -72.374797356933087, -13.465327981172583 ], [ -72.375018231933325, -13.466476231173642 ], [ -72.374797356933087, -13.46775685617486 ], [ -72.374620731932936, -13.468816731175833 ], [ -72.372725981931197, -13.470893856177756 ], [ -72.369528106928257, -13.474612981181236 ], [ -72.369149106927921, -13.475584106182122 ], [ -72.368011981926855, -13.476721231183177 ], [ -72.366827606925753, -13.477289731183713 ], [ -72.365656231924675, -13.477621106184019 ], [ -72.364600856923687, -13.478000356184369 ], [ -72.364198106923354, -13.478260981184599 ], [ -72.363771731922938, -13.478900606185231 ], [ -72.363487481922689, -13.479563856185825 ], [ -72.362942731922175, -13.480274481186479 ], [ -72.363345356922551, -13.480795606186977 ], [ -72.36386648192304, -13.48138773118753 ], [ -72.364032356923175, -13.48212223118821 ], [ -72.364221981923365, -13.482927731188962 ], [ -72.364197231923328, -13.483693356189669 ], [ -72.364162106923288, -13.484076231190022 ], [ -72.364218731923359, -13.484847606190751 ], [ -72.36424610692336, -13.485228481191111 ], [ -72.36417773192332, -13.485517731191385 ], [ -72.364009731923147, -13.485882856191717 ], [ -72.363939481923111, -13.486369106192164 ], [ -72.364011731923142, -13.487150356192902 ], [ -72.36424610692336, -13.488066356193743 ], [ -72.364533231923645, -13.48864448119428 ], [ -72.364902356923977, -13.48925198119486 ], [ -72.365077606924118, -13.48977185619534 ], [ -72.36552935692454, -13.490806606196289 ], [ -72.365986856924962, -13.492289606197685 ], [ -72.366097606925067, -13.492640606198002 ], [ -72.366216856925178, -13.493369106198683 ], [ -72.366232481925195, -13.493740231199046 ], [ -72.366537106925477, -13.494644481199892 ], [ -72.366880856925803, -13.495269481200461 ], [ -72.368220731927011, -13.497357356202405 ], [ -72.368595731927385, -13.498060606203053 ], [ -72.369476606928174, -13.499302731204221 ], [ -72.36988673192856, -13.499734356204618 ], [ -72.370052731928695, -13.499999981204876 ], [ -72.370251981928888, -13.500414106205266 ], [ -72.37039260692903, -13.500527356205344 ], [ -72.370732481929352, -13.500697231205525 ], [ -72.371101606929685, -13.500841856205652 ], [ -72.371671856930192, -13.500818356205629 ], [ -72.37212698193062, -13.50076760620559 ], [ -72.37258198193102, -13.500857606205679 ], [ -72.373138731931547, -13.501044856205841 ], [ -72.37360348193198, -13.501228481206009 ], [ -72.373943356932301, -13.501343731206113 ], [ -72.374169981932511, -13.501458981206216 ], [ -72.374679731932986, -13.501714856206476 ], [ -72.375076231933335, -13.501914106206648 ], [ -72.375785106933961, -13.502226606206934 ], [ -72.376121106934278, -13.502675856207368 ], [ -72.37670898193484, -13.503644481208266 ], [ -72.377670731935723, -13.504944981209464 ], [ -72.377899231935928, -13.505573106210065 ], [ -72.377499606935572, -13.505972856210446 ], [ -72.376757106934889, -13.506429731210867 ], [ -72.375443606933672, -13.507286356211644 ], [ -72.370679731929272, -13.509161106213389 ], [ -72.367379981926248, -13.510276606214441 ], [ -72.364958231924007, -13.51105260621514 ], [ -72.361412856920751, -13.511718856215763 ], [ -72.360080356919525, -13.512361231216376 ], [ -72.358414731917989, -13.51364623121756 ], [ -72.357605606917247, -13.513669981217578 ], [ -72.355345106915152, -13.513955481217851 ], [ -72.353655731913591, -13.514383856218242 ], [ -72.350538606910746, -13.515335606219121 ], [ -72.347849856908269, -13.51612098121986 ], [ -72.346231856906783, -13.516882231220571 ], [ -72.345161106905792, -13.517429606221084 ], [ -72.342829231903636, -13.518928606222469 ], [ -72.341639481902547, -13.51957110622306 ], [ -72.340521106901505, -13.520023106223476 ], [ -72.339616981900676, -13.520284856223729 ], [ -72.337403606898619, -13.520465981223873 ], [ -72.334499731895974, -13.520736731224122 ], [ -72.333371356894943, -13.521007606224405 ], [ -72.332543856894148, -13.521368731224719 ], [ -72.332002106893654, -13.521639356224998 ], [ -72.33123573189296, -13.522061106225371 ], [ -72.331876106893546, -13.522581356225849 ], [ -72.333076481894679, -13.52338160622663 ], [ -72.333796856895319, -13.523621731226816 ], [ -72.334597106896055, -13.523501731226732 ], [ -72.337118231898373, -13.523381606226621 ], [ -72.338598731899737, -13.523581731226788 ], [ -72.340079356901114, -13.524061856227243 ], [ -72.340839731901809, -13.524502106227656 ], [ -72.341479981902367, -13.525342481228432 ], [ -72.34176010690264, -13.526182856229212 ], [ -72.341920231902776, -13.527383231230344 ], [ -72.342400356903241, -13.528063606230969 ], [ -72.343160606903922, -13.528703856231578 ], [ -72.343360731904113, -13.529183981232036 ], [ -72.343440731904181, -13.529664356232459 ], [ -72.343440731904181, -13.530864731233581 ], [ -72.343560856904304, -13.531704981234357 ], [ -72.343680856904413, -13.532465481235086 ], [ -72.344080981904781, -13.533025606235588 ], [ -72.344641106905286, -13.533785856236312 ], [ -72.345241481905845, -13.534906356237345 ], [ -72.345681606906254, -13.536586981238925 ], [ -72.346121856906635, -13.537987481240206 ], [ -72.346441981906949, -13.538787856240965 ], [ -72.346281856906785, -13.539668231241773 ], [ -72.345641606906199, -13.541188856243203 ], [ -72.345601606906158, -13.541909231243864 ], [ -72.345801731906349, -13.542949606244841 ], [ -72.346281856906771, -13.544430231246242 ], [ -72.34672210690718, -13.545110481246844 ], [ -72.347122231907576, -13.545390606247118 ], [ -72.347962606908325, -13.545670731247355 ], [ -72.348642856908953, -13.545910856247607 ], [ -72.349001106909299, -13.546032856247722 ], [ -72.349403606909632, -13.546412981248082 ], [ -72.349716606909965, -13.546882606248504 ], [ -72.349962606910154, -13.547530981249123 ], [ -72.350141481910342, -13.549230481250685 ], [ -72.350432106910617, -13.550102356251507 ], [ -72.350678106910806, -13.550571981251933 ], [ -72.351393606911458, -13.551130981252461 ], [ -72.352779981912775, -13.551756981253043 ], [ -72.354271481914125, -13.552437481253669 ], [ -72.3554163569152, -13.552835231254067 ], [ -72.356149981915848, -13.553289356254471 ], [ -72.356604231916293, -13.553883356255055 ], [ -72.3568487319165, -13.554651981255729 ], [ -72.35702348191667, -13.555595356256628 ], [ -72.35670898191637, -13.556817981257767 ], [ -72.356254856915967, -13.558215481259067 ], [ -72.355870481915588, -13.559822606260564 ], [ -72.355695856915446, -13.560241856260951 ], [ -72.355066981914874, -13.56142973126207 ], [ -72.354438106914287, -13.562373106262942 ], [ -72.354333356914168, -13.562862231263395 ], [ -72.354438106914287, -13.563456106263953 ], [ -72.354927231914743, -13.56411998126457 ], [ -72.355660856915392, -13.564888606265292 ], [ -72.356045231915758, -13.565901731266203 ], [ -72.356115231915808, -13.566530606266788 ], [ -72.356149981915834, -13.56698485626724 ], [ -72.356045231915758, -13.567299231267512 ], [ -72.355870481915588, -13.567997981268157 ], [ -72.355590856915342, -13.568731731268867 ], [ -72.355486231915251, -13.56957023126966 ], [ -72.35534648191512, -13.570198981270229 ], [ -72.355451231915197, -13.570653231270633 ], [ -72.355835606915562, -13.571212231271154 ], [ -72.356464481916149, -13.571771231271688 ], [ -72.357302981916916, -13.572539856272398 ], [ -72.358385981917891, -13.573587981273391 ], [ -72.358896981918363, -13.574374356274108 ], [ -72.359097356918539, -13.575232856274926 ], [ -72.359097356918539, -13.576291481275902 ], [ -72.359297606918744, -13.5780083562775 ], [ -72.359354981918784, -13.579496231278911 ], [ -72.35966960691907, -13.580612231279925 ], [ -72.360470731919818, -13.581756731280985 ], [ -72.362105356921319, -13.583748981282865 ], [ -72.362999481922131, -13.584929231283947 ], [ -72.363750606922835, -13.58589498128485 ], [ -72.36410823192314, -13.586932231285825 ], [ -72.364394356923412, -13.587361606286199 ], [ -72.36410823192314, -13.588076731286892 ], [ -72.363357231922478, -13.588827856287583 ], [ -72.361890731921108, -13.589936731288612 ], [ -72.36110385692038, -13.591510481290058 ], [ -72.361211106920479, -13.592833856291302 ], [ -72.361389981920667, -13.593513356291963 ], [ -72.361282731920539, -13.594264481292628 ], [ -72.36110385692038, -13.595337606293633 ], [ -72.360853481920145, -13.596625231294821 ], [ -72.360781981920084, -13.597769731295912 ], [ -72.360924981920206, -13.599128856297158 ], [ -72.361926481921145, -13.600309231298262 ], [ -72.3624273569216, -13.60141798129929 ], [ -72.362498731921661, -13.602240606300068 ], [ -72.362570231921723, -13.603098981300874 ], [ -72.363070981922192, -13.604815856302475 ], [ -72.363607481922671, -13.605781606303353 ], [ -72.364394356923398, -13.606067731303652 ], [ -72.366003981924905, -13.605853106303444 ], [ -72.366933731925755, -13.605209356302836 ], [ -72.368400356927069, -13.604815856302485 ], [ -72.369330356927961, -13.604851606302505 ], [ -72.370403356928932, -13.60506623130272 ], [ -72.371869731930303, -13.605566981303179 ], [ -72.374373481932579, -13.606532606304089 ], [ -72.374874231933049, -13.606854606304379 ], [ -72.37558960693373, -13.60771298130518 ], [ -72.376412231934466, -13.608571481305978 ], [ -72.377485231935466, -13.610180981307478 ], [ -72.378128981936044, -13.611361231308578 ], [ -72.378665481936537, -13.612112356309281 ], [ -72.378824481936718, -13.612530731309676 ], [ -72.379175606937011, -13.613156606310248 ], [ -72.379419856937218, -13.613354981310438 ], [ -72.379740356937518, -13.613614481310663 ], [ -72.379886731937674, -13.613851606310906 ], [ -72.380107481937898, -13.614482481311496 ], [ -72.380361356938096, -13.614949231311934 ], [ -72.380775356938472, -13.615427731312369 ], [ -72.381105481938803, -13.615972606312884 ], [ -72.381695356939332, -13.616617231313457 ], [ -72.382106356939701, -13.617598356314389 ], [ -72.382578106940144, -13.619105481315795 ], [ -72.383333981940837, -13.620412106317007 ], [ -72.38340623194091, -13.620667981317247 ], [ -72.384386731941817, -13.622921856319357 ], [ -72.384800731942178, -13.623691356320069 ], [ -72.384990231942353, -13.623837856320199 ], [ -72.385822231943109, -13.624249981320606 ], [ -72.386273481943533, -13.62463510632095 ], [ -72.38679885694404, -13.625484356321731 ], [ -72.387458981944647, -13.626285106322491 ], [ -72.387564481944722, -13.626412106322594 ], [ -72.388074231945183, -13.626740231322904 ], [ -72.388462856945551, -13.62711135632326 ], [ -72.388807231945862, -13.627657481323773 ], [ -72.388883606945939, -13.627810106323912 ], [ -72.389066356946103, -13.628103481324169 ], [ -72.3892694819463, -13.628341856324417 ], [ -72.389425731946446, -13.628417981324459 ], [ -72.389820356946814, -13.628783231324805 ], [ -72.389960981946942, -13.62897448132499 ], [ -72.390183606947133, -13.629419981325398 ], [ -72.390365231947314, -13.629617231325577 ], [ -72.391796856948631, -13.630749981326645 ], [ -72.392544981949328, -13.631201231327065 ], [ -72.392800731949549, -13.631419981327248 ], [ -72.393218731949929, -13.631646356327494 ], [ -72.393445356950153, -13.631703106327523 ], [ -72.393968731950636, -13.631734356327549 ], [ -72.394992606951561, -13.631630856327478 ], [ -72.395693356952208, -13.631634731327486 ], [ -72.396208981952697, -13.6318613563277 ], [ -72.396634731953085, -13.632281231328067 ], [ -72.397042981953462, -13.632550731328323 ], [ -72.398068356954397, -13.632966856328704 ], [ -72.398845606955135, -13.633367231329084 ], [ -72.399136731955409, -13.633455106329155 ], [ -72.399619981955823, -13.633499981329203 ], [ -72.400002606956178, -13.633323106329046 ], [ -72.400338731956509, -13.632952231328703 ], [ -72.401163231957256, -13.63224535632804 ], [ -72.401509856957588, -13.631898731327736 ], [ -72.401823481957862, -13.631440481327306 ], [ -72.40219573195823, -13.630896356326785 ], [ -72.403380481959317, -13.629578481325575 ], [ -72.403469356959391, -13.629479606325466 ], [ -72.403612481959541, -13.629140481325152 ], [ -72.403733106959635, -13.628733481324778 ], [ -72.403750106959649, -13.628498731324557 ], [ -72.40381598195971, -13.627587981323721 ], [ -72.404109856959977, -13.626661106322839 ], [ -72.404362106960193, -13.625973731322205 ], [ -72.404483856960312, -13.625642231321901 ], [ -72.404629856960455, -13.62524423132154 ], [ -72.405202606961012, -13.624302231320653 ], [ -72.40532148196111, -13.624177356320521 ], [ -72.405824731961573, -13.623649106320038 ], [ -72.405956231961682, -13.623510856319905 ], [ -72.406325356962014, -13.623279106319705 ], [ -72.40757648196319, -13.622493481318974 ], [ -72.40799098196355, -13.622033856318543 ], [ -72.408145606963728, -13.621766231318297 ], [ -72.408495981964052, -13.621159606317725 ], [ -72.409046106964524, -13.62055673131718 ], [ -72.409475606964932, -13.620247731316885 ], [ -72.410979856966321, -13.61941623131611 ], [ -72.411849606967124, -13.618989231315716 ], [ -72.412181481967437, -13.618692356315426 ], [ -72.413635606968768, -13.617391481314227 ], [ -72.415255856970262, -13.61623098131313 ], [ -72.415851231970805, -13.615944606312869 ], [ -72.417325106972172, -13.615566106312519 ], [ -72.417524356972365, -13.615514981312462 ], [ -72.417906356972694, -13.615300356312288 ], [ -72.41797173197277, -13.615228231312219 ], [ -72.418142231972951, -13.61504023131204 ], [ -72.418315606973096, -13.614723731311742 ], [ -72.418421106973184, -13.614158481311208 ], [ -72.418377106973153, -13.613461981310575 ], [ -72.418262856973058, -13.612530731309711 ], [ -72.418571856973315, -13.611113981308376 ], [ -72.41879798197354, -13.610458231307785 ], [ -72.419770106974426, -13.608385731305852 ], [ -72.420636731975236, -13.607059356304623 ], [ -72.421120481975677, -13.606436731304035 ], [ -72.421189106975746, -13.606348481303945 ], [ -72.421397856975929, -13.606079731303685 ], [ -72.421624356976167, -13.605962356303577 ], [ -72.421804856976308, -13.605868731303486 ], [ -72.422302231976744, -13.60574810630337 ], [ -72.423016731977427, -13.605635981303278 ], [ -72.423485481977863, -13.605650106303274 ], [ -72.424081356978405, -13.605668231303317 ], [ -72.424668606978955, -13.605853606303475 ], [ -72.42530923197954, -13.60598923130361 ], [ -72.426087606980261, -13.606103231303727 ], [ -72.427200731981287, -13.606079731303693 ], [ -72.42793798198197, -13.605824481303456 ], [ -72.428376481982369, -13.605672731303336 ], [ -72.42892660698287, -13.605393856303065 ], [ -72.429469856983403, -13.604940481302643 ], [ -72.429838481983722, -13.604632731302344 ], [ -72.43029060698413, -13.604414231302156 ], [ -72.430878481984664, -13.604323731302083 ], [ -72.431443856985211, -13.604391606302126 ], [ -72.433048856986701, -13.604753356302464 ], [ -72.434812356988317, -13.605212981302904 ], [ -72.436161356989544, -13.605393856303056 ], [ -72.437223981990542, -13.605326106302998 ], [ -72.438211231991431, -13.605152731302828 ], [ -72.438980481992175, -13.604915731302636 ], [ -72.439507356992621, -13.604753356302464 ], [ -72.439753606992866, -13.604602606302333 ], [ -72.440886356993914, -13.603909231301682 ], [ -72.442573606995467, -13.602980856300825 ], [ -72.443005356995855, -13.602752731300617 ], [ -72.44462448199738, -13.601897106299823 ], [ -72.445039356997754, -13.601807481299744 ], [ -72.44598848199864, -13.601670981299607 ], [ -72.447823482000317, -13.600981481298964 ], [ -72.450027982002368, -13.600404981298421 ], [ -72.450959482003213, -13.600081356298121 ], [ -72.45128660700351, -13.599967856298017 ], [ -72.452673107004799, -13.599236856297354 ], [ -72.453373982005445, -13.598709231296858 ], [ -72.453805982005832, -13.598459481296615 ], [ -72.454142732006147, -13.598264606296425 ], [ -72.454745607006714, -13.597812481296025 ], [ -72.456041857007918, -13.596644356294918 ], [ -72.457172232008958, -13.595815356294148 ], [ -72.457880607009599, -13.595355731293736 ], [ -72.458349607010021, -13.594965356293374 ], [ -72.458807607010456, -13.594413606292854 ], [ -72.459109107010747, -13.593818231292294 ], [ -72.459282357010906, -13.592687856291247 ], [ -72.459448232011042, -13.591346356289995 ], [ -72.45961398201122, -13.590547606289263 ], [ -72.459856107011447, -13.590217356288948 ], [ -72.460179232011711, -13.590035106288795 ], [ -72.460721857012231, -13.589944731288698 ], [ -72.461791982013196, -13.589989856288732 ], [ -72.46222973201364, -13.589935231288685 ], [ -72.462605857013969, -13.589680856288469 ], [ -72.462711232014058, -13.589605481288386 ], [ -72.464406982015618, -13.588392231287232 ], [ -72.465080732016247, -13.588092106286965 ], [ -72.465303857016465, -13.587992856286879 ], [ -72.465884107017004, -13.587834481286711 ], [ -72.466321232017393, -13.58779685628669 ], [ -72.467583607018568, -13.587996106286891 ], [ -72.468254232019177, -13.587905106286819 ], [ -72.469282982020133, -13.58772898128665 ], [ -72.469536482020359, -13.587731106286617 ], [ -72.470285232021055, -13.587736606286647 ], [ -72.4707676070215, -13.587849606286758 ], [ -72.471551357022236, -13.588233981287111 ], [ -72.472407857023029, -13.588653981287495 ], [ -72.472779732023369, -13.588753981287583 ], [ -72.473359982023894, -13.588753981287592 ], [ -72.473774482024268, -13.588716231287563 ], [ -72.474293607024748, -13.588643231287495 ], [ -72.474995357025392, -13.588384731287235 ], [ -72.47558323202594, -13.588264106287127 ], [ -72.476253982026563, -13.588233981287109 ], [ -72.476977357027224, -13.588264106287127 ], [ -72.477354232027594, -13.588324481287184 ], [ -72.478243482028418, -13.588542981287418 ], [ -72.47887648202898, -13.588768981287602 ], [ -72.479328732029416, -13.589010231287824 ], [ -72.479912982029944, -13.589427231288228 ], [ -72.480279857030268, -13.589588856288371 ], [ -72.480873607030816, -13.589763856288556 ], [ -72.481334482031272, -13.58985835628863 ], [ -72.482787857032605, -13.589952231288715 ], [ -72.483360607033148, -13.590027606288791 ], [ -72.483792482033536, -13.590159231288899 ], [ -72.483913107033644, -13.590212231288975 ], [ -72.484144357033841, -13.590313981289054 ], [ -72.484573857034249, -13.590600356289308 ], [ -72.484890107034545, -13.590903356289607 ], [ -72.485478232035092, -13.591466981290127 ], [ -72.485885232035457, -13.591715731290341 ], [ -72.486197357035763, -13.591827981290455 ], [ -72.486406232035961, -13.59190323129053 ], [ -72.487249232036717, -13.59201710629066 ], [ -72.487837107037265, -13.592009606290636 ], [ -72.488485232037846, -13.591934231290566 ], [ -72.488959982038295, -13.591821231290451 ], [ -72.489494982038792, -13.591602606290257 ], [ -72.490014982039256, -13.591165481289865 ], [ -72.49028173203952, -13.590721731289452 ], [ -72.490670482039874, -13.590191606288961 ], [ -72.490851607040057, -13.589944731288709 ], [ -72.49086135704006, -13.589845231288622 ], [ -72.490904357040094, -13.589409606288237 ], [ -72.490821357040019, -13.588836856287687 ], [ -72.490843982040047, -13.588286731287159 ], [ -72.49103998204022, -13.587517981286448 ], [ -72.491315857040476, -13.586892481285867 ], [ -72.491401732040558, -13.585272231284371 ], [ -72.491460482040608, -13.584162856283339 ], [ -72.491491107040645, -13.583583606282781 ], [ -72.491559857040713, -13.583086731282327 ], [ -72.491770982040904, -13.582619481281892 ], [ -72.4920874820412, -13.582257731281539 ], [ -72.492171982041285, -13.582200606281511 ], [ -72.492554732041626, -13.581941356281261 ], [ -72.493398732042422, -13.580938981280324 ], [ -72.493903732042867, -13.580283231279713 ], [ -72.494838232043747, -13.579348731278866 ], [ -72.495614482044459, -13.578949356278494 ], [ -72.496676982045429, -13.578798606278339 ], [ -72.497611482046295, -13.578745856278289 ], [ -72.49832748204696, -13.578647856278195 ], [ -72.498694232047313, -13.578509856278071 ], [ -72.499088607047668, -13.578361481277945 ], [ -72.500000482048506, -13.577864106277488 ], [ -72.500186482048676, -13.577777231277405 ], [ -72.500693857049143, -13.577540106277167 ], [ -72.501085732049518, -13.577261231276925 ], [ -72.501718732050108, -13.576665856276355 ], [ -72.501967482050333, -13.576356856276062 ], [ -72.502133232050483, -13.576062981275795 ], [ -72.50261435705093, -13.575473981275234 ], [ -72.503130982051388, -13.57502210627483 ], [ -72.503474732051714, -13.574721606274524 ], [ -72.504047482052258, -13.574450231274303 ], [ -72.504921607053035, -13.574171356274046 ], [ -72.505592357053672, -13.574103606273958 ], [ -72.506496732054529, -13.57411860627399 ], [ -72.507770357055691, -13.57441260627427 ], [ -72.508478732056361, -13.574457731274304 ], [ -72.510453232058168, -13.574502981274337 ], [ -72.512224232059808, -13.5742467312741 ], [ -72.513475232060941, -13.573975481273841 ], [ -72.515005107062365, -13.573508231273411 ], [ -72.516346482063611, -13.572950606272899 ], [ -72.517167982064365, -13.572551106272549 ], [ -72.519345982066383, -13.571315231271381 ], [ -72.519849482066846, -13.570788731270893 ], [ -72.519953107066939, -13.570534481270663 ], [ -72.520129732067105, -13.570101856270258 ], [ -72.520115357067098, -13.569448606269638 ], [ -72.519979107066959, -13.568466481268718 ], [ -72.520061857067063, -13.567938981268226 ], [ -72.520378357067329, -13.567599856267917 ], [ -72.520722857067653, -13.567400731267744 ], [ -72.521056607067948, -13.567207981267559 ], [ -72.522217232069039, -13.566770856267162 ], [ -72.523166732069924, -13.566597481266992 ], [ -72.52399160707067, -13.566491106266907 ], [ -72.524951357071558, -13.566619731267021 ], [ -72.525891107072411, -13.567035231267386 ], [ -72.52689035707337, -13.567638731267969 ], [ -72.528314982074676, -13.568855606269098 ], [ -72.529493982075763, -13.56986273127003 ], [ -72.531055482077193, -13.570844231270936 ], [ -72.531935982078025, -13.571447731271517 ], [ -72.532762232078767, -13.572013981272047 ], [ -72.533380357079352, -13.572387606272398 ], [ -72.533835357079752, -13.572496356272492 ], [ -72.534567482080448, -13.572535981272519 ], [ -72.53534910708116, -13.572436981272427 ], [ -72.536160357081926, -13.57210060627213 ], [ -72.536635232082347, -13.571655481271703 ], [ -72.536922107082631, -13.571180606271266 ], [ -72.537151357082848, -13.570618606270752 ], [ -72.537246232082936, -13.56997348127015 ], [ -72.537122857082807, -13.567962106268286 ], [ -72.537236732082931, -13.567497231267817 ], [ -72.537464357083138, -13.567212606267566 ], [ -72.53790585708353, -13.566874731267273 ], [ -72.538545982084131, -13.566567481266965 ], [ -72.54020623208568, -13.565770606266232 ], [ -72.540984232086373, -13.565115981265622 ], [ -72.541932857087261, -13.563797231264408 ], [ -72.542578107087877, -13.561804856262535 ], [ -72.542663482087917, -13.560979481261779 ], [ -72.542748857088014, -13.559385606260291 ], [ -72.542834232088097, -13.559053606259967 ], [ -72.543109357088355, -13.558436856259393 ], [ -72.543536232088755, -13.557971981258961 ], [ -72.544105482089279, -13.557573606258586 ], [ -72.545310357090386, -13.557013856258072 ], [ -72.547226857092156, -13.55644460625755 ], [ -72.547729607092634, -13.556235856257368 ], [ -72.548118482093003, -13.556016856257148 ], [ -72.547906232092785, -13.555902356257048 ], [ -72.547634732092547, -13.555892606257032 ], [ -72.547160107092111, -13.555652356256823 ], [ -72.547056607091989, -13.555470731256641 ], [ -72.546894482091844, -13.554920106256134 ], [ -72.546537107091524, -13.554263731255512 ], [ -72.546126982091153, -13.553687481254979 ], [ -72.545525357090582, -13.55324410625458 ], [ -72.544636732089756, -13.552417981253809 ], [ -72.54387685708906, -13.55158398125301 ], [ -72.54329498208854, -13.551167981252632 ], [ -72.542316357087628, -13.550312481251838 ], [ -72.541812482087153, -13.549943356251486 ], [ -72.540927732086331, -13.549081981250685 ], [ -72.540654357086098, -13.548886731250493 ], [ -72.539330107084879, -13.548244106249909 ], [ -72.537765607083415, -13.547248106248983 ], [ -72.53747660708315, -13.546919981248671 ], [ -72.537206982082907, -13.546689606248465 ], [ -72.536154357081912, -13.546156106247969 ], [ -72.535083982080934, -13.545369106247232 ], [ -72.533789107079741, -13.544603481246535 ], [ -72.532705107078741, -13.544164106246114 ], [ -72.532255857078326, -13.543927731245871 ], [ -72.531749982077841, -13.543589981245553 ], [ -72.53165235707776, -13.543566356245556 ], [ -72.531468732077599, -13.543363231245374 ], [ -72.531062482077232, -13.543072231245077 ], [ -72.530353482076563, -13.542775356244812 ], [ -72.529080107075387, -13.542400356244448 ], [ -72.527988232074392, -13.541749981243862 ], [ -72.526896482073369, -13.541326231243456 ], [ -72.524119107070817, -13.540728481242894 ], [ -72.52323248207, -13.540605481242769 ], [ -72.522826232069605, -13.540613231242782 ], [ -72.52150960706841, -13.540451231242654 ], [ -72.520761732067712, -13.540216856242431 ], [ -72.520277357067272, -13.539945356242189 ], [ -72.519959107066967, -13.539691356241946 ], [ -72.519054732066152, -13.538464856240806 ], [ -72.518935607066041, -13.538220731240562 ], [ -72.518474607065599, -13.537281231239684 ], [ -72.517718732064907, -13.536249981238724 ], [ -72.517160107064385, -13.535203106237756 ], [ -72.516839857064099, -13.534101606236721 ], [ -72.516410107063678, -13.533023481235713 ], [ -72.516341857063622, -13.532529356235271 ], [ -72.516445357063731, -13.532068356234843 ], [ -72.51645123206373, -13.531519481234326 ], [ -72.516070357063384, -13.530775356233635 ], [ -72.515205732062583, -13.530144856233033 ], [ -72.514107482061576, -13.529357481232319 ], [ -72.513552732061058, -13.529081981232036 ], [ -72.512748107060318, -13.528585981231593 ], [ -72.51225973205986, -13.528199231231222 ], [ -72.511331982058991, -13.527138731230245 ], [ -72.510540982058259, -13.526429731229594 ], [ -72.509089857056921, -13.524841856228104 ], [ -72.506943357054951, -13.522984356226358 ], [ -72.506156232054224, -13.522077981225509 ], [ -72.505947232054041, -13.521685606225143 ], [ -72.505853482053936, -13.521357481224856 ], [ -72.505789107053886, -13.520865231224388 ], [ -72.505915982054006, -13.519486356223112 ], [ -72.506361357054431, -13.518789231222476 ], [ -72.506753857054775, -13.518287106221992 ], [ -72.507902357055841, -13.517214856221001 ], [ -72.50806835705599, -13.516974606220758 ], [ -72.508134732056064, -13.516660106220467 ], [ -72.507832732055775, -13.515113606219026 ], [ -72.507761357055713, -13.514742856218698 ], [ -72.507730482055692, -13.513958981217957 ], [ -72.507816357055745, -13.513261731217311 ], [ -72.50779898205576, -13.513021481217084 ], [ -72.507609357055571, -13.51264848121675 ], [ -72.507382857055376, -13.51232223121643 ], [ -72.506673857054722, -13.511509731215677 ], [ -72.506425732054481, -13.510978481215187 ], [ -72.506234357054311, -13.510277356214528 ], [ -72.506316357054374, -13.509843731214138 ], [ -72.506257857054337, -13.509109356213445 ], [ -72.505830107053939, -13.507671856212097 ], [ -72.50541798205353, -13.506755856211257 ], [ -72.505683607053797, -13.506341856210849 ], [ -72.505843732053933, -13.505990106210556 ], [ -72.505853482053951, -13.505636731210195 ], [ -72.505980482054085, -13.504865231209473 ], [ -72.505994107054093, -13.504537106209181 ], [ -72.505802732053908, -13.502464856207254 ], [ -72.505898482054008, -13.501113231205991 ], [ -72.506031232054127, -13.499999981204976 ], [ -72.505867232053973, -13.499113231204145 ], [ -72.505855482053974, -13.498289106203359 ], [ -72.506203107054276, -13.496455106201662 ], [ -72.506283232054372, -13.49413085619951 ], [ -72.506371107054449, -13.493449231198849 ], [ -72.506492232054555, -13.493072231198509 ], [ -72.506732482054773, -13.492703106198174 ], [ -72.50819135705612, -13.491140606196723 ], [ -72.508658232056547, -13.490406231196019 ], [ -72.508705107056599, -13.489835981195505 ], [ -72.50857623205647, -13.488863231194605 ], [ -72.508587857056483, -13.488562481194315 ], [ -72.509740232057567, -13.486001981191945 ], [ -72.509806607057612, -13.484160106190203 ], [ -72.509988232057793, -13.483351606189467 ], [ -72.510740107058481, -13.482175731188354 ], [ -72.511216857058926, -13.481109481187374 ], [ -72.511490232059188, -13.480609356186884 ], [ -72.511900357059559, -13.480248106186561 ], [ -72.51301760706059, -13.479607481185978 ], [ -72.513603482061143, -13.479087856185485 ], [ -72.514259732061717, -13.478347606184792 ], [ -72.514894482062331, -13.477290981183804 ], [ -72.514947232062369, -13.476986356183534 ], [ -72.515326232062719, -13.475937481182568 ], [ -72.515839857063213, -13.47400198118075 ], [ -72.516023482063375, -13.472939481179765 ], [ -72.51604885706341, -13.472298856179179 ], [ -72.516386732063694, -13.471419981178341 ], [ -72.516652357063947, -13.470945356177902 ], [ -72.517039107064306, -13.470470731177466 ], [ -72.517701232064923, -13.469822231176856 ], [ -72.519054732066195, -13.469029231176137 ], [ -72.520081982067097, -13.468283231175423 ], [ -72.520671857067668, -13.467716856174906 ], [ -72.521342357068292, -13.466729606173995 ], [ -72.522624982069487, -13.465146481172523 ], [ -72.524277357071, -13.46356835617104 ], [ -72.525042982071724, -13.463025356170535 ], [ -72.526134732072705, -13.461660106169255 ], [ -72.526425732072994, -13.460115231167844 ], [ -72.526558607073127, -13.459810606167538 ], [ -72.52709373207361, -13.45909373116689 ], [ -72.527197232073718, -13.458714731166546 ], [ -72.527234357073752, -13.456951231164885 ], [ -72.527296857073793, -13.456400356164384 ], [ -72.527259732073759, -13.455136731163183 ], [ -72.527495982073987, -13.453296856161472 ], [ -72.527960982074418, -13.452164106160414 ], [ -72.528314482074748, -13.451808606160094 ], [ -72.529033232075406, -13.451347606159663 ], [ -72.529318357075667, -13.451009731159361 ], [ -72.529456982075786, -13.450507856158881 ], [ -72.529447107075796, -13.449580106158013 ], [ -72.529621107075954, -13.449140606157624 ], [ -72.530205107076483, -13.448449231156964 ], [ -72.530871107077104, -13.447306606155911 ], [ -72.531287107077503, -13.446708981155368 ], [ -72.532007857078142, -13.446029356154693 ], [ -72.532511732078618, -13.445908231154601 ], [ -72.533054732079137, -13.445874981154573 ], [ -72.533380857079422, -13.445749981154462 ], [ -72.533771482079771, -13.445464856154198 ], [ -72.534246107080207, -13.444847606153626 ], [ -72.534501982080457, -13.444660106153449 ], [ -72.536371107082189, -13.444005856152824 ], [ -72.537392607083149, -13.443523481152376 ], [ -72.537732482083442, -13.443261731152134 ], [ -72.538312482083967, -13.44253323115146 ], [ -72.538749982084411, -13.442124981151071 ], [ -72.539068357084702, -13.441958856150949 ], [ -72.540371107085889, -13.441548856150552 ], [ -72.540865232086347, -13.44124223115027 ], [ -72.541529357086944, -13.44058985614965 ], [ -72.541724607087147, -13.440214856149293 ], [ -72.542248107087616, -13.439507856148634 ], [ -72.542886732088235, -13.438378731147614 ], [ -72.543689607088965, -13.437335981146626 ], [ -72.544107482089345, -13.436939481146272 ], [ -72.544771482089971, -13.436556606145913 ], [ -72.545230482090389, -13.436214856145586 ], [ -72.545923857091012, -13.435455106144889 ], [ -72.546609357091668, -13.434578106144063 ], [ -72.547669982092629, -13.432884731142495 ], [ -72.548895857093783, -13.431928231141576 ], [ -72.549135107093988, -13.43169998114139 ], [ -72.551042982095737, -13.429845731139647 ], [ -72.551421857096102, -13.429341856139168 ], [ -72.552443357097047, -13.427558606137513 ], [ -72.553156232097692, -13.426738231136753 ], [ -72.554388732098843, -13.425724606135807 ], [ -72.555324232099721, -13.425197231135343 ], [ -72.556154357100482, -13.424882856135039 ], [ -72.556828107101097, -13.424529356134707 ], [ -72.557355482101585, -13.424070356134276 ], [ -72.558306607102466, -13.423044981133319 ], [ -72.55901560710312, -13.421748106132119 ], [ -72.559525357103595, -13.420115231130595 ], [ -72.559947232103994, -13.419603481130137 ], [ -72.561646482105559, -13.418289106128881 ], [ -72.56285148210668, -13.416636731127369 ], [ -72.562939482106771, -13.416447231127187 ], [ -72.56400385710775, -13.415501856126301 ], [ -72.564568357108271, -13.414513731125398 ], [ -72.56473048210843, -13.414121106125007 ], [ -72.564861357108526, -13.413531231124455 ], [ -72.564915982108573, -13.412544981123535 ], [ -72.565037107108722, -13.412175731123199 ], [ -72.565265607108913, -13.411935606123 ], [ -72.566187482109768, -13.411572231122646 ], [ -72.566459107110006, -13.411300731122401 ], [ -72.566681607110212, -13.410966856122084 ], [ -72.566882857110414, -13.410511731121655 ], [ -72.56717573211067, -13.408705106119982 ], [ -72.567933607111385, -13.407242231118602 ], [ -72.568091857111526, -13.405187481116709 ], [ -72.568831982112201, -13.403294981114927 ], [ -72.569033232112403, -13.402398481114092 ], [ -72.569047982112423, -13.400879106112685 ], [ -72.56930860711266, -13.399050731110972 ], [ -72.569745982113076, -13.398253856110241 ], [ -72.569912107113211, -13.397828106109845 ], [ -72.570099607113391, -13.39686723110896 ], [ -72.57084235711406, -13.39522385610743 ], [ -72.571314482114502, -13.394179731106449 ], [ -72.5717422321149, -13.393089856105437 ], [ -72.571796857114975, -13.392402356104782 ], [ -72.571660107114838, -13.391353481103806 ], [ -72.571677732114864, -13.390609356103116 ], [ -72.571781232114944, -13.390193481102733 ], [ -72.571941357115094, -13.389540981102122 ], [ -72.572171857115308, -13.388972606101602 ], [ -72.57234573211548, -13.388339856100997 ], [ -72.572361357115497, -13.387761856100473 ], [ -72.572236357115372, -13.387300731100053 ], [ -72.571800732114951, -13.386369106099188 ], [ -72.571214857114427, -13.385648481098515 ], [ -72.570595732113858, -13.385111356098005 ], [ -72.569211107112579, -13.384281231097217 ], [ -72.568890732112294, -13.383999981096963 ], [ -72.568353482111775, -13.383162106096192 ], [ -72.567093732110621, -13.380843731094025 ], [ -72.566560607110134, -13.380101606093351 ], [ -72.565773482109407, -13.37915823109245 ], [ -72.565458982109092, -13.378589856091931 ], [ -72.565158232108843, -13.37786323109126 ], [ -72.564566357108262, -13.375357481088907 ], [ -72.564271482108012, -13.374458981088083 ], [ -72.563707107107504, -13.373414106087095 ], [ -72.56233198210623, -13.371437481085284 ], [ -72.561742232105672, -13.370421856084334 ], [ -72.560876982104872, -13.369494106083456 ], [ -72.560046857104112, -13.368738231082748 ], [ -72.558894482103057, -13.36724223108134 ], [ -72.55817560710237, -13.366423856080582 ], [ -72.557074232101371, -13.365326231079559 ], [ -72.555845732100224, -13.364308606078621 ], [ -72.555070357099524, -13.363281231077671 ], [ -72.554620982099081, -13.362353481076807 ], [ -72.55430060709881, -13.361195356075736 ], [ -72.554316357098827, -13.359578106074224 ], [ -72.554583982099075, -13.358021481072756 ], [ -72.554546857099041, -13.356749981071603 ], [ -72.554936607099393, -13.354990856069934 ], [ -72.555098607099538, -13.353317481068386 ], [ -72.554774732099247, -13.350672731065938 ], [ -72.5541809820987, -13.348729731064111 ], [ -72.553371357097959, -13.346840481062362 ], [ -72.552777607097411, -13.346030856061612 ], [ -72.551914107096621, -13.343709981059439 ], [ -72.550888482095672, -13.34257648105838 ], [ -72.549107357094002, -13.339769731055778 ], [ -72.547919857092921, -13.338204481054289 ], [ -72.547542107092568, -13.337178981053361 ], [ -72.547272232092325, -13.336207481052469 ], [ -72.546948357092035, -13.33485810605119 ], [ -72.546732482091826, -13.333994481050393 ], [ -72.54668160709177, -13.33260935604911 ], [ -72.545625232090813, -13.333178731049625 ], [ -72.545192357090386, -13.333430231049865 ], [ -72.544719357089974, -13.333701981050121 ], [ -72.544105357089393, -13.33417510605056 ] ] ] } },
{ "type": "Feature", "properties": { "district": "Huarocondo", "records": 1080, "flora_species": 43, "fauna_species": 130, "species": 173, "families": 64, "sources": 2, "platforms": 4, "first_year": 1915, "last_year": 2026, "recent_records": 821, "records_per_species": 6.2, "recent_pct": 76.0, "exclusive_species": 27.0, "mean_turnover": 0.749, "tooltip": "<b>Huarocondo</b><br>Registros:  1,080<br>Especies: 173<br>Flora: 43 | Fauna: 130<br>Especies exclusivas: 27<br>Recambio medio: 75%" }, "geometry": { "type": "Polygon", "coordinates": [ [ [ -72.231714856801815, -13.328601606045099 ], [ -72.23039910680059, -13.328036356044587 ], [ -72.229104231799411, -13.327460856044056 ], [ -72.227521481797964, -13.3268852310435 ], [ -72.226399231796933, -13.326683856043315 ], [ -72.224989231795632, -13.326482606043141 ], [ -72.223061231793878, -13.326223481042888 ], [ -72.221708731792631, -13.326022106042695 ], [ -72.220385106791412, -13.326165731042833 ], [ -72.219521731790607, -13.326280981042949 ], [ -72.21834198178955, -13.326798981043416 ], [ -72.21732723178863, -13.327590356044139 ], [ -72.21578610678722, -13.328387481044894 ], [ -72.214138856785681, -13.329078356045519 ], [ -72.212863481784524, -13.329715981046116 ], [ -72.211960106783692, -13.330459981046809 ], [ -72.211534981783302, -13.331310231047597 ], [ -72.211481856783237, -13.332479231048687 ], [ -72.21148823178325, -13.334060606050153 ], [ -72.211449106783206, -13.334843981050895 ], [ -72.211739731783496, -13.335679231051669 ], [ -72.212865481784519, -13.337277231053168 ], [ -72.213519231785099, -13.338366731054164 ], [ -72.214245481785781, -13.339129356054871 ], [ -72.214753981786259, -13.339855606055576 ], [ -72.214862856786326, -13.340545731056197 ], [ -72.214971856786448, -13.341235731056837 ], [ -72.215480356786884, -13.342579606058111 ], [ -72.215443981786876, -13.343487356058937 ], [ -72.215127856786594, -13.345093606060447 ], [ -72.21477448178625, -13.347390231062574 ], [ -72.214111981785649, -13.349156856064223 ], [ -72.213935356785498, -13.350128606065136 ], [ -72.21380285678535, -13.351365231066293 ], [ -72.214067856785604, -13.352469481067315 ], [ -72.214288606785814, -13.353176231067973 ], [ -72.214465356785951, -13.353971106068702 ], [ -72.214156106785666, -13.354501231069195 ], [ -72.213361106784959, -13.355119481069766 ], [ -72.212566106784209, -13.355693606070314 ], [ -72.212477856784133, -13.356267731070847 ], [ -72.212124481783803, -13.357018606071554 ], [ -72.211506231783247, -13.357592731072074 ], [ -72.211064481782842, -13.357946106072429 ], [ -72.211064481782842, -13.358564481072975 ], [ -72.211196981782948, -13.359094481073484 ], [ -72.211550356783292, -13.359756981074085 ], [ -72.212345731784012, -13.360367231074655 ], [ -72.212521981784164, -13.361302731075536 ], [ -72.212256981783923, -13.362274481076419 ], [ -72.212080356783758, -13.363157856077251 ], [ -72.211947856783638, -13.36452698107853 ], [ -72.211506231783247, -13.365410356079362 ], [ -72.210843481782618, -13.366028606079922 ], [ -72.209960356781821, -13.366779481080631 ], [ -72.209474481781385, -13.366867856080697 ], [ -72.208627356780582, -13.367195481081025 ], [ -72.20625298177842, -13.368834981082538 ], [ -72.2048113567771, -13.36945685608311 ], [ -72.20292985677537, -13.370390731083981 ], [ -72.201786856774305, -13.371294231084825 ], [ -72.199695106772424, -13.372424856085866 ], [ -72.198281731771118, -13.373612106086995 ], [ -72.19754673177043, -13.374375231087694 ], [ -72.196133606769152, -13.375675606088885 ], [ -72.195030981768127, -13.376212606089398 ], [ -72.194069981767242, -13.376297481089486 ], [ -72.19339160676661, -13.376156106089342 ], [ -72.192543606765852, -13.376099606089289 ], [ -72.192006481765375, -13.375845106089052 ], [ -72.191632481765026, -13.375285856088523 ], [ -72.191210231764643, -13.374916231088195 ], [ -72.190681981764143, -13.375021856088283 ], [ -72.189942606763466, -13.375391481088615 ], [ -72.189256106762855, -13.375972356089182 ], [ -72.188252731761921, -13.377186856090285 ], [ -72.187460606761192, -13.378137481091175 ], [ -72.186298856760146, -13.378824106091807 ], [ -72.184925731758881, -13.379404981092346 ], [ -72.182496481756644, -13.380461106093323 ], [ -72.179063981753529, -13.38199260609476 ], [ -72.17753248175211, -13.382890356095606 ], [ -72.176951606751558, -13.383999356096629 ], [ -72.176951606751558, -13.385161106097705 ], [ -72.177162856751764, -13.386006106098504 ], [ -72.177167981751765, -13.387173231099581 ], [ -72.175985106750687, -13.389074356101364 ], [ -72.174252981749106, -13.390468481102657 ], [ -72.172182856747199, -13.391524731103626 ], [ -72.170197231745377, -13.392327356104358 ], [ -72.166690731742179, -13.393425981105377 ], [ -72.163775606739506, -13.39384823110578 ], [ -72.160818356736826, -13.393932731105847 ], [ -72.157269606733564, -13.39283448110481 ], [ -72.15426998173082, -13.392242731104274 ], [ -72.151016981727849, -13.391947106103986 ], [ -72.149327106726304, -13.391862606103906 ], [ -72.146665481723872, -13.39177810610383 ], [ -72.147957606725072, -13.393549731105455 ], [ -72.15093198172778, -13.395334106107136 ], [ -72.154739106731242, -13.39688085610859 ], [ -72.158308356734494, -13.398427606110037 ], [ -72.161877481737775, -13.400449981111926 ], [ -72.163900106739604, -13.40294848111424 ], [ -72.164018981739716, -13.404376106115569 ], [ -72.16366210673938, -13.406041731117107 ], [ -72.163046106738818, -13.407756231118723 ], [ -72.16267185673847, -13.408729481119627 ], [ -72.162746731738551, -13.409702731120539 ], [ -72.163270731739019, -13.410750981121518 ], [ -72.16491785674053, -13.41187398112257 ], [ -72.16581635674136, -13.4129969811236 ], [ -72.166040981741546, -13.414344731124869 ], [ -72.165891231741412, -13.416590731126956 ], [ -72.166040981741546, -13.418237856128497 ], [ -72.166340356741827, -13.419660356129821 ], [ -72.166939356742375, -13.420708606130788 ], [ -72.167987356743325, -13.42153210613157 ], [ -72.169335106744555, -13.421981356131981 ], [ -72.170757731745866, -13.421681856131707 ], [ -72.171506356746534, -13.421307481131361 ], [ -72.173038481747952, -13.420618606130732 ], [ -72.17382160674866, -13.420243981130358 ], [ -72.174536606749328, -13.420039731130199 ], [ -72.175149481749884, -13.420073731130213 ], [ -72.175557981750245, -13.420312106130439 ], [ -72.175864481750537, -13.42051623113063 ], [ -72.176477356751107, -13.421265481131341 ], [ -72.176817856751398, -13.421639981131674 ], [ -72.17756685675208, -13.421946481131979 ], [ -72.178520231752969, -13.422354981132337 ], [ -72.179269231753651, -13.422831731132783 ], [ -72.180154481754428, -13.423580731133471 ], [ -72.180971731755207, -13.424329856134186 ], [ -72.181244106755443, -13.424500106134355 ], [ -72.181720731755888, -13.424738356134558 ], [ -72.182027231756152, -13.425146981134956 ], [ -72.182435731756556, -13.425964106135721 ], [ -72.18267410675675, -13.426645106136339 ], [ -72.182946481757014, -13.427223981136867 ], [ -72.183355106757375, -13.427462231137099 ], [ -72.184104106758056, -13.427632481137273 ], [ -72.185295856759154, -13.427802731137433 ], [ -72.187338856761016, -13.428415481137991 ], [ -72.188053731761684, -13.428687981138243 ], [ -72.188836856762407, -13.429062481138612 ], [ -72.189143231762671, -13.429368981138891 ], [ -72.189858356763324, -13.429539231139051 ], [ -72.190266856763685, -13.429539231139055 ], [ -72.190777606764172, -13.429402981138926 ], [ -72.191186231764547, -13.428994481138549 ], [ -72.191560731764881, -13.428517731138109 ], [ -72.191867106765159, -13.428075106137682 ], [ -72.192207481765479, -13.427904856137552 ], [ -72.19256835676579, -13.427892606137517 ], [ -72.19282048176602, -13.428109231137734 ], [ -72.19288860676609, -13.428585856138161 ], [ -72.192684356765895, -13.429096606138634 ], [ -72.192309731765548, -13.429675356139182 ], [ -72.192003356765298, -13.430390481139845 ], [ -72.192071481765339, -13.431309731140695 ], [ -72.192173606765422, -13.432399231141728 ], [ -72.192343856765589, -13.43328448114254 ], [ -72.192582106765812, -13.433931481143157 ], [ -72.192820481766006, -13.434340106143532 ], [ -72.193637606766757, -13.434952856144113 ], [ -72.194012231767104, -13.435531731144614 ], [ -72.194352731767424, -13.435974356145051 ], [ -72.194590981767647, -13.436382856145425 ], [ -72.194931481767952, -13.437063856146061 ], [ -72.195067731768091, -13.437370356146364 ], [ -72.19591885676887, -13.437880981146813 ], [ -72.196429606769343, -13.438289731147218 ], [ -72.196770106769634, -13.438664106147554 ], [ -72.197178731770009, -13.439038731147898 ], [ -72.197587231770385, -13.439855856148675 ], [ -72.197893731770648, -13.44114973114989 ], [ -72.19854060677126, -13.442749981151353 ], [ -72.198949106771622, -13.44370335615227 ], [ -72.199017231771691, -13.444690731153161 ], [ -72.198915106771594, -13.445371731153811 ], [ -72.198302231771024, -13.446529356154866 ], [ -72.197927731770704, -13.447959356156217 ], [ -72.197825606770593, -13.44891273115711 ], [ -72.197961856770704, -13.449899981158037 ], [ -72.197961856770704, -13.450546981158613 ], [ -72.200199481772756, -13.459153356166638 ], [ -72.201521981773965, -13.466735606173705 ], [ -72.201968856774357, -13.467865231174754 ], [ -72.202348856774719, -13.466907606173864 ], [ -72.202552731774901, -13.466390606173373 ], [ -72.202644481774982, -13.465945356172966 ], [ -72.202753856775075, -13.465792981172827 ], [ -72.202972606775276, -13.46516410617224 ], [ -72.203113231775404, -13.464892606171983 ], [ -72.203603481775872, -13.464261731171399 ], [ -72.204158231776361, -13.463646481170825 ], [ -72.20470698177688, -13.462896481170141 ], [ -72.205335856777452, -13.462593731169846 ], [ -72.205847606777908, -13.4624218561697 ], [ -72.206581981778598, -13.462003856169307 ], [ -72.207343731779304, -13.461357481168703 ], [ -72.208289106780171, -13.460648481168061 ], [ -72.209206981780994, -13.459492231166964 ], [ -72.20935748178114, -13.459154356166632 ], [ -72.209591856781358, -13.458830106166355 ], [ -72.210025356781742, -13.457949231165523 ], [ -72.210943606782592, -13.456963731164619 ], [ -72.211800356783385, -13.455707356163435 ], [ -72.212828356784328, -13.453936981161815 ], [ -72.213970606785381, -13.452395106160383 ], [ -72.214998356786325, -13.451367231159404 ], [ -72.215854981787089, -13.450282106158404 ], [ -72.21728260678843, -13.44925423115745 ], [ -72.219110106790097, -13.448169231156427 ], [ -72.220783731791627, -13.447512356155832 ], [ -72.222926231793579, -13.446708856155071 ], [ -72.224399106794934, -13.444566481153085 ], [ -72.224800731795298, -13.44148673115023 ], [ -72.225074231795574, -13.437259731146305 ], [ -72.225245356795725, -13.435716731144858 ], [ -72.226136731796544, -13.43487498114408 ], [ -72.228128856798349, -13.433674231142962 ], [ -72.230351606800426, -13.433133481142455 ], [ -72.231915606801849, -13.432169731141565 ], [ -72.23267748180254, -13.431371481140831 ], [ -72.233584606803376, -13.430210481139717 ], [ -72.235362481805026, -13.42883160613844 ], [ -72.23692273180643, -13.427670606137376 ], [ -72.23830148180771, -13.426545856136324 ], [ -72.239861606809143, -13.425819981135671 ], [ -72.240587356809797, -13.425275981135139 ], [ -72.241458106810597, -13.424368856134313 ], [ -72.241857231810968, -13.423425481133405 ], [ -72.242074981811186, -13.421865231131983 ], [ -72.241784731810924, -13.420849481131027 ], [ -72.241748356810888, -13.419942231130184 ], [ -72.242074981811186, -13.419071481129368 ], [ -72.242873231811913, -13.418236981128572 ], [ -72.243816481812786, -13.417692731128072 ], [ -72.244723606813594, -13.417511231127914 ], [ -72.245594481814408, -13.417184731127596 ], [ -72.24675548181547, -13.41671310612719 ], [ -72.247263481815949, -13.416350231126838 ], [ -72.247698981816356, -13.415805981126335 ], [ -72.24802535681664, -13.41482635612541 ], [ -72.248823606817382, -13.41446348112509 ], [ -72.249621856818109, -13.414173356124818 ], [ -72.250565231818968, -13.413955481124628 ], [ -72.252197981820473, -13.414354606124993 ], [ -72.253032481821222, -13.414753731125362 ], [ -72.253649356821796, -13.415443106125998 ], [ -72.254193606822298, -13.416205106126714 ], [ -72.254774106822836, -13.416241356126751 ], [ -72.255209481823229, -13.416386606126887 ], [ -72.255753731823717, -13.416713106127203 ], [ -72.256230981824146, -13.416769981127251 ], [ -72.256619981824528, -13.417010856127469 ], [ -72.258027856825805, -13.418214856128589 ], [ -72.258546481826301, -13.418733606129063 ], [ -72.259213356826891, -13.419029981129347 ], [ -72.259898731827519, -13.418881731129213 ], [ -72.260712856828277, -13.418337856128693 ], [ -72.261695606829164, -13.417714731128127 ], [ -72.26251060682992, -13.417381356127823 ], [ -72.262973731830343, -13.416992356127471 ], [ -72.26373323183104, -13.415991981126519 ], [ -72.264140731831432, -13.415677106126248 ], [ -72.264640856831875, -13.415473356126048 ], [ -72.26517798183238, -13.415325231125898 ], [ -72.265715231832857, -13.415325231125896 ], [ -72.266233856833352, -13.415658606126215 ], [ -72.266993356834035, -13.416084606126615 ], [ -72.268141856835101, -13.416918231127385 ], [ -72.269327356836172, -13.417770356128186 ], [ -72.269883106836701, -13.418400106128784 ], [ -72.270401731837168, -13.419659731129931 ], [ -72.270957481837669, -13.420159856130423 ], [ -72.271476106838165, -13.420530356130765 ], [ -72.271642856838312, -13.420659981130882 ], [ -72.272235606838862, -13.420937856131127 ], [ -72.272772856839339, -13.42134535613153 ], [ -72.273569356840071, -13.421697356131862 ], [ -72.274236231840703, -13.422049356132201 ], [ -72.275069731841441, -13.42243823113253 ], [ -72.276199731842482, -13.422697606132783 ], [ -72.276847981843076, -13.42279023113286 ], [ -72.2771814818434, -13.422660606132759 ], [ -72.277922356844059, -13.422253106132365 ], [ -72.278718981844804, -13.421734356131886 ], [ -72.279441356845467, -13.421382481131559 ], [ -72.280089731846061, -13.421345356131541 ], [ -72.281032106846951, -13.421505231131674 ], [ -72.281796231847622, -13.421412606131598 ], [ -72.282745606848508, -13.421250481131448 ], [ -72.28364860684934, -13.421250481131437 ], [ -72.284621106850224, -13.42138935613157 ], [ -72.285315731850858, -13.421343106131539 ], [ -72.2858946068514, -13.421250481131455 ], [ -72.287561731852918, -13.421204231131405 ], [ -72.289992981855164, -13.420972606131205 ], [ -72.291609981856624, -13.420728106130968 ], [ -72.291874731856879, -13.418609856128986 ], [ -72.292271981857255, -13.417352106127812 ], [ -72.293066231857978, -13.41649160612703 ], [ -72.296111231860792, -13.413909981124617 ], [ -72.304848981868815, -13.405503231116811 ], [ -72.305414106869335, -13.405462856116769 ], [ -72.313719106876974, -13.406098981117358 ], [ -72.314579606877771, -13.40596660611725 ], [ -72.315402356878522, -13.404898481116245 ], [ -72.317955606880858, -13.399810481111526 ], [ -72.319610481882393, -13.395441606107452 ], [ -72.322456856885012, -13.391800856104046 ], [ -72.327421481889587, -13.388954481101425 ], [ -72.328281981890385, -13.388292606100812 ], [ -72.329142481891154, -13.387961606100474 ], [ -72.330135481892086, -13.387762981100323 ], [ -72.331403731893232, -13.387878106100416 ], [ -72.333521981895203, -13.387708731100258 ], [ -72.335385856896906, -13.387242731099846 ], [ -72.336614481898053, -13.387115481099713 ], [ -72.337250106898622, -13.387496981100046 ], [ -72.338266856899551, -13.388683106101167 ], [ -72.3399613569011, -13.390504856102885 ], [ -72.341528731902542, -13.392877231105087 ], [ -72.342882856903813, -13.394390481106493 ], [ -72.343631231904496, -13.393806231105959 ], [ -72.344451481905253, -13.393115481105323 ], [ -72.345055856905816, -13.392813356105002 ], [ -72.346307731906975, -13.392424731104679 ], [ -72.347257356907846, -13.39199310610427 ], [ -72.349199981909607, -13.3905254811029 ], [ -72.35010648191043, -13.390136856102533 ], [ -72.351315231911542, -13.390007481102428 ], [ -72.353300981913378, -13.390482231102842 ], [ -72.354639106914618, -13.390266481102659 ], [ -72.355459356915375, -13.389964231102365 ], [ -72.356495356916341, -13.389575731102012 ], [ -72.3577472319175, -13.38901460610148 ], [ -72.35882648191847, -13.388626106101123 ], [ -72.359991856919549, -13.388237481100765 ], [ -72.360984856920467, -13.387589981100181 ], [ -72.361817606921235, -13.386785481099436 ], [ -72.36250285692185, -13.385746731098472 ], [ -72.363342856922642, -13.384553231097341 ], [ -72.363806981923062, -13.383757606096607 ], [ -72.364049981923287, -13.383315481096208 ], [ -72.364300731923507, -13.383037106095957 ], [ -72.364536231923736, -13.382851356095765 ], [ -72.365707606924801, -13.382541981095475 ], [ -72.367122106926104, -13.381945231094905 ], [ -72.367873606926807, -13.381525231094523 ], [ -72.368028356926942, -13.381083231094133 ], [ -72.368116731927032, -13.380641106093702 ], [ -72.367917856926852, -13.380287481093395 ], [ -72.367254731926252, -13.379646606092777 ], [ -72.366579356925627, -13.378699606091905 ], [ -72.366406606925452, -13.377729106090989 ], [ -72.366278231925335, -13.376798356090134 ], [ -72.366085731925182, -13.375883856089278 ], [ -72.365796856924902, -13.37339673108697 ], [ -72.365795231924892, -13.372515731086148 ], [ -72.365923731925037, -13.371784106085448 ], [ -72.36607760692516, -13.371399106085089 ], [ -72.366321606925396, -13.371090856084811 ], [ -72.36674523192579, -13.370808481084548 ], [ -72.367322856926293, -13.370526106084288 ], [ -72.36805448192699, -13.370038231083829 ], [ -72.36852560692742, -13.369443981083279 ], [ -72.368625106927524, -13.369100106082966 ], [ -72.369356981928163, -13.368280606082198 ], [ -72.370352231929076, -13.367197481081192 ], [ -72.370908481929604, -13.366465731080519 ], [ -72.371318231930005, -13.365792481079872 ], [ -72.371347481930016, -13.36491423107905 ], [ -72.371376856930041, -13.363509106077757 ], [ -72.371347481930016, -13.36266023107695 ], [ -72.371203481929896, -13.361344856075752 ], [ -72.370480606929206, -13.360947106075358 ], [ -72.369866231928654, -13.360115731074593 ], [ -72.369396356928235, -13.359320606073871 ], [ -72.369143356928006, -13.358814606073381 ], [ -72.369143356928006, -13.358308606072915 ], [ -72.369468606928294, -13.357947231072576 ], [ -72.370046981928823, -13.357621856072262 ], [ -72.371058981929764, -13.3568989810716 ], [ -72.371384231930065, -13.356212231070957 ], [ -72.37167348193033, -13.355525481070334 ], [ -72.371890231930522, -13.354513481069397 ], [ -72.372107106930713, -13.353718356068629 ], [ -72.372576981931161, -13.353176231068138 ], [ -72.372938481931484, -13.352742481067722 ], [ -72.373408231931933, -13.352127981067177 ], [ -72.373552856932065, -13.35158585606665 ], [ -72.373661356932161, -13.350935231066064 ], [ -72.373733606932234, -13.350356981065506 ], [ -72.373697481932197, -13.349453356064679 ], [ -72.373878106932381, -13.347826981063159 ], [ -72.373914356932403, -13.34724860606263 ], [ -72.373878106932381, -13.346706481062107 ], [ -72.373661356932161, -13.346091981061557 ], [ -72.373805856932307, -13.345260731060772 ], [ -72.374027356932515, -13.344855481060385 ], [ -72.373914356932403, -13.344320981059887 ], [ -72.373769731932271, -13.343995731059588 ], [ -72.373480606931992, -13.34359810605922 ], [ -72.37340948193193, -13.343168481058809 ], [ -72.373489231932012, -13.342514356058198 ], [ -72.373736606932226, -13.342282981057984 ], [ -72.374127481932589, -13.342115481057835 ], [ -72.374893356933299, -13.341844231057587 ], [ -72.375395856933764, -13.341684731057454 ], [ -72.375714981934053, -13.341660731057415 ], [ -72.375890481934221, -13.341700606057456 ], [ -72.376329106934634, -13.341812356057568 ], [ -72.377653981935836, -13.342056981057787 ], [ -72.378202731936341, -13.342246981057956 ], [ -72.379215981937278, -13.34258473105827 ], [ -72.380313606938302, -13.342901356058581 ], [ -72.380988981938927, -13.342690231058382 ], [ -72.381263356939186, -13.342436981058134 ], [ -72.381537856939431, -13.341529356057288 ], [ -72.381537856939431, -13.341149356056945 ], [ -72.381558856939463, -13.340494981056331 ], [ -72.381896606939762, -13.339735106055629 ], [ -72.382149981939989, -13.339207481055118 ], [ -72.382361106940166, -13.338595356054576 ], [ -72.382445481940266, -13.338257606054238 ], [ -72.382403231940216, -13.337708731053739 ], [ -72.382358856940186, -13.337107231053182 ], [ -72.382331981940141, -13.336377731052494 ], [ -72.3824939819403, -13.335675231051844 ], [ -72.382669606940468, -13.335283481051471 ], [ -72.382966856940754, -13.334864731051091 ], [ -72.383263981941013, -13.334513481050772 ], [ -72.383493731941229, -13.334202731050473 ], [ -72.383655731941374, -13.333810981050112 ], [ -72.383655731941374, -13.333473231049789 ], [ -72.383588231941332, -13.333284106049627 ], [ -72.383331606941084, -13.332932856049286 ], [ -72.383061356940814, -13.33236548104875 ], [ -72.382791231940587, -13.331798106048238 ], [ -72.382291356940144, -13.33079848104731 ], [ -72.382075356939907, -13.330258106046802 ], [ -72.382021231939873, -13.329731231046306 ], [ -72.381980731939819, -13.32900173104561 ], [ -72.381818731939688, -13.328501981045173 ], [ -72.381291731939228, -13.327556481044288 ], [ -72.381048481938976, -13.327042981043805 ], [ -72.380710856938649, -13.326353981043146 ], [ -72.380508231938478, -13.325881231042729 ], [ -72.380535231938538, -13.325502856042359 ], [ -72.3809433569389, -13.324783231041689 ], [ -72.381453856939359, -13.324178981041142 ], [ -72.381642981939521, -13.324030481041007 ], [ -72.38221035694005, -13.323746731040732 ], [ -72.382629106940456, -13.323476606040492 ], [ -72.383128981940914, -13.323138856040176 ], [ -72.383426106941172, -13.322841606039905 ], [ -72.383601731941326, -13.322611981039666 ], [ -72.383682856941405, -13.322382356039464 ], [ -72.383723356941459, -13.32174735603888 ], [ -72.383844856941579, -13.321139481038299 ], [ -72.384006981941724, -13.320558606037757 ], [ -72.384169106941854, -13.320099231037348 ], [ -72.384290731941974, -13.319815606037087 ], [ -72.384398731942071, -13.319477856036762 ], [ -72.384398731942071, -13.319234731036536 ], [ -72.384317731942019, -13.319072606036396 ], [ -72.384033981941741, -13.318694356036037 ], [ -72.383655731941374, -13.318072981035435 ], [ -72.383155981940931, -13.317356981034777 ], [ -72.382737106940553, -13.316532856034026 ], [ -72.382412981940249, -13.315722356033254 ], [ -72.38203473193991, -13.314749731032339 ], [ -72.381913106939805, -13.314384981032024 ], [ -72.38188610693976, -13.314128231031777 ], [ -72.381953606939831, -13.312993481030732 ], [ -72.382048231939919, -13.31233160603011 ], [ -72.382169731940024, -13.311561606029377 ], [ -72.382966856940783, -13.310548356028452 ], [ -72.383345106941107, -13.310224106028157 ], [ -72.383466606941241, -13.309751356027707 ], [ -72.383445231941181, -13.309269981027251 ], [ -72.38346923194122, -13.308092856026152 ], [ -72.383565356941332, -13.307612481025691 ], [ -72.383829481941547, -13.307228106025342 ], [ -72.384141856941866, -13.306891856025032 ], [ -72.384934481942594, -13.306483481024655 ], [ -72.385390856943005, -13.306123231024312 ], [ -72.385727231943306, -13.305594731023824 ], [ -72.385823231943405, -13.305018231023306 ], [ -72.385799106943367, -13.304489731022825 ], [ -72.385510981943128, -13.303865231022233 ], [ -72.385293981942908, -13.303526356021909 ], [ -72.384877981942537, -13.302991481021426 ], [ -72.384343231942054, -13.302396981020859 ], [ -72.38312460694091, -13.301356981019897 ], [ -72.382233106940106, -13.300495231019076 ], [ -72.381222731939161, -13.300316856018915 ], [ -72.379469481937548, -13.299900856018526 ], [ -72.37875623193689, -13.299841356018465 ], [ -72.378102481936295, -13.299960231018579 ], [ -72.377418981935676, -13.300257481018848 ], [ -72.377046856935323, -13.30026748101886 ], [ -72.376824606935116, -13.299663106018302 ], [ -72.376765106935082, -13.299276731017946 ], [ -72.376616606934931, -13.298504106017214 ], [ -72.376438231934756, -13.297969231016733 ], [ -72.376200481934532, -13.297404606016213 ], [ -72.375665606934064, -13.296513106015354 ], [ -72.374774106933245, -13.295354106014278 ], [ -72.373941981932475, -13.294224731013246 ], [ -72.37349623193208, -13.293571106012637 ], [ -72.372783106931379, -13.293006481012084 ], [ -72.3724264819311, -13.292382356011522 ], [ -72.371505231930243, -13.290688481009958 ], [ -72.369930231928777, -13.288845981008215 ], [ -72.368295731927276, -13.287538481006994 ], [ -72.367705106926735, -13.28704298100654 ], [ -72.367047606926135, -13.286260606005833 ], [ -72.366156106925331, -13.285695981005272 ], [ -72.365026856924274, -13.285220481004846 ], [ -72.363481606922832, -13.284804481004452 ], [ -72.36247123192193, -13.284774731004406 ], [ -72.361074481920639, -13.285101606004739 ], [ -72.360093981919732, -13.285517731005122 ], [ -72.359125856918851, -13.285970106005536 ], [ -72.358383856918138, -13.286299856005828 ], [ -72.357538731917373, -13.286876981006367 ], [ -72.356858606916759, -13.287680856007123 ], [ -72.356590606916498, -13.288154981007551 ], [ -72.356405106916341, -13.289123731008461 ], [ -72.356157731916099, -13.290174981009448 ], [ -72.355456981915452, -13.291081856010296 ], [ -72.35455010691463, -13.291926981011066 ], [ -72.352530106912781, -13.29343160601249 ], [ -72.351540731911868, -13.294091231013091 ], [ -72.350839856911207, -13.294750731013689 ], [ -72.350097981910508, -13.29545148101437 ], [ -72.349211606909705, -13.296152231015013 ], [ -72.348139731908716, -13.297368481016147 ], [ -72.347892481908488, -13.298048606016776 ], [ -72.347521356908175, -13.299223481017865 ], [ -72.347067981907742, -13.30025410601883 ], [ -72.346903106907575, -13.301016731019534 ], [ -72.346676356907381, -13.301882481020344 ], [ -72.346511481907214, -13.302562606020979 ], [ -72.346222981906948, -13.303593231021946 ], [ -72.346161106906891, -13.304314731022592 ], [ -72.346222981906948, -13.305200981023429 ], [ -72.346243481906981, -13.305901731024081 ], [ -72.346181606906924, -13.306788106024925 ], [ -72.346057981906796, -13.307447731025517 ], [ -72.345872481906639, -13.308127856026179 ], [ -72.345583856906359, -13.308828606026809 ], [ -72.34513048190594, -13.309426231027361 ], [ -72.344450231905327, -13.309982981027892 ], [ -72.343502106904438, -13.31045698102832 ], [ -72.342760106903768, -13.310663106028514 ], [ -72.342017981903098, -13.310869231028724 ], [ -72.341425731902547, -13.310955106028777 ], [ -72.341008106902166, -13.311178481028991 ], [ -72.340790231901977, -13.311408606029216 ], [ -72.340347731901545, -13.311961856029731 ], [ -72.339551106900799, -13.31295748103064 ], [ -72.338887356900216, -13.313466481031112 ], [ -72.338311981899679, -13.313754106031398 ], [ -72.337338481898783, -13.314218731031836 ], [ -72.336630356898112, -13.314484231032065 ], [ -72.335723231897276, -13.314749731032313 ], [ -72.334548856896205, -13.314783231032337 ], [ -72.330700356892677, -13.315081731032633 ], [ -72.329549731891632, -13.315148106032675 ], [ -72.328664731890797, -13.314860356032399 ], [ -72.327381356889646, -13.313820481031428 ], [ -72.326230731888572, -13.312957481030624 ], [ -72.325589106887989, -13.312647731030349 ], [ -72.325057981887497, -13.312515106030231 ], [ -72.324062356886571, -13.31229373103003 ], [ -72.323420731885975, -13.311983981029732 ], [ -72.322778981885378, -13.311364356029145 ], [ -72.321960231884646, -13.310656356028488 ], [ -72.321318606884049, -13.310213731028092 ], [ -72.320057356882899, -13.309218106027137 ], [ -72.318596981881555, -13.308642731026627 ], [ -72.316981731880048, -13.308266606026272 ], [ -72.315388606878599, -13.307779856025801 ], [ -72.314348606877658, -13.307757731025779 ], [ -72.313500606876886, -13.307665606025687 ], [ -72.312991856876408, -13.307872606025908 ], [ -72.312867231876282, -13.308350231026326 ], [ -72.312825731876245, -13.308806981026777 ], [ -72.31290873187632, -13.309243106027161 ], [ -72.313074856876483, -13.309907606027776 ], [ -72.313427981876785, -13.311236606029041 ], [ -72.313552481876911, -13.311651856029405 ], [ -72.31371860687706, -13.31229560603 ], [ -72.313780981877116, -13.31273173103042 ], [ -72.313697856877056, -13.312980856030649 ], [ -72.313531731876893, -13.313209356030869 ], [ -72.312950356876371, -13.313479231031121 ], [ -72.31187048187536, -13.313915356031515 ], [ -72.311143731874708, -13.314289106031877 ], [ -72.310873731874452, -13.314559106032123 ], [ -72.310541481874125, -13.314787481032331 ], [ -72.309752481873417, -13.315389731032877 ], [ -72.308921856872672, -13.315763481033247 ], [ -72.308174231871973, -13.31609573103354 ], [ -72.307156731871032, -13.316490231033908 ], [ -72.305723981869733, -13.316947106034325 ], [ -72.30518398186922, -13.317030231034417 ], [ -72.30416198186829, -13.317226606034591 ], [ -72.303273606867464, -13.317653106034991 ], [ -72.302006856866285, -13.317902356035207 ], [ -72.301300981865666, -13.317860731035196 ], [ -72.300947731865321, -13.317611606034955 ], [ -72.300553356864953, -13.317217106034585 ], [ -72.300096481864529, -13.31703023103441 ], [ -72.299577356864091, -13.316822481034196 ], [ -72.298975106863509, -13.316801731034202 ], [ -72.298144481862764, -13.316780981034169 ], [ -72.296815481861529, -13.316905606034279 ], [ -72.295777231860583, -13.31694710603432 ], [ -72.294821981859712, -13.316780981034157 ], [ -72.293659231858626, -13.316324106033727 ], [ -72.293036231858068, -13.315867356033323 ], [ -72.29197710685709, -13.315078231032578 ], [ -72.291312731856479, -13.314538356032074 ], [ -72.290876606856088, -13.314372231031916 ], [ -72.290357481855608, -13.314289106031856 ], [ -72.289651481854946, -13.314206106031763 ], [ -72.288737731854113, -13.313728481031307 ], [ -72.288298856853714, -13.313253856030874 ], [ -72.287824106853265, -13.312939356030588 ], [ -72.287201106852734, -13.312461731030126 ], [ -72.28653660685211, -13.3119841060297 ], [ -72.285975981851578, -13.311755731029477 ], [ -72.285373731851038, -13.311714106029452 ], [ -72.284667731850391, -13.312108731029802 ], [ -72.284086231849841, -13.312399481030093 ], [ -72.283370981849188, -13.312729481030388 ], [ -72.282423606848326, -13.313138731030753 ], [ -72.281755981847695, -13.313526356031115 ], [ -72.280915981846931, -13.314237106031799 ], [ -72.280399106846474, -13.314732356032247 ], [ -72.279925356846022, -13.315033856032519 ], [ -72.279085356845258, -13.31550773103298 ], [ -72.278245481844479, -13.315938481033371 ], [ -72.277836231844091, -13.31639073103379 ], [ -72.277793231844058, -13.316993731034337 ], [ -72.277771731844055, -13.317445981034769 ], [ -72.277728606844008, -13.31781210603511 ], [ -72.277663981843929, -13.318178231035448 ], [ -72.277362481843682, -13.318479731035726 ], [ -72.276622731842991, -13.319018981036249 ], [ -72.275343106841831, -13.319904856037066 ], [ -72.274801731841308, -13.320544606037659 ], [ -72.273866731840471, -13.321282731038337 ], [ -72.273423856840054, -13.321873356038889 ], [ -72.272783981839467, -13.322857606039797 ], [ -72.271947356838709, -13.324038731040906 ], [ -72.271504481838278, -13.324875231041696 ], [ -72.27111073183795, -13.325318356042084 ], [ -72.270520231837395, -13.32566285604241 ], [ -72.26958510683653, -13.32654860604325 ], [ -72.268896106835896, -13.327336231043976 ], [ -72.268551606835572, -13.328123481044715 ], [ -72.268207106835263, -13.328960106045487 ], [ -72.26776423183486, -13.329599856046087 ], [ -72.267124481834273, -13.33023960604665 ], [ -72.2662878568335, -13.330485731046894 ], [ -72.26550048183276, -13.330584106046976 ], [ -72.264565356831909, -13.330485731046908 ], [ -72.263531856830966, -13.329993606046449 ], [ -72.262203106829745, -13.329747481046207 ], [ -72.261071231828723, -13.329402981045883 ], [ -72.260185356827904, -13.32876323104527 ], [ -72.259643981827395, -13.328172731044759 ], [ -72.258656231826492, -13.327925731044525 ], [ -72.258019981825925, -13.328025106044601 ], [ -72.25674035682475, -13.328271106044822 ], [ -72.256051481824102, -13.328566356045105 ], [ -72.25491948182308, -13.328123481044697 ], [ -72.253492356821781, -13.327828231044418 ], [ -72.252409606820763, -13.327434481044046 ], [ -72.251031606819495, -13.326991606043618 ], [ -72.249349106817959, -13.326785481043439 ], [ -72.247686231816431, -13.327062606043693 ], [ -72.244259231813288, -13.327566606044144 ], [ -72.242495481811673, -13.328322481044864 ], [ -72.240832481810159, -13.32917923104565 ], [ -72.238967731808444, -13.330136731046537 ], [ -72.237783606807369, -13.330539856046922 ], [ -72.236599231806281, -13.330842231047194 ], [ -72.235742481805488, -13.331169731047497 ], [ -72.234533106804378, -13.331320981047629 ], [ -72.233550356803477, -13.331144606047456 ], [ -72.232618106802605, -13.330313106046686 ], [ -72.232114106802157, -13.329481606045915 ], [ -72.231714856801815, -13.328601606045099 ] ] ] } }
]
}
