"id_hotspot","nombre_hotspot","url_ebird","distrito_ubicacion","species","nombre_cientifico","n_observaciones","primer_anio","ultimo_anio","orden","familia","nombre_espanol","nombre_ingles","estatus_residencia","ds_004_2014","iucn_categoria","cites_apendice","es_endemica_peru"
"L13016446","Humedal del Yungaqui","https://ebird.org/hotspot/L13016446/bird-list","Anta","Plegadis ridgwayi","Plegadis ridgwayi (Allen, 1876)",285,2014,2025,"Pelecaniformes","Threskiornithidae","Ibis de la Puna","Puna Ibis","Residente","No Amenazada","Preocupación Menor (LC)","No CITES",FALSE
"L13016446","Humedal del Yungaqui","https://ebird.org/hotspot/L13016446/bird-list","Anta","Anas flavirostris","Anas flavirostris Vieillot, 1816",255,2019,2025,"Anseriformes","Anatidae","Pato Barcino","Yellow-billed Teal","Residente","No Amenazada","Preocupación Menor (LC)","No CITES",FALSE
"L13016446","Humedal del Yungaqui","https://ebird.org/hotspot/L13016446/bird-list","Anta","Spatula cyanoptera","Spatula cyanoptera (Vieillot, 1816)",241,2019,2025,"Anseriformes","Anatidae","Pato Colorado","Cinnamon Teal","Residente","No Amenazada","Preocupación Menor (LC)","No CITES",FALSE
"L13016446","Humedal del Yungaqui","https://ebird.org/hotspot/L13016446/bird-list","Anta","Anas georgica","Anas georgica J.F.Gmelin, 1789",240,2019,2025,"Anseriformes","Anatidae","Pato Jergón","Yellow-billed Pintail","Residente","No Amenazada","Preocupación Menor (LC)","No CITES",FALSE
"L13016446","Humedal del Yungaqui","https://ebird.org/hotspot/L13016446/bird-list","Anta","Bubulcus ibis","Ardea ibis Linnaeus, 1758",235,2013,2024,NA,NA,NA,NA,NA,"No Amenazada","Preocupación Menor (LC)","No CITES",NA
"L13016446","Humedal del Yungaqui","https://ebird.org/hotspot/L13016446/bird-list","Anta","Zonotrichia capensis","Zonotrichia capensis (P.L.S.Müller, 1776)",213,2018,2024,"Passeriformes","Passerellidae","Gorrión de Collar Rufo","Rufous-collared Sparrow","Residente","No Amenazada","Preocupación Menor (LC)","No CITES",FALSE
"L13016446","Humedal del Yungaqui","https://ebird.org/hotspot/L13016446/bird-list","Anta","Chroicocephalus serranus","Chroicocephalus serranus (Tschudi, 1844)",208,2010,2024,"Charadriiformes","Laridae","Gaviota Andina","Andean Gull","Residente","No Amenazada","Preocupación Menor (LC)","No CITES",FALSE
"L13016446","Humedal del Yungaqui","https://ebird.org/hotspot/L13016446/bird-list","Anta","Gallinula chloropus","Gallinula galeata (Lichtenstein & Mhc, 1818)",202,2019,2024,NA,NA,NA,NA,NA,"No Amenazada","Preocupación Menor (LC)","No CITES",NA
"L13016446","Humedal del Yungaqui","https://ebird.org/hotspot/L13016446/bird-list","Anta","Falco sparverius","Falco sparverius Linnaeus, 1758",200,2018,2024,"Falconiformes","Falconidae","Cernícalo Americano","American Kestrel","Residente","No Amenazada","Preocupación Menor (LC)","No CITES",FALSE
"L13016446","Humedal del Yungaqui","https://ebird.org/hotspot/L13016446/bird-list","Anta","Patagioenas maculosa","Patagioenas maculosa (Temminck, 1813)",200,2017,2024,"Columbiformes","Columbidae","Paloma de Ala Moteada","Spot-winged Pigeon","Residente","No Amenazada","Preocupación Menor (LC)","No CITES",FALSE
"L13016446","Humedal del Yungaqui","https://ebird.org/hotspot/L13016446/bird-list","Anta","Spatula puna","Spatula puna (Tschudi, 1844)",197,2019,2024,"Anseriformes","Anatidae","Pato de la Puna","Puna Teal","Residente","No Amenazada","Preocupación Menor (LC)","No CITES",FALSE
"L13016446","Humedal del Yungaqui","https://ebird.org/hotspot/L13016446/bird-list","Anta","Agelasticus thilius","Agelasticus thilius (Molina, 1782)",195,2020,2024,"Passeriformes","Icteridae","Tordo de Ala Amarilla","Yellow-winged Blackbird","Residente","No Amenazada","Preocupación Menor (LC)","No CITES",FALSE
"L13016446","Humedal del Yungaqui","https://ebird.org/hotspot/L13016446/bird-list","Anta","Ardea alba","Ardea alba Linnaeus, 1758",165,2019,2024,"Pelecaniformes","Ardeidae","Garza Grande","Great Egret","Residente","No Amenazada","Preocupación Menor (LC)","No CITES",FALSE
"L13016446","Humedal del Yungaqui","https://ebird.org/hotspot/L13016446/bird-list","Anta","Spinus magellanicus","Spinus magellanicus (Vieillot, 1805)",155,2013,2024,"Passeriformes","Fringillidae","Jilguero Encapuchado","Hooded Siskin","Residente","No Amenazada","Preocupación Menor (LC)","No CITES",FALSE
"L13016446","Humedal del Yungaqui","https://ebird.org/hotspot/L13016446/bird-list","Anta","Vanellus resplendens","Vanellus resplendens (Tschudi, 1843)",155,2010,2024,"Charadriiformes","Charadriidae","Avefría Andina","Andean Lapwing","Residente","No Amenazada","Preocupación Menor (LC)","No CITES",FALSE
"L13016446","Humedal del Yungaqui","https://ebird.org/hotspot/L13016446/bird-list","Anta","Nycticorax nycticorax","Nycticorax nycticorax (Linnaeus, 1758)",147,2019,2024,"Pelecaniformes","Ardeidae","Huaco Común","Black-crowned Night-Heron","Residente","No Amenazada","Preocupación Menor (LC)","No CITES",FALSE
"L13016446","Humedal del Yungaqui","https://ebird.org/hotspot/L13016446/bird-list","Anta","Zenaida auriculata","Zenaida auriculata (Des Murs, 1847)",145,2018,2024,"Columbiformes","Columbidae","Tórtola Orejuda","Eared Dove","Residente","No Amenazada","Preocupación Menor (LC)","No CITES",FALSE
"L13016446","Humedal del Yungaqui","https://ebird.org/hotspot/L13016446/bird-list","Anta","Turdus chiguanco","Turdus chiguanco Orbigny & Lafresnaye, 1837",137,2018,2024,"Passeriformes","Turdidae","Zorzal Chiguanco","Chiguanco Thrush","Residente","No Amenazada","Preocupación Menor (LC)","No CITES",FALSE
"L13016446","Humedal del Yungaqui","https://ebird.org/hotspot/L13016446/bird-list","Anta","Egretta thula","Egretta thula (Molina, 1782)",134,2019,2024,"Pelecaniformes","Ardeidae","Garcita Blanca","Snowy Egret","Residente","No Amenazada","Preocupación Menor (LC)","No CITES",FALSE
"L13016446","Humedal del Yungaqui","https://ebird.org/hotspot/L13016446/bird-list","Anta","Tringa flavipes","Tringa flavipes (J.F.Gmelin, 1789)",126,2019,2024,"Charadriiformes","Scolopacidae","Playero Pata Amarilla Menor","Lesser Yellowlegs","Migratorio","No Amenazada","Vulnerable (VU)","No CITES",FALSE
"L13016446","Humedal del Yungaqui","https://ebird.org/hotspot/L13016446/bird-list","Anta","Tringa melanoleuca","Tringa melanoleuca (J.F.Gmelin, 1789)",125,2019,2024,"Charadriiformes","Scolopacidae","Playero Pata Amarilla Mayor","Greater Yellowlegs","Migratorio","No Amenazada","Casi Amenazada (NT)","No CITES",FALSE
"L13016446","Humedal del Yungaqui","https://ebird.org/hotspot/L13016446/bird-list","Anta","Notiochelidon murina","Orochelidon murina (Cassin, 1853)",114,2019,2024,NA,NA,NA,NA,NA,"No Amenazada","Preocupación Menor (LC)","No CITES",NA
"L13016446","Humedal del Yungaqui","https://ebird.org/hotspot/L13016446/bird-list","Anta","Asio flammeus","Asio flammeus (Pontoppidan, 1763)",104,2021,2024,"Strigiformes","Strigidae","Lechuza de Oreja Corta","Short-eared Owl","Residente","No Amenazada","Preocupación Menor (LC)","No CITES",FALSE
"L13016446","Humedal del Yungaqui","https://ebird.org/hotspot/L13016446/bird-list","Anta","Sicalis luteola","Sicalis luteola (Sparrman, 1789)",100,2019,2024,"Passeriformes","Thraupidae","Chirigüe Común","Grassland Yellow-Finch","Residente","No Amenazada","Preocupación Menor (LC)","No CITES",FALSE
"L13016446","Humedal del Yungaqui","https://ebird.org/hotspot/L13016446/bird-list","Anta","Egretta caerulea","Egretta caerulea (Linnaeus, 1758)",91,2020,2024,"Pelecaniformes","Ardeidae","Garcita Azul","Little Blue Heron","Residente","No Amenazada","Preocupación Menor (LC)","No CITES",FALSE
"L13016446","Humedal del Yungaqui","https://ebird.org/hotspot/L13016446/bird-list","Anta","Pardirallus sanguinolentus","Pardirallus sanguinolentus (Swainson, 1838)",86,2019,2024,"Gruiformes","Rallidae","Rascón Plomizo","Plumbeous Rail","Residente","No Amenazada","Preocupación Menor (LC)","No CITES",FALSE
"L13016446","Humedal del Yungaqui","https://ebird.org/hotspot/L13016446/bird-list","Anta","Falco femoralis","Falco femoralis Temminck, 1822",85,2019,2024,"Falconiformes","Falconidae","Halcón Aplomado","Aplomado Falcon","Residente","No Amenazada","Preocupación Menor (LC)","No CITES",FALSE
"L13016446","Humedal del Yungaqui","https://ebird.org/hotspot/L13016446/bird-list","Anta","Athene cunicularia","Athene cunicularia (Molina, 1782)",72,2020,2024,"Strigiformes","Strigidae","Lechuza Terrestre","Burrowing Owl","Residente","No Amenazada","Preocupación Menor (LC)","No CITES",FALSE
"L13016446","Humedal del Yungaqui","https://ebird.org/hotspot/L13016446/bird-list","Anta","Columba livia","Columba livia J.F.Gmelin, 1789",69,2018,2024,"Columbiformes","Columbidae","Paloma Doméstica","Rock Pigeon","Introducido","No Amenazada","Preocupación Menor (LC)","No CITES",FALSE
"L13016446","Humedal del Yungaqui","https://ebird.org/hotspot/L13016446/bird-list","Anta","Fulica ardesiaca","Fulica ardesiaca Tschudi, 1843",68,2010,2024,"Gruiformes","Rallidae","Gallareta Andina","Slate-colored Coot","Residente","No Amenazada","Preocupación Menor (LC)","No CITES",FALSE
"L13016446","Humedal del Yungaqui","https://ebird.org/hotspot/L13016446/bird-list","Anta","Chloephaga melanoptera","Oressochen melanopterus (Eyton, 1838)",64,2019,2024,NA,NA,NA,NA,NA,"No Amenazada","Preocupación Menor (LC)","No CITES",NA
"L13016446","Humedal del Yungaqui","https://ebird.org/hotspot/L13016446/bird-list","Anta","Calidris melanotos","Calidris melanotos (Vieillot, 1819)",60,2021,2024,"Charadriiformes","Scolopacidae","Playero Pectoral","Pectoral Sandpiper","Migratorio","No Amenazada","Preocupación Menor (LC)","No CITES",FALSE
"L13016446","Humedal del Yungaqui","https://ebird.org/hotspot/L13016446/bird-list","Anta","Conirostrum cinereum","Conirostrum cinereum d'Orbigny & Lafresnaye, 1838",59,2019,2024,"Passeriformes","Thraupidae","Pico-de-Cono Cinéreo","Cinereous Conebill","Residente","No Amenazada","Preocupación Menor (LC)","No CITES",FALSE
"L13016446","Humedal del Yungaqui","https://ebird.org/hotspot/L13016446/bird-list","Anta","Sporophila luctuosa","Sporophila luctuosa (Lafresnaye, 1843)",56,2021,2024,"Passeriformes","Thraupidae","Espiguero Negro y Blanco","Black-and-white Seedeater","Residente","No Amenazada","Preocupación Menor (LC)","No CITES",FALSE
"L13016446","Humedal del Yungaqui","https://ebird.org/hotspot/L13016446/bird-list","Anta","Catamenia analis","Catamenia analis (d'Orbigny & Lafresnaye, 1837)",50,2020,2024,"Passeriformes","Thraupidae","Semillero de Cola Bandeada","Band-tailed Seedeater","Residente","No Amenazada","Preocupación Menor (LC)","No CITES",FALSE
"L13016446","Humedal del Yungaqui","https://ebird.org/hotspot/L13016446/bird-list","Anta","Cathartes aura","Cathartes aura (Linnaeus, 1758)",47,2017,2024,"Cathartiformes","Cathartidae","Gallinazo de Cabeza Roja","Turkey Vulture","Residente","No Amenazada","Preocupación Menor (LC)","No CITES",FALSE
"L13016446","Humedal del Yungaqui","https://ebird.org/hotspot/L13016446/bird-list","Anta","Colibri coruscans","Colibri coruscans (Gould, 1846)",45,2020,2024,"Apodiformes","Trochilidae","Oreja-Violeta de Vientre Azul","Sparkling Violetear","Residente","No Amenazada","Preocupación Menor (LC)","No CITES",FALSE
"L13016446","Humedal del Yungaqui","https://ebird.org/hotspot/L13016446/bird-list","Anta","Phleocryptes melanops","Phleocryptes melanops (Vieillot, 1817)",42,2021,2024,"Passeriformes","Furnariidae","Junquero","Wren-like Rushbird","Residente","No Amenazada","Preocupación Menor (LC)","No CITES",FALSE
"L13016446","Humedal del Yungaqui","https://ebird.org/hotspot/L13016446/bird-list","Anta","Saltator aurantiirostris","Saltator aurantiirostris Vieillot, 1817",42,2019,2024,"Passeriformes","Thraupidae","Saltador de Pico Dorado","Golden-billed Saltator","Residente","No Amenazada","Preocupación Menor (LC)","No CITES",FALSE
"L13016446","Humedal del Yungaqui","https://ebird.org/hotspot/L13016446/bird-list","Anta","Vanellus chilensis","Vanellus chilensis (Molina, 1782)",40,2020,2024,"Charadriiformes","Charadriidae","Avefría Tero","Southern Lapwing","Residente","No Amenazada","Preocupación Menor (LC)","No CITES",FALSE
"L13016446","Humedal del Yungaqui","https://ebird.org/hotspot/L13016446/bird-list","Anta","Diglossa brunneiventris","Diglossa brunneiventris Lafresnaye, 1846",37,2020,2024,"Passeriformes","Thraupidae","Pinchaflor de Garganta Negra","Black-throated Flowerpiercer","Residente","No Amenazada","Preocupación Menor (LC)","No CITES",FALSE
"L13016446","Humedal del Yungaqui","https://ebird.org/hotspot/L13016446/bird-list","Anta","Himantopus mexicanus","Himantopus mexicanus (P.L.S.Müller, 1776)",35,2019,2023,"Charadriiformes","Recurvirostridae","Cigüeñuela de Cuello Negro","Black-necked Stilt","Residente","No Amenazada","Preocupación Menor (LC)","No CITES",FALSE
"L13016446","Humedal del Yungaqui","https://ebird.org/hotspot/L13016446/bird-list","Anta","Troglodytes musculus","Troglodytes musculus J.F.Naumann, 1823",35,2020,2024,"Passeriformes","Troglodytidae","Cucarachero Común Sureño","Southern House-Wren","Residente","No Amenazada","Preocupación Menor (LC)","No CITES",FALSE
"L13016446","Humedal del Yungaqui","https://ebird.org/hotspot/L13016446/bird-list","Anta","Circus cinereus","Circus cinereus Vieillot, 1816",34,2020,2024,"Accipitriformes","Accipitridae","Aguilucho Cenizo","Cinereous Harrier","Residente","No Amenazada","Preocupación Menor (LC)","No CITES",FALSE
"L13016446","Humedal del Yungaqui","https://ebird.org/hotspot/L13016446/bird-list","Anta","Rollandia rolland","Rollandia rolland (Quoy & Gaimard, 1824)",33,2021,2024,"Podicipediformes","Podicipedidae","Zambullidor Pimpollo","White-tufted Grebe","Residente","No Amenazada","Preocupación Menor (LC)","No CITES",FALSE
"L13016446","Humedal del Yungaqui","https://ebird.org/hotspot/L13016446/bird-list","Anta","Phoenicopterus chilensis","Phoenicopterus chilensis Molina, 1782",29,2021,2021,"Phoenicopteriformes","Phoenicopteridae","Flamenco Chileno","Chilean Flamingo","Residente","Casi Amenazado (NT)","Casi Amenazada (NT)","Apéndice II",FALSE
"L13016446","Humedal del Yungaqui","https://ebird.org/hotspot/L13016446/bird-list","Anta","Dendrocygna autumnalis","Dendrocygna autumnalis (Linnaeus, 1758)",27,2019,2022,"Anseriformes","Anatidae","Pato-Silbón de Vientre Negro","Black-bellied Whistling-Duck","Residente","No Amenazada","Preocupación Menor (LC)","No CITES",FALSE
"L13016446","Humedal del Yungaqui","https://ebird.org/hotspot/L13016446/bird-list","Anta","Buteo polyosoma","Geranoaetus polyosoma (Quoy & Gaimard, 1824)",26,2021,2024,NA,NA,NA,NA,NA,"No Amenazada","Preocupación Menor (LC)","Apéndice II",NA
"L13016446","Humedal del Yungaqui","https://ebird.org/hotspot/L13016446/bird-list","Anta","Rauenia bonariensis","Rauenia bonariensis (J.F.Gmelin, 1789)",26,2020,2024,"Passeriformes","Thraupidae","Tangara Azul y Amarilla","Blue-and-yellow Tanager","Residente","No Amenazada","Preocupación Menor (LC)","No CITES",FALSE
"L13016446","Humedal del Yungaqui","https://ebird.org/hotspot/L13016446/bird-list","Anta","Anthus brevirostris","Anthus brevirostris Taczanowski, 1875",25,2021,2024,NA,NA,NA,NA,NA,"No Amenazada","Preocupación Menor (LC)","No CITES",NA
"L13016446","Humedal del Yungaqui","https://ebird.org/hotspot/L13016446/bird-list","Anta","Caracara plancus","Caracara plancus (J.F.Miller, 1777)",24,2021,2025,"Falconiformes","Falconidae","Caracara Crestado","Crested Caracara","Residente","No Amenazada","Preocupación Menor (LC)","No CITES",FALSE
"L13016446","Humedal del Yungaqui","https://ebird.org/hotspot/L13016446/bird-list","Anta","Lessonia oreas","Lessonia oreas (P.L.Sclater & Salvin, 1869)",20,2020,2024,"Passeriformes","Tyrannidae","Negrito Andino","Andean Negrito","Residente","No Amenazada","Preocupación Menor (LC)","No CITES",FALSE
"L13016446","Humedal del Yungaqui","https://ebird.org/hotspot/L13016446/bird-list","Anta","Streptoprocne zonaris","Streptoprocne zonaris (Shaw, 1796)",20,2021,2025,"Apodiformes","Apodidae","Vencejo de Collar Blanco","White-collared Swift","Residente","No Amenazada","Preocupación Menor (LC)","No CITES",FALSE
"L13016446","Humedal del Yungaqui","https://ebird.org/hotspot/L13016446/bird-list","Anta","Phrygilus punensis","Phrygilus punensis Ridgway, 1887",19,2020,2024,"Passeriformes","Thraupidae","Fringilo Peruano","Peruvian Sierra Finch","Residente","No Amenazada","Preocupación Menor (LC)","No CITES",FALSE
"L13016446","Humedal del Yungaqui","https://ebird.org/hotspot/L13016446/bird-list","Anta","Sicalis olivascens","Sicalis olivascens (d'Orbigny & Lafresnaye, 1837)",19,2021,2024,"Passeriformes","Thraupidae","Chirigüe Verdoso","Greenish Yellow-Finch","Residente","No Amenazada","Preocupación Menor (LC)","No CITES",FALSE
"L13016446","Humedal del Yungaqui","https://ebird.org/hotspot/L13016446/bird-list","Anta","Hirundo rustica","Hirundo rustica Linnaeus, 1758",18,2019,2024,"Passeriformes","Hirundinidae","Golondrina Tijereta","Barn Swallow","Migratorio","No Amenazada","Preocupación Menor (LC)","No CITES",FALSE
"L13016446","Humedal del Yungaqui","https://ebird.org/hotspot/L13016446/bird-list","Anta","Metriopelia ceciliae","Metriopelia ceciliae (R.Lesson, 1845)",18,2020,2024,"Columbiformes","Columbidae","Tortolita Moteada","Bare-faced Ground Dove","Residente","No Amenazada","Preocupación Menor (LC)","No CITES",FALSE
"L13016446","Humedal del Yungaqui","https://ebird.org/hotspot/L13016446/bird-list","Anta","Spatula discors","Spatula discors (Linnaeus, 1766)",18,2020,2022,"Anseriformes","Anatidae","Pato de Ala Azul","Blue-winged Teal","Migratorio","No Amenazada","Preocupación Menor (LC)","No CITES",FALSE
"L13016446","Humedal del Yungaqui","https://ebird.org/hotspot/L13016446/bird-list","Anta","Oxyura ferruginea","Oxyura ferruginea (Eyton, 1838)",17,2021,2024,NA,NA,NA,NA,NA,"No Amenazada","Preocupación Menor (LC)","No CITES",NA
"L13016446","Humedal del Yungaqui","https://ebird.org/hotspot/L13016446/bird-list","Anta","Pseudocolopteryx acutipennis","Pseudocolopteryx acutipennis (P.L.Sclater & Salvin, 1873)",17,2021,2022,"Passeriformes","Tyrannidae","Doradito Subtropical","Subtropical Doradito","Residente","No Amenazada","Preocupación Menor (LC)","No CITES",FALSE
"L13016446","Humedal del Yungaqui","https://ebird.org/hotspot/L13016446/bird-list","Anta","Metallura tyrianthina","Metallura tyrianthina (Loddiges, 1832)",16,2021,2024,"Apodiformes","Trochilidae","Colibrí Tirio","Tyrian Metaltail","Residente","No Amenazada","Preocupación Menor (LC)","No CITES",FALSE
"L13016446","Humedal del Yungaqui","https://ebird.org/hotspot/L13016446/bird-list","Anta","Pluvialis dominica","Pluvialis dominica (P.L.S.Müller, 1776)",16,2021,2024,"Charadriiformes","Charadriidae","Chorlo Dorado Americano","American Golden-Plover","Migratorio","No Amenazada","Preocupación Menor (LC)","No CITES",FALSE
"L13016446","Humedal del Yungaqui","https://ebird.org/hotspot/L13016446/bird-list","Anta","Riparia riparia","Riparia riparia (Linnaeus, 1758)",15,2021,2024,"Passeriformes","Hirundinidae","Golondrina Ribereña","Bank Swallow","Migratorio","No Amenazada","Preocupación Menor (LC)","No CITES",FALSE
"L13016446","Humedal del Yungaqui","https://ebird.org/hotspot/L13016446/bird-list","Anta","Lesbia nuna","Lesbia nuna (R.Lesson, 1832)",14,2019,2024,"Apodiformes","Trochilidae","Colibrí de Cola Larga Verde","Green-tailed Trainbearer","Residente","No Amenazada","Preocupación Menor (LC)","No CITES",FALSE
"L13016446","Humedal del Yungaqui","https://ebird.org/hotspot/L13016446/bird-list","Anta","Calidris bairdii","Calidris bairdii (Coues, 1861)",13,2022,2024,"Charadriiformes","Scolopacidae","Playerito de Baird","Baird's Sandpiper","Migratorio","No Amenazada","Preocupación Menor (LC)","No CITES",FALSE
"L13016446","Humedal del Yungaqui","https://ebird.org/hotspot/L13016446/bird-list","Anta","Ochthoeca leucophrys","Ochthoeca leucophrys (Orbigny & Lafresnaye, 1837)",13,2021,2024,"Passeriformes","Tyrannidae","Pitajo de Ceja Blanca","White-browed Chat-Tyrant","Residente","No Amenazada","Preocupación Menor (LC)","No CITES",FALSE
"L13016446","Humedal del Yungaqui","https://ebird.org/hotspot/L13016446/bird-list","Anta","Geranoaetus melanoleucus","Geranoaetus melanoleucus (Vieillot, 1819)",12,2021,2023,"Accipitriformes","Accipitridae","Aguilucho de Pecho Negro","Black-chested Buzzard-Eagle","Residente","No Amenazada","Preocupación Menor (LC)","Apéndice II",FALSE
"L13016446","Humedal del Yungaqui","https://ebird.org/hotspot/L13016446/bird-list","Anta","Rhopospina fruticeti","Rhopospina fruticeti (Kittlitz, 1833)",12,2020,2024,"Passeriformes","Thraupidae","Fringilo de Pecho Negro","Mourning Sierra Finch","Residente","No Amenazada","Preocupación Menor (LC)","No CITES",FALSE
"L13016446","Humedal del Yungaqui","https://ebird.org/hotspot/L13016446/bird-list","Anta","Phalaropus tricolor","Phalaropus tricolor (Vieillot, 1819)",10,2023,2024,"Charadriiformes","Scolopacidae","Faláropo Tricolor","Wilson's Phalarope","Migratorio","No Amenazada","Preocupación Menor (LC)","No CITES",FALSE
"L13016446","Humedal del Yungaqui","https://ebird.org/hotspot/L13016446/bird-list","Anta","Cinclus leucocephalus","Cinclus leucocephalus Tschudi, 1844",9,2021,2024,"Passeriformes","Cinclidae","Mirlo Acuático de Gorro Blanco","White-capped Dipper","Residente","No Amenazada","Preocupación Menor (LC)","No CITES",FALSE
"L13016446","Humedal del Yungaqui","https://ebird.org/hotspot/L13016446/bird-list","Anta","Elaenia albiceps","Elaenia albiceps (Orbigny & Lafresnaye, 1837)",9,2021,2024,"Passeriformes","Tyrannidae","Fío-Fío de Cresta Blanca","White-crested Elaenia","Residente","No Amenazada","Preocupación Menor (LC)","No CITES",FALSE
"L13016446","Humedal del Yungaqui","https://ebird.org/hotspot/L13016446/bird-list","Anta","Lophonetta specularioides","Lophonetta specularioides (P.P.King, 1828)",9,2010,2022,"Anseriformes","Anatidae","Pato Crestón","Crested Duck","Residente","No Amenazada","Preocupación Menor (LC)","No CITES",FALSE
"L13016446","Humedal del Yungaqui","https://ebird.org/hotspot/L13016446/bird-list","Anta","Calidris himantopus","Calidris himantopus (Bonaparte, 1826)",8,2023,2024,"Charadriiformes","Scolopacidae","Playero de Pata Larga","Stilt Sandpiper","Migratorio","No Amenazada","Casi Amenazada (NT)","No CITES",FALSE
"L13016446","Humedal del Yungaqui","https://ebird.org/hotspot/L13016446/bird-list","Anta","Colaptes rupicola","Colaptes rupicola d'Orbigny, 1840",8,2019,2024,"Piciformes","Picidae","Carpintero Andino","Andean Flicker","Residente","No Amenazada","Preocupación Menor (LC)","No CITES",FALSE
"L13016446","Humedal del Yungaqui","https://ebird.org/hotspot/L13016446/bird-list","Anta","Butorides striata","Butorides striata (Linnaeus, 1758)",7,2022,2024,"Pelecaniformes","Ardeidae","Garcita Estriada","Striated Heron","Residente","No Amenazada","Preocupación Menor (LC)","No CITES",FALSE
"L13016446","Humedal del Yungaqui","https://ebird.org/hotspot/L13016446/bird-list","Anta","Aglaeactis cupripennis","Aglaeactis cupripennis (Bourcier, 1843)",6,2021,2021,"Apodiformes","Trochilidae","Rayo-de-Sol Brillante","Shining Sunbeam","Residente","No Amenazada","Preocupación Menor (LC)","No CITES",FALSE
"L13016446","Humedal del Yungaqui","https://ebird.org/hotspot/L13016446/bird-list","Anta","Falco peregrinus","Falco peregrinus Tunstall, 1771",6,2021,2024,"Falconiformes","Falconidae","Halcón Peregrino","Peregrine Falcon","Residente","Casi Amenazado (NT)","Preocupación Menor (LC)","Apéndice I",FALSE
"L13016446","Humedal del Yungaqui","https://ebird.org/hotspot/L13016446/bird-list","Anta","Patagona gigas","Patagona gigas (Vieillot, 1824)",6,2021,2024,"Apodiformes","Trochilidae","Colibrí Gigante Sureño","Southern Giant-Hummingbird","Migratorio","No Amenazada","Preocupación Menor (LC)","No CITES",FALSE
"L13016446","Humedal del Yungaqui","https://ebird.org/hotspot/L13016446/bird-list","Anta","Pheucticus aureoventris","Pheucticus aureoventris (d'Orbigny & Lafresnaye, 1837)",6,2021,2023,"Passeriformes","Cardinalidae","Picogrueso de Dorso Negro","Black-backed Grosbeak","Residente","No Amenazada","Preocupación Menor (LC)","No CITES",FALSE
"L13016446","Humedal del Yungaqui","https://ebird.org/hotspot/L13016446/bird-list","Anta","Tringa solitaria","Tringa solitaria A.Wilson, 1813",6,2021,2021,"Charadriiformes","Scolopacidae","Playero Solitario","Solitary Sandpiper","Migratorio","No Amenazada","Preocupación Menor (LC)","No CITES",FALSE
"L13016446","Humedal del Yungaqui","https://ebird.org/hotspot/L13016446/bird-list","Anta","Accipiter striatus","Accipiter striatus Vieillot, 1808",5,2021,2021,"Accipitriformes","Accipitridae","Gavilán Pajarero","Sharp-shinned Hawk","Residente","No Amenazada","Preocupación Menor (LC)","No CITES",FALSE
"L13016446","Humedal del Yungaqui","https://ebird.org/hotspot/L13016446/bird-list","Anta","Passer domesticus","Passer domesticus (Linnaeus, 1758)",5,2023,2023,"Passeriformes","Passeridae","Gorrión Casero","House Sparrow","Introducido","No Amenazada","Preocupación Menor (LC)","No CITES",FALSE
"L13016446","Humedal del Yungaqui","https://ebird.org/hotspot/L13016446/bird-list","Anta","Phalacrocorax brasilianus","Nannopterum brasilianum (J.F.Gmelin, 1789)",5,2021,2024,"Suliformes","Phalacrocoracidae","Cormorán Neotropical","Neotropic Cormorant","Residente","No Amenazada","Preocupación Menor (LC)","No CITES",FALSE
"L13016446","Humedal del Yungaqui","https://ebird.org/hotspot/L13016446/bird-list","Anta","Theristicus melanopis","Theristicus branickii Berlepsch & Stolzmann, 1894",5,2022,2024,"Pelecaniformes","Threskiornithidae","Bandurria de Cara Negra","Black-faced Ibis","Residente","No Amenazada","Preocupación Menor (LC)","No CITES",FALSE
"L13016446","Humedal del Yungaqui","https://ebird.org/hotspot/L13016446/bird-list","Anta","Actitis macularius","Actitis macularius (Linnaeus, 1766)",4,2020,2022,"Charadriiformes","Scolopacidae","Playero Coleador","Spotted Sandpiper","Migratorio","No Amenazada","Preocupación Menor (LC)","No CITES",FALSE
"L13016446","Humedal del Yungaqui","https://ebird.org/hotspot/L13016446/bird-list","Anta","Glaucidium peruanum","Glaucidium peruanum C.König, 1991",4,2021,2024,"Strigiformes","Strigidae","Lechucita Peruana","Peruvian Pygmy-Owl","Residente","No Amenazada","Preocupación Menor (LC)","No CITES",FALSE
"L13016446","Humedal del Yungaqui","https://ebird.org/hotspot/L13016446/bird-list","Anta","Haplochelidon andecola","Orochelidon andecola (d'Orbigny & Lafresnaye, 1837)",4,2021,2024,NA,NA,NA,NA,NA,"No Amenazada","Preocupación Menor (LC)","No CITES",NA
"L13016446","Humedal del Yungaqui","https://ebird.org/hotspot/L13016446/bird-list","Anta","Pachyramphus validus","Pachyramphus validus (Lichtenstein, 1823)",4,2023,2023,"Passeriformes","Tityridae","Cabezón Crestado","Crested Becard","Residente","No Amenazada","Preocupación Menor (LC)","No CITES",FALSE
"L13016446","Humedal del Yungaqui","https://ebird.org/hotspot/L13016446/bird-list","Anta","Petrochelidon pyrrhonota","Petrochelidon pyrrhonota (Vieillot, 1817)",4,2021,2022,"Passeriformes","Hirundinidae","Golondrina Risquera","Cliff Swallow","Migratorio","No Amenazada","Preocupación Menor (LC)","No CITES",FALSE
"L13016446","Humedal del Yungaqui","https://ebird.org/hotspot/L13016446/bird-list","Anta","Progne tapera","Progne tapera (Linnaeus, 1766)",4,2022,2024,"Passeriformes","Hirundinidae","Martín de Pecho Pardo","Brown-chested Martin","Residente","No Amenazada","Preocupación Menor (LC)","No CITES",FALSE
"L13016446","Humedal del Yungaqui","https://ebird.org/hotspot/L13016446/bird-list","Anta","Aeronautes andecolus","Aeronautes andecolus (d'Orbigny & Lafresnaye, 1837)",3,2021,2024,"Apodiformes","Apodidae","Vencejo Andino","Andean Swift","Residente","No Amenazada","Preocupación Menor (LC)","No CITES",FALSE
"L13016446","Humedal del Yungaqui","https://ebird.org/hotspot/L13016446/bird-list","Anta","Anairetes flavirostris","Anairetes flavirostris P.L.Sclater & Salvin, 1876",3,2021,2024,"Passeriformes","Tyrannidae","Torito de Pico Amarillo","Yellow-billed Tit-Tyrant","Residente","No Amenazada","Preocupación Menor (LC)","No CITES",FALSE
"L13016446","Humedal del Yungaqui","https://ebird.org/hotspot/L13016446/bird-list","Anta","Anas bahamensis","Anas bahamensis Linnaeus, 1758",3,2024,2024,"Anseriformes","Anatidae","Pato Gargantillo","White-cheeked Pintail","Residente","No Amenazada","Preocupación Menor (LC)","No CITES",FALSE
"L13016446","Humedal del Yungaqui","https://ebird.org/hotspot/L13016446/bird-list","Anta","Cranioleuca albicapilla","Cranioleuca albicapilla (Cabanis, 1873)",3,2021,2024,"Passeriformes","Furnariidae","Cola-Espina de Cresta Cremosa","Creamy-crested Spinetail","Endémico","No Amenazada","Preocupación Menor (LC)","No CITES",TRUE
"L13016446","Humedal del Yungaqui","https://ebird.org/hotspot/L13016446/bird-list","Anta","Dolichonyx oryzivorus","Dolichonyx oryzivorus (Linnaeus, 1758)",3,2023,2024,"Passeriformes","Icteridae","Tordo Arrocero","Bobolink","Migratorio","No Amenazada","Casi Amenazada (NT)","No CITES",FALSE
"L13016446","Humedal del Yungaqui","https://ebird.org/hotspot/L13016446/bird-list","Anta","Gallinago andina","Gallinago andina Taczanowski, 1875",3,2024,2024,"Charadriiformes","Scolopacidae","Becasina de la Puna","Puna Snipe","Residente","No Amenazada","Preocupación Menor (LC)","No CITES",FALSE
"L13016446","Humedal del Yungaqui","https://ebird.org/hotspot/L13016446/bird-list","Anta","Geospizopsis unicolor","Geospizopsis unicolor (d'Orbigny & Lafresnaye, 1837)",3,2021,2023,"Passeriformes","Thraupidae","Fringilo Plomizo","Plumbeous Sierra Finch","Residente","No Amenazada","Preocupación Menor (LC)","No CITES",FALSE
"L13016446","Humedal del Yungaqui","https://ebird.org/hotspot/L13016446/bird-list","Anta","Tachuris rubrigastra","Tachuris rubrigastra (Vieillot, 1817)",3,2022,2024,"Passeriformes","Tyrannidae","Siete Colores de la Totora","Many-colored Rush Tyrant","Residente","No Amenazada","Preocupación Menor (LC)","No CITES",FALSE
"L13016446","Humedal del Yungaqui","https://ebird.org/hotspot/L13016446/bird-list","Anta","Turdus fuscater","Turdus fuscater Orbigny & Lafresnaye, 1837",3,2021,2024,"Passeriformes","Turdidae","Zorzal Grande","Great Thrush","Residente","No Amenazada","Preocupación Menor (LC)","No CITES",FALSE
"L13016446","Humedal del Yungaqui","https://ebird.org/hotspot/L13016446/bird-list","Anta","Asthenes ottonis","Asthenes ottonis (Berlepsch, 1901)",2,2023,2024,"Passeriformes","Furnariidae","Canastero de Frente Rojiza","Rusty-fronted Canastero","Endémico","No Amenazada","Preocupación Menor (LC)","No CITES",TRUE
"L13016446","Humedal del Yungaqui","https://ebird.org/hotspot/L13016446/bird-list","Anta","Bartramia longicauda","Bartramia longicauda (Bechstein, 1812)",2,2022,2022,"Charadriiformes","Scolopacidae","Playero Batitú","Upland Sandpiper","Migratorio","No Amenazada","Preocupación Menor (LC)","No CITES",FALSE
"L13016446","Humedal del Yungaqui","https://ebird.org/hotspot/L13016446/bird-list","Anta","Coccyzus americanus","Coccyzus americanus (Linnaeus, 1758)",2,2022,2022,"Cuculiformes","Cuculidae","Cuclillo de Pico Amarillo","Yellow-billed Cuckoo","Migratorio","No Amenazada","Preocupación Menor (LC)","No CITES",FALSE
"L13016446","Humedal del Yungaqui","https://ebird.org/hotspot/L13016446/bird-list","Anta","Coragyps atratus","Coragyps atratus (Bechstein, 1793)",2,2024,2024,"Cathartiformes","Cathartidae","Gallinazo de Cabeza Negra","Black Vulture","Residente","No Amenazada","Preocupación Menor (LC)","No CITES",FALSE
"L13016446","Humedal del Yungaqui","https://ebird.org/hotspot/L13016446/bird-list","Anta","Elliotomyia chionogaster","Elliotomyia chionogaster (Tschudi, 1846)",2,2021,2024,"Apodiformes","Trochilidae","Colibrí de Vientre Blanco","White-bellied Hummingbird","Residente","No Amenazada","Preocupación Menor (LC)","No CITES",FALSE
"L13016446","Humedal del Yungaqui","https://ebird.org/hotspot/L13016446/bird-list","Anta","Spinus atratus","Spinus atratus (d'Orbigny & Lafresnaye, 1837)",2,2023,2024,"Passeriformes","Fringillidae","Jilguero Negro","Black Siskin","Residente","No Amenazada","Preocupación Menor (LC)","No CITES",FALSE
"L13016446","Humedal del Yungaqui","https://ebird.org/hotspot/L13016446/bird-list","Anta","Spinus crassirostris","Spinus crassirostris (Landbeck, 1877)",2,2024,2024,"Passeriformes","Fringillidae","Jilguero de Pico Grueso","Thick-billed Siskin","Residente","No Amenazada","Preocupación Menor (LC)","No CITES",FALSE
"L13016446","Humedal del Yungaqui","https://ebird.org/hotspot/L13016446/bird-list","Anta","Tyto furcata","Tyto furcata (Temminck, 1827)",2,2019,2019,"Strigiformes","Tytonidae","Lechuza de Campanario Americana","American Barn Owl","Residente","No Amenazada","Preocupación Menor (LC)","No CITES",FALSE
"L13016446","Humedal del Yungaqui","https://ebird.org/hotspot/L13016446/bird-list","Anta","Asthenes dorbignyi","Asthenes dorbignyi (Reichenbach, 1853)",1,2024,2024,"Passeriformes","Furnariidae","Canastero de Pecho Cremoso","Creamy-breasted Canastero","Residente","No Amenazada","Preocupación Menor (LC)","No CITES",FALSE
"L13016446","Humedal del Yungaqui","https://ebird.org/hotspot/L13016446/bird-list","Anta","Catamenia homochroa","Catamenia homochroa P.L.Sclater, 1859",1,2023,2023,"Passeriformes","Thraupidae","Semillero Paramero","Paramo Seedeater","Residente","No Amenazada","Preocupación Menor (LC)","No CITES",FALSE
"L13016446","Humedal del Yungaqui","https://ebird.org/hotspot/L13016446/bird-list","Anta","Catamenia inornata","Catamenia inornata (Lafresnaye, 1847)",1,2024,2024,"Passeriformes","Thraupidae","Semillero Simple","Plain-colored Seedeater","Residente","No Amenazada","Preocupación Menor (LC)","No CITES",FALSE
"L13016446","Humedal del Yungaqui","https://ebird.org/hotspot/L13016446/bird-list","Anta","Chaetocercus mulsant","Chaetocercus mulsant (Bourcier, 1843)",1,2021,2021,"Apodiformes","Trochilidae","Estrellita de Vientre Blanco","White-bellied Woodstar","Residente","No Amenazada","Preocupación Menor (LC)","No CITES",FALSE
"L13016446","Humedal del Yungaqui","https://ebird.org/hotspot/L13016446/bird-list","Anta","Cinclodes fuscus","Cinclodes albiventris (Philippi & Landbeck, 1861)",1,2023,2023,NA,NA,NA,NA,NA,"No Amenazada","Preocupación Menor (LC)","No CITES",NA
"L13016446","Humedal del Yungaqui","https://ebird.org/hotspot/L13016446/bird-list","Anta","Empidonomus aurantioatrocristatus","Empidonomus aurantioatrocristatus (Orbigny & Lafresnaye, 1837)",1,2021,2021,"Passeriformes","Tyrannidae","Mosquero-Pizarroso Coronado","Crowned Slaty Flycatcher","Migratorio","No Amenazada","Preocupación Menor (LC)","No CITES",FALSE
"L13016446","Humedal del Yungaqui","https://ebird.org/hotspot/L13016446/bird-list","Anta","Eristalis tenax","Eristalis tenax (Linnaeus, 1758)",1,2025,2025,NA,NA,NA,NA,NA,"No Amenazada","Preocupación Menor (LC)","No CITES",NA
"L13016446","Humedal del Yungaqui","https://ebird.org/hotspot/L13016446/bird-list","Anta","Harpyhaliaetus solitarius","Buteogallus solitarius (Tschudi, 1844)",1,2021,2021,NA,NA,NA,NA,NA,"No Amenazada","Preocupación Menor (LC)","No CITES",NA
"L13016446","Humedal del Yungaqui","https://ebird.org/hotspot/L13016446/bird-list","Anta","Ictinia plumbea","Ictinia plumbea (Gmelin, 1788)",1,2024,2024,"Accipitriformes","Accipitridae","Elanio Plomizo","Plumbeous Kite","Residente","No Amenazada","Preocupación Menor (LC)","No CITES",FALSE
"L13016446","Humedal del Yungaqui","https://ebird.org/hotspot/L13016446/bird-list","Anta","Knipolegus aterrimus","Knipolegus aterrimus Kaup, 1853",1,2024,2024,"Passeriformes","Tyrannidae","Viudita-Negra de Ala Blanca","White-winged Black-Tyrant","Residente","No Amenazada","Preocupación Menor (LC)","No CITES",FALSE
"L13016446","Humedal del Yungaqui","https://ebird.org/hotspot/L13016446/bird-list","Anta","Leptotila verreauxi","Leptotila verreauxi Bonaparte, 1855",1,2024,2024,"Columbiformes","Columbidae","Paloma de Puntas Blancas","White-tipped Dove","Residente","No Amenazada","Preocupación Menor (LC)","No CITES",FALSE
"L13016446","Humedal del Yungaqui","https://ebird.org/hotspot/L13016446/bird-list","Anta","Muscisaxicola maculirostris","Muscisaxicola maculirostris Orbigny & Lafresnaye, 1837",1,2022,2022,"Passeriformes","Tyrannidae","Dormilona Chica","Spot-billed Ground-Tyrant","Residente","No Amenazada","Preocupación Menor (LC)","No CITES",FALSE
"L13016446","Humedal del Yungaqui","https://ebird.org/hotspot/L13016446/bird-list","Anta","Mycteria americana","Mycteria americana Linnaeus, 1758",1,2020,2020,"Ciconiiformes","Ciconiidae","Cigüeña Gabán","Wood Stork","Residente","No Amenazada","Preocupación Menor (LC)","No CITES",FALSE
"L13016446","Humedal del Yungaqui","https://ebird.org/hotspot/L13016446/bird-list","Anta","Myiornis ecaudatus","Myiornis ecaudatus (Orbigny & Lafresnaye, 1837)",1,2023,2023,"Passeriformes","Tyrannidae","Tirano-Pigmeo de Cola Corta","Short-tailed Pygmy-Tyrant","Residente","No Amenazada","Preocupación Menor (LC)","No CITES",FALSE
"L13016446","Humedal del Yungaqui","https://ebird.org/hotspot/L13016446/bird-list","Anta","Myiotheretes striaticollis","Myiotheretes striaticollis (P.L.Sclater, 1853)",1,2024,2024,"Passeriformes","Tyrannidae","Ala-Rufa de Garganta Rayada","Streak-throated Bush-Tyrant","Residente","No Amenazada","Preocupación Menor (LC)","No CITES",FALSE
"L13016446","Humedal del Yungaqui","https://ebird.org/hotspot/L13016446/bird-list","Anta","Nothura darwinii","Nothura darwinii G.R.Gray, 1867",1,2021,2021,"Tinamiformes","Tinamidae","Perdiz de Darwin","Darwin's Nothura","Residente","No Amenazada","Preocupación Menor (LC)","No CITES",FALSE
"L13016446","Humedal del Yungaqui","https://ebird.org/hotspot/L13016446/bird-list","Anta","Nystalus chacuru","Nystalus chacuru (Vieillot, 1816)",1,2024,2024,"Galbuliformes","Bucconidae","Buco de Oreja Blanca","White-eared Puffbird","Residente","No Amenazada","Preocupación Menor (LC)","No CITES",FALSE
"L13016446","Humedal del Yungaqui","https://ebird.org/hotspot/L13016446/bird-list","Anta","Ochthoeca oenanthoides","Ochthoeca oenanthoides (Orbigny & Lafresnaye, 1837)",1,2024,2024,"Passeriformes","Tyrannidae","Pitajo de d’Orbigny","d'Orbigny's Chat-Tyrant","Residente","No Amenazada","Preocupación Menor (LC)","No CITES",FALSE
"L13016446","Humedal del Yungaqui","https://ebird.org/hotspot/L13016446/bird-list","Anta","Patagioenas fasciata","Patagioenas fasciata (Say, 1822)",1,2021,2021,"Columbiformes","Columbidae","Paloma de Nuca Blanca","Band-tailed Pigeon","Residente","No Amenazada","Preocupación Menor (LC)","No CITES",FALSE
"L13016446","Humedal del Yungaqui","https://ebird.org/hotspot/L13016446/bird-list","Anta","Patagioenas plumbea","Patagioenas plumbea (Vieillot, 1818)",1,2021,2021,"Columbiformes","Columbidae","Paloma Plomiza","Plumbeous Pigeon","Residente","No Amenazada","Preocupación Menor (LC)","No CITES",FALSE
"L13016446","Humedal del Yungaqui","https://ebird.org/hotspot/L13016446/bird-list","Anta","Podiceps occipitalis","Podiceps occipitalis Garnot, 1826",1,2024,2024,"Podicipediformes","Podicipedidae","Zambullidor Plateado","Silvery Grebe","Residente","No Amenazada","Preocupación Menor (LC)","No CITES",FALSE
"L13016446","Humedal del Yungaqui","https://ebird.org/hotspot/L13016446/bird-list","Anta","Porphyrospiza alaudina","Rhopospina alaudina (Kittlitz, 1833)",1,2024,2024,NA,NA,NA,NA,NA,"No Amenazada","Preocupación Menor (LC)","No CITES",NA
"L13016446","Humedal del Yungaqui","https://ebird.org/hotspot/L13016446/bird-list","Anta","Sclerurus obscurior","Sclerurus obscurior Hartert & Ejo, 1901",1,2024,2024,"Passeriformes","Furnariidae","Tira-Hoja Sudamericana","South American Leaftosser","Residente","No Amenazada","Preocupación Menor (LC)","No CITES",FALSE
"L13016446","Humedal del Yungaqui","https://ebird.org/hotspot/L13016446/bird-list","Anta","Vanessa braziliensis","Vanessa braziliensis (Moore, 1883)",1,2025,2025,NA,NA,NA,NA,NA,"No Amenazada","Preocupación Menor (LC)","No CITES",NA
"L892475","Laguna Huaypo","https://ebird.org/hotspot/L892475/bird-list","Anta","Fulica ardesiaca","Fulica ardesiaca Tschudi, 1843",528,1984,2026,"Gruiformes","Rallidae","Gallareta Andina","Slate-colored Coot","Residente","No Amenazada","Preocupación Menor (LC)","No CITES",FALSE
"L892475","Laguna Huaypo","https://ebird.org/hotspot/L892475/bird-list","Anta","Chroicocephalus serranus","Chroicocephalus serranus (Tschudi, 1844)",497,1984,2025,"Charadriiformes","Laridae","Gaviota Andina","Andean Gull","Residente","No Amenazada","Preocupación Menor (LC)","No CITES",FALSE
"L892475","Laguna Huaypo","https://ebird.org/hotspot/L892475/bird-list","Anta","Oxyura ferruginea","Oxyura ferruginea (Eyton, 1838)",464,1984,2025,NA,NA,NA,NA,NA,"No Amenazada","Preocupación Menor (LC)","No CITES",NA
"L892475","Laguna Huaypo","https://ebird.org/hotspot/L892475/bird-list","Anta","Agelasticus thilius","Agelasticus thilius (Molina, 1782)",432,1984,2024,"Passeriformes","Icteridae","Tordo de Ala Amarilla","Yellow-winged Blackbird","Residente","No Amenazada","Preocupación Menor (LC)","No CITES",FALSE
"L892475","Laguna Huaypo","https://ebird.org/hotspot/L892475/bird-list","Anta","Rollandia rolland","Rollandia rolland (Quoy & Gaimard, 1824)",402,1984,2024,"Podicipediformes","Podicipedidae","Zambullidor Pimpollo","White-tufted Grebe","Residente","No Amenazada","Preocupación Menor (LC)","No CITES",FALSE
"L892475","Laguna Huaypo","https://ebird.org/hotspot/L892475/bird-list","Anta","Gallinula chloropus","Gallinula galeata (Lichtenstein & Mhc, 1818)",377,1984,2024,NA,NA,NA,NA,NA,"No Amenazada","Preocupación Menor (LC)","No CITES",NA
"L892475","Laguna Huaypo","https://ebird.org/hotspot/L892475/bird-list","Anta","Zonotrichia capensis","Zonotrichia capensis (P.L.S.Müller, 1776)",369,1987,2024,"Passeriformes","Passerellidae","Gorrión de Collar Rufo","Rufous-collared Sparrow","Residente","No Amenazada","Preocupación Menor (LC)","No CITES",FALSE
"L892475","Laguna Huaypo","https://ebird.org/hotspot/L892475/bird-list","Anta","Anas flavirostris","Anas flavirostris Vieillot, 1816",354,1984,2024,"Anseriformes","Anatidae","Pato Barcino","Yellow-billed Teal","Residente","No Amenazada","Preocupación Menor (LC)","No CITES",FALSE
"L892475","Laguna Huaypo","https://ebird.org/hotspot/L892475/bird-list","Anta","Tachuris rubrigastra","Tachuris rubrigastra (Vieillot, 1817)",348,1997,2024,"Passeriformes","Tyrannidae","Siete Colores de la Totora","Many-colored Rush Tyrant","Residente","No Amenazada","Preocupación Menor (LC)","No CITES",FALSE
"L892475","Laguna Huaypo","https://ebird.org/hotspot/L892475/bird-list","Anta","Plegadis ridgwayi","Plegadis ridgwayi (Allen, 1876)",317,1984,2024,"Pelecaniformes","Threskiornithidae","Ibis de la Puna","Puna Ibis","Residente","No Amenazada","Preocupación Menor (LC)","No CITES",FALSE
"L892475","Laguna Huaypo","https://ebird.org/hotspot/L892475/bird-list","Anta","Spatula cyanoptera","Spatula cyanoptera (Vieillot, 1816)",313,1987,2024,"Anseriformes","Anatidae","Pato Colorado","Cinnamon Teal","Residente","No Amenazada","Preocupación Menor (LC)","No CITES",FALSE
"L892475","Laguna Huaypo","https://ebird.org/hotspot/L892475/bird-list","Anta","Phleocryptes melanops","Phleocryptes melanops (Vieillot, 1817)",300,1997,2024,"Passeriformes","Furnariidae","Junquero","Wren-like Rushbird","Residente","No Amenazada","Preocupación Menor (LC)","No CITES",FALSE
"L892475","Laguna Huaypo","https://ebird.org/hotspot/L892475/bird-list","Anta","Patagioenas maculosa","Patagioenas maculosa (Temminck, 1813)",299,1984,2024,"Columbiformes","Columbidae","Paloma de Ala Moteada","Spot-winged Pigeon","Residente","No Amenazada","Preocupación Menor (LC)","No CITES",FALSE
"L892475","Laguna Huaypo","https://ebird.org/hotspot/L892475/bird-list","Anta","Spinus magellanicus","Spinus magellanicus (Vieillot, 1805)",287,2004,2024,"Passeriformes","Fringillidae","Jilguero Encapuchado","Hooded Siskin","Residente","No Amenazada","Preocupación Menor (LC)","No CITES",FALSE
"L892475","Laguna Huaypo","https://ebird.org/hotspot/L892475/bird-list","Anta","Anas georgica","Anas georgica J.F.Gmelin, 1789",274,1984,2024,"Anseriformes","Anatidae","Pato Jergón","Yellow-billed Pintail","Residente","No Amenazada","Preocupación Menor (LC)","No CITES",FALSE
"L892475","Laguna Huaypo","https://ebird.org/hotspot/L892475/bird-list","Anta","Spatula puna","Spatula puna (Tschudi, 1844)",239,1984,2024,"Anseriformes","Anatidae","Pato de la Puna","Puna Teal","Residente","No Amenazada","Preocupación Menor (LC)","No CITES",FALSE
"L892475","Laguna Huaypo","https://ebird.org/hotspot/L892475/bird-list","Anta","Vanellus resplendens","Vanellus resplendens (Tschudi, 1843)",212,1984,2024,"Charadriiformes","Charadriidae","Avefría Andina","Andean Lapwing","Residente","No Amenazada","Preocupación Menor (LC)","No CITES",FALSE
"L892475","Laguna Huaypo","https://ebird.org/hotspot/L892475/bird-list","Anta","Falco sparverius","Falco sparverius Linnaeus, 1758",207,1998,2024,"Falconiformes","Falconidae","Cernícalo Americano","American Kestrel","Residente","No Amenazada","Preocupación Menor (LC)","No CITES",FALSE
"L892475","Laguna Huaypo","https://ebird.org/hotspot/L892475/bird-list","Anta","Actitis macularius","Actitis macularius (Linnaeus, 1766)",165,2000,2024,"Charadriiformes","Scolopacidae","Playero Coleador","Spotted Sandpiper","Migratorio","No Amenazada","Preocupación Menor (LC)","No CITES",FALSE
"L892475","Laguna Huaypo","https://ebird.org/hotspot/L892475/bird-list","Anta","Phalacrocorax brasilianus","Nannopterum brasilianum (J.F.Gmelin, 1789)",154,2000,2024,"Suliformes","Phalacrocoracidae","Cormorán Neotropical","Neotropic Cormorant","Residente","No Amenazada","Preocupación Menor (LC)","No CITES",FALSE
"L892475","Laguna Huaypo","https://ebird.org/hotspot/L892475/bird-list","Anta","Catamenia analis","Catamenia analis (d'Orbigny & Lafresnaye, 1837)",149,1984,2024,"Passeriformes","Thraupidae","Semillero de Cola Bandeada","Band-tailed Seedeater","Residente","No Amenazada","Preocupación Menor (LC)","No CITES",FALSE
"L892475","Laguna Huaypo","https://ebird.org/hotspot/L892475/bird-list","Anta","Pardirallus sanguinolentus","Pardirallus sanguinolentus (Swainson, 1838)",141,1998,2024,"Gruiformes","Rallidae","Rascón Plomizo","Plumbeous Rail","Residente","No Amenazada","Preocupación Menor (LC)","No CITES",FALSE
"L892475","Laguna Huaypo","https://ebird.org/hotspot/L892475/bird-list","Anta","Turdus chiguanco","Turdus chiguanco Orbigny & Lafresnaye, 1837",140,1984,2024,"Passeriformes","Turdidae","Zorzal Chiguanco","Chiguanco Thrush","Residente","No Amenazada","Preocupación Menor (LC)","No CITES",FALSE
"L892475","Laguna Huaypo","https://ebird.org/hotspot/L892475/bird-list","Anta","Bubulcus ibis","Ardea ibis Linnaeus, 1758",138,2004,2024,NA,NA,NA,NA,NA,"No Amenazada","Preocupación Menor (LC)","No CITES",NA
"L892475","Laguna Huaypo","https://ebird.org/hotspot/L892475/bird-list","Anta","Ardea alba","Ardea alba Linnaeus, 1758",128,2000,2025,"Pelecaniformes","Ardeidae","Garza Grande","Great Egret","Residente","No Amenazada","Preocupación Menor (LC)","No CITES",FALSE
"L892475","Laguna Huaypo","https://ebird.org/hotspot/L892475/bird-list","Anta","Phoenicopterus chilensis","Phoenicopterus chilensis Molina, 1782",125,2015,2024,"Phoenicopteriformes","Phoenicopteridae","Flamenco Chileno","Chilean Flamingo","Residente","Casi Amenazado (NT)","Casi Amenazada (NT)","Apéndice II",FALSE
"L892475","Laguna Huaypo","https://ebird.org/hotspot/L892475/bird-list","Anta","Tringa flavipes","Tringa flavipes (J.F.Gmelin, 1789)",125,2000,2024,"Charadriiformes","Scolopacidae","Playero Pata Amarilla Menor","Lesser Yellowlegs","Migratorio","No Amenazada","Vulnerable (VU)","No CITES",FALSE
"L892475","Laguna Huaypo","https://ebird.org/hotspot/L892475/bird-list","Anta","Zenaida auriculata","Zenaida auriculata (Des Murs, 1847)",116,1984,2024,"Columbiformes","Columbidae","Tórtola Orejuda","Eared Dove","Residente","No Amenazada","Preocupación Menor (LC)","No CITES",FALSE
"L892475","Laguna Huaypo","https://ebird.org/hotspot/L892475/bird-list","Anta","Columba livia","Columba livia J.F.Gmelin, 1789",113,2004,2024,"Columbiformes","Columbidae","Paloma Doméstica","Rock Pigeon","Introducido","No Amenazada","Preocupación Menor (LC)","No CITES",FALSE
"L892475","Laguna Huaypo","https://ebird.org/hotspot/L892475/bird-list","Anta","Sicalis luteola","Sicalis luteola (Sparrman, 1789)",103,1997,2024,"Passeriformes","Thraupidae","Chirigüe Común","Grassland Yellow-Finch","Residente","No Amenazada","Preocupación Menor (LC)","No CITES",FALSE
"L892475","Laguna Huaypo","https://ebird.org/hotspot/L892475/bird-list","Anta","Tringa melanoleuca","Tringa melanoleuca (J.F.Gmelin, 1789)",96,1995,2024,"Charadriiformes","Scolopacidae","Playero Pata Amarilla Mayor","Greater Yellowlegs","Migratorio","No Amenazada","Casi Amenazada (NT)","No CITES",FALSE
"L892475","Laguna Huaypo","https://ebird.org/hotspot/L892475/bird-list","Anta","Himantopus mexicanus","Himantopus mexicanus (P.L.S.Müller, 1776)",92,1997,2024,"Charadriiformes","Recurvirostridae","Cigüeñuela de Cuello Negro","Black-necked Stilt","Residente","No Amenazada","Preocupación Menor (LC)","No CITES",FALSE
"L892475","Laguna Huaypo","https://ebird.org/hotspot/L892475/bird-list","Anta","Buteo polyosoma","Geranoaetus polyosoma (Quoy & Gaimard, 1824)",90,2004,2024,NA,NA,NA,NA,NA,"No Amenazada","Preocupación Menor (LC)","Apéndice II",NA
"L892475","Laguna Huaypo","https://ebird.org/hotspot/L892475/bird-list","Anta","Circus cinereus","Circus cinereus Vieillot, 1816",87,1984,2024,"Accipitriformes","Accipitridae","Aguilucho Cenizo","Cinereous Harrier","Residente","No Amenazada","Preocupación Menor (LC)","No CITES",FALSE
"L892475","Laguna Huaypo","https://ebird.org/hotspot/L892475/bird-list","Anta","Chloephaga melanoptera","Oressochen melanopterus (Eyton, 1838)",82,1987,2024,NA,NA,NA,NA,NA,"No Amenazada","Preocupación Menor (LC)","No CITES",NA
"L892475","Laguna Huaypo","https://ebird.org/hotspot/L892475/bird-list","Anta","Podiceps occipitalis","Podiceps occipitalis Garnot, 1826",77,1984,2024,"Podicipediformes","Podicipedidae","Zambullidor Plateado","Silvery Grebe","Residente","No Amenazada","Preocupación Menor (LC)","No CITES",FALSE
"L892475","Laguna Huaypo","https://ebird.org/hotspot/L892475/bird-list","Anta","Falco femoralis","Falco femoralis Temminck, 1822",76,1987,2024,"Falconiformes","Falconidae","Halcón Aplomado","Aplomado Falcon","Residente","No Amenazada","Preocupación Menor (LC)","No CITES",FALSE
"L892475","Laguna Huaypo","https://ebird.org/hotspot/L892475/bird-list","Anta","Nycticorax nycticorax","Nycticorax nycticorax (Linnaeus, 1758)",75,2004,2024,"Pelecaniformes","Ardeidae","Huaco Común","Black-crowned Night-Heron","Residente","No Amenazada","Preocupación Menor (LC)","No CITES",FALSE
"L892475","Laguna Huaypo","https://ebird.org/hotspot/L892475/bird-list","Anta","Colaptes rupicola","Colaptes rupicola d'Orbigny, 1840",72,1984,2024,"Piciformes","Picidae","Carpintero Andino","Andean Flicker","Residente","No Amenazada","Preocupación Menor (LC)","No CITES",FALSE
"L892475","Laguna Huaypo","https://ebird.org/hotspot/L892475/bird-list","Anta","Phrygilus punensis","Phrygilus punensis Ridgway, 1887",71,2007,2024,"Passeriformes","Thraupidae","Fringilo Peruano","Peruvian Sierra Finch","Residente","No Amenazada","Preocupación Menor (LC)","No CITES",FALSE
"L892475","Laguna Huaypo","https://ebird.org/hotspot/L892475/bird-list","Anta","Theristicus melanopis","Theristicus branickii Berlepsch & Stolzmann, 1894",69,2006,2024,"Pelecaniformes","Threskiornithidae","Bandurria de Cara Negra","Black-faced Ibis","Residente","No Amenazada","Preocupación Menor (LC)","No CITES",FALSE
"L892475","Laguna Huaypo","https://ebird.org/hotspot/L892475/bird-list","Anta","Conirostrum cinereum","Conirostrum cinereum d'Orbigny & Lafresnaye, 1838",67,1987,2024,"Passeriformes","Thraupidae","Pico-de-Cono Cinéreo","Cinereous Conebill","Residente","No Amenazada","Preocupación Menor (LC)","No CITES",FALSE
"L892475","Laguna Huaypo","https://ebird.org/hotspot/L892475/bird-list","Anta","Athene cunicularia","Athene cunicularia (Molina, 1782)",65,1997,2024,"Strigiformes","Strigidae","Lechuza Terrestre","Burrowing Owl","Residente","No Amenazada","Preocupación Menor (LC)","No CITES",FALSE
"L892475","Laguna Huaypo","https://ebird.org/hotspot/L892475/bird-list","Anta","Metriopelia ceciliae","Metriopelia ceciliae (R.Lesson, 1845)",62,1984,2024,"Columbiformes","Columbidae","Tortolita Moteada","Bare-faced Ground Dove","Residente","No Amenazada","Preocupación Menor (LC)","No CITES",FALSE
"L892475","Laguna Huaypo","https://ebird.org/hotspot/L892475/bird-list","Anta","Spatula discors","Spatula discors (Linnaeus, 1766)",59,2004,2024,"Anseriformes","Anatidae","Pato de Ala Azul","Blue-winged Teal","Migratorio","No Amenazada","Preocupación Menor (LC)","No CITES",FALSE
"L892475","Laguna Huaypo","https://ebird.org/hotspot/L892475/bird-list","Anta","Phalaropus tricolor","Phalaropus tricolor (Vieillot, 1819)",58,2004,2023,"Charadriiformes","Scolopacidae","Faláropo Tricolor","Wilson's Phalarope","Migratorio","No Amenazada","Preocupación Menor (LC)","No CITES",FALSE
"L892475","Laguna Huaypo","https://ebird.org/hotspot/L892475/bird-list","Anta","Colibri coruscans","Colibri coruscans (Gould, 1846)",56,1987,2024,"Apodiformes","Trochilidae","Oreja-Violeta de Vientre Azul","Sparkling Violetear","Residente","No Amenazada","Preocupación Menor (LC)","No CITES",FALSE
"L892475","Laguna Huaypo","https://ebird.org/hotspot/L892475/bird-list","Anta","Egretta thula","Egretta thula (Molina, 1782)",53,1987,2024,"Pelecaniformes","Ardeidae","Garcita Blanca","Snowy Egret","Residente","No Amenazada","Preocupación Menor (LC)","No CITES",FALSE
"L892475","Laguna Huaypo","https://ebird.org/hotspot/L892475/bird-list","Anta","Hirundo rustica","Hirundo rustica Linnaeus, 1758",49,2014,2024,"Passeriformes","Hirundinidae","Golondrina Tijereta","Barn Swallow","Migratorio","No Amenazada","Preocupación Menor (LC)","No CITES",FALSE
"L892475","Laguna Huaypo","https://ebird.org/hotspot/L892475/bird-list","Anta","Sicalis olivascens","Sicalis olivascens (d'Orbigny & Lafresnaye, 1837)",47,1984,2024,"Passeriformes","Thraupidae","Chirigüe Verdoso","Greenish Yellow-Finch","Residente","No Amenazada","Preocupación Menor (LC)","No CITES",FALSE
"L892475","Laguna Huaypo","https://ebird.org/hotspot/L892475/bird-list","Anta","Troglodytes musculus","Troglodytes musculus J.F.Naumann, 1823",42,2004,2024,"Passeriformes","Troglodytidae","Cucarachero Común Sureño","Southern House-Wren","Residente","No Amenazada","Preocupación Menor (LC)","No CITES",FALSE
"L892475","Laguna Huaypo","https://ebird.org/hotspot/L892475/bird-list","Anta","Cathartes aura","Cathartes aura (Linnaeus, 1758)",41,2012,2024,"Cathartiformes","Cathartidae","Gallinazo de Cabeza Roja","Turkey Vulture","Residente","No Amenazada","Preocupación Menor (LC)","No CITES",FALSE
"L892475","Laguna Huaypo","https://ebird.org/hotspot/L892475/bird-list","Anta","Riparia riparia","Riparia riparia (Linnaeus, 1758)",40,2014,2023,"Passeriformes","Hirundinidae","Golondrina Ribereña","Bank Swallow","Migratorio","No Amenazada","Preocupación Menor (LC)","No CITES",FALSE
"L892475","Laguna Huaypo","https://ebird.org/hotspot/L892475/bird-list","Anta","Porphyrospiza alaudina","Rhopospina alaudina (Kittlitz, 1833)",38,2013,2024,NA,NA,NA,NA,NA,"No Amenazada","Preocupación Menor (LC)","No CITES",NA
"L892475","Laguna Huaypo","https://ebird.org/hotspot/L892475/bird-list","Anta","Ochthoeca leucophrys","Ochthoeca leucophrys (Orbigny & Lafresnaye, 1837)",37,1984,2024,"Passeriformes","Tyrannidae","Pitajo de Ceja Blanca","White-browed Chat-Tyrant","Residente","No Amenazada","Preocupación Menor (LC)","No CITES",FALSE
"L892475","Laguna Huaypo","https://ebird.org/hotspot/L892475/bird-list","Anta","Saltator aurantiirostris","Saltator aurantiirostris Vieillot, 1817",36,1998,2024,"Passeriformes","Thraupidae","Saltador de Pico Dorado","Golden-billed Saltator","Residente","No Amenazada","Preocupación Menor (LC)","No CITES",FALSE
"L892475","Laguna Huaypo","https://ebird.org/hotspot/L892475/bird-list","Anta","Diglossa brunneiventris","Diglossa brunneiventris Lafresnaye, 1846",35,2009,2024,"Passeriformes","Thraupidae","Pinchaflor de Garganta Negra","Black-throated Flowerpiercer","Residente","No Amenazada","Preocupación Menor (LC)","No CITES",FALSE
"L892475","Laguna Huaypo","https://ebird.org/hotspot/L892475/bird-list","Anta","Rhopospina fruticeti","Rhopospina fruticeti (Kittlitz, 1833)",32,1987,2024,"Passeriformes","Thraupidae","Fringilo de Pecho Negro","Mourning Sierra Finch","Residente","No Amenazada","Preocupación Menor (LC)","No CITES",FALSE
"L892475","Laguna Huaypo","https://ebird.org/hotspot/L892475/bird-list","Anta","Notiochelidon murina","Orochelidon murina (Cassin, 1853)",30,2004,2024,NA,NA,NA,NA,NA,"No Amenazada","Preocupación Menor (LC)","No CITES",NA
"L892475","Laguna Huaypo","https://ebird.org/hotspot/L892475/bird-list","Anta","Egretta caerulea","Egretta caerulea (Linnaeus, 1758)",29,2004,2024,"Pelecaniformes","Ardeidae","Garcita Azul","Little Blue Heron","Residente","No Amenazada","Preocupación Menor (LC)","No CITES",FALSE
"L892475","Laguna Huaypo","https://ebird.org/hotspot/L892475/bird-list","Anta","Patagona gigas","Patagona gigas (Vieillot, 1824)",29,1984,2024,"Apodiformes","Trochilidae","Colibrí Gigante Sureño","Southern Giant-Hummingbird","Migratorio","No Amenazada","Preocupación Menor (LC)","No CITES",FALSE
"L892475","Laguna Huaypo","https://ebird.org/hotspot/L892475/bird-list","Anta","Pluvialis dominica","Pluvialis dominica (P.L.S.Müller, 1776)",28,1995,2024,"Charadriiformes","Charadriidae","Chorlo Dorado Americano","American Golden-Plover","Migratorio","No Amenazada","Preocupación Menor (LC)","No CITES",FALSE
"L892475","Laguna Huaypo","https://ebird.org/hotspot/L892475/bird-list","Anta","Sporophila luctuosa","Sporophila luctuosa (Lafresnaye, 1843)",26,2017,2024,"Passeriformes","Thraupidae","Espiguero Negro y Blanco","Black-and-white Seedeater","Residente","No Amenazada","Preocupación Menor (LC)","No CITES",FALSE
"L892475","Laguna Huaypo","https://ebird.org/hotspot/L892475/bird-list","Anta","Rauenia bonariensis","Rauenia bonariensis (J.F.Gmelin, 1789)",25,1987,2024,"Passeriformes","Thraupidae","Tangara Azul y Amarilla","Blue-and-yellow Tanager","Residente","No Amenazada","Preocupación Menor (LC)","No CITES",FALSE
"L892475","Laguna Huaypo","https://ebird.org/hotspot/L892475/bird-list","Anta","Lesbia nuna","Lesbia nuna (R.Lesson, 1832)",24,1984,2024,"Apodiformes","Trochilidae","Colibrí de Cola Larga Verde","Green-tailed Trainbearer","Residente","No Amenazada","Preocupación Menor (LC)","No CITES",FALSE
"L892475","Laguna Huaypo","https://ebird.org/hotspot/L892475/bird-list","Anta","Calidris bairdii","Calidris bairdii (Coues, 1861)",23,1995,2024,"Charadriiformes","Scolopacidae","Playerito de Baird","Baird's Sandpiper","Migratorio","No Amenazada","Preocupación Menor (LC)","No CITES",FALSE
"L892475","Laguna Huaypo","https://ebird.org/hotspot/L892475/bird-list","Anta","Calidris melanotos","Calidris melanotos (Vieillot, 1819)",22,1995,2024,"Charadriiformes","Scolopacidae","Playero Pectoral","Pectoral Sandpiper","Migratorio","No Amenazada","Preocupación Menor (LC)","No CITES",FALSE
"L892475","Laguna Huaypo","https://ebird.org/hotspot/L892475/bird-list","Anta","Geranoaetus melanoleucus","Geranoaetus melanoleucus (Vieillot, 1819)",22,1984,2024,"Accipitriformes","Accipitridae","Aguilucho de Pecho Negro","Black-chested Buzzard-Eagle","Residente","No Amenazada","Preocupación Menor (LC)","Apéndice II",FALSE
"L892475","Laguna Huaypo","https://ebird.org/hotspot/L892475/bird-list","Anta","Asthenes ottonis","Asthenes ottonis (Berlepsch, 1901)",21,1984,2024,"Passeriformes","Furnariidae","Canastero de Frente Rojiza","Rusty-fronted Canastero","Endémico","No Amenazada","Preocupación Menor (LC)","No CITES",TRUE
"L892475","Laguna Huaypo","https://ebird.org/hotspot/L892475/bird-list","Anta","Lesbia victoriae","Lesbia victoriae (Bourcier & Mulsant, 1846)",20,2014,2024,"Apodiformes","Trochilidae","Colibrí de Cola Larga Negra","Black-tailed Trainbearer","Residente","No Amenazada","Preocupación Menor (LC)","No CITES",FALSE
"L892475","Laguna Huaypo","https://ebird.org/hotspot/L892475/bird-list","Anta","Anthus brevirostris","Anthus brevirostris Taczanowski, 1875",17,1995,2024,NA,NA,NA,NA,NA,"No Amenazada","Preocupación Menor (LC)","No CITES",NA
"L892475","Laguna Huaypo","https://ebird.org/hotspot/L892475/bird-list","Anta","Haplochelidon andecola","Orochelidon andecola (d'Orbigny & Lafresnaye, 1837)",17,2009,2024,NA,NA,NA,NA,NA,"No Amenazada","Preocupación Menor (LC)","No CITES",NA
"L892475","Laguna Huaypo","https://ebird.org/hotspot/L892475/bird-list","Anta","Geospizopsis plebejus","Geospizopsis plebejus (Tschudi, 1844)",16,1987,2023,"Passeriformes","Thraupidae","Fringilo de Pecho Cenizo","Ash-breasted Sierra Finch","Residente","No Amenazada","Preocupación Menor (LC)","No CITES",FALSE
"L892475","Laguna Huaypo","https://ebird.org/hotspot/L892475/bird-list","Anta","Anas bahamensis","Anas bahamensis Linnaeus, 1758",13,2007,2024,"Anseriformes","Anatidae","Pato Gargantillo","White-cheeked Pintail","Residente","No Amenazada","Preocupación Menor (LC)","No CITES",FALSE
"L892475","Laguna Huaypo","https://ebird.org/hotspot/L892475/bird-list","Anta","Fulica gigantea","Fulica gigantea Eydoux & Souleyet, 1841",13,2004,2024,"Gruiformes","Rallidae","Gallareta Gigante","Giant Coot","Residente","No Amenazada","Preocupación Menor (LC)","No CITES",FALSE
"L892475","Laguna Huaypo","https://ebird.org/hotspot/L892475/bird-list","Anta","Muscisaxicola maculirostris","Muscisaxicola maculirostris Orbigny & Lafresnaye, 1837",13,1984,2023,"Passeriformes","Tyrannidae","Dormilona Chica","Spot-billed Ground-Tyrant","Residente","No Amenazada","Preocupación Menor (LC)","No CITES",FALSE
"L892475","Laguna Huaypo","https://ebird.org/hotspot/L892475/bird-list","Anta","Streptoprocne zonaris","Streptoprocne zonaris (Shaw, 1796)",13,2007,2022,"Apodiformes","Apodidae","Vencejo de Collar Blanco","White-collared Swift","Residente","No Amenazada","Preocupación Menor (LC)","No CITES",FALSE
"L892475","Laguna Huaypo","https://ebird.org/hotspot/L892475/bird-list","Anta","Lessonia oreas","Lessonia oreas (P.L.Sclater & Salvin, 1869)",12,1984,2023,"Passeriformes","Tyrannidae","Negrito Andino","Andean Negrito","Residente","No Amenazada","Preocupación Menor (LC)","No CITES",FALSE
"L892475","Laguna Huaypo","https://ebird.org/hotspot/L892475/bird-list","Anta","Aglaeactis castelnaudii","Aglaeactis castelnaudii (Bourcier & Mulsant, 1848)",11,2019,2023,"Apodiformes","Trochilidae","Rayo-de-Sol Acanelado","White-tufted Sunbeam","Endémico","No Amenazada","Casi Amenazada (NT)","No CITES",TRUE
"L892475","Laguna Huaypo","https://ebird.org/hotspot/L892475/bird-list","Anta","Aeronautes andecolus","Aeronautes andecolus (d'Orbigny & Lafresnaye, 1837)",10,1987,2024,"Apodiformes","Apodidae","Vencejo Andino","Andean Swift","Residente","No Amenazada","Preocupación Menor (LC)","No CITES",FALSE
"L892475","Laguna Huaypo","https://ebird.org/hotspot/L892475/bird-list","Anta","Catamenia inornata","Catamenia inornata (Lafresnaye, 1847)",10,2007,2024,"Passeriformes","Thraupidae","Semillero Simple","Plain-colored Seedeater","Residente","No Amenazada","Preocupación Menor (LC)","No CITES",FALSE
"L892475","Laguna Huaypo","https://ebird.org/hotspot/L892475/bird-list","Anta","Crotophaga ani","Crotophaga ani Linnaeus, 1758",10,2016,2018,"Cuculiformes","Cuculidae","Garrapatero de Pico Liso","Smooth-billed Ani","Residente","No Amenazada","Preocupación Menor (LC)","No CITES",FALSE
"L892475","Laguna Huaypo","https://ebird.org/hotspot/L892475/bird-list","Anta","Aglaeactis cupripennis","Aglaeactis cupripennis (Bourcier, 1843)",9,2016,2024,"Apodiformes","Trochilidae","Rayo-de-Sol Brillante","Shining Sunbeam","Residente","No Amenazada","Preocupación Menor (LC)","No CITES",FALSE
"L892475","Laguna Huaypo","https://ebird.org/hotspot/L892475/bird-list","Anta","Petrochelidon pyrrhonota","Petrochelidon pyrrhonota (Vieillot, 1817)",9,2016,2024,"Passeriformes","Hirundinidae","Golondrina Risquera","Cliff Swallow","Migratorio","No Amenazada","Preocupación Menor (LC)","No CITES",FALSE
"L892475","Laguna Huaypo","https://ebird.org/hotspot/L892475/bird-list","Anta","Buteo albigula","Buteo albigula Philippi, 1899",8,2018,2024,"Accipitriformes","Accipitridae","Aguilucho de Garganta Blanca","White-throated Hawk","Residente","No Amenazada","Preocupación Menor (LC)","No CITES",FALSE
"L892475","Laguna Huaypo","https://ebird.org/hotspot/L892475/bird-list","Anta","Calidris himantopus","Calidris himantopus (Bonaparte, 1826)",8,2014,2024,"Charadriiformes","Scolopacidae","Playero de Pata Larga","Stilt Sandpiper","Migratorio","No Amenazada","Casi Amenazada (NT)","No CITES",FALSE
"L892475","Laguna Huaypo","https://ebird.org/hotspot/L892475/bird-list","Anta","Elaenia albiceps","Elaenia albiceps (Orbigny & Lafresnaye, 1837)",7,2006,2022,"Passeriformes","Tyrannidae","Fío-Fío de Cresta Blanca","White-crested Elaenia","Residente","No Amenazada","Preocupación Menor (LC)","No CITES",FALSE
"L892475","Laguna Huaypo","https://ebird.org/hotspot/L892475/bird-list","Anta","Metallura tyrianthina","Metallura tyrianthina (Loddiges, 1832)",7,2016,2023,"Apodiformes","Trochilidae","Colibrí Tirio","Tyrian Metaltail","Residente","No Amenazada","Preocupación Menor (LC)","No CITES",FALSE
"L892475","Laguna Huaypo","https://ebird.org/hotspot/L892475/bird-list","Anta","Muscisaxicola rufivertex","Muscisaxicola rufivertex Orbigny & Lafresnaye, 1837",7,1984,2016,"Passeriformes","Tyrannidae","Dormilona de Nuca Rojiza","Rufous-naped Ground-Tyrant","Residente","No Amenazada","Preocupación Menor (LC)","No CITES",FALSE
"L892475","Laguna Huaypo","https://ebird.org/hotspot/L892475/bird-list","Anta","Spinus olivaceus","Spinus olivaceus von Berlepsch & Stolzmann, 1894",7,2013,2018,"Passeriformes","Fringillidae","Jilguero Oliváceo","Olivaceous Siskin","Residente","No Amenazada","Preocupación Menor (LC)","No CITES",FALSE
"L892475","Laguna Huaypo","https://ebird.org/hotspot/L892475/bird-list","Anta","Tringa solitaria","Tringa solitaria A.Wilson, 1813",7,1997,2023,"Charadriiformes","Scolopacidae","Playero Solitario","Solitary Sandpiper","Migratorio","No Amenazada","Preocupación Menor (LC)","No CITES",FALSE
"L892475","Laguna Huaypo","https://ebird.org/hotspot/L892475/bird-list","Anta","Cinclodes fuscus","Cinclodes albiventris (Philippi & Landbeck, 1861)",6,2008,2024,NA,NA,NA,NA,NA,"No Amenazada","Preocupación Menor (LC)","No CITES",NA
"L892475","Laguna Huaypo","https://ebird.org/hotspot/L892475/bird-list","Anta","Falco peregrinus","Falco peregrinus Tunstall, 1771",6,2016,2023,"Falconiformes","Falconidae","Halcón Peregrino","Peregrine Falcon","Residente","Casi Amenazado (NT)","Preocupación Menor (LC)","Apéndice I",FALSE
"L892475","Laguna Huaypo","https://ebird.org/hotspot/L892475/bird-list","Anta","Notiochelidon cyanoleuca","Pygochelidon cyanoleuca (Vieillot, 1817)",6,2007,2018,NA,NA,NA,NA,NA,"No Amenazada","Preocupación Menor (LC)","No CITES",NA
"L892475","Laguna Huaypo","https://ebird.org/hotspot/L892475/bird-list","Anta","Sicalis uropigyalis","Sicalis uropigyalis (d'Orbigny & Lafresnaye, 1837)",6,2016,2024,NA,NA,NA,NA,NA,"No Amenazada","Preocupación Menor (LC)","No CITES",NA
"L892475","Laguna Huaypo","https://ebird.org/hotspot/L892475/bird-list","Anta","Calidris fuscicollis","Calidris fuscicollis (Vieillot, 1819)",5,2013,2013,"Charadriiformes","Scolopacidae","Playerito de Lomo Blanco","White-rumped Sandpiper","Migratorio","No Amenazada","Vulnerable (VU)","No CITES",FALSE
"L892475","Laguna Huaypo","https://ebird.org/hotspot/L892475/bird-list","Anta","Nothoprocta ornata","Nothoprocta ornata (G.R.Gray, 1867)",5,2022,2023,"Tinamiformes","Tinamidae","Perdiz Cordillerana","Ornate Tinamou","Residente","No Amenazada","Preocupación Menor (LC)","No CITES",FALSE
"L892475","Laguna Huaypo","https://ebird.org/hotspot/L892475/bird-list","Anta","Notiochelidon flavipes","Orochelidon flavipes (Chapman, 1922)",5,2007,2015,NA,NA,NA,NA,NA,"No Amenazada","Preocupación Menor (LC)","No CITES",NA
"L892475","Laguna Huaypo","https://ebird.org/hotspot/L892475/bird-list","Anta","Oreonympha nobilis","Oreonympha nobilis Gould, 1869",5,1984,2009,"Apodiformes","Trochilidae","Montañes Barbudo","Bearded Mountaineer","Endémico","No Amenazada","Preocupación Menor (LC)","No CITES",TRUE
"L892475","Laguna Huaypo","https://ebird.org/hotspot/L892475/bird-list","Anta","Sayornis nigricans","Sayornis nigricans (Swainson, 1827)",5,2016,2017,"Passeriformes","Tyrannidae","Mosquero de Agua","Black Phoebe","Residente","No Amenazada","Preocupación Menor (LC)","No CITES",FALSE
"L892475","Laguna Huaypo","https://ebird.org/hotspot/L892475/bird-list","Anta","Turdus fuscater","Turdus fuscater Orbigny & Lafresnaye, 1837",5,1987,2019,"Passeriformes","Turdidae","Zorzal Grande","Great Thrush","Residente","No Amenazada","Preocupación Menor (LC)","No CITES",FALSE
"L892475","Laguna Huaypo","https://ebird.org/hotspot/L892475/bird-list","Anta","Aratinga mitrata","Psittacara mitratus (Tschudi, 1844)",4,2016,2021,NA,NA,NA,NA,NA,"No Amenazada","Preocupación Menor (LC)","No CITES",NA
"L892475","Laguna Huaypo","https://ebird.org/hotspot/L892475/bird-list","Anta","Charadrius semipalmatus","Charadrius semipalmatus Bonaparte, 1825",4,2016,2022,"Charadriiformes","Charadriidae","Chorlo Semipalmado","Semipalmated Plover","Migratorio","No Amenazada","Preocupación Menor (LC)","No CITES",FALSE
"L892475","Laguna Huaypo","https://ebird.org/hotspot/L892475/bird-list","Anta","Diglossa sittoides","Diglossa sittoides (d'Orbigny & Lafresnaye, 1838)",4,2019,2024,"Passeriformes","Thraupidae","Pinchaflor de Pecho Canela","Rusty Flowerpiercer","Residente","No Amenazada","Preocupación Menor (LC)","No CITES",FALSE
"L892475","Laguna Huaypo","https://ebird.org/hotspot/L892475/bird-list","Anta","Elliotomyia chionogaster","Elliotomyia chionogaster (Tschudi, 1846)",4,2012,2018,"Apodiformes","Trochilidae","Colibrí de Vientre Blanco","White-bellied Hummingbird","Residente","No Amenazada","Preocupación Menor (LC)","No CITES",FALSE
"L892475","Laguna Huaypo","https://ebird.org/hotspot/L892475/bird-list","Anta","Metriopelia melanoptera","Metriopelia melanoptera (Molina, 1782)",4,2004,2022,"Columbiformes","Columbidae","Tortolita de Ala Negra","Black-winged Ground Dove","Residente","No Amenazada","Preocupación Menor (LC)","No CITES",FALSE
"L892475","Laguna Huaypo","https://ebird.org/hotspot/L892475/bird-list","Anta","Pseudocolopteryx acutipennis","Pseudocolopteryx acutipennis (P.L.Sclater & Salvin, 1873)",4,2020,2024,"Passeriformes","Tyrannidae","Doradito Subtropical","Subtropical Doradito","Residente","No Amenazada","Preocupación Menor (LC)","No CITES",FALSE
"L892475","Laguna Huaypo","https://ebird.org/hotspot/L892475/bird-list","Anta","Anairetes flavirostris","Anairetes flavirostris P.L.Sclater & Salvin, 1876",3,1984,2021,"Passeriformes","Tyrannidae","Torito de Pico Amarillo","Yellow-billed Tit-Tyrant","Residente","No Amenazada","Preocupación Menor (LC)","No CITES",FALSE
"L892475","Laguna Huaypo","https://ebird.org/hotspot/L892475/bird-list","Anta","Ardea cocoi","Ardea cocoi Linnaeus, 1766",3,2016,2024,"Pelecaniformes","Ardeidae","Garza Cuca","Cocoi Heron","Residente","No Amenazada","Preocupación Menor (LC)","No CITES",FALSE
"L892475","Laguna Huaypo","https://ebird.org/hotspot/L892475/bird-list","Anta","Calidris alba","Calidris alba (Pallas, 1764)",3,2017,2017,"Charadriiformes","Scolopacidae","Playero Arenero","Sanderling","Migratorio","No Amenazada","Preocupación Menor (LC)","No CITES",FALSE
"L892475","Laguna Huaypo","https://ebird.org/hotspot/L892475/bird-list","Anta","Chlidonias niger","Chlidonias niger (Linnaeus, 1758)",3,2021,2021,"Charadriiformes","Laridae","Gaviotín Negro","Black Tern","Migratorio","No Amenazada","Preocupación Menor (LC)","No CITES",FALSE
"L892475","Laguna Huaypo","https://ebird.org/hotspot/L892475/bird-list","Anta","Ochthoeca rufipectoralis","Ochthoeca rufipectoralis (Orbigny & Lafresnaye, 1837)",3,2016,2019,"Passeriformes","Tyrannidae","Pitajo de Pecho Rufo","Rufous-breasted Chat-Tyrant","Residente","No Amenazada","Preocupación Menor (LC)","No CITES",FALSE
"L892475","Laguna Huaypo","https://ebird.org/hotspot/L892475/bird-list","Anta","Phacellodomus striaticeps","Phacellodomus striaticeps (Orbigny & Lafresnaye, 1838)",3,1984,2016,"Passeriformes","Furnariidae","Espinero de Frente Rayada","Streak-fronted Thornbird","Residente","No Amenazada","Preocupación Menor (LC)","No CITES",FALSE
"L892475","Laguna Huaypo","https://ebird.org/hotspot/L892475/bird-list","Anta","Pheucticus aureoventris","Pheucticus aureoventris (d'Orbigny & Lafresnaye, 1837)",3,2004,2012,"Passeriformes","Cardinalidae","Picogrueso de Dorso Negro","Black-backed Grosbeak","Residente","No Amenazada","Preocupación Menor (LC)","No CITES",FALSE
"L892475","Laguna Huaypo","https://ebird.org/hotspot/L892475/bird-list","Anta","Progne tapera","Progne tapera (Linnaeus, 1766)",3,2017,2019,"Passeriformes","Hirundinidae","Martín de Pecho Pardo","Brown-chested Martin","Residente","No Amenazada","Preocupación Menor (LC)","No CITES",FALSE
"L892475","Laguna Huaypo","https://ebird.org/hotspot/L892475/bird-list","Anta","Agriornis montanus","Agriornis montanus (Orbigny & Lafresnaye, 1837)",2,1984,2021,"Passeriformes","Tyrannidae","Arriero de Pico Negro","Black-billed Shrike-Tyrant","Residente","No Amenazada","Preocupación Menor (LC)","No CITES",FALSE
"L892475","Laguna Huaypo","https://ebird.org/hotspot/L892475/bird-list","Anta","Asio flammeus","Asio flammeus (Pontoppidan, 1763)",2,2021,2021,"Strigiformes","Strigidae","Lechuza de Oreja Corta","Short-eared Owl","Residente","No Amenazada","Preocupación Menor (LC)","No CITES",FALSE
"L892475","Laguna Huaypo","https://ebird.org/hotspot/L892475/bird-list","Anta","Elliotomyia viridicauda","Elliotomyia viridicauda (von Berlepsch, 1883)",2,2004,2009,"Apodiformes","Trochilidae","Colibrí Verde y Blanco","Green-and-white Hummingbird","Endémico","No Amenazada","Preocupación Menor (LC)","No CITES",TRUE
"L892475","Laguna Huaypo","https://ebird.org/hotspot/L892475/bird-list","Anta","Gallinago andina","Gallinago andina Taczanowski, 1875",2,2016,2016,"Charadriiformes","Scolopacidae","Becasina de la Puna","Puna Snipe","Residente","No Amenazada","Preocupación Menor (LC)","No CITES",FALSE
"L892475","Laguna Huaypo","https://ebird.org/hotspot/L892475/bird-list","Anta","Geositta tenuirostris","Geositta tenuirostris (Lafresnaye, 1836)",2,2014,2019,"Passeriformes","Furnariidae","Minero de Pico Largo","Slender-billed Miner","Residente","No Amenazada","Preocupación Menor (LC)","No CITES",FALSE
"L892475","Laguna Huaypo","https://ebird.org/hotspot/L892475/bird-list","Anta","Geospizopsis unicolor","Geospizopsis unicolor (d'Orbigny & Lafresnaye, 1837)",2,2012,2021,"Passeriformes","Thraupidae","Fringilo Plomizo","Plumbeous Sierra Finch","Residente","No Amenazada","Preocupación Menor (LC)","No CITES",FALSE
"L892475","Laguna Huaypo","https://ebird.org/hotspot/L892475/bird-list","Anta","Limosa haemastica","Limosa haemastica (Linnaeus, 1758)",2,2016,2016,"Charadriiformes","Scolopacidae","Aguja de Mar","Hudsonian Godwit","Migratorio","No Amenazada","Vulnerable (VU)","No CITES",FALSE
"L892475","Laguna Huaypo","https://ebird.org/hotspot/L892475/bird-list","Anta","Lophonetta specularioides","Lophonetta specularioides (P.P.King, 1828)",2,2013,2024,"Anseriformes","Anatidae","Pato Crestón","Crested Duck","Residente","No Amenazada","Preocupación Menor (LC)","No CITES",FALSE
"L892475","Laguna Huaypo","https://ebird.org/hotspot/L892475/bird-list","Anta","Merganetta armata","Merganetta armata Gould, 1842",2,2013,2019,"Anseriformes","Anatidae","Pato de los Torrentes","Torrent Duck","Residente","No Amenazada","Preocupación Menor (LC)","No CITES",FALSE
"L892475","Laguna Huaypo","https://ebird.org/hotspot/L892475/bird-list","Anta","Nothura darwinii","Nothura darwinii G.R.Gray, 1867",2,2022,2024,"Tinamiformes","Tinamidae","Perdiz de Darwin","Darwin's Nothura","Residente","No Amenazada","Preocupación Menor (LC)","No CITES",FALSE
"L892475","Laguna Huaypo","https://ebird.org/hotspot/L892475/bird-list","Anta","Orestias agassizii","Orestias agassizii Valenciennes, 1846",2,1918,1918,NA,NA,NA,NA,NA,"No Amenazada","Preocupación Menor (LC)","No CITES",NA
"L892475","Laguna Huaypo","https://ebird.org/hotspot/L892475/bird-list","Anta","Podilymbus podiceps","Podilymbus podiceps (Linnaeus, 1758)",2,2018,2018,"Podicipediformes","Podicipedidae","Zambullidor de Pico Grueso","Pied-billed Grebe","Residente","No Amenazada","Preocupación Menor (LC)","No CITES",FALSE
"L892475","Laguna Huaypo","https://ebird.org/hotspot/L892475/bird-list","Anta","Porphyrio martinica","Porphyrio martinica (Linnaeus, 1766)",2,2022,2022,"Gruiformes","Rallidae","Polla de Agua Morada","Purple Gallinule","Residente","No Amenazada","Preocupación Menor (LC)","No CITES",FALSE
"L892475","Laguna Huaypo","https://ebird.org/hotspot/L892475/bird-list","Anta","Progne subis","Progne subis (Linnaeus, 1758)",2,2019,2019,"Passeriformes","Hirundinidae","Martín Purpúreo","Purple Martin","Migratorio","No Amenazada","Preocupación Menor (LC)","No CITES",FALSE
"L892475","Laguna Huaypo","https://ebird.org/hotspot/L892475/bird-list","Anta","Recurvirostra andina","Recurvirostra andina Philippi & Landbeck, 1861",2,2023,2023,"Charadriiformes","Recurvirostridae","Avoceta Andina","Andean Avocet","Residente","No Amenazada","Preocupación Menor (LC)","No CITES",FALSE
"L892475","Laguna Huaypo","https://ebird.org/hotspot/L892475/bird-list","Anta","Vanellus chilensis","Vanellus chilensis (Molina, 1782)",2,2021,2024,"Charadriiformes","Charadriidae","Avefría Tero","Southern Lapwing","Residente","No Amenazada","Preocupación Menor (LC)","No CITES",FALSE
"L892475","Laguna Huaypo","https://ebird.org/hotspot/L892475/bird-list","Anta","Agelasticus xanthophthalmus","Agelasticus xanthophthalmus (Short, 1969)",1,2024,2024,"Passeriformes","Icteridae","Tordo de Ojo Pálido","Pale-eyed Blackbird","Residente","No Amenazada","Preocupación Menor (LC)","No CITES",FALSE
"L892475","Laguna Huaypo","https://ebird.org/hotspot/L892475/bird-list","Anta","Agriornis micropterus","Agriornis micropterus Gould, 1839",1,1987,1987,"Passeriformes","Tyrannidae","Arriero de Vientre Gris","Gray-bellied Shrike-Tyrant","Residente","No Amenazada","Preocupación Menor (LC)","No CITES",FALSE
"L892475","Laguna Huaypo","https://ebird.org/hotspot/L892475/bird-list","Anta","Amaurolimnas concolor","Amaurolimnas concolor (Gosse, 1847)",1,2020,2020,"Gruiformes","Rallidae","Gallineta Unicolor","Uniform Crake","Residente","No Amenazada","Preocupación Menor (LC)","No CITES",FALSE
"L892475","Laguna Huaypo","https://ebird.org/hotspot/L892475/bird-list","Anta","Ampelion rubrocristatus","Ampelion rubrocristatus (Orbigny & Lafresnaye, 1837)",1,2019,2019,"Passeriformes","Cotingidae","Cotinga de Cresta Roja","Red-crested Cotinga","Residente","No Amenazada","Preocupación Menor (LC)","No CITES",FALSE
"L892475","Laguna Huaypo","https://ebird.org/hotspot/L892475/bird-list","Anta","Anairetes parulus","Anairetes parulus (Kittlitz, 1830)",1,2019,2019,"Passeriformes","Tyrannidae","Torito Copetón","Tufted Tit-Tyrant","Residente","No Amenazada","Preocupación Menor (LC)","No CITES",FALSE
"L892475","Laguna Huaypo","https://ebird.org/hotspot/L892475/bird-list","Anta","Anisognathus igniventris","Anisognathus igniventris (d'Orbigny & Lafresnaye, 1837)",1,2019,2019,"Passeriformes","Thraupidae","Tangara de Montaña de Vientre Escarlata","Scarlet-bellied Mountain Tanager","Residente","No Amenazada","Preocupación Menor (LC)","No CITES",FALSE
"L892475","Laguna Huaypo","https://ebird.org/hotspot/L892475/bird-list","Anta","Anthus bogotensis","Anthus bogotensis P.L.Sclater, 1855",1,2007,2007,"Passeriformes","Motacillidae","Cachirla del Páramo","Paramo Pipit","Residente","No Amenazada","Preocupación Menor (LC)","No CITES",FALSE
"L892475","Laguna Huaypo","https://ebird.org/hotspot/L892475/bird-list","Anta","Butorides striata","Butorides striata (Linnaeus, 1758)",1,2021,2021,"Pelecaniformes","Ardeidae","Garcita Estriada","Striated Heron","Residente","No Amenazada","Preocupación Menor (LC)","No CITES",FALSE
"L892475","Laguna Huaypo","https://ebird.org/hotspot/L892475/bird-list","Anta","Catharus ustulatus","Catharus ustulatus (Nuttall, 1840)",1,2022,2022,"Passeriformes","Turdidae","Zorzal de Swainson","Swainson's Thrush","Migratorio","No Amenazada","Preocupación Menor (LC)","No CITES",FALSE
"L892475","Laguna Huaypo","https://ebird.org/hotspot/L892475/bird-list","Anta","Cinclodes atacamensis","Cinclodes atacamensis (Philippi, 1857)",1,1984,1984,"Passeriformes","Furnariidae","Churrete de Ala Blanca","White-winged Cinclodes","Residente","No Amenazada","Preocupación Menor (LC)","No CITES",FALSE
"L892475","Laguna Huaypo","https://ebird.org/hotspot/L892475/bird-list","Anta","Columbina talpacoti","Columbina talpacoti (Temminck, 1810)",1,2023,2023,"Columbiformes","Columbidae","Tortolita Rojiza","Ruddy Ground Dove","Residente","No Amenazada","Preocupación Menor (LC)","No CITES",FALSE
"L892475","Laguna Huaypo","https://ebird.org/hotspot/L892475/bird-list","Anta","Gallinago jamesoni","Gallinago jamesoni (Jardine & Bonaparte, 1855)",1,2007,2007,"Charadriiformes","Scolopacidae","Becasina de Jameson","Jameson's Snipe","Residente","No Amenazada","Preocupación Menor (LC)","No CITES",FALSE
"L892475","Laguna Huaypo","https://ebird.org/hotspot/L892475/bird-list","Anta","Heliodoxa rubinoides","Heliodoxa rubinoides (Bourcier & Mulsant, 1846)",1,2009,2009,"Apodiformes","Trochilidae","Brillante de Pecho Anteado","Fawn-breasted Brilliant","Residente","No Amenazada","Preocupación Menor (LC)","No CITES",FALSE
"L892475","Laguna Huaypo","https://ebird.org/hotspot/L892475/bird-list","Anta","Kleinothraupis atropileus","Kleinothraupis atropileus (Lafresnaye, 1842)",1,2023,2023,"Passeriformes","Thraupidae","Hemispingo de Gorro Negro","Black-capped Hemispingus","Residente","No Amenazada","Preocupación Menor (LC)","No CITES",FALSE
"L892475","Laguna Huaypo","https://ebird.org/hotspot/L892475/bird-list","Anta","Knipolegus aterrimus","Knipolegus aterrimus Kaup, 1853",1,2022,2022,"Passeriformes","Tyrannidae","Viudita-Negra de Ala Blanca","White-winged Black-Tyrant","Residente","No Amenazada","Preocupación Menor (LC)","No CITES",FALSE
"L892475","Laguna Huaypo","https://ebird.org/hotspot/L892475/bird-list","Anta","Leptotila verreauxi","Leptotila verreauxi Bonaparte, 1855",1,2019,2019,"Columbiformes","Columbidae","Paloma de Puntas Blancas","White-tipped Dove","Residente","No Amenazada","Preocupación Menor (LC)","No CITES",FALSE
"L892475","Laguna Huaypo","https://ebird.org/hotspot/L892475/bird-list","Anta","Leucophaeus atricilla","Leucophaeus atricilla (Linnaeus, 1758)",1,2011,2011,"Charadriiformes","Laridae","Gaviota Reidora","Laughing Gull","Migratorio","No Amenazada","Preocupación Menor (LC)","No CITES",FALSE
"L892475","Laguna Huaypo","https://ebird.org/hotspot/L892475/bird-list","Anta","Leucopternis albicollis","Pseudastur albicollis (Latham, 1790)",1,2022,2022,NA,NA,NA,NA,NA,"No Amenazada","Preocupación Menor (LC)","No CITES",NA
"L892475","Laguna Huaypo","https://ebird.org/hotspot/L892475/bird-list","Anta","Mecocerculus leucophrys","Mecocerculus leucophrys (Orbigny & Lafresnaye, 1837)",1,2019,2019,"Passeriformes","Tyrannidae","Tiranillo de Garganta Blanca","White-throated Tyrannulet","Residente","No Amenazada","Preocupación Menor (LC)","No CITES",FALSE
"L892475","Laguna Huaypo","https://ebird.org/hotspot/L892475/bird-list","Anta","Metriopelia aymara","Metriopelia aymara (Prévost, 1840)",1,2024,2024,"Columbiformes","Columbidae","Tortolita de Puntos Dorados","Golden-spotted Ground Dove","Residente","No Amenazada","Preocupación Menor (LC)","No CITES",FALSE
"L892475","Laguna Huaypo","https://ebird.org/hotspot/L892475/bird-list","Anta","Muscisaxicola albilora","Muscisaxicola albilora Lafresnaye, 1855",1,1987,1987,"Passeriformes","Tyrannidae","Dormilona de Ceja Blanca","White-browed Ground-Tyrant","Migratorio","No Amenazada","Preocupación Menor (LC)","No CITES",FALSE
"L892475","Laguna Huaypo","https://ebird.org/hotspot/L892475/bird-list","Anta","Muscisaxicola fluviatilis","Syrtidicola fluviatilis (P.L.Sclater & Salvin, 1866)",1,2019,2019,NA,NA,NA,NA,NA,"No Amenazada","Preocupación Menor (LC)","No CITES",NA
"L892475","Laguna Huaypo","https://ebird.org/hotspot/L892475/bird-list","Anta","Mycteria americana","Mycteria americana Linnaeus, 1758",1,2017,2017,"Ciconiiformes","Ciconiidae","Cigüeña Gabán","Wood Stork","Residente","No Amenazada","Preocupación Menor (LC)","No CITES",FALSE
"L892475","Laguna Huaypo","https://ebird.org/hotspot/L892475/bird-list","Anta","Myiotheretes striaticollis","Myiotheretes striaticollis (P.L.Sclater, 1853)",1,2024,2024,"Passeriformes","Tyrannidae","Ala-Rufa de Garganta Rayada","Streak-throated Bush-Tyrant","Residente","No Amenazada","Preocupación Menor (LC)","No CITES",FALSE
"L892475","Laguna Huaypo","https://ebird.org/hotspot/L892475/bird-list","Anta","Nothoprocta pentlandii","Nothoprocta pentlandii (G.R.Gray, 1867)",1,2022,2022,"Tinamiformes","Tinamidae","Perdiz Andina","Andean Tinamou","Residente","No Amenazada","Preocupación Menor (LC)","No CITES",FALSE
"L892475","Laguna Huaypo","https://ebird.org/hotspot/L892475/bird-list","Anta","Ochthoeca fumicolor","Ochthoeca fumicolor P.L.Sclater, 1856",1,2017,2017,"Passeriformes","Tyrannidae","Pitajo de Dorso Pardo","Brown-backed Chat-Tyrant","Residente","No Amenazada","Preocupación Menor (LC)","No CITES",FALSE
"L892475","Laguna Huaypo","https://ebird.org/hotspot/L892475/bird-list","Anta","Orestias empyraeus","Orestias empyraeus Allen, 1942",1,NA,NA,NA,NA,NA,NA,NA,"No Amenazada","Casi Amenazada (NT)","No CITES",NA
"L892475","Laguna Huaypo","https://ebird.org/hotspot/L892475/bird-list","Anta","Patagioenas fasciata","Patagioenas fasciata (Say, 1822)",1,2013,2013,"Columbiformes","Columbidae","Paloma de Nuca Blanca","Band-tailed Pigeon","Residente","No Amenazada","Preocupación Menor (LC)","No CITES",FALSE
"L892475","Laguna Huaypo","https://ebird.org/hotspot/L892475/bird-list","Anta","Penelope montagnii","Penelope montagnii (Bonaparte, 1856)",1,2007,2007,"Galliformes","Cracidae","Pava Andina","Andean Guan","Residente","No Amenazada","Preocupación Menor (LC)","No CITES",FALSE
"L892475","Laguna Huaypo","https://ebird.org/hotspot/L892475/bird-list","Anta","Polioxolmis rufipennis","Cnemarchus rufipennis (Taczanowski, 1874)",1,2021,2021,NA,NA,NA,NA,NA,"No Amenazada","Preocupación Menor (LC)","No CITES",NA
"L892475","Laguna Huaypo","https://ebird.org/hotspot/L892475/bird-list","Anta","Poospizopsis caesar","Poospizopsis caesar (P.L.Sclater & Salvin, 1869)",1,2004,2004,"Passeriformes","Thraupidae","Monterita de Pecho Castaño","Chestnut-breasted Mountain Finch","Endémico","No Amenazada","Preocupación Menor (LC)","No CITES",TRUE
"L892475","Laguna Huaypo","https://ebird.org/hotspot/L892475/bird-list","Anta","Porzana carolina","Porzana carolina (Linnaeus, 1758)",1,2014,2014,"Gruiformes","Rallidae","Gallineta Sora","Sora","Migratorio","No Amenazada","Preocupación Menor (LC)","No CITES",FALSE
"L892475","Laguna Huaypo","https://ebird.org/hotspot/L892475/bird-list","Anta","Schizoeaca helleri","Asthenes helleri (Chapman, 1923)",1,1987,1987,NA,NA,NA,NA,NA,"No Amenazada","Preocupación Menor (LC)","No CITES",NA
"L892475","Laguna Huaypo","https://ebird.org/hotspot/L892475/bird-list","Anta","Spatula versicolor","Anas versicolor Vieillot, 1816",1,2002,2002,NA,NA,NA,NA,NA,"No Amenazada","Preocupación Menor (LC)","No CITES",NA
"L892475","Laguna Huaypo","https://ebird.org/hotspot/L892475/bird-list","Anta","Spinus crassirostris","Spinus crassirostris (Landbeck, 1877)",1,2016,2016,"Passeriformes","Fringillidae","Jilguero de Pico Grueso","Thick-billed Siskin","Residente","No Amenazada","Preocupación Menor (LC)","No CITES",FALSE
"L892475","Laguna Huaypo","https://ebird.org/hotspot/L892475/bird-list","Anta","Telmatobius jelskii","Telmatobius jelskii (Peters, 1873)",1,1918,1918,NA,NA,NA,NA,NA,"No Amenazada","Casi Amenazada (NT)","No CITES",NA
"L892475","Laguna Huaypo","https://ebird.org/hotspot/L892475/bird-list","Anta","Thinocorus orbignyianus","Thinocorus orbignyianus I.Geoffroy Saint-Hilaire & R.Lesson, 1831",1,2007,2007,"Charadriiformes","Thinocoridae","Agachona de Pecho Gris","Gray-breasted Seedsnipe","Residente","No Amenazada","Preocupación Menor (LC)","No CITES",FALSE
"L892475","Laguna Huaypo","https://ebird.org/hotspot/L892475/bird-list","Anta","Thlypopsis ruficeps","Thlypopsis ruficeps (d'Orbigny & Lafresnaye, 1837)",1,2019,2019,"Passeriformes","Thraupidae","Tangara Rufa y Amarilla","Rust-and-yellow Tanager","Residente","No Amenazada","Preocupación Menor (LC)","No CITES",FALSE
"L892475","Laguna Huaypo","https://ebird.org/hotspot/L892475/bird-list","Anta","Volatinia jacarina","Volatinia jacarina (Linnaeus, 1766)",1,2016,2016,"Passeriformes","Thraupidae","Semillerito Negro Azulado","Blue-black Grassquit","Residente","No Amenazada","Preocupación Menor (LC)","No CITES",FALSE
"L8571886","Laguna Humantay","https://ebird.org/hotspot/L8571886/bird-list","Mollepata","Zonotrichia capensis","Zonotrichia capensis (P.L.S.Müller, 1776)",128,2012,2026,"Passeriformes","Passerellidae","Gorrión de Collar Rufo","Rufous-collared Sparrow","Residente","No Amenazada","Preocupación Menor (LC)","No CITES",FALSE
"L8571886","Laguna Humantay","https://ebird.org/hotspot/L8571886/bird-list","Mollepata","Geospizopsis unicolor","Geospizopsis unicolor (d'Orbigny & Lafresnaye, 1837)",114,2014,2026,"Passeriformes","Thraupidae","Fringilo Plomizo","Plumbeous Sierra Finch","Residente","No Amenazada","Preocupación Menor (LC)","No CITES",FALSE
"L8571886","Laguna Humantay","https://ebird.org/hotspot/L8571886/bird-list","Mollepata","Cinclodes fuscus","Cinclodes albiventris (Philippi & Landbeck, 1861)",112,2014,2025,NA,NA,NA,NA,NA,"No Amenazada","Preocupación Menor (LC)","No CITES",NA
"L8571886","Laguna Humantay","https://ebird.org/hotspot/L8571886/bird-list","Mollepata","Turdus chiguanco","Turdus chiguanco Orbigny & Lafresnaye, 1837",71,2012,2026,"Passeriformes","Turdidae","Zorzal Chiguanco","Chiguanco Thrush","Residente","No Amenazada","Preocupación Menor (LC)","No CITES",FALSE
"L8571886","Laguna Humantay","https://ebird.org/hotspot/L8571886/bird-list","Mollepata","Phrygilus punensis","Phrygilus punensis Ridgway, 1887",64,2014,2026,"Passeriformes","Thraupidae","Fringilo Peruano","Peruvian Sierra Finch","Residente","No Amenazada","Preocupación Menor (LC)","No CITES",FALSE
"L8571886","Laguna Humantay","https://ebird.org/hotspot/L8571886/bird-list","Mollepata","Geospizopsis plebejus","Geospizopsis plebejus (Tschudi, 1844)",60,2014,2026,"Passeriformes","Thraupidae","Fringilo de Pecho Cenizo","Ash-breasted Sierra Finch","Residente","No Amenazada","Preocupación Menor (LC)","No CITES",FALSE
"L8571886","Laguna Humantay","https://ebird.org/hotspot/L8571886/bird-list","Mollepata","Troglodytes musculus","Troglodytes musculus J.F.Naumann, 1823",58,2014,2025,"Passeriformes","Troglodytidae","Cucarachero Común Sureño","Southern House-Wren","Residente","No Amenazada","Preocupación Menor (LC)","No CITES",FALSE
"L8571886","Laguna Humantay","https://ebird.org/hotspot/L8571886/bird-list","Mollepata","Vultur gryphus","Vultur gryphus Linnaeus, 1758",56,2007,2024,"Cathartiformes","Cathartidae","Cóndor Andino","Andean Condor","Residente","En Peligro (EN)","Vulnerable (VU)","Apéndice I",FALSE
"L8571886","Laguna Humantay","https://ebird.org/hotspot/L8571886/bird-list","Mollepata","Vanellus resplendens","Vanellus resplendens (Tschudi, 1843)",50,2017,2024,"Charadriiformes","Charadriidae","Avefría Andina","Andean Lapwing","Residente","No Amenazada","Preocupación Menor (LC)","No CITES",FALSE
"L8571886","Laguna Humantay","https://ebird.org/hotspot/L8571886/bird-list","Mollepata","Colaptes rupicola","Colaptes rupicola d'Orbigny, 1840",45,2014,2025,"Piciformes","Picidae","Carpintero Andino","Andean Flicker","Residente","No Amenazada","Preocupación Menor (LC)","No CITES",FALSE
"L8571886","Laguna Humantay","https://ebird.org/hotspot/L8571886/bird-list","Mollepata","Chloephaga melanoptera","Oressochen melanopterus (Eyton, 1838)",44,2014,2026,NA,NA,NA,NA,NA,"No Amenazada","Preocupación Menor (LC)","No CITES",NA
"L8571886","Laguna Humantay","https://ebird.org/hotspot/L8571886/bird-list","Mollepata","Cranioleuca albicapilla","Cranioleuca albicapilla (Cabanis, 1873)",43,2012,2024,"Passeriformes","Furnariidae","Cola-Espina de Cresta Cremosa","Creamy-crested Spinetail","Endémico","No Amenazada","Preocupación Menor (LC)","No CITES",TRUE
"L8571886","Laguna Humantay","https://ebird.org/hotspot/L8571886/bird-list","Mollepata","Conirostrum cinereum","Conirostrum cinereum d'Orbigny & Lafresnaye, 1838",41,2017,2025,"Passeriformes","Thraupidae","Pico-de-Cono Cinéreo","Cinereous Conebill","Residente","No Amenazada","Preocupación Menor (LC)","No CITES",FALSE
"L8571886","Laguna Humantay","https://ebird.org/hotspot/L8571886/bird-list","Mollepata","Diglossa brunneiventris","Diglossa brunneiventris Lafresnaye, 1846",39,2014,2025,"Passeriformes","Thraupidae","Pinchaflor de Garganta Negra","Black-throated Flowerpiercer","Residente","No Amenazada","Preocupación Menor (LC)","No CITES",FALSE
"L8571886","Laguna Humantay","https://ebird.org/hotspot/L8571886/bird-list","Mollepata","Xenodacnis parina","Xenodacnis parina Cabanis, 1873",33,2019,2025,"Passeriformes","Thraupidae","Azulito Altoandino","Tit-like Dacnis","Residente","No Amenazada","Preocupación Menor (LC)","No CITES",FALSE
"L8571886","Laguna Humantay","https://ebird.org/hotspot/L8571886/bird-list","Mollepata","Spinus magellanicus","Spinus magellanicus (Vieillot, 1805)",31,2014,2024,"Passeriformes","Fringillidae","Jilguero Encapuchado","Hooded Siskin","Residente","No Amenazada","Preocupación Menor (LC)","No CITES",FALSE
"L8571886","Laguna Humantay","https://ebird.org/hotspot/L8571886/bird-list","Mollepata","Ochthoeca leucophrys","Ochthoeca leucophrys (Orbigny & Lafresnaye, 1837)",28,2012,2026,"Passeriformes","Tyrannidae","Pitajo de Ceja Blanca","White-browed Chat-Tyrant","Residente","No Amenazada","Preocupación Menor (LC)","No CITES",FALSE
"L8571886","Laguna Humantay","https://ebird.org/hotspot/L8571886/bird-list","Mollepata","Aglaeactis cupripennis","Aglaeactis cupripennis (Bourcier, 1843)",27,2012,2024,"Apodiformes","Trochilidae","Rayo-de-Sol Brillante","Shining Sunbeam","Residente","No Amenazada","Preocupación Menor (LC)","No CITES",FALSE
"L8571886","Laguna Humantay","https://ebird.org/hotspot/L8571886/bird-list","Mollepata","Ochthoeca rufipectoralis","Ochthoeca rufipectoralis (Orbigny & Lafresnaye, 1837)",27,2014,2025,"Passeriformes","Tyrannidae","Pitajo de Pecho Rufo","Rufous-breasted Chat-Tyrant","Residente","No Amenazada","Preocupación Menor (LC)","No CITES",FALSE
"L8571886","Laguna Humantay","https://ebird.org/hotspot/L8571886/bird-list","Mollepata","Metallura tyrianthina","Metallura tyrianthina (Loddiges, 1832)",24,2012,2024,"Apodiformes","Trochilidae","Colibrí Tirio","Tyrian Metaltail","Residente","No Amenazada","Preocupación Menor (LC)","No CITES",FALSE
"L8571886","Laguna Humantay","https://ebird.org/hotspot/L8571886/bird-list","Mollepata","Muscisaxicola rufivertex","Muscisaxicola rufivertex Orbigny & Lafresnaye, 1837",23,2017,2025,"Passeriformes","Tyrannidae","Dormilona de Nuca Rojiza","Rufous-naped Ground-Tyrant","Residente","No Amenazada","Preocupación Menor (LC)","No CITES",FALSE
"L8571886","Laguna Humantay","https://ebird.org/hotspot/L8571886/bird-list","Mollepata","Catamenia analis","Catamenia analis (d'Orbigny & Lafresnaye, 1837)",22,2017,2024,"Passeriformes","Thraupidae","Semillero de Cola Bandeada","Band-tailed Seedeater","Residente","No Amenazada","Preocupación Menor (LC)","No CITES",FALSE
"L8571886","Laguna Humantay","https://ebird.org/hotspot/L8571886/bird-list","Mollepata","Ochthoeca oenanthoides","Ochthoeca oenanthoides (Orbigny & Lafresnaye, 1837)",22,2018,2026,"Passeriformes","Tyrannidae","Pitajo de d’Orbigny","d'Orbigny's Chat-Tyrant","Residente","No Amenazada","Preocupación Menor (LC)","No CITES",FALSE
"L8571886","Laguna Humantay","https://ebird.org/hotspot/L8571886/bird-list","Mollepata","Spinus atratus","Spinus atratus (d'Orbigny & Lafresnaye, 1837)",21,2017,2026,"Passeriformes","Fringillidae","Jilguero Negro","Black Siskin","Residente","No Amenazada","Preocupación Menor (LC)","No CITES",FALSE
"L8571886","Laguna Humantay","https://ebird.org/hotspot/L8571886/bird-list","Mollepata","Aglaeactis castelnaudii","Aglaeactis castelnaudii (Bourcier & Mulsant, 1848)",20,2012,2024,"Apodiformes","Trochilidae","Rayo-de-Sol Acanelado","White-tufted Sunbeam","Endémico","No Amenazada","Casi Amenazada (NT)","No CITES",TRUE
"L8571886","Laguna Humantay","https://ebird.org/hotspot/L8571886/bird-list","Mollepata","Buteo polyosoma","Geranoaetus polyosoma (Quoy & Gaimard, 1824)",20,2017,2025,NA,NA,NA,NA,NA,"No Amenazada","Preocupación Menor (LC)","Apéndice II",NA
"L8571886","Laguna Humantay","https://ebird.org/hotspot/L8571886/bird-list","Mollepata","Ampelion rubrocristatus","Ampelion rubrocristatus (Orbigny & Lafresnaye, 1837)",17,2012,2024,"Passeriformes","Cotingidae","Cotinga de Cresta Roja","Red-crested Cotinga","Residente","No Amenazada","Preocupación Menor (LC)","No CITES",FALSE
"L8571886","Laguna Humantay","https://ebird.org/hotspot/L8571886/bird-list","Mollepata","Notiochelidon murina","Orochelidon murina (Cassin, 1853)",17,2015,2024,NA,NA,NA,NA,NA,"No Amenazada","Preocupación Menor (LC)","No CITES",NA
"L8571886","Laguna Humantay","https://ebird.org/hotspot/L8571886/bird-list","Mollepata","Patagona gigas","Patagona gigas (Vieillot, 1824)",15,2019,2024,"Apodiformes","Trochilidae","Colibrí Gigante Sureño","Southern Giant-Hummingbird","Migratorio","No Amenazada","Preocupación Menor (LC)","No CITES",FALSE
"L8571886","Laguna Humantay","https://ebird.org/hotspot/L8571886/bird-list","Mollepata","Turdus fuscater","Turdus fuscater Orbigny & Lafresnaye, 1837",15,2012,2024,"Passeriformes","Turdidae","Zorzal Grande","Great Thrush","Residente","No Amenazada","Preocupación Menor (LC)","No CITES",FALSE
"L8571886","Laguna Humantay","https://ebird.org/hotspot/L8571886/bird-list","Mollepata","Anairetes parulus","Anairetes parulus (Kittlitz, 1830)",14,2014,2024,"Passeriformes","Tyrannidae","Torito Copetón","Tufted Tit-Tyrant","Residente","No Amenazada","Preocupación Menor (LC)","No CITES",FALSE
"L8571886","Laguna Humantay","https://ebird.org/hotspot/L8571886/bird-list","Mollepata","Colibri coruscans","Colibri coruscans (Gould, 1846)",14,2012,2024,"Apodiformes","Trochilidae","Oreja-Violeta de Vientre Azul","Sparkling Violetear","Residente","No Amenazada","Preocupación Menor (LC)","No CITES",FALSE
"L8571886","Laguna Humantay","https://ebird.org/hotspot/L8571886/bird-list","Mollepata","Rauenia bonariensis","Rauenia bonariensis (J.F.Gmelin, 1789)",14,2014,2024,"Passeriformes","Thraupidae","Tangara Azul y Amarilla","Blue-and-yellow Tanager","Residente","No Amenazada","Preocupación Menor (LC)","No CITES",FALSE
"L8571886","Laguna Humantay","https://ebird.org/hotspot/L8571886/bird-list","Mollepata","Plegadis ridgwayi","Plegadis ridgwayi (Allen, 1876)",13,2018,2024,"Pelecaniformes","Threskiornithidae","Ibis de la Puna","Puna Ibis","Residente","No Amenazada","Preocupación Menor (LC)","No CITES",FALSE
"L8571886","Laguna Humantay","https://ebird.org/hotspot/L8571886/bird-list","Mollepata","Chroicocephalus serranus","Chroicocephalus serranus (Tschudi, 1844)",12,2014,2024,"Charadriiformes","Laridae","Gaviota Andina","Andean Gull","Residente","No Amenazada","Preocupación Menor (LC)","No CITES",FALSE
"L8571886","Laguna Humantay","https://ebird.org/hotspot/L8571886/bird-list","Mollepata","Cinclodes atacamensis","Cinclodes atacamensis (Philippi, 1857)",12,2014,2025,"Passeriformes","Furnariidae","Churrete de Ala Blanca","White-winged Cinclodes","Residente","No Amenazada","Preocupación Menor (LC)","No CITES",FALSE
"L8571886","Laguna Humantay","https://ebird.org/hotspot/L8571886/bird-list","Mollepata","Oreotrochilus estella","Oreotrochilus estella (d'Orbigny, 1838)",11,2020,2026,"Apodiformes","Trochilidae","Estrella Andina","Andean Hillstar","Residente","No Amenazada","Preocupación Menor (LC)","No CITES",FALSE
"L8571886","Laguna Humantay","https://ebird.org/hotspot/L8571886/bird-list","Mollepata","Catamenia inornata","Catamenia inornata (Lafresnaye, 1847)",10,2018,2026,"Passeriformes","Thraupidae","Semillero Simple","Plain-colored Seedeater","Residente","No Amenazada","Preocupación Menor (LC)","No CITES",FALSE
"L8571886","Laguna Humantay","https://ebird.org/hotspot/L8571886/bird-list","Mollepata","Grallaria andicolus","Grallaria andicolus (Cabanis, 1873)",10,2022,2024,"Passeriformes","Grallariidae","Tororoi de Cabeza Listada","Stripe-headed Antpitta","Residente","No Amenazada","Preocupación Menor (LC)","No CITES",FALSE
"L8571886","Laguna Humantay","https://ebird.org/hotspot/L8571886/bird-list","Mollepata","Lagidium viscacia","Lagidium viscacia (Molina, 1782)",10,2018,2025,NA,NA,NA,NA,NA,"No Amenazada","Preocupación Menor (LC)","No CITES",NA
"L8571886","Laguna Humantay","https://ebird.org/hotspot/L8571886/bird-list","Mollepata","Poospizopsis caesar","Poospizopsis caesar (P.L.Sclater & Salvin, 1869)",10,2014,2024,"Passeriformes","Thraupidae","Monterita de Pecho Castaño","Chestnut-breasted Mountain Finch","Endémico","No Amenazada","Preocupación Menor (LC)","No CITES",TRUE
"L8571886","Laguna Humantay","https://ebird.org/hotspot/L8571886/bird-list","Mollepata","Saltator aurantiirostris","Saltator aurantiirostris Vieillot, 1817",10,2017,2024,"Passeriformes","Thraupidae","Saltador de Pico Dorado","Golden-billed Saltator","Residente","No Amenazada","Preocupación Menor (LC)","No CITES",FALSE
"L8571886","Laguna Humantay","https://ebird.org/hotspot/L8571886/bird-list","Mollepata","Zenaida auriculata","Zenaida auriculata (Des Murs, 1847)",10,2020,2024,"Columbiformes","Columbidae","Tórtola Orejuda","Eared Dove","Residente","No Amenazada","Preocupación Menor (LC)","No CITES",FALSE
"L8571886","Laguna Humantay","https://ebird.org/hotspot/L8571886/bird-list","Mollepata","Agriornis montanus","Agriornis montanus (Orbigny & Lafresnaye, 1837)",9,2014,2024,"Passeriformes","Tyrannidae","Arriero de Pico Negro","Black-billed Shrike-Tyrant","Residente","No Amenazada","Preocupación Menor (LC)","No CITES",FALSE
"L8571886","Laguna Humantay","https://ebird.org/hotspot/L8571886/bird-list","Mollepata","Asthenes humilis","Asthenes humilis (Cabanis, 1873)",9,2020,2024,"Passeriformes","Furnariidae","Canastero de Garganta Rayada","Streak-throated Canastero","Residente","No Amenazada","Preocupación Menor (LC)","No CITES",FALSE
"L8571886","Laguna Humantay","https://ebird.org/hotspot/L8571886/bird-list","Mollepata","Haplochelidon andecola","Orochelidon andecola (d'Orbigny & Lafresnaye, 1837)",8,2020,2024,NA,NA,NA,NA,NA,"No Amenazada","Preocupación Menor (LC)","No CITES",NA
"L8571886","Laguna Humantay","https://ebird.org/hotspot/L8571886/bird-list","Mollepata","Pterophanes cyanopterus","Pterophanes cyanopterus (Fraser, 1840)",8,2012,2024,"Apodiformes","Trochilidae","Ala-Zafiro Grande","Great Sapphirewing","Residente","No Amenazada","Preocupación Menor (LC)","No CITES",FALSE
"L8571886","Laguna Humantay","https://ebird.org/hotspot/L8571886/bird-list","Mollepata","Asthenes ottonis","Asthenes ottonis (Berlepsch, 1901)",7,2022,2024,"Passeriformes","Furnariidae","Canastero de Frente Rojiza","Rusty-fronted Canastero","Endémico","No Amenazada","Preocupación Menor (LC)","No CITES",TRUE
"L8571886","Laguna Humantay","https://ebird.org/hotspot/L8571886/bird-list","Mollepata","Bolborhynchus orbygnesius","Bolborhynchus orbygnesius (Souance, 1856)",7,2014,2024,"Psittaciformes","Psittacidae","Perico Andino","Andean Parakeet","Residente","No Amenazada","Preocupación Menor (LC)","No CITES",FALSE
"L8571886","Laguna Humantay","https://ebird.org/hotspot/L8571886/bird-list","Mollepata","Chalcostigma stanleyi","Chalcostigma stanleyi (Bourcier, 1851)",7,2018,2024,"Apodiformes","Trochilidae","Pico-Espina de Dorso Azul","Blue-mantled Thornbill","Residente","No Amenazada","Preocupación Menor (LC)","No CITES",FALSE
"L8571886","Laguna Humantay","https://ebird.org/hotspot/L8571886/bird-list","Mollepata","Falco femoralis","Falco femoralis Temminck, 1822",7,2014,2022,"Falconiformes","Falconidae","Halcón Aplomado","Aplomado Falcon","Residente","No Amenazada","Preocupación Menor (LC)","No CITES",FALSE
"L8571886","Laguna Humantay","https://ebird.org/hotspot/L8571886/bird-list","Mollepata","Idiopsar speculifer","Idiopsar speculifer (d'Orbigny & Lafresnaye, 1837)",7,2018,2022,"Passeriformes","Thraupidae","Fringilo Glaciar","Glacier Finch","Residente","No Amenazada","Preocupación Menor (LC)","No CITES",FALSE
"L8571886","Laguna Humantay","https://ebird.org/hotspot/L8571886/bird-list","Mollepata","Lesbia victoriae","Lesbia victoriae (Bourcier & Mulsant, 1846)",7,2018,2024,"Apodiformes","Trochilidae","Colibrí de Cola Larga Negra","Black-tailed Trainbearer","Residente","No Amenazada","Preocupación Menor (LC)","No CITES",FALSE
"L8571886","Laguna Humantay","https://ebird.org/hotspot/L8571886/bird-list","Mollepata","Scytalopus simonsi","Scytalopus simonsi Chubb, 1917",7,2020,2023,"Passeriformes","Rhinocryptidae","Tapaculo de la Puna","Puna Tapaculo","Residente","No Amenazada","Preocupación Menor (LC)","No CITES",FALSE
"L8571886","Laguna Humantay","https://ebird.org/hotspot/L8571886/bird-list","Mollepata","Diglossa sittoides","Diglossa sittoides (d'Orbigny & Lafresnaye, 1838)",6,2018,2022,"Passeriformes","Thraupidae","Pinchaflor de Pecho Canela","Rusty Flowerpiercer","Residente","No Amenazada","Preocupación Menor (LC)","No CITES",FALSE
"L8571886","Laguna Humantay","https://ebird.org/hotspot/L8571886/bird-list","Mollepata","Falco sparverius","Falco sparverius Linnaeus, 1758",6,2012,2024,"Falconiformes","Falconidae","Cernícalo Americano","American Kestrel","Residente","No Amenazada","Preocupación Menor (LC)","No CITES",FALSE
"L8571886","Laguna Humantay","https://ebird.org/hotspot/L8571886/bird-list","Mollepata","Lophonetta specularioides","Lophonetta specularioides (P.P.King, 1828)",6,2019,2026,"Anseriformes","Anatidae","Pato Crestón","Crested Duck","Residente","No Amenazada","Preocupación Menor (LC)","No CITES",FALSE
"L8571886","Laguna Humantay","https://ebird.org/hotspot/L8571886/bird-list","Mollepata","Muscisaxicola griseus","Muscisaxicola griseus Taczanowski, 1884",6,2019,2023,"Passeriformes","Tyrannidae","Dormilona de Taczanowski","Taczanowski's Ground-Tyrant","Residente","No Amenazada","Preocupación Menor (LC)","No CITES",FALSE
"L8571886","Laguna Humantay","https://ebird.org/hotspot/L8571886/bird-list","Mollepata","Pheucticus aureoventris","Pheucticus aureoventris (d'Orbigny & Lafresnaye, 1837)",6,2012,2024,"Passeriformes","Cardinalidae","Picogrueso de Dorso Negro","Black-backed Grosbeak","Residente","No Amenazada","Preocupación Menor (LC)","No CITES",FALSE
"L8571886","Laguna Humantay","https://ebird.org/hotspot/L8571886/bird-list","Mollepata","Polioxolmis rufipennis","Cnemarchus rufipennis (Taczanowski, 1874)",6,2014,2024,NA,NA,NA,NA,NA,"No Amenazada","Preocupación Menor (LC)","No CITES",NA
"L8571886","Laguna Humantay","https://ebird.org/hotspot/L8571886/bird-list","Mollepata","Scytalopus urubambae","Scytalopus urubambae Zimmer, 1939",6,2018,2024,"Passeriformes","Rhinocryptidae","Tapaculo de Vilcabamba","Vilcabamba Tapaculo","Endémico","No Amenazada","Preocupación Menor (LC)","No CITES",TRUE
"L8571886","Laguna Humantay","https://ebird.org/hotspot/L8571886/bird-list","Mollepata","Anairetes flavirostris","Anairetes flavirostris P.L.Sclater & Salvin, 1876",5,2021,2023,"Passeriformes","Tyrannidae","Torito de Pico Amarillo","Yellow-billed Tit-Tyrant","Residente","No Amenazada","Preocupación Menor (LC)","No CITES",FALSE
"L8571886","Laguna Humantay","https://ebird.org/hotspot/L8571886/bird-list","Mollepata","Bombus coccineus","Bombus coccineus Friese, 1903",5,2018,2024,NA,NA,NA,NA,NA,"No Amenazada","Preocupación Menor (LC)","No CITES",NA
"L8571886","Laguna Humantay","https://ebird.org/hotspot/L8571886/bird-list","Mollepata","Ensifera ensifera","Ensifera ensifera (Boissonneau, 1840)",5,2020,2024,"Apodiformes","Trochilidae","Colibrí Pico-Espada","Sword-billed Hummingbird","Residente","No Amenazada","Preocupación Menor (LC)","No CITES",FALSE
"L8571886","Laguna Humantay","https://ebird.org/hotspot/L8571886/bird-list","Mollepata","Muscisaxicola juninensis","Muscisaxicola juninensis Taczanowski, 1884",5,2017,2024,"Passeriformes","Tyrannidae","Dormilona de la Puna","Puna Ground-Tyrant","Residente","No Amenazada","Preocupación Menor (LC)","No CITES",FALSE
"L8571886","Laguna Humantay","https://ebird.org/hotspot/L8571886/bird-list","Mollepata","Ochthoeca fumicolor","Ochthoeca fumicolor P.L.Sclater, 1856",5,2012,2024,"Passeriformes","Tyrannidae","Pitajo de Dorso Pardo","Brown-backed Chat-Tyrant","Residente","No Amenazada","Preocupación Menor (LC)","No CITES",FALSE
"L8571886","Laguna Humantay","https://ebird.org/hotspot/L8571886/bird-list","Mollepata","Oreonympha nobilis","Oreonympha nobilis Gould, 1869",5,2014,2023,"Apodiformes","Trochilidae","Montañes Barbudo","Bearded Mountaineer","Endémico","No Amenazada","Preocupación Menor (LC)","No CITES",TRUE
"L8571886","Laguna Humantay","https://ebird.org/hotspot/L8571886/bird-list","Mollepata","Aratinga mitrata","Psittacara mitratus (Tschudi, 1844)",4,2012,2024,NA,NA,NA,NA,NA,"No Amenazada","Preocupación Menor (LC)","No CITES",NA
"L8571886","Laguna Humantay","https://ebird.org/hotspot/L8571886/bird-list","Mollepata","Crotophaga ani","Crotophaga ani Linnaeus, 1758",4,2020,2023,"Cuculiformes","Cuculidae","Garrapatero de Pico Liso","Smooth-billed Ani","Residente","No Amenazada","Preocupación Menor (LC)","No CITES",FALSE
"L8571886","Laguna Humantay","https://ebird.org/hotspot/L8571886/bird-list","Mollepata","Notiochelidon cyanoleuca","Pygochelidon cyanoleuca (Vieillot, 1817)",4,2014,2024,NA,NA,NA,NA,NA,"No Amenazada","Preocupación Menor (LC)","No CITES",NA
"L8571886","Laguna Humantay","https://ebird.org/hotspot/L8571886/bird-list","Mollepata","Notiochelidon flavipes","Orochelidon flavipes (Chapman, 1922)",4,2023,2024,NA,NA,NA,NA,NA,"No Amenazada","Preocupación Menor (LC)","No CITES",NA
"L8571886","Laguna Humantay","https://ebird.org/hotspot/L8571886/bird-list","Mollepata","Patagioenas maculosa","Patagioenas maculosa (Temminck, 1813)",4,2017,2024,"Columbiformes","Columbidae","Paloma de Ala Moteada","Spot-winged Pigeon","Residente","No Amenazada","Preocupación Menor (LC)","No CITES",FALSE
"L8571886","Laguna Humantay","https://ebird.org/hotspot/L8571886/bird-list","Mollepata","Troglodytes solstitialis","Troglodytes solstitialis P.L.Sclater, 1859",4,2012,2024,"Passeriformes","Troglodytidae","Cucarachero Montañes","Mountain Wren","Residente","No Amenazada","Preocupación Menor (LC)","No CITES",FALSE
"L8571886","Laguna Humantay","https://ebird.org/hotspot/L8571886/bird-list","Mollepata","Anairetes alpinus","Anairetes alpinus (Carriker, 1933)",3,2023,2023,"Passeriformes","Tyrannidae","Torito de Pecho Cenizo","Ash-breasted Tit-Tyrant","Residente","En Peligro Crítico (CR)","Vulnerable (VU)","No CITES",FALSE
"L8571886","Laguna Humantay","https://ebird.org/hotspot/L8571886/bird-list","Mollepata","Bombus funebris","Bombus funebris Smith, 1854",3,2022,2026,NA,NA,NA,NA,NA,"No Amenazada","Preocupación Menor (LC)","No CITES",NA
"L8571886","Laguna Humantay","https://ebird.org/hotspot/L8571886/bird-list","Mollepata","Columba livia","Columba livia J.F.Gmelin, 1789",3,2019,2024,"Columbiformes","Columbidae","Paloma Doméstica","Rock Pigeon","Introducido","No Amenazada","Preocupación Menor (LC)","No CITES",FALSE
"L8571886","Laguna Humantay","https://ebird.org/hotspot/L8571886/bird-list","Mollepata","Eriocnemis luciani","Eriocnemis luciani (Bourcier, 1847)",3,2012,2021,"Apodiformes","Trochilidae","Calzadito de Cola Larga","Sapphire-vented Puffleg","Residente","No Amenazada","Preocupación Menor (LC)","No CITES",FALSE
"L8571886","Laguna Humantay","https://ebird.org/hotspot/L8571886/bird-list","Mollepata","Knipolegus aterrimus","Knipolegus aterrimus Kaup, 1853",3,2022,2024,"Passeriformes","Tyrannidae","Viudita-Negra de Ala Blanca","White-winged Black-Tyrant","Residente","No Amenazada","Preocupación Menor (LC)","No CITES",FALSE
"L8571886","Laguna Humantay","https://ebird.org/hotspot/L8571886/bird-list","Mollepata","Merganetta armata","Merganetta armata Gould, 1842",3,2018,2018,"Anseriformes","Anatidae","Pato de los Torrentes","Torrent Duck","Residente","No Amenazada","Preocupación Menor (LC)","No CITES",FALSE
"L8571886","Laguna Humantay","https://ebird.org/hotspot/L8571886/bird-list","Mollepata","Muscisaxicola fluviatilis","Syrtidicola fluviatilis (P.L.Sclater & Salvin, 1866)",3,2023,2023,NA,NA,NA,NA,NA,"No Amenazada","Preocupación Menor (LC)","No CITES",NA
"L8571886","Laguna Humantay","https://ebird.org/hotspot/L8571886/bird-list","Mollepata","Phalaropus tricolor","Phalaropus tricolor (Vieillot, 1819)",3,2011,2015,"Charadriiformes","Scolopacidae","Faláropo Tricolor","Wilson's Phalarope","Migratorio","No Amenazada","Preocupación Menor (LC)","No CITES",FALSE
"L8571886","Laguna Humantay","https://ebird.org/hotspot/L8571886/bird-list","Mollepata","Rhopospina fruticeti","Rhopospina fruticeti (Kittlitz, 1833)",3,2021,2022,"Passeriformes","Thraupidae","Fringilo de Pecho Negro","Mourning Sierra Finch","Residente","No Amenazada","Preocupación Menor (LC)","No CITES",FALSE
"L8571886","Laguna Humantay","https://ebird.org/hotspot/L8571886/bird-list","Mollepata","Rupornis magnirostris","Rupornis magnirostris (Gmelin, 1788)",3,2024,2024,"Accipitriformes","Accipitridae","Aguilucho Caminero","Roadside Hawk","Residente","No Amenazada","Preocupación Menor (LC)","No CITES",FALSE
"L8571886","Laguna Humantay","https://ebird.org/hotspot/L8571886/bird-list","Mollepata","Anas flavirostris","Anas flavirostris Vieillot, 1816",2,2020,2023,"Anseriformes","Anatidae","Pato Barcino","Yellow-billed Teal","Residente","No Amenazada","Preocupación Menor (LC)","No CITES",FALSE
"L8571886","Laguna Humantay","https://ebird.org/hotspot/L8571886/bird-list","Mollepata","Anisognathus igniventris","Anisognathus igniventris (d'Orbigny & Lafresnaye, 1837)",2,2012,2019,"Passeriformes","Thraupidae","Tangara de Montaña de Vientre Escarlata","Scarlet-bellied Mountain Tanager","Residente","No Amenazada","Preocupación Menor (LC)","No CITES",FALSE
"L8571886","Laguna Humantay","https://ebird.org/hotspot/L8571886/bird-list","Mollepata","Asthenes dorbignyi","Asthenes dorbignyi (Reichenbach, 1853)",2,2019,2019,"Passeriformes","Furnariidae","Canastero de Pecho Cremoso","Creamy-breasted Canastero","Residente","No Amenazada","Preocupación Menor (LC)","No CITES",FALSE
"L8571886","Laguna Humantay","https://ebird.org/hotspot/L8571886/bird-list","Mollepata","Asthenes modesta","Asthenes modesta (Eyton, 1851)",2,2024,2024,"Passeriformes","Furnariidae","Canastero Cordillerano","Cordilleran Canastero","Residente","No Amenazada","Preocupación Menor (LC)","No CITES",FALSE
"L8571886","Laguna Humantay","https://ebird.org/hotspot/L8571886/bird-list","Mollepata","Asthenes wyatti","Asthenes wyatti (P.L.Sclater & Salvin, 1871)",2,2022,2023,"Passeriformes","Furnariidae","Canastero de Dorso Rayado","Streak-backed Canastero","Residente","No Amenazada","Preocupación Menor (LC)","No CITES",FALSE
"L8571886","Laguna Humantay","https://ebird.org/hotspot/L8571886/bird-list","Mollepata","Bos taurus","Bos taurus Linnaeus, 1758",2,2025,2025,NA,NA,NA,NA,NA,"No Amenazada","Vulnerable (VU)","No CITES",NA
"L8571886","Laguna Humantay","https://ebird.org/hotspot/L8571886/bird-list","Mollepata","Buteo albigula","Buteo albigula Philippi, 1899",2,2024,2024,"Accipitriformes","Accipitridae","Aguilucho de Garganta Blanca","White-throated Hawk","Residente","No Amenazada","Preocupación Menor (LC)","No CITES",FALSE
"L8571886","Laguna Humantay","https://ebird.org/hotspot/L8571886/bird-list","Mollepata","Buthraupis montana","Buthraupis montana (d'Orbigny & Lafresnaye, 1837)",2,2021,2021,"Passeriformes","Thraupidae","Tangara de Montaña Encapuchada","Hooded Mountain Tanager","Residente","No Amenazada","Preocupación Menor (LC)","No CITES",FALSE
"L8571886","Laguna Humantay","https://ebird.org/hotspot/L8571886/bird-list","Mollepata","Diglossa mystacalis","Diglossa mystacalis Lafresnaye, 1846",2,2020,2024,"Passeriformes","Thraupidae","Pinchaflor Bigotudo","Moustached Flowerpiercer","Residente","No Amenazada","Preocupación Menor (LC)","No CITES",FALSE
"L8571886","Laguna Humantay","https://ebird.org/hotspot/L8571886/bird-list","Mollepata","Elliotomyia chionogaster","Elliotomyia chionogaster (Tschudi, 1846)",2,2012,2024,"Apodiformes","Trochilidae","Colibrí de Vientre Blanco","White-bellied Hummingbird","Residente","No Amenazada","Preocupación Menor (LC)","No CITES",FALSE
"L8571886","Laguna Humantay","https://ebird.org/hotspot/L8571886/bird-list","Mollepata","Haplospiza rustica","Haplospiza rustica (Tschudi, 1844)",2,2019,2024,"Passeriformes","Thraupidae","Fringilo Pizarroso","Slaty Finch","Residente","No Amenazada","Preocupación Menor (LC)","No CITES",FALSE
"L8571886","Laguna Humantay","https://ebird.org/hotspot/L8571886/bird-list","Mollepata","Mecocerculus leucophrys","Mecocerculus leucophrys (Orbigny & Lafresnaye, 1837)",2,2020,2022,"Passeriformes","Tyrannidae","Tiranillo de Garganta Blanca","White-throated Tyrannulet","Residente","No Amenazada","Preocupación Menor (LC)","No CITES",FALSE
"L8571886","Laguna Humantay","https://ebird.org/hotspot/L8571886/bird-list","Mollepata","Metallura aeneocauda","Metallura aeneocauda (Gould, 1846)",2,2022,2024,"Apodiformes","Trochilidae","Colibrí Escamoso","Scaled Metaltail","Residente","No Amenazada","Preocupación Menor (LC)","No CITES",FALSE
"L8571886","Laguna Humantay","https://ebird.org/hotspot/L8571886/bird-list","Mollepata","Muscisaxicola flavinucha","Muscisaxicola flavinucha Lafresnaye, 1855",2,2023,2023,"Passeriformes","Tyrannidae","Dormilona de Nuca Ocrácea","Ochre-naped Ground-Tyrant","Migratorio","No Amenazada","Preocupación Menor (LC)","No CITES",FALSE
"L8571886","Laguna Humantay","https://ebird.org/hotspot/L8571886/bird-list","Mollepata","Myiotheretes fumigatus","Myiotheretes fumigatus (Boissonneau, 1840)",2,2024,2024,"Passeriformes","Tyrannidae","Ala-Rufa Ahumado","Smoky Bush-Tyrant","Residente","No Amenazada","Preocupación Menor (LC)","No CITES",FALSE
"L8571886","Laguna Humantay","https://ebird.org/hotspot/L8571886/bird-list","Mollepata","Myiotheretes striaticollis","Myiotheretes striaticollis (P.L.Sclater, 1853)",2,2012,2022,"Passeriformes","Tyrannidae","Ala-Rufa de Garganta Rayada","Streak-throated Bush-Tyrant","Residente","No Amenazada","Preocupación Menor (LC)","No CITES",FALSE
"L8571886","Laguna Humantay","https://ebird.org/hotspot/L8571886/bird-list","Mollepata","Sicalis uropigyalis","Sicalis uropigyalis (d'Orbigny & Lafresnaye, 1837)",2,2023,2024,NA,NA,NA,NA,NA,"No Amenazada","Preocupación Menor (LC)","No CITES",NA
"L8571886","Laguna Humantay","https://ebird.org/hotspot/L8571886/bird-list","Mollepata","Theristicus melanopis","Theristicus branickii Berlepsch & Stolzmann, 1894",2,2020,2024,"Pelecaniformes","Threskiornithidae","Bandurria de Cara Negra","Black-faced Ibis","Residente","No Amenazada","Preocupación Menor (LC)","No CITES",FALSE
"L8571886","Laguna Humantay","https://ebird.org/hotspot/L8571886/bird-list","Mollepata","Aeronautes andecolus","Aeronautes andecolus (d'Orbigny & Lafresnaye, 1837)",1,2024,2024,"Apodiformes","Apodidae","Vencejo Andino","Andean Swift","Residente","No Amenazada","Preocupación Menor (LC)","No CITES",FALSE
"L8571886","Laguna Humantay","https://ebird.org/hotspot/L8571886/bird-list","Mollepata","Amazonetta brasiliensis","Amazonetta brasiliensis (J.F.Gmelin, 1789)",1,2025,2025,"Anseriformes","Anatidae","Pato Brasileño","Brazilian Teal","Residente","No Amenazada","Preocupación Menor (LC)","No CITES",FALSE
"L8571886","Laguna Humantay","https://ebird.org/hotspot/L8571886/bird-list","Mollepata","Anairetes agraphia","Uromyias agraphia (Chapman, 1919)",1,2023,2023,NA,NA,NA,NA,NA,"No Amenazada","Preocupación Menor (LC)","No CITES",NA
"L8571886","Laguna Humantay","https://ebird.org/hotspot/L8571886/bird-list","Mollepata","Anisognathus lacrymosus","Anisognathus lacrymosus (Du Bus de Gisignies, 1846)",1,2019,2019,"Passeriformes","Thraupidae","Tangara de Montaña Lacrimosa","Lacrimose Mountain Tanager","Residente","No Amenazada","Preocupación Menor (LC)","No CITES",FALSE
"L8571886","Laguna Humantay","https://ebird.org/hotspot/L8571886/bird-list","Mollepata","Asemospiza obscura","Asemospiza obscura (d'Orbigny & Lafresnaye, 1837)",1,2024,2024,"Passeriformes","Thraupidae","Semillero Pardo","Dull-colored Grassquit","Residente","No Amenazada","Preocupación Menor (LC)","No CITES",FALSE
"L8571886","Laguna Humantay","https://ebird.org/hotspot/L8571886/bird-list","Mollepata","Asthenes urubambensis","Asthenes urubambensis (Chapman, 1919)",1,2019,2019,"Passeriformes","Furnariidae","Canastero de Frente Listada","Line-fronted Canastero","Residente","No Amenazada","Casi Amenazada (NT)","No CITES",FALSE
"L8571886","Laguna Humantay","https://ebird.org/hotspot/L8571886/bird-list","Mollepata","Atlapetes forbesi","Atlapetes forbesi Morrison, 1947",1,2022,2022,"Passeriformes","Passerellidae","Matorralero de Apurímac","Apurimac Brushfinch","Endémico","No Amenazada","Preocupación Menor (LC)","No CITES",TRUE
"L8571886","Laguna Humantay","https://ebird.org/hotspot/L8571886/bird-list","Mollepata","Bubo magellanicus","Bubo magellanicus (R.Lesson, 1828)",1,2021,2021,"Strigiformes","Strigidae","Búho de Magallanes","Magellanic Horned Owl","Residente","No Amenazada","Preocupación Menor (LC)","No CITES",FALSE
"L8571886","Laguna Humantay","https://ebird.org/hotspot/L8571886/bird-list","Mollepata","Chalcostigma olivaceum","Chalcostigma olivaceum (Lawrence, 1864)",1,2020,2020,"Apodiformes","Trochilidae","Pico-Espina Oliváceo","Olivaceous Thornbill","Residente","No Amenazada","Preocupación Menor (LC)","No CITES",FALSE
"L8571886","Laguna Humantay","https://ebird.org/hotspot/L8571886/bird-list","Mollepata","Cinclus leucocephalus","Cinclus leucocephalus Tschudi, 1844",1,2022,2022,"Passeriformes","Cinclidae","Mirlo Acuático de Gorro Blanco","White-capped Dipper","Residente","No Amenazada","Preocupación Menor (LC)","No CITES",FALSE
"L8571886","Laguna Humantay","https://ebird.org/hotspot/L8571886/bird-list","Mollepata","Circus cinereus","Circus cinereus Vieillot, 1816",1,2023,2023,"Accipitriformes","Accipitridae","Aguilucho Cenizo","Cinereous Harrier","Residente","No Amenazada","Preocupación Menor (LC)","No CITES",FALSE
"L8571886","Laguna Humantay","https://ebird.org/hotspot/L8571886/bird-list","Mollepata","Cistothorus platensis","Cistothorus platensis (Latham, 1790)",1,2024,2024,"Passeriformes","Troglodytidae","Cucarachero Sabanero","Grass Wren","Residente","No Amenazada","Preocupación Menor (LC)","No CITES",FALSE
"L8571886","Laguna Humantay","https://ebird.org/hotspot/L8571886/bird-list","Mollepata","Colaptes rubiginosus","Colaptes rubiginosus (Swainson, 1820)",1,2012,2012,"Piciformes","Picidae","Carpintero Olivo y Dorado","Golden-olive Woodpecker","Residente","No Amenazada","Preocupación Menor (LC)","No CITES",FALSE
"L8571886","Laguna Humantay","https://ebird.org/hotspot/L8571886/bird-list","Mollepata","Conirostrum ferrugineiventre","Conirostrum ferrugineiventre P.L.Sclater, 1855",1,2020,2020,"Passeriformes","Thraupidae","Pico-de-Cono de Ceja Blanca","White-browed Conebill","Residente","No Amenazada","Preocupación Menor (LC)","No CITES",FALSE
"L8571886","Laguna Humantay","https://ebird.org/hotspot/L8571886/bird-list","Mollepata","Conirostrum sitticolor","Conirostrum sitticolor Lafresnaye, 1840",1,2019,2019,"Passeriformes","Thraupidae","Pico-de-Cono de Dorso Azul","Blue-backed Conebill","Residente","No Amenazada","Preocupación Menor (LC)","No CITES",FALSE
"L8571886","Laguna Humantay","https://ebird.org/hotspot/L8571886/bird-list","Mollepata","Conirostrum speciosum","Conirostrum speciosum (Temminck, 1824)",1,2024,2024,"Passeriformes","Thraupidae","Pico-de-Cono de Subcaudales Castañas","Chestnut-vented Conebill","Residente","No Amenazada","Preocupación Menor (LC)","No CITES",FALSE
"L8571886","Laguna Humantay","https://ebird.org/hotspot/L8571886/bird-list","Mollepata","Dubusia castaneoventris","Dubusia castaneoventris (P.L.Sclater, 1851)",1,2023,2023,"Passeriformes","Thraupidae","Tangara de Montaña de Vientre Castaño","Chestnut-bellied Mountain Tanager","Residente","No Amenazada","Preocupación Menor (LC)","No CITES",FALSE
"L8571886","Laguna Humantay","https://ebird.org/hotspot/L8571886/bird-list","Mollepata","Elaenia albiceps","Elaenia albiceps (Orbigny & Lafresnaye, 1837)",1,2024,2024,"Passeriformes","Tyrannidae","Fío-Fío de Cresta Blanca","White-crested Elaenia","Residente","No Amenazada","Preocupación Menor (LC)","No CITES",FALSE
"L8571886","Laguna Humantay","https://ebird.org/hotspot/L8571886/bird-list","Mollepata","Falco rufigularis","Falco rufigularis Daudin, 1800",1,2024,2024,"Falconiformes","Falconidae","Halcón Caza Murciélagos","Bat Falcon","Residente","No Amenazada","Preocupación Menor (LC)","No CITES",FALSE
"L8571886","Laguna Humantay","https://ebird.org/hotspot/L8571886/bird-list","Mollepata","Geositta cunicularia","Geositta cunicularia (Vieillot, 1816)",1,2014,2014,"Passeriformes","Furnariidae","Minero Común","Common Miner","Residente","No Amenazada","Preocupación Menor (LC)","No CITES",FALSE
"L8571886","Laguna Humantay","https://ebird.org/hotspot/L8571886/bird-list","Mollepata","Geranoaetus melanoleucus","Geranoaetus melanoleucus (Vieillot, 1819)",1,2023,2023,"Accipitriformes","Accipitridae","Aguilucho de Pecho Negro","Black-chested Buzzard-Eagle","Residente","No Amenazada","Preocupación Menor (LC)","Apéndice II",FALSE
"L8571886","Laguna Humantay","https://ebird.org/hotspot/L8571886/bird-list","Mollepata","Grallaria squamigera","Grallaria squamigera Prevost & Des Murs, 1842",1,2023,2023,"Passeriformes","Grallariidae","Tororoi Ondulado","Undulated Antpitta","Residente","No Amenazada","Preocupación Menor (LC)","No CITES",FALSE
"L8571886","Laguna Humantay","https://ebird.org/hotspot/L8571886/bird-list","Mollepata","Junonia vestina","Junonia vestina",1,2024,2024,NA,NA,NA,NA,NA,"No Amenazada","Preocupación Menor (LC)","No CITES",NA
"L8571886","Laguna Humantay","https://ebird.org/hotspot/L8571886/bird-list","Mollepata","Leptasthenura yanacensis","Sylviorthorhynchus yanacensis (Carriker, 1933)",1,2024,2024,NA,NA,NA,NA,NA,"No Amenazada","Preocupación Menor (LC)","No CITES",NA
"L8571886","Laguna Humantay","https://ebird.org/hotspot/L8571886/bird-list","Mollepata","Lurocalis rufiventris","Lurocalis rufiventris Taczanowski, 1884",1,2024,2024,"Caprimulgiformes","Caprimulgidae","Chotacabras de Vientre Rufo","Rufous-bellied Nighthawk","Residente","No Amenazada","Preocupación Menor (LC)","No CITES",FALSE
"L8571886","Laguna Humantay","https://ebird.org/hotspot/L8571886/bird-list","Mollepata","Mecocerculus stictopterus","Mecocerculus stictopterus (P.L.Sclater, 1859)",1,2019,2019,"Passeriformes","Tyrannidae","Tiranillo de Ala Bandeada","White-banded Tyrannulet","Residente","No Amenazada","Preocupación Menor (LC)","No CITES",FALSE
"L8571886","Laguna Humantay","https://ebird.org/hotspot/L8571886/bird-list","Mollepata","Muscisaxicola albifrons","Muscisaxicola albifrons (Tschudi, 1844)",1,2023,2023,"Passeriformes","Tyrannidae","Dormilona de Frente Blanca","White-fronted Ground-Tyrant","Residente","No Amenazada","Preocupación Menor (LC)","No CITES",FALSE
"L8571886","Laguna Humantay","https://ebird.org/hotspot/L8571886/bird-list","Mollepata","Muscisaxicola cinereus","Muscisaxicola cinereus Philippi & Landbeck, 1864",1,2018,2018,"Passeriformes","Tyrannidae","Dormilona Cinérea","Cinereous Ground-Tyrant","Migratorio","No Amenazada","Preocupación Menor (LC)","No CITES",FALSE
"L8571886","Laguna Humantay","https://ebird.org/hotspot/L8571886/bird-list","Mollepata","Myadestes ralloides","Myadestes ralloides (Orbigny, 1840)",1,2024,2024,"Passeriformes","Turdidae","Solitario Andino","Andean Solitaire","Residente","No Amenazada","Preocupación Menor (LC)","No CITES",FALSE
"L8571886","Laguna Humantay","https://ebird.org/hotspot/L8571886/bird-list","Mollepata","Myiotheretes fuscorufus","Myiotheretes fuscorufus (P.L.Sclater & Salvin, 1876)",1,2023,2023,"Passeriformes","Tyrannidae","Ala-Rufa de Vientre Rufo","Rufous-bellied Bush-Tyrant","Residente","No Amenazada","Preocupación Menor (LC)","No CITES",FALSE
"L8571886","Laguna Humantay","https://ebird.org/hotspot/L8571886/bird-list","Mollepata","Myiothlypis signata","Myiothlypis signata (von Berlepsch & Stolzmann, 1906)",1,2012,2012,"Passeriformes","Parulidae","Reinita de Pata Pálida","Pale-legged Warbler","Residente","No Amenazada","Preocupación Menor (LC)","No CITES",FALSE
"L8571886","Laguna Humantay","https://ebird.org/hotspot/L8571886/bird-list","Mollepata","Percnohierax leucorrhous","Parabuteo leucorrhous (Quoy & Gaimard, 1824)",1,2022,2022,NA,NA,NA,NA,NA,"No Amenazada","Preocupación Menor (LC)","No CITES",NA
"L8571886","Laguna Humantay","https://ebird.org/hotspot/L8571886/bird-list","Mollepata","Porphyrospiza alaudina","Rhopospina alaudina (Kittlitz, 1833)",1,2024,2024,NA,NA,NA,NA,NA,"No Amenazada","Preocupación Menor (LC)","No CITES",NA
"L8571886","Laguna Humantay","https://ebird.org/hotspot/L8571886/bird-list","Mollepata","Spatula cyanoptera","Spatula cyanoptera (Vieillot, 1816)",1,2023,2023,"Anseriformes","Anatidae","Pato Colorado","Cinnamon Teal","Residente","No Amenazada","Preocupación Menor (LC)","No CITES",FALSE
"L8571886","Laguna Humantay","https://ebird.org/hotspot/L8571886/bird-list","Mollepata","Spizaetus isidori","Spizaetus isidori (Des Murs, 1845)",1,2019,2019,"Accipitriformes","Accipitridae","Aguila Negra y Castaña","Black-and-chestnut Eagle","Residente","No Amenazada","En Peligro (EN)","No CITES",FALSE
"L8571886","Laguna Humantay","https://ebird.org/hotspot/L8571886/bird-list","Mollepata","Sporathraupis cyanocephala","Sporathraupis cyanocephala (d'Orbigny & Lafresnaye, 1837)",1,2019,2019,"Passeriformes","Thraupidae","Tangara de Gorro Azul","Blue-capped Tanager","Residente","No Amenazada","Preocupación Menor (LC)","No CITES",FALSE
"L8571886","Laguna Humantay","https://ebird.org/hotspot/L8571886/bird-list","Mollepata","Streptoprocne zonaris","Streptoprocne zonaris (Shaw, 1796)",1,2014,2014,"Apodiformes","Apodidae","Vencejo de Collar Blanco","White-collared Swift","Residente","No Amenazada","Preocupación Menor (LC)","No CITES",FALSE
"L8571886","Laguna Humantay","https://ebird.org/hotspot/L8571886/bird-list","Mollepata","Synallaxis azarae","Synallaxis azarae Orbigny, 1835",1,2023,2023,"Passeriformes","Furnariidae","Cola-Espina de Azara","Azara's Spinetail","Residente","No Amenazada","Preocupación Menor (LC)","No CITES",FALSE
"L8571886","Laguna Humantay","https://ebird.org/hotspot/L8571886/bird-list","Mollepata","Synallaxis courseni","Synallaxis courseni Blake, 1971",1,2022,2022,"Passeriformes","Furnariidae","Cola-Espina de Apurímac","Apurimac Spinetail","Endémico","No Amenazada","Casi Amenazada (NT)","No CITES",TRUE
"L8571886","Laguna Humantay","https://ebird.org/hotspot/L8571886/bird-list","Mollepata","Tapera naevia","Tapera naevia (Linnaeus, 1766)",1,2023,2023,"Cuculiformes","Cuculidae","Cuclillo Listado","Striped Cuckoo","Residente","No Amenazada","Preocupación Menor (LC)","No CITES",FALSE
"L15073939","Laguna Humantay - Caminata Puesto de Control","https://ebird.org/hotspot/L15073939/bird-list","Mollepata","Zonotrichia capensis","Zonotrichia capensis (P.L.S.Müller, 1776)",342,2004,2026,"Passeriformes","Passerellidae","Gorrión de Collar Rufo","Rufous-collared Sparrow","Residente","No Amenazada","Preocupación Menor (LC)","No CITES",FALSE
"L15073939","Laguna Humantay - Caminata Puesto de Control","https://ebird.org/hotspot/L15073939/bird-list","Mollepata","Cinclodes fuscus","Cinclodes albiventris (Philippi & Landbeck, 1861)",294,2011,2026,NA,NA,NA,NA,NA,"No Amenazada","Preocupación Menor (LC)","No CITES",NA
"L15073939","Laguna Humantay - Caminata Puesto de Control","https://ebird.org/hotspot/L15073939/bird-list","Mollepata","Geospizopsis unicolor","Geospizopsis unicolor (d'Orbigny & Lafresnaye, 1837)",282,2013,2026,"Passeriformes","Thraupidae","Fringilo Plomizo","Plumbeous Sierra Finch","Residente","No Amenazada","Preocupación Menor (LC)","No CITES",FALSE
"L15073939","Laguna Humantay - Caminata Puesto de Control","https://ebird.org/hotspot/L15073939/bird-list","Mollepata","Phrygilus punensis","Phrygilus punensis Ridgway, 1887",229,2013,2026,"Passeriformes","Thraupidae","Fringilo Peruano","Peruvian Sierra Finch","Residente","No Amenazada","Preocupación Menor (LC)","No CITES",FALSE
"L15073939","Laguna Humantay - Caminata Puesto de Control","https://ebird.org/hotspot/L15073939/bird-list","Mollepata","Turdus chiguanco","Turdus chiguanco Orbigny & Lafresnaye, 1837",219,2004,2026,"Passeriformes","Turdidae","Zorzal Chiguanco","Chiguanco Thrush","Residente","No Amenazada","Preocupación Menor (LC)","No CITES",FALSE
"L15073939","Laguna Humantay - Caminata Puesto de Control","https://ebird.org/hotspot/L15073939/bird-list","Mollepata","Geospizopsis plebejus","Geospizopsis plebejus (Tschudi, 1844)",212,2009,2026,"Passeriformes","Thraupidae","Fringilo de Pecho Cenizo","Ash-breasted Sierra Finch","Residente","No Amenazada","Preocupación Menor (LC)","No CITES",FALSE
"L15073939","Laguna Humantay - Caminata Puesto de Control","https://ebird.org/hotspot/L15073939/bird-list","Mollepata","Vanellus resplendens","Vanellus resplendens (Tschudi, 1843)",211,2008,2025,"Charadriiformes","Charadriidae","Avefría Andina","Andean Lapwing","Residente","No Amenazada","Preocupación Menor (LC)","No CITES",FALSE
"L15073939","Laguna Humantay - Caminata Puesto de Control","https://ebird.org/hotspot/L15073939/bird-list","Mollepata","Troglodytes musculus","Troglodytes musculus J.F.Naumann, 1823",188,2014,2025,"Passeriformes","Troglodytidae","Cucarachero Común Sureño","Southern House-Wren","Residente","No Amenazada","Preocupación Menor (LC)","No CITES",FALSE
"L15073939","Laguna Humantay - Caminata Puesto de Control","https://ebird.org/hotspot/L15073939/bird-list","Mollepata","Xenodacnis parina","Xenodacnis parina Cabanis, 1873",171,2011,2025,"Passeriformes","Thraupidae","Azulito Altoandino","Tit-like Dacnis","Residente","No Amenazada","Preocupación Menor (LC)","No CITES",FALSE
"L15073939","Laguna Humantay - Caminata Puesto de Control","https://ebird.org/hotspot/L15073939/bird-list","Mollepata","Cranioleuca albicapilla","Cranioleuca albicapilla (Cabanis, 1873)",168,2009,2025,"Passeriformes","Furnariidae","Cola-Espina de Cresta Cremosa","Creamy-crested Spinetail","Endémico","No Amenazada","Preocupación Menor (LC)","No CITES",TRUE
"L15073939","Laguna Humantay - Caminata Puesto de Control","https://ebird.org/hotspot/L15073939/bird-list","Mollepata","Diglossa brunneiventris","Diglossa brunneiventris Lafresnaye, 1846",165,2013,2025,"Passeriformes","Thraupidae","Pinchaflor de Garganta Negra","Black-throated Flowerpiercer","Residente","No Amenazada","Preocupación Menor (LC)","No CITES",FALSE
"L15073939","Laguna Humantay - Caminata Puesto de Control","https://ebird.org/hotspot/L15073939/bird-list","Mollepata","Conirostrum cinereum","Conirostrum cinereum d'Orbigny & Lafresnaye, 1838",141,2011,2025,"Passeriformes","Thraupidae","Pico-de-Cono Cinéreo","Cinereous Conebill","Residente","No Amenazada","Preocupación Menor (LC)","No CITES",FALSE
"L15073939","Laguna Humantay - Caminata Puesto de Control","https://ebird.org/hotspot/L15073939/bird-list","Mollepata","Ochthoeca rufipectoralis","Ochthoeca rufipectoralis (Orbigny & Lafresnaye, 1837)",138,2004,2025,"Passeriformes","Tyrannidae","Pitajo de Pecho Rufo","Rufous-breasted Chat-Tyrant","Residente","No Amenazada","Preocupación Menor (LC)","No CITES",FALSE
"L15073939","Laguna Humantay - Caminata Puesto de Control","https://ebird.org/hotspot/L15073939/bird-list","Mollepata","Scytalopus urubambae","Scytalopus urubambae Zimmer, 1939",136,2009,2025,"Passeriformes","Rhinocryptidae","Tapaculo de Vilcabamba","Vilcabamba Tapaculo","Endémico","No Amenazada","Preocupación Menor (LC)","No CITES",TRUE
"L15073939","Laguna Humantay - Caminata Puesto de Control","https://ebird.org/hotspot/L15073939/bird-list","Mollepata","Aglaeactis castelnaudii","Aglaeactis castelnaudii (Bourcier & Mulsant, 1848)",135,2004,2024,"Apodiformes","Trochilidae","Rayo-de-Sol Acanelado","White-tufted Sunbeam","Endémico","No Amenazada","Casi Amenazada (NT)","No CITES",TRUE
"L15073939","Laguna Humantay - Caminata Puesto de Control","https://ebird.org/hotspot/L15073939/bird-list","Mollepata","Metallura tyrianthina","Metallura tyrianthina (Loddiges, 1832)",128,2009,2025,"Apodiformes","Trochilidae","Colibrí Tirio","Tyrian Metaltail","Residente","No Amenazada","Preocupación Menor (LC)","No CITES",FALSE
"L15073939","Laguna Humantay - Caminata Puesto de Control","https://ebird.org/hotspot/L15073939/bird-list","Mollepata","Ampelion rubrocristatus","Ampelion rubrocristatus (Orbigny & Lafresnaye, 1837)",123,2004,2025,"Passeriformes","Cotingidae","Cotinga de Cresta Roja","Red-crested Cotinga","Residente","No Amenazada","Preocupación Menor (LC)","No CITES",FALSE
"L15073939","Laguna Humantay - Caminata Puesto de Control","https://ebird.org/hotspot/L15073939/bird-list","Mollepata","Vultur gryphus","Vultur gryphus Linnaeus, 1758",122,2007,2024,"Cathartiformes","Cathartidae","Cóndor Andino","Andean Condor","Residente","En Peligro (EN)","Vulnerable (VU)","Apéndice I",FALSE
"L15073939","Laguna Humantay - Caminata Puesto de Control","https://ebird.org/hotspot/L15073939/bird-list","Mollepata","Ochthoeca leucophrys","Ochthoeca leucophrys (Orbigny & Lafresnaye, 1837)",118,2009,2026,"Passeriformes","Tyrannidae","Pitajo de Ceja Blanca","White-browed Chat-Tyrant","Residente","No Amenazada","Preocupación Menor (LC)","No CITES",FALSE
"L15073939","Laguna Humantay - Caminata Puesto de Control","https://ebird.org/hotspot/L15073939/bird-list","Mollepata","Colaptes rupicola","Colaptes rupicola d'Orbigny, 1840",113,2009,2026,"Piciformes","Picidae","Carpintero Andino","Andean Flicker","Residente","No Amenazada","Preocupación Menor (LC)","No CITES",FALSE
"L15073939","Laguna Humantay - Caminata Puesto de Control","https://ebird.org/hotspot/L15073939/bird-list","Mollepata","Aglaeactis cupripennis","Aglaeactis cupripennis (Bourcier, 1843)",110,2011,2024,"Apodiformes","Trochilidae","Rayo-de-Sol Brillante","Shining Sunbeam","Residente","No Amenazada","Preocupación Menor (LC)","No CITES",FALSE
"L15073939","Laguna Humantay - Caminata Puesto de Control","https://ebird.org/hotspot/L15073939/bird-list","Mollepata","Spinus magellanicus","Spinus magellanicus (Vieillot, 1805)",109,2014,2026,"Passeriformes","Fringillidae","Jilguero Encapuchado","Hooded Siskin","Residente","No Amenazada","Preocupación Menor (LC)","No CITES",FALSE
"L15073939","Laguna Humantay - Caminata Puesto de Control","https://ebird.org/hotspot/L15073939/bird-list","Mollepata","Turdus fuscater","Turdus fuscater Orbigny & Lafresnaye, 1837",108,2012,2024,"Passeriformes","Turdidae","Zorzal Grande","Great Thrush","Residente","No Amenazada","Preocupación Menor (LC)","No CITES",FALSE
"L15073939","Laguna Humantay - Caminata Puesto de Control","https://ebird.org/hotspot/L15073939/bird-list","Mollepata","Chloephaga melanoptera","Oressochen melanopterus (Eyton, 1838)",88,2013,2026,NA,NA,NA,NA,NA,"No Amenazada","Preocupación Menor (LC)","No CITES",NA
"L15073939","Laguna Humantay - Caminata Puesto de Control","https://ebird.org/hotspot/L15073939/bird-list","Mollepata","Poospizopsis caesar","Poospizopsis caesar (P.L.Sclater & Salvin, 1869)",86,2009,2025,"Passeriformes","Thraupidae","Monterita de Pecho Castaño","Chestnut-breasted Mountain Finch","Endémico","No Amenazada","Preocupación Menor (LC)","No CITES",TRUE
"L15073939","Laguna Humantay - Caminata Puesto de Control","https://ebird.org/hotspot/L15073939/bird-list","Mollepata","Catamenia inornata","Catamenia inornata (Lafresnaye, 1847)",85,2011,2026,"Passeriformes","Thraupidae","Semillero Simple","Plain-colored Seedeater","Residente","No Amenazada","Preocupación Menor (LC)","No CITES",FALSE
"L15073939","Laguna Humantay - Caminata Puesto de Control","https://ebird.org/hotspot/L15073939/bird-list","Mollepata","Muscisaxicola rufivertex","Muscisaxicola rufivertex Orbigny & Lafresnaye, 1837",82,2009,2025,"Passeriformes","Tyrannidae","Dormilona de Nuca Rojiza","Rufous-naped Ground-Tyrant","Residente","No Amenazada","Preocupación Menor (LC)","No CITES",FALSE
"L15073939","Laguna Humantay - Caminata Puesto de Control","https://ebird.org/hotspot/L15073939/bird-list","Mollepata","Anairetes parulus","Anairetes parulus (Kittlitz, 1830)",80,2014,2024,"Passeriformes","Tyrannidae","Torito Copetón","Tufted Tit-Tyrant","Residente","No Amenazada","Preocupación Menor (LC)","No CITES",FALSE
"L15073939","Laguna Humantay - Caminata Puesto de Control","https://ebird.org/hotspot/L15073939/bird-list","Mollepata","Saltator aurantiirostris","Saltator aurantiirostris Vieillot, 1817",78,2004,2024,"Passeriformes","Thraupidae","Saltador de Pico Dorado","Golden-billed Saltator","Residente","No Amenazada","Preocupación Menor (LC)","No CITES",FALSE
"L15073939","Laguna Humantay - Caminata Puesto de Control","https://ebird.org/hotspot/L15073939/bird-list","Mollepata","Notiochelidon murina","Orochelidon murina (Cassin, 1853)",74,2011,2024,NA,NA,NA,NA,NA,"No Amenazada","Preocupación Menor (LC)","No CITES",NA
"L15073939","Laguna Humantay - Caminata Puesto de Control","https://ebird.org/hotspot/L15073939/bird-list","Mollepata","Catamenia analis","Catamenia analis (d'Orbigny & Lafresnaye, 1837)",72,2009,2024,"Passeriformes","Thraupidae","Semillero de Cola Bandeada","Band-tailed Seedeater","Residente","No Amenazada","Preocupación Menor (LC)","No CITES",FALSE
"L15073939","Laguna Humantay - Caminata Puesto de Control","https://ebird.org/hotspot/L15073939/bird-list","Mollepata","Colibri coruscans","Colibri coruscans (Gould, 1846)",70,2004,2024,"Apodiformes","Trochilidae","Oreja-Violeta de Vientre Azul","Sparkling Violetear","Residente","No Amenazada","Preocupación Menor (LC)","No CITES",FALSE
"L15073939","Laguna Humantay - Caminata Puesto de Control","https://ebird.org/hotspot/L15073939/bird-list","Mollepata","Cinclodes atacamensis","Cinclodes atacamensis (Philippi, 1857)",61,2009,2025,"Passeriformes","Furnariidae","Churrete de Ala Blanca","White-winged Cinclodes","Residente","No Amenazada","Preocupación Menor (LC)","No CITES",FALSE
"L15073939","Laguna Humantay - Caminata Puesto de Control","https://ebird.org/hotspot/L15073939/bird-list","Mollepata","Spinus atratus","Spinus atratus (d'Orbigny & Lafresnaye, 1837)",57,2011,2026,"Passeriformes","Fringillidae","Jilguero Negro","Black Siskin","Residente","No Amenazada","Preocupación Menor (LC)","No CITES",FALSE
"L15073939","Laguna Humantay - Caminata Puesto de Control","https://ebird.org/hotspot/L15073939/bird-list","Mollepata","Rauenia bonariensis","Rauenia bonariensis (J.F.Gmelin, 1789)",56,2009,2024,"Passeriformes","Thraupidae","Tangara Azul y Amarilla","Blue-and-yellow Tanager","Residente","No Amenazada","Preocupación Menor (LC)","No CITES",FALSE
"L15073939","Laguna Humantay - Caminata Puesto de Control","https://ebird.org/hotspot/L15073939/bird-list","Mollepata","Asthenes ottonis","Asthenes ottonis (Berlepsch, 1901)",53,2014,2024,"Passeriformes","Furnariidae","Canastero de Frente Rojiza","Rusty-fronted Canastero","Endémico","No Amenazada","Preocupación Menor (LC)","No CITES",TRUE
"L15073939","Laguna Humantay - Caminata Puesto de Control","https://ebird.org/hotspot/L15073939/bird-list","Mollepata","Buteo polyosoma","Geranoaetus polyosoma (Quoy & Gaimard, 1824)",53,2014,2025,NA,NA,NA,NA,NA,"No Amenazada","Preocupación Menor (LC)","Apéndice II",NA
"L15073939","Laguna Humantay - Caminata Puesto de Control","https://ebird.org/hotspot/L15073939/bird-list","Mollepata","Atlapetes forbesi","Atlapetes forbesi Morrison, 1947",48,2009,2025,"Passeriformes","Passerellidae","Matorralero de Apurímac","Apurimac Brushfinch","Endémico","No Amenazada","Preocupación Menor (LC)","No CITES",TRUE
"L15073939","Laguna Humantay - Caminata Puesto de Control","https://ebird.org/hotspot/L15073939/bird-list","Mollepata","Falco sparverius","Falco sparverius Linnaeus, 1758",47,2004,2024,"Falconiformes","Falconidae","Cernícalo Americano","American Kestrel","Residente","No Amenazada","Preocupación Menor (LC)","No CITES",FALSE
"L15073939","Laguna Humantay - Caminata Puesto de Control","https://ebird.org/hotspot/L15073939/bird-list","Mollepata","Agriornis montanus","Agriornis montanus (Orbigny & Lafresnaye, 1837)",45,2014,2024,"Passeriformes","Tyrannidae","Arriero de Pico Negro","Black-billed Shrike-Tyrant","Residente","No Amenazada","Preocupación Menor (LC)","No CITES",FALSE
"L15073939","Laguna Humantay - Caminata Puesto de Control","https://ebird.org/hotspot/L15073939/bird-list","Mollepata","Ochthoeca oenanthoides","Ochthoeca oenanthoides (Orbigny & Lafresnaye, 1837)",45,2014,2026,"Passeriformes","Tyrannidae","Pitajo de d’Orbigny","d'Orbigny's Chat-Tyrant","Residente","No Amenazada","Preocupación Menor (LC)","No CITES",FALSE
"L15073939","Laguna Humantay - Caminata Puesto de Control","https://ebird.org/hotspot/L15073939/bird-list","Mollepata","Patagona gigas","Patagona gigas (Vieillot, 1824)",42,2014,2024,"Apodiformes","Trochilidae","Colibrí Gigante Sureño","Southern Giant-Hummingbird","Migratorio","No Amenazada","Preocupación Menor (LC)","No CITES",FALSE
"L15073939","Laguna Humantay - Caminata Puesto de Control","https://ebird.org/hotspot/L15073939/bird-list","Mollepata","Zenaida auriculata","Zenaida auriculata (Des Murs, 1847)",42,2015,2024,"Columbiformes","Columbidae","Tórtola Orejuda","Eared Dove","Residente","No Amenazada","Preocupación Menor (LC)","No CITES",FALSE
"L15073939","Laguna Humantay - Caminata Puesto de Control","https://ebird.org/hotspot/L15073939/bird-list","Mollepata","Plegadis ridgwayi","Plegadis ridgwayi (Allen, 1876)",39,2013,2025,"Pelecaniformes","Threskiornithidae","Ibis de la Puna","Puna Ibis","Residente","No Amenazada","Preocupación Menor (LC)","No CITES",FALSE
"L15073939","Laguna Humantay - Caminata Puesto de Control","https://ebird.org/hotspot/L15073939/bird-list","Mollepata","Synallaxis courseni","Synallaxis courseni Blake, 1971",37,2014,2023,"Passeriformes","Furnariidae","Cola-Espina de Apurímac","Apurimac Spinetail","Endémico","No Amenazada","Casi Amenazada (NT)","No CITES",TRUE
"L15073939","Laguna Humantay - Caminata Puesto de Control","https://ebird.org/hotspot/L15073939/bird-list","Mollepata","Pheucticus aureoventris","Pheucticus aureoventris (d'Orbigny & Lafresnaye, 1837)",35,2009,2024,"Passeriformes","Cardinalidae","Picogrueso de Dorso Negro","Black-backed Grosbeak","Residente","No Amenazada","Preocupación Menor (LC)","No CITES",FALSE
"L15073939","Laguna Humantay - Caminata Puesto de Control","https://ebird.org/hotspot/L15073939/bird-list","Mollepata","Knipolegus aterrimus","Knipolegus aterrimus Kaup, 1853",34,2011,2024,"Passeriformes","Tyrannidae","Viudita-Negra de Ala Blanca","White-winged Black-Tyrant","Residente","No Amenazada","Preocupación Menor (LC)","No CITES",FALSE
"L15073939","Laguna Humantay - Caminata Puesto de Control","https://ebird.org/hotspot/L15073939/bird-list","Mollepata","Grallaria andicolus","Grallaria andicolus (Cabanis, 1873)",30,2017,2024,"Passeriformes","Grallariidae","Tororoi de Cabeza Listada","Stripe-headed Antpitta","Residente","No Amenazada","Preocupación Menor (LC)","No CITES",FALSE
"L15073939","Laguna Humantay - Caminata Puesto de Control","https://ebird.org/hotspot/L15073939/bird-list","Mollepata","Lophonetta specularioides","Lophonetta specularioides (P.P.King, 1828)",30,2018,2025,"Anseriformes","Anatidae","Pato Crestón","Crested Duck","Residente","No Amenazada","Preocupación Menor (LC)","No CITES",FALSE
"L15073939","Laguna Humantay - Caminata Puesto de Control","https://ebird.org/hotspot/L15073939/bird-list","Mollepata","Patagioenas maculosa","Patagioenas maculosa albipennis (P.L.Sclater & Salvin, 1876)",30,2014,2025,"Columbiformes","Columbidae","Paloma de Ala Moteada","Spot-winged Pigeon","Residente","No Amenazada","Preocupación Menor (LC)","No CITES",FALSE
"L15073939","Laguna Humantay - Caminata Puesto de Control","https://ebird.org/hotspot/L15073939/bird-list","Mollepata","Chroicocephalus serranus","Chroicocephalus serranus (Tschudi, 1844)",29,2013,2024,"Charadriiformes","Laridae","Gaviota Andina","Andean Gull","Residente","No Amenazada","Preocupación Menor (LC)","No CITES",FALSE
"L15073939","Laguna Humantay - Caminata Puesto de Control","https://ebird.org/hotspot/L15073939/bird-list","Mollepata","Metallura aeneocauda","Metallura aeneocauda (Gould, 1846)",29,2009,2024,"Apodiformes","Trochilidae","Colibrí Escamoso","Scaled Metaltail","Residente","No Amenazada","Preocupación Menor (LC)","No CITES",FALSE
"L15073939","Laguna Humantay - Caminata Puesto de Control","https://ebird.org/hotspot/L15073939/bird-list","Mollepata","Geranoaetus melanoleucus","Geranoaetus melanoleucus (Vieillot, 1819)",27,2014,2024,"Accipitriformes","Accipitridae","Aguilucho de Pecho Negro","Black-chested Buzzard-Eagle","Residente","No Amenazada","Preocupación Menor (LC)","Apéndice II",FALSE
"L15073939","Laguna Humantay - Caminata Puesto de Control","https://ebird.org/hotspot/L15073939/bird-list","Mollepata","Thlypopsis ruficeps","Thlypopsis ruficeps (d'Orbigny & Lafresnaye, 1837)",27,2014,2023,"Passeriformes","Thraupidae","Tangara Rufa y Amarilla","Rust-and-yellow Tanager","Residente","No Amenazada","Preocupación Menor (LC)","No CITES",FALSE
"L15073939","Laguna Humantay - Caminata Puesto de Control","https://ebird.org/hotspot/L15073939/bird-list","Mollepata","Bolborhynchus orbygnesius","Bolborhynchus orbygnesius (Souance, 1856)",26,2014,2024,"Psittaciformes","Psittacidae","Perico Andino","Andean Parakeet","Residente","No Amenazada","Preocupación Menor (LC)","No CITES",FALSE
"L15073939","Laguna Humantay - Caminata Puesto de Control","https://ebird.org/hotspot/L15073939/bird-list","Mollepata","Falco femoralis","Falco femoralis Temminck, 1822",25,2013,2024,"Falconiformes","Falconidae","Halcón Aplomado","Aplomado Falcon","Residente","No Amenazada","Preocupación Menor (LC)","No CITES",FALSE
"L15073939","Laguna Humantay - Caminata Puesto de Control","https://ebird.org/hotspot/L15073939/bird-list","Mollepata","Pterophanes cyanopterus","Pterophanes cyanopterus (Fraser, 1840)",25,2012,2024,"Apodiformes","Trochilidae","Ala-Zafiro Grande","Great Sapphirewing","Residente","No Amenazada","Preocupación Menor (LC)","No CITES",FALSE
"L15073939","Laguna Humantay - Caminata Puesto de Control","https://ebird.org/hotspot/L15073939/bird-list","Mollepata","Haplochelidon andecola","Orochelidon andecola (d'Orbigny & Lafresnaye, 1837)",24,2009,2024,NA,NA,NA,NA,NA,"No Amenazada","Preocupación Menor (LC)","No CITES",NA
"L15073939","Laguna Humantay - Caminata Puesto de Control","https://ebird.org/hotspot/L15073939/bird-list","Mollepata","Chalcostigma stanleyi","Chalcostigma stanleyi (Bourcier, 1851)",23,2013,2024,"Apodiformes","Trochilidae","Pico-Espina de Dorso Azul","Blue-mantled Thornbill","Residente","No Amenazada","Preocupación Menor (LC)","No CITES",FALSE
"L15073939","Laguna Humantay - Caminata Puesto de Control","https://ebird.org/hotspot/L15073939/bird-list","Mollepata","Idiopsar speculifer","Idiopsar speculifer (d'Orbigny & Lafresnaye, 1837)",23,2017,2024,"Passeriformes","Thraupidae","Fringilo Glaciar","Glacier Finch","Residente","No Amenazada","Preocupación Menor (LC)","No CITES",FALSE
"L15073939","Laguna Humantay - Caminata Puesto de Control","https://ebird.org/hotspot/L15073939/bird-list","Mollepata","Lesbia victoriae","Lesbia victoriae (Bourcier & Mulsant, 1846)",23,2009,2024,"Apodiformes","Trochilidae","Colibrí de Cola Larga Negra","Black-tailed Trainbearer","Residente","No Amenazada","Preocupación Menor (LC)","No CITES",FALSE
"L15073939","Laguna Humantay - Caminata Puesto de Control","https://ebird.org/hotspot/L15073939/bird-list","Mollepata","Ochthoeca fumicolor","Ochthoeca fumicolor P.L.Sclater, 1856",23,2011,2024,"Passeriformes","Tyrannidae","Pitajo de Dorso Pardo","Brown-backed Chat-Tyrant","Residente","No Amenazada","Preocupación Menor (LC)","No CITES",FALSE
"L15073939","Laguna Humantay - Caminata Puesto de Control","https://ebird.org/hotspot/L15073939/bird-list","Mollepata","Oreotrochilus estella","Oreotrochilus estella (d'Orbigny, 1838)",23,2017,2026,"Apodiformes","Trochilidae","Estrella Andina","Andean Hillstar","Residente","No Amenazada","Preocupación Menor (LC)","No CITES",FALSE
"L15073939","Laguna Humantay - Caminata Puesto de Control","https://ebird.org/hotspot/L15073939/bird-list","Mollepata","Asthenes humilis","Asthenes humilis (Cabanis, 1873)",22,2009,2024,"Passeriformes","Furnariidae","Canastero de Garganta Rayada","Streak-throated Canastero","Residente","No Amenazada","Preocupación Menor (LC)","No CITES",FALSE
"L15073939","Laguna Humantay - Caminata Puesto de Control","https://ebird.org/hotspot/L15073939/bird-list","Mollepata","Colaptes rivolii","Colaptes rivolii (Boissonneau, 1840)",22,2009,2022,"Piciformes","Picidae","Carpintero de Manto Carmesí","Crimson-mantled Woodpecker","Residente","No Amenazada","Preocupación Menor (LC)","No CITES",FALSE
"L15073939","Laguna Humantay - Caminata Puesto de Control","https://ebird.org/hotspot/L15073939/bird-list","Mollepata","Columba livia","Columba livia J.F.Gmelin, 1789",21,2009,2024,"Columbiformes","Columbidae","Paloma Doméstica","Rock Pigeon","Introducido","No Amenazada","Preocupación Menor (LC)","No CITES",FALSE
"L15073939","Laguna Humantay - Caminata Puesto de Control","https://ebird.org/hotspot/L15073939/bird-list","Mollepata","Conirostrum ferrugineiventre","Conirostrum ferrugineiventre P.L.Sclater, 1855",21,2011,2023,"Passeriformes","Thraupidae","Pico-de-Cono de Ceja Blanca","White-browed Conebill","Residente","No Amenazada","Preocupación Menor (LC)","No CITES",FALSE
"L15073939","Laguna Humantay - Caminata Puesto de Control","https://ebird.org/hotspot/L15073939/bird-list","Mollepata","Crotophaga ani","Crotophaga ani Linnaeus, 1758",21,2009,2023,"Cuculiformes","Cuculidae","Garrapatero de Pico Liso","Smooth-billed Ani","Residente","No Amenazada","Preocupación Menor (LC)","No CITES",FALSE
"L15073939","Laguna Humantay - Caminata Puesto de Control","https://ebird.org/hotspot/L15073939/bird-list","Mollepata","Lafresnaya lafresnayi","Lafresnaya lafresnayi (Boissonneau, 1840)",21,2015,2023,"Apodiformes","Trochilidae","Colibrí Aterciopelado","Mountain Velvetbreast","Residente","No Amenazada","Preocupación Menor (LC)","No CITES",FALSE
"L15073939","Laguna Humantay - Caminata Puesto de Control","https://ebird.org/hotspot/L15073939/bird-list","Mollepata","Aratinga mitrata","Psittacara mitratus (Tschudi, 1844)",20,2012,2024,NA,NA,NA,NA,NA,"No Amenazada","Preocupación Menor (LC)","No CITES",NA
"L15073939","Laguna Humantay - Caminata Puesto de Control","https://ebird.org/hotspot/L15073939/bird-list","Mollepata","Ensifera ensifera","Ensifera ensifera (Boissonneau, 1840)",20,2012,2024,"Apodiformes","Trochilidae","Colibrí Pico-Espada","Sword-billed Hummingbird","Residente","No Amenazada","Preocupación Menor (LC)","No CITES",FALSE
"L15073939","Laguna Humantay - Caminata Puesto de Control","https://ebird.org/hotspot/L15073939/bird-list","Mollepata","Diglossa sittoides","Diglossa sittoides (d'Orbigny & Lafresnaye, 1838)",19,2014,2022,"Passeriformes","Thraupidae","Pinchaflor de Pecho Canela","Rusty Flowerpiercer","Residente","No Amenazada","Preocupación Menor (LC)","No CITES",FALSE
"L15073939","Laguna Humantay - Caminata Puesto de Control","https://ebird.org/hotspot/L15073939/bird-list","Mollepata","Polioxolmis rufipennis","Cnemarchus rufipennis (Taczanowski, 1874)",19,2014,2024,NA,NA,NA,NA,NA,"No Amenazada","Preocupación Menor (LC)","No CITES",NA
"L15073939","Laguna Humantay - Caminata Puesto de Control","https://ebird.org/hotspot/L15073939/bird-list","Mollepata","Scytalopus simonsi","Scytalopus simonsi Chubb, 1917",19,2009,2023,"Passeriformes","Rhinocryptidae","Tapaculo de la Puna","Puna Tapaculo","Residente","No Amenazada","Preocupación Menor (LC)","No CITES",FALSE
"L15073939","Laguna Humantay - Caminata Puesto de Control","https://ebird.org/hotspot/L15073939/bird-list","Mollepata","Ramphomicron microrhynchum","Ramphomicron microrhynchum (Boissonneau, 1840)",18,2011,2023,"Apodiformes","Trochilidae","Pico-Espina de Dorso Púrpura","Purple-backed Thornbill","Residente","No Amenazada","Preocupación Menor (LC)","No CITES",FALSE
"L15073939","Laguna Humantay - Caminata Puesto de Control","https://ebird.org/hotspot/L15073939/bird-list","Mollepata","Elliotomyia chionogaster","Elliotomyia chionogaster (Tschudi, 1846)",17,2012,2024,"Apodiformes","Trochilidae","Colibrí de Vientre Blanco","White-bellied Hummingbird","Residente","No Amenazada","Preocupación Menor (LC)","No CITES",FALSE
"L15073939","Laguna Humantay - Caminata Puesto de Control","https://ebird.org/hotspot/L15073939/bird-list","Mollepata","Mecocerculus leucophrys","Mecocerculus leucophrys (Orbigny & Lafresnaye, 1837)",16,2011,2022,"Passeriformes","Tyrannidae","Tiranillo de Garganta Blanca","White-throated Tyrannulet","Residente","No Amenazada","Preocupación Menor (LC)","No CITES",FALSE
"L15073939","Laguna Humantay - Caminata Puesto de Control","https://ebird.org/hotspot/L15073939/bird-list","Mollepata","Muscisaxicola juninensis","Muscisaxicola juninensis Taczanowski, 1884",16,2014,2024,"Passeriformes","Tyrannidae","Dormilona de la Puna","Puna Ground-Tyrant","Residente","No Amenazada","Preocupación Menor (LC)","No CITES",FALSE
"L15073939","Laguna Humantay - Caminata Puesto de Control","https://ebird.org/hotspot/L15073939/bird-list","Mollepata","Elaenia pallatangae","Elaenia pallatangae P.L.Sclater, 1862",14,2016,2024,"Passeriformes","Tyrannidae","Fío-Fío Serrano","Sierran Elaenia","Residente","No Amenazada","Preocupación Menor (LC)","No CITES",FALSE
"L15073939","Laguna Humantay - Caminata Puesto de Control","https://ebird.org/hotspot/L15073939/bird-list","Mollepata","Patagioenas fasciata","Patagioenas fasciata (Say, 1822)",14,2009,2022,"Columbiformes","Columbidae","Paloma de Nuca Blanca","Band-tailed Pigeon","Residente","No Amenazada","Preocupación Menor (LC)","No CITES",FALSE
"L15073939","Laguna Humantay - Caminata Puesto de Control","https://ebird.org/hotspot/L15073939/bird-list","Mollepata","Anisognathus igniventris","Anisognathus igniventris (d'Orbigny & Lafresnaye, 1837)",13,2012,2023,"Passeriformes","Thraupidae","Tangara de Montaña de Vientre Escarlata","Scarlet-bellied Mountain Tanager","Residente","No Amenazada","Preocupación Menor (LC)","No CITES",FALSE
"L15073939","Laguna Humantay - Caminata Puesto de Control","https://ebird.org/hotspot/L15073939/bird-list","Mollepata","Mecocerculus stictopterus","Mecocerculus stictopterus (P.L.Sclater, 1859)",13,2016,2022,"Passeriformes","Tyrannidae","Tiranillo de Ala Bandeada","White-banded Tyrannulet","Residente","No Amenazada","Preocupación Menor (LC)","No CITES",FALSE
"L15073939","Laguna Humantay - Caminata Puesto de Control","https://ebird.org/hotspot/L15073939/bird-list","Mollepata","Myiotheretes striaticollis","Myiotheretes striaticollis (P.L.Sclater, 1853)",13,2011,2024,"Passeriformes","Tyrannidae","Ala-Rufa de Garganta Rayada","Streak-throated Bush-Tyrant","Residente","No Amenazada","Preocupación Menor (LC)","No CITES",FALSE
"L15073939","Laguna Humantay - Caminata Puesto de Control","https://ebird.org/hotspot/L15073939/bird-list","Mollepata","Aeronautes andecolus","Aeronautes andecolus (d'Orbigny & Lafresnaye, 1837)",12,2009,2024,"Apodiformes","Apodidae","Vencejo Andino","Andean Swift","Residente","No Amenazada","Preocupación Menor (LC)","No CITES",FALSE
"L15073939","Laguna Humantay - Caminata Puesto de Control","https://ebird.org/hotspot/L15073939/bird-list","Mollepata","Grallaria squamigera","Grallaria squamigera Prevost & Des Murs, 1842",12,2014,2023,"Passeriformes","Grallariidae","Tororoi Ondulado","Undulated Antpitta","Residente","No Amenazada","Preocupación Menor (LC)","No CITES",FALSE
"L15073939","Laguna Humantay - Caminata Puesto de Control","https://ebird.org/hotspot/L15073939/bird-list","Mollepata","Merganetta armata","Merganetta armata Gould, 1842",11,2018,2025,"Anseriformes","Anatidae","Pato de los Torrentes","Torrent Duck","Residente","No Amenazada","Preocupación Menor (LC)","No CITES",FALSE
"L15073939","Laguna Humantay - Caminata Puesto de Control","https://ebird.org/hotspot/L15073939/bird-list","Mollepata","Muscisaxicola cinereus","Muscisaxicola cinereus Philippi & Landbeck, 1864",11,2009,2024,"Passeriformes","Tyrannidae","Dormilona Cinérea","Cinereous Ground-Tyrant","Migratorio","No Amenazada","Preocupación Menor (LC)","No CITES",FALSE
"L15073939","Laguna Humantay - Caminata Puesto de Control","https://ebird.org/hotspot/L15073939/bird-list","Mollepata","Muscisaxicola griseus","Muscisaxicola griseus Taczanowski, 1884",11,2014,2023,"Passeriformes","Tyrannidae","Dormilona de Taczanowski","Taczanowski's Ground-Tyrant","Residente","No Amenazada","Preocupación Menor (LC)","No CITES",FALSE
"L15073939","Laguna Humantay - Caminata Puesto de Control","https://ebird.org/hotspot/L15073939/bird-list","Mollepata","Asthenes dorbignyi","Asthenes dorbignyi (Reichenbach, 1853)",10,2017,2023,"Passeriformes","Furnariidae","Canastero de Pecho Cremoso","Creamy-breasted Canastero","Residente","No Amenazada","Preocupación Menor (LC)","No CITES",FALSE
"L15073939","Laguna Humantay - Caminata Puesto de Control","https://ebird.org/hotspot/L15073939/bird-list","Mollepata","Asthenes modesta","Asthenes modesta (Eyton, 1851)",10,2014,2024,"Passeriformes","Furnariidae","Canastero Cordillerano","Cordilleran Canastero","Residente","No Amenazada","Preocupación Menor (LC)","No CITES",FALSE
"L15073939","Laguna Humantay - Caminata Puesto de Control","https://ebird.org/hotspot/L15073939/bird-list","Mollepata","Asthenes wyatti","Asthenes wyatti (P.L.Sclater & Salvin, 1871)",10,2014,2023,"Passeriformes","Furnariidae","Canastero de Dorso Rayado","Streak-backed Canastero","Residente","No Amenazada","Preocupación Menor (LC)","No CITES",FALSE
"L15073939","Laguna Humantay - Caminata Puesto de Control","https://ebird.org/hotspot/L15073939/bird-list","Mollepata","Eriocnemis luciani","Eriocnemis luciani (Bourcier, 1847)",10,2012,2024,"Apodiformes","Trochilidae","Calzadito de Cola Larga","Sapphire-vented Puffleg","Residente","No Amenazada","Preocupación Menor (LC)","No CITES",FALSE
"L15073939","Laguna Humantay - Caminata Puesto de Control","https://ebird.org/hotspot/L15073939/bird-list","Mollepata","Lagidium viscacia","Lagidium viscacia (Molina, 1782)",10,2018,2026,NA,NA,NA,NA,NA,"No Amenazada","Preocupación Menor (LC)","No CITES",NA
"L15073939","Laguna Humantay - Caminata Puesto de Control","https://ebird.org/hotspot/L15073939/bird-list","Mollepata","Notiochelidon cyanoleuca","Pygochelidon cyanoleuca (Vieillot, 1817)",10,2014,2024,NA,NA,NA,NA,NA,"No Amenazada","Preocupación Menor (LC)","No CITES",NA
"L15073939","Laguna Humantay - Caminata Puesto de Control","https://ebird.org/hotspot/L15073939/bird-list","Mollepata","Nystalus chacuru","Nystalus chacuru (Vieillot, 1816)",10,2014,2022,"Galbuliformes","Bucconidae","Buco de Oreja Blanca","White-eared Puffbird","Residente","No Amenazada","Preocupación Menor (LC)","No CITES",FALSE
"L15073939","Laguna Humantay - Caminata Puesto de Control","https://ebird.org/hotspot/L15073939/bird-list","Mollepata","Porphyrospiza alaudina","Rhopospina alaudina (Kittlitz, 1833)",10,2017,2024,NA,NA,NA,NA,NA,"No Amenazada","Preocupación Menor (LC)","No CITES",NA
"L15073939","Laguna Humantay - Caminata Puesto de Control","https://ebird.org/hotspot/L15073939/bird-list","Mollepata","Anairetes flavirostris","Anairetes flavirostris P.L.Sclater & Salvin, 1876",9,2018,2023,"Passeriformes","Tyrannidae","Torito de Pico Amarillo","Yellow-billed Tit-Tyrant","Residente","No Amenazada","Preocupación Menor (LC)","No CITES",FALSE
"L15073939","Laguna Humantay - Caminata Puesto de Control","https://ebird.org/hotspot/L15073939/bird-list","Mollepata","Elaenia albiceps","Elaenia albiceps (Orbigny & Lafresnaye, 1837)",9,2014,2024,"Passeriformes","Tyrannidae","Fío-Fío de Cresta Blanca","White-crested Elaenia","Residente","No Amenazada","Preocupación Menor (LC)","No CITES",FALSE
"L15073939","Laguna Humantay - Caminata Puesto de Control","https://ebird.org/hotspot/L15073939/bird-list","Mollepata","Leptotila verreauxi","Leptotila verreauxi Bonaparte, 1855",9,2017,2021,"Columbiformes","Columbidae","Paloma de Puntas Blancas","White-tipped Dove","Residente","No Amenazada","Preocupación Menor (LC)","No CITES",FALSE
"L15073939","Laguna Humantay - Caminata Puesto de Control","https://ebird.org/hotspot/L15073939/bird-list","Mollepata","Nothoprocta pentlandii","Nothoprocta pentlandii (G.R.Gray, 1867)",9,2014,2019,"Tinamiformes","Tinamidae","Perdiz Andina","Andean Tinamou","Residente","No Amenazada","Preocupación Menor (LC)","No CITES",FALSE
"L15073939","Laguna Humantay - Caminata Puesto de Control","https://ebird.org/hotspot/L15073939/bird-list","Mollepata","Troglodytes solstitialis","Troglodytes solstitialis P.L.Sclater, 1859",9,2012,2024,"Passeriformes","Troglodytidae","Cucarachero Montañes","Mountain Wren","Residente","No Amenazada","Preocupación Menor (LC)","No CITES",FALSE
"L15073939","Laguna Humantay - Caminata Puesto de Control","https://ebird.org/hotspot/L15073939/bird-list","Mollepata","Catamenia homochroa","Catamenia homochroa P.L.Sclater, 1859",8,2014,2023,"Passeriformes","Thraupidae","Semillero Paramero","Paramo Seedeater","Residente","No Amenazada","Preocupación Menor (LC)","No CITES",FALSE
"L15073939","Laguna Humantay - Caminata Puesto de Control","https://ebird.org/hotspot/L15073939/bird-list","Mollepata","Megascops koepckeae","Megascops koepckeae (Hekstra, 1982)",8,2015,2019,"Strigiformes","Strigidae","Lechuza de Koepcke","Koepcke's Screech-Owl","Residente","No Amenazada","Preocupación Menor (LC)","No CITES",FALSE
"L15073939","Laguna Humantay - Caminata Puesto de Control","https://ebird.org/hotspot/L15073939/bird-list","Mollepata","Pyrrhomyias cinnamomeus","Pyrrhomyias cinnamomeus (Orbigny & Lafresnaye, 1837)",8,2011,2019,"Passeriformes","Tyrannidae","Mosquerito Canela","Cinnamon Flycatcher","Residente","No Amenazada","Preocupación Menor (LC)","No CITES",FALSE
"L15073939","Laguna Humantay - Caminata Puesto de Control","https://ebird.org/hotspot/L15073939/bird-list","Mollepata","Theristicus melanopis","Theristicus branickii Berlepsch & Stolzmann, 1894",8,2017,2024,"Pelecaniformes","Threskiornithidae","Bandurria de Cara Negra","Black-faced Ibis","Residente","No Amenazada","Preocupación Menor (LC)","No CITES",FALSE
"L15073939","Laguna Humantay - Caminata Puesto de Control","https://ebird.org/hotspot/L15073939/bird-list","Mollepata","Anairetes alpinus","Anairetes alpinus (Carriker, 1933)",7,2023,2024,"Passeriformes","Tyrannidae","Torito de Pecho Cenizo","Ash-breasted Tit-Tyrant","Residente","En Peligro Crítico (CR)","Vulnerable (VU)","No CITES",FALSE
"L15073939","Laguna Humantay - Caminata Puesto de Control","https://ebird.org/hotspot/L15073939/bird-list","Mollepata","Bubulcus ibis","Ardea ibis Linnaeus, 1758",6,2018,2020,NA,NA,NA,NA,NA,"No Amenazada","Preocupación Menor (LC)","No CITES",NA
"L15073939","Laguna Humantay - Caminata Puesto de Control","https://ebird.org/hotspot/L15073939/bird-list","Mollepata","Buteo albigula","Buteo albigula Philippi, 1899",6,2017,2024,"Accipitriformes","Accipitridae","Aguilucho de Garganta Blanca","White-throated Hawk","Residente","No Amenazada","Preocupación Menor (LC)","No CITES",FALSE
"L15073939","Laguna Humantay - Caminata Puesto de Control","https://ebird.org/hotspot/L15073939/bird-list","Mollepata","Cacicus chrysonotus","Cacicus chrysonotus (Lafresnaye & Orbigny, 1838)",6,2014,2022,"Passeriformes","Icteridae","Cacique Montañes","Mountain Cacique","Residente","No Amenazada","Preocupación Menor (LC)","No CITES",FALSE
"L15073939","Laguna Humantay - Caminata Puesto de Control","https://ebird.org/hotspot/L15073939/bird-list","Mollepata","Diglossa mystacalis","Diglossa mystacalis Lafresnaye, 1846",6,2011,2024,"Passeriformes","Thraupidae","Pinchaflor Bigotudo","Moustached Flowerpiercer","Residente","No Amenazada","Preocupación Menor (LC)","No CITES",FALSE
"L15073939","Laguna Humantay - Caminata Puesto de Control","https://ebird.org/hotspot/L15073939/bird-list","Mollepata","Metriopelia ceciliae","Metriopelia ceciliae (R.Lesson, 1845)",6,2009,2020,"Columbiformes","Columbidae","Tortolita Moteada","Bare-faced Ground Dove","Residente","No Amenazada","Preocupación Menor (LC)","No CITES",FALSE
"L15073939","Laguna Humantay - Caminata Puesto de Control","https://ebird.org/hotspot/L15073939/bird-list","Mollepata","Muscisaxicola albifrons","Muscisaxicola albifrons (Tschudi, 1844)",6,2014,2023,"Passeriformes","Tyrannidae","Dormilona de Frente Blanca","White-fronted Ground-Tyrant","Residente","No Amenazada","Preocupación Menor (LC)","No CITES",FALSE
"L15073939","Laguna Humantay - Caminata Puesto de Control","https://ebird.org/hotspot/L15073939/bird-list","Mollepata","Notiochelidon flavipes","Orochelidon flavipes (Chapman, 1922)",6,2023,2024,NA,NA,NA,NA,NA,"No Amenazada","Preocupación Menor (LC)","No CITES",NA
"L15073939","Laguna Humantay - Caminata Puesto de Control","https://ebird.org/hotspot/L15073939/bird-list","Mollepata","Oreonympha nobilis","Oreonympha nobilis Gould, 1869",6,2014,2023,"Apodiformes","Trochilidae","Montañes Barbudo","Bearded Mountaineer","Endémico","No Amenazada","Preocupación Menor (LC)","No CITES",TRUE
"L15073939","Laguna Humantay - Caminata Puesto de Control","https://ebird.org/hotspot/L15073939/bird-list","Mollepata","Spinus crassirostris","Spinus crassirostris (Landbeck, 1877)",6,2018,2023,"Passeriformes","Fringillidae","Jilguero de Pico Grueso","Thick-billed Siskin","Residente","No Amenazada","Preocupación Menor (LC)","No CITES",FALSE
"L15073939","Laguna Humantay - Caminata Puesto de Control","https://ebird.org/hotspot/L15073939/bird-list","Mollepata","Bombus coccineus","Bombus coccineus Friese, 1903",5,2018,2024,NA,NA,NA,NA,NA,"No Amenazada","Preocupación Menor (LC)","No CITES",NA
"L15073939","Laguna Humantay - Caminata Puesto de Control","https://ebird.org/hotspot/L15073939/bird-list","Mollepata","Bombus funebris","Bombus funebris Smith, 1854",5,2022,2026,NA,NA,NA,NA,NA,"No Amenazada","Preocupación Menor (LC)","No CITES",NA
"L15073939","Laguna Humantay - Caminata Puesto de Control","https://ebird.org/hotspot/L15073939/bird-list","Mollepata","Conirostrum binghami","Conirostrum binghami (Chapman, 1919)",5,2009,2022,"Passeriformes","Thraupidae","Pico-de-Cono Gigante","Giant Conebill","Residente","No Amenazada","Casi Amenazada (NT)","No CITES",FALSE
"L15073939","Laguna Humantay - Caminata Puesto de Control","https://ebird.org/hotspot/L15073939/bird-list","Mollepata","Elliotomyia viridicauda","Elliotomyia viridicauda (von Berlepsch, 1883)",5,2017,2023,"Apodiformes","Trochilidae","Colibrí Verde y Blanco","Green-and-white Hummingbird","Endémico","No Amenazada","Preocupación Menor (LC)","No CITES",TRUE
"L15073939","Laguna Humantay - Caminata Puesto de Control","https://ebird.org/hotspot/L15073939/bird-list","Mollepata","Glaucidium peruanum","Glaucidium peruanum C.König, 1991",5,2017,2021,"Strigiformes","Strigidae","Lechucita Peruana","Peruvian Pygmy-Owl","Residente","No Amenazada","Preocupación Menor (LC)","No CITES",FALSE
"L15073939","Laguna Humantay - Caminata Puesto de Control","https://ebird.org/hotspot/L15073939/bird-list","Mollepata","Lesbia nuna","Lesbia nuna (R.Lesson, 1832)",5,2015,2023,"Apodiformes","Trochilidae","Colibrí de Cola Larga Verde","Green-tailed Trainbearer","Residente","No Amenazada","Preocupación Menor (LC)","No CITES",FALSE
"L15073939","Laguna Humantay - Caminata Puesto de Control","https://ebird.org/hotspot/L15073939/bird-list","Mollepata","Muscisaxicola albilora","Muscisaxicola albilora Lafresnaye, 1855",5,2017,2023,"Passeriformes","Tyrannidae","Dormilona de Ceja Blanca","White-browed Ground-Tyrant","Migratorio","No Amenazada","Preocupación Menor (LC)","No CITES",FALSE
"L15073939","Laguna Humantay - Caminata Puesto de Control","https://ebird.org/hotspot/L15073939/bird-list","Mollepata","Muscisaxicola flavinucha","Muscisaxicola flavinucha Lafresnaye, 1855",5,2017,2023,"Passeriformes","Tyrannidae","Dormilona de Nuca Ocrácea","Ochre-naped Ground-Tyrant","Migratorio","No Amenazada","Preocupación Menor (LC)","No CITES",FALSE
"L15073939","Laguna Humantay - Caminata Puesto de Control","https://ebird.org/hotspot/L15073939/bird-list","Mollepata","Phalacrocorax brasilianus","Nannopterum brasilianum (J.F.Gmelin, 1789)",5,2020,2022,"Suliformes","Phalacrocoracidae","Cormorán Neotropical","Neotropic Cormorant","Residente","No Amenazada","Preocupación Menor (LC)","No CITES",FALSE
"L15073939","Laguna Humantay - Caminata Puesto de Control","https://ebird.org/hotspot/L15073939/bird-list","Mollepata","Sicalis olivascens","Sicalis olivascens (d'Orbigny & Lafresnaye, 1837)",5,2016,2022,"Passeriformes","Thraupidae","Chirigüe Verdoso","Greenish Yellow-Finch","Residente","No Amenazada","Preocupación Menor (LC)","No CITES",FALSE
"L15073939","Laguna Humantay - Caminata Puesto de Control","https://ebird.org/hotspot/L15073939/bird-list","Mollepata","Sicalis uropigyalis","Sicalis uropigyalis (d'Orbigny & Lafresnaye, 1837)",5,2019,2024,NA,NA,NA,NA,NA,"No Amenazada","Preocupación Menor (LC)","No CITES",NA
"L15073939","Laguna Humantay - Caminata Puesto de Control","https://ebird.org/hotspot/L15073939/bird-list","Mollepata","Streptoprocne zonaris","Streptoprocne zonaris (Shaw, 1796)",5,2014,2023,"Apodiformes","Apodidae","Vencejo de Collar Blanco","White-collared Swift","Residente","No Amenazada","Preocupación Menor (LC)","No CITES",FALSE
"L15073939","Laguna Humantay - Caminata Puesto de Control","https://ebird.org/hotspot/L15073939/bird-list","Mollepata","Accipiter striatus","Accipiter striatus Vieillot, 1808",4,2014,2022,"Accipitriformes","Accipitridae","Gavilán Pajarero","Sharp-shinned Hawk","Residente","No Amenazada","Preocupación Menor (LC)","No CITES",FALSE
"L15073939","Laguna Humantay - Caminata Puesto de Control","https://ebird.org/hotspot/L15073939/bird-list","Mollepata","Asthenes urubambensis","Asthenes urubambensis (Chapman, 1919)",4,2019,2019,"Passeriformes","Furnariidae","Canastero de Frente Listada","Line-fronted Canastero","Residente","No Amenazada","Casi Amenazada (NT)","No CITES",FALSE
"L15073939","Laguna Humantay - Caminata Puesto de Control","https://ebird.org/hotspot/L15073939/bird-list","Mollepata","Leptasthenura yanacensis","Sylviorthorhynchus yanacensis (Carriker, 1933)",4,2023,2024,NA,NA,NA,NA,NA,"No Amenazada","Preocupación Menor (LC)","No CITES",NA
"L15073939","Laguna Humantay - Caminata Puesto de Control","https://ebird.org/hotspot/L15073939/bird-list","Mollepata","Margarornis squamiger","Margarornis squamiger (Orbigny & Lafresnaye, 1838)",4,2011,2023,"Passeriformes","Furnariidae","Subepalo Perlado","Pearled Treerunner","Residente","No Amenazada","Preocupación Menor (LC)","No CITES",FALSE
"L15073939","Laguna Humantay - Caminata Puesto de Control","https://ebird.org/hotspot/L15073939/bird-list","Mollepata","Penelope montagnii","Penelope montagnii (Bonaparte, 1856)",4,2009,2021,"Galliformes","Cracidae","Pava Andina","Andean Guan","Residente","No Amenazada","Preocupación Menor (LC)","No CITES",FALSE
"L15073939","Laguna Humantay - Caminata Puesto de Control","https://ebird.org/hotspot/L15073939/bird-list","Mollepata","Spinus olivaceus","Spinus olivaceus von Berlepsch & Stolzmann, 1894",4,2017,2018,"Passeriformes","Fringillidae","Jilguero Oliváceo","Olivaceous Siskin","Residente","No Amenazada","Preocupación Menor (LC)","No CITES",FALSE
"L15073939","Laguna Humantay - Caminata Puesto de Control","https://ebird.org/hotspot/L15073939/bird-list","Mollepata","Sporathraupis cyanocephala","Sporathraupis cyanocephala (d'Orbigny & Lafresnaye, 1837)",4,2019,2023,"Passeriformes","Thraupidae","Tangara de Gorro Azul","Blue-capped Tanager","Residente","No Amenazada","Preocupación Menor (LC)","No CITES",FALSE
"L15073939","Laguna Humantay - Caminata Puesto de Control","https://ebird.org/hotspot/L15073939/bird-list","Mollepata","Synallaxis azarae","Synallaxis azarae Orbigny, 1835",4,2019,2024,"Passeriformes","Furnariidae","Cola-Espina de Azara","Azara's Spinetail","Residente","No Amenazada","Preocupación Menor (LC)","No CITES",FALSE
"L15073939","Laguna Humantay - Caminata Puesto de Control","https://ebird.org/hotspot/L15073939/bird-list","Mollepata","Systellura longirostris","Systellura longirostris (Bonaparte, 1825)",4,2014,2022,"Caprimulgiformes","Caprimulgidae","Chotacabras de Ala Bandeada","Band-winged Nightjar","Residente","No Amenazada","Preocupación Menor (LC)","No CITES",FALSE
"L15073939","Laguna Humantay - Caminata Puesto de Control","https://ebird.org/hotspot/L15073939/bird-list","Mollepata","Turdus serranus","Turdus serranus Tschudi, 1844",4,2019,2023,"Passeriformes","Turdidae","Zorzal Negro-Brilloso","Glossy-black Thrush","Residente","No Amenazada","Preocupación Menor (LC)","No CITES",FALSE
"L15073939","Laguna Humantay - Caminata Puesto de Control","https://ebird.org/hotspot/L15073939/bird-list","Mollepata","Bubo magellanicus","Bubo magellanicus (R.Lesson, 1828)",3,2021,2022,"Strigiformes","Strigidae","Búho de Magallanes","Magellanic Horned Owl","Residente","No Amenazada","Preocupación Menor (LC)","No CITES",FALSE
"L15073939","Laguna Humantay - Caminata Puesto de Control","https://ebird.org/hotspot/L15073939/bird-list","Mollepata","Falco peregrinus","Falco peregrinus Tunstall, 1771",3,2016,2018,"Falconiformes","Falconidae","Halcón Peregrino","Peregrine Falcon","Residente","Casi Amenazado (NT)","Preocupación Menor (LC)","Apéndice I",FALSE
"L15073939","Laguna Humantay - Caminata Puesto de Control","https://ebird.org/hotspot/L15073939/bird-list","Mollepata","Haplophaedia assimilis","Haplophaedia assimilis (D.G.Elliot, 1876)",3,2014,2023,"Apodiformes","Trochilidae","Calzadito de Muslo Anteado","Buff-thighed Puffleg","Residente","No Amenazada","Preocupación Menor (LC)","No CITES",FALSE
"L15073939","Laguna Humantay - Caminata Puesto de Control","https://ebird.org/hotspot/L15073939/bird-list","Mollepata","Haplospiza rustica","Haplospiza rustica (Tschudi, 1844)",3,2018,2024,"Passeriformes","Thraupidae","Fringilo Pizarroso","Slaty Finch","Residente","No Amenazada","Preocupación Menor (LC)","No CITES",FALSE
"L15073939","Laguna Humantay - Caminata Puesto de Control","https://ebird.org/hotspot/L15073939/bird-list","Mollepata","Lepidocolaptes lacrymiger","Lepidocolaptes lacrymiger (Des Murs, 1849)",3,2009,2019,"Passeriformes","Furnariidae","Trepador Montano","Montane Woodcreeper","Residente","No Amenazada","Preocupación Menor (LC)","No CITES",FALSE
"L15073939","Laguna Humantay - Caminata Puesto de Control","https://ebird.org/hotspot/L15073939/bird-list","Mollepata","Lessonia oreas","Lessonia oreas (P.L.Sclater & Salvin, 1869)",3,2018,2018,"Passeriformes","Tyrannidae","Negrito Andino","Andean Negrito","Residente","No Amenazada","Preocupación Menor (LC)","No CITES",FALSE
"L15073939","Laguna Humantay - Caminata Puesto de Control","https://ebird.org/hotspot/L15073939/bird-list","Mollepata","Muscisaxicola fluviatilis","Syrtidicola fluviatilis (P.L.Sclater & Salvin, 1866)",3,2023,2023,NA,NA,NA,NA,NA,"No Amenazada","Preocupación Menor (LC)","No CITES",NA
"L15073939","Laguna Humantay - Caminata Puesto de Control","https://ebird.org/hotspot/L15073939/bird-list","Mollepata","Muscisaxicola maculirostris","Muscisaxicola maculirostris Orbigny & Lafresnaye, 1837",3,2014,2021,"Passeriformes","Tyrannidae","Dormilona Chica","Spot-billed Ground-Tyrant","Residente","No Amenazada","Preocupación Menor (LC)","No CITES",FALSE
"L15073939","Laguna Humantay - Caminata Puesto de Control","https://ebird.org/hotspot/L15073939/bird-list","Mollepata","Myioborus melanocephalus","Myioborus melanocephalus (Tschudi, 1844)",3,2011,2023,"Passeriformes","Parulidae","Candelita de Anteojos","Spectacled Redstart","Residente","No Amenazada","Preocupación Menor (LC)","No CITES",FALSE
"L15073939","Laguna Humantay - Caminata Puesto de Control","https://ebird.org/hotspot/L15073939/bird-list","Mollepata","Myiotheretes fumigatus","Myiotheretes fumigatus (Boissonneau, 1840)",3,2023,2024,"Passeriformes","Tyrannidae","Ala-Rufa Ahumado","Smoky Bush-Tyrant","Residente","No Amenazada","Preocupación Menor (LC)","No CITES",FALSE
"L15073939","Laguna Humantay - Caminata Puesto de Control","https://ebird.org/hotspot/L15073939/bird-list","Mollepata","Myiotheretes fuscorufus","Myiotheretes fuscorufus (P.L.Sclater & Salvin, 1876)",3,2021,2023,"Passeriformes","Tyrannidae","Ala-Rufa de Vientre Rufo","Rufous-bellied Bush-Tyrant","Residente","No Amenazada","Preocupación Menor (LC)","No CITES",FALSE
"L15073939","Laguna Humantay - Caminata Puesto de Control","https://ebird.org/hotspot/L15073939/bird-list","Mollepata","Phalaropus tricolor","Phalaropus tricolor (Vieillot, 1819)",3,2011,2015,"Charadriiformes","Scolopacidae","Faláropo Tricolor","Wilson's Phalarope","Migratorio","No Amenazada","Preocupación Menor (LC)","No CITES",FALSE
"L15073939","Laguna Humantay - Caminata Puesto de Control","https://ebird.org/hotspot/L15073939/bird-list","Mollepata","Rhopospina fruticeti","Rhopospina fruticeti (Kittlitz, 1833)",3,2021,2022,"Passeriformes","Thraupidae","Fringilo de Pecho Negro","Mourning Sierra Finch","Residente","No Amenazada","Preocupación Menor (LC)","No CITES",FALSE
"L15073939","Laguna Humantay - Caminata Puesto de Control","https://ebird.org/hotspot/L15073939/bird-list","Mollepata","Rupornis magnirostris","Rupornis magnirostris (Gmelin, 1788)",3,2024,2024,"Accipitriformes","Accipitridae","Aguilucho Caminero","Roadside Hawk","Residente","No Amenazada","Preocupación Menor (LC)","No CITES",FALSE
"L15073939","Laguna Humantay - Caminata Puesto de Control","https://ebird.org/hotspot/L15073939/bird-list","Mollepata","Schizoeaca helleri","Asthenes helleri (Chapman, 1923)",3,2018,2019,NA,NA,NA,NA,NA,"No Amenazada","Preocupación Menor (LC)","No CITES",NA
"L15073939","Laguna Humantay - Caminata Puesto de Control","https://ebird.org/hotspot/L15073939/bird-list","Mollepata","Spatula puna","Spatula puna (Tschudi, 1844)",3,2013,2022,"Anseriformes","Anatidae","Pato de la Puna","Puna Teal","Residente","No Amenazada","Preocupación Menor (LC)","No CITES",FALSE
"L15073939","Laguna Humantay - Caminata Puesto de Control","https://ebird.org/hotspot/L15073939/bird-list","Mollepata","Tangara vassorii","Tangara vassorii (Boissonneau, 1840)",3,2022,2023,"Passeriformes","Thraupidae","Tangara Azul y Negra","Blue-and-black Tanager","Residente","No Amenazada","Preocupación Menor (LC)","No CITES",FALSE
"L15073939","Laguna Humantay - Caminata Puesto de Control","https://ebird.org/hotspot/L15073939/bird-list","Mollepata","Veniliornis nigriceps","Dryobates nigriceps (d'Orbigny, 1841)",3,2015,2019,NA,NA,NA,NA,NA,"No Amenazada","Preocupación Menor (LC)","No CITES",NA
"L15073939","Laguna Humantay - Caminata Puesto de Control","https://ebird.org/hotspot/L15073939/bird-list","Mollepata","Vireo olivaceus","Vireo chivi (Vieillot, 1817)",3,2019,2022,"Passeriformes","Vireonidae","Víreo de Ojo Rojo","Red-eyed Vireo","Migratorio","No Amenazada","Preocupación Menor (LC)","No CITES",FALSE
"L15073939","Laguna Humantay - Caminata Puesto de Control","https://ebird.org/hotspot/L15073939/bird-list","Mollepata","Anairetes agraphia","Uromyias agraphia (Chapman, 1919)",2,2023,2023,NA,NA,NA,NA,NA,"No Amenazada","Preocupación Menor (LC)","No CITES",NA
"L15073939","Laguna Humantay - Caminata Puesto de Control","https://ebird.org/hotspot/L15073939/bird-list","Mollepata","Anas flavirostris","Anas flavirostris Vieillot, 1816",2,2020,2023,"Anseriformes","Anatidae","Pato Barcino","Yellow-billed Teal","Residente","No Amenazada","Preocupación Menor (LC)","No CITES",FALSE
"L15073939","Laguna Humantay - Caminata Puesto de Control","https://ebird.org/hotspot/L15073939/bird-list","Mollepata","Boissonneaua matthewsii","Boissonneaua matthewsii (Bourcier, 1847)",2,2019,2019,"Apodiformes","Trochilidae","Colibrí de Pecho Castaño","Chestnut-breasted Coronet","Residente","No Amenazada","Preocupación Menor (LC)","No CITES",FALSE
"L15073939","Laguna Humantay - Caminata Puesto de Control","https://ebird.org/hotspot/L15073939/bird-list","Mollepata","Bos taurus","Bos taurus Linnaeus, 1758",2,2025,2025,NA,NA,NA,NA,NA,"No Amenazada","Vulnerable (VU)","No CITES",NA
"L15073939","Laguna Humantay - Caminata Puesto de Control","https://ebird.org/hotspot/L15073939/bird-list","Mollepata","Buthraupis montana","Buthraupis montana (d'Orbigny & Lafresnaye, 1837)",2,2021,2021,"Passeriformes","Thraupidae","Tangara de Montaña Encapuchada","Hooded Mountain Tanager","Residente","No Amenazada","Preocupación Menor (LC)","No CITES",FALSE
"L15073939","Laguna Humantay - Caminata Puesto de Control","https://ebird.org/hotspot/L15073939/bird-list","Mollepata","Chaetocercus mulsant","Chaetocercus mulsant (Bourcier, 1843)",2,2023,2024,"Apodiformes","Trochilidae","Estrellita de Vientre Blanco","White-bellied Woodstar","Residente","No Amenazada","Preocupación Menor (LC)","No CITES",FALSE
"L15073939","Laguna Humantay - Caminata Puesto de Control","https://ebird.org/hotspot/L15073939/bird-list","Mollepata","Coeligena torquata","Coeligena torquata (Boissonneau, 1840)",2,2019,2022,"Apodiformes","Trochilidae","Inca Acollarado","Collared Inca","Residente","No Amenazada","Preocupación Menor (LC)","No CITES",FALSE
"L15073939","Laguna Humantay - Caminata Puesto de Control","https://ebird.org/hotspot/L15073939/bird-list","Mollepata","Conirostrum sitticolor","Conirostrum sitticolor Lafresnaye, 1840",2,2019,2023,"Passeriformes","Thraupidae","Pico-de-Cono de Dorso Azul","Blue-backed Conebill","Residente","No Amenazada","Preocupación Menor (LC)","No CITES",FALSE
"L15073939","Laguna Humantay - Caminata Puesto de Control","https://ebird.org/hotspot/L15073939/bird-list","Mollepata","Diglossa cyanea","Diglossa cyanea (Lafresnaye, 1840)",2,2022,2023,"Passeriformes","Thraupidae","Pinchaflor Enmascarado Canor","Warbling Masked-Flowerpiercer","Residente","No Amenazada","Preocupación Menor (LC)","No CITES",FALSE
"L15073939","Laguna Humantay - Caminata Puesto de Control","https://ebird.org/hotspot/L15073939/bird-list","Mollepata","Elaenia obscura","Elaenia obscura (Orbigny & Lafresnaye, 1837)",2,2019,2019,"Passeriformes","Tyrannidae","Fío-Fío Oscuro","Highland Elaenia","Residente","No Amenazada","Preocupación Menor (LC)","No CITES",FALSE
"L15073939","Laguna Humantay - Caminata Puesto de Control","https://ebird.org/hotspot/L15073939/bird-list","Mollepata","Henicorhina leucophrys","Henicorhina leucophrys (Tschudi, 1844)",2,2009,2014,"Passeriformes","Troglodytidae","Cucarachero-Montés de Pecho Gris","Gray-breasted Wood-Wren","Residente","No Amenazada","Preocupación Menor (LC)","No CITES",FALSE
"L15073939","Laguna Humantay - Caminata Puesto de Control","https://ebird.org/hotspot/L15073939/bird-list","Mollepata","Kleinothraupis parodii","Kleinothraupis parodii (Weske & Terborgh, 1974)",2,2009,2014,"Passeriformes","Thraupidae","Hemispingo de Parodi","Parodi's Hemispingus","Endémico","No Amenazada","Casi Amenazada (NT)","No CITES",TRUE
"L15073939","Laguna Humantay - Caminata Puesto de Control","https://ebird.org/hotspot/L15073939/bird-list","Mollepata","Myiothlypis signata","Myiothlypis signata (von Berlepsch & Stolzmann, 1906)",2,2012,2018,"Passeriformes","Parulidae","Reinita de Pata Pálida","Pale-legged Warbler","Residente","No Amenazada","Preocupación Menor (LC)","No CITES",FALSE
"L15073939","Laguna Humantay - Caminata Puesto de Control","https://ebird.org/hotspot/L15073939/bird-list","Mollepata","Nothoprocta taczanowskii","Nothoprocta taczanowskii P.L.Sclater & Salvin, 1875",2,2021,2022,"Tinamiformes","Tinamidae","Perdiz de Taczanowski","Taczanowski's Tinamou","Residente","No Amenazada","Vulnerable (VU)","No CITES",FALSE
"L15073939","Laguna Humantay - Caminata Puesto de Control","https://ebird.org/hotspot/L15073939/bird-list","Mollepata","Pachyramphus validus","Pachyramphus validus (Lichtenstein, 1823)",2,2016,2019,"Passeriformes","Tityridae","Cabezón Crestado","Crested Becard","Residente","No Amenazada","Preocupación Menor (LC)","No CITES",FALSE
"L15073939","Laguna Humantay - Caminata Puesto de Control","https://ebird.org/hotspot/L15073939/bird-list","Mollepata","Sporophila luctuosa","Sporophila luctuosa (Lafresnaye, 1843)",2,2019,2019,"Passeriformes","Thraupidae","Espiguero Negro y Blanco","Black-and-white Seedeater","Residente","No Amenazada","Preocupación Menor (LC)","No CITES",FALSE
"L15073939","Laguna Humantay - Caminata Puesto de Control","https://ebird.org/hotspot/L15073939/bird-list","Mollepata","Xenops genibarbis","Xenops genibarbis Illiger, 1811",2,2015,2015,"Passeriformes","Furnariidae","Pico-Lezna Amazónico","Amazonian Plain-Xenops","Residente","No Amenazada","Preocupación Menor (LC)","No CITES",FALSE
"L15073939","Laguna Humantay - Caminata Puesto de Control","https://ebird.org/hotspot/L15073939/bird-list","Mollepata","Agriornis andicola","Agriornis albicauda (Philippi & Landbeck, 1863)",1,2018,2018,NA,NA,NA,NA,NA,"No Amenazada","Preocupación Menor (LC)","No CITES",NA
"L15073939","Laguna Humantay - Caminata Puesto de Control","https://ebird.org/hotspot/L15073939/bird-list","Mollepata","Amazonetta brasiliensis","Amazonetta brasiliensis (J.F.Gmelin, 1789)",1,2025,2025,"Anseriformes","Anatidae","Pato Brasileño","Brazilian Teal","Residente","No Amenazada","Preocupación Menor (LC)","No CITES",FALSE
"L15073939","Laguna Humantay - Caminata Puesto de Control","https://ebird.org/hotspot/L15073939/bird-list","Mollepata","Anisognathus lacrymosus","Anisognathus lacrymosus (Du Bus de Gisignies, 1846)",1,2019,2019,"Passeriformes","Thraupidae","Tangara de Montaña Lacrimosa","Lacrimose Mountain Tanager","Residente","No Amenazada","Preocupación Menor (LC)","No CITES",FALSE
"L15073939","Laguna Humantay - Caminata Puesto de Control","https://ebird.org/hotspot/L15073939/bird-list","Mollepata","Anthus bogotensis","Anthus bogotensis P.L.Sclater, 1855",1,2023,2023,"Passeriformes","Motacillidae","Cachirla del Páramo","Paramo Pipit","Residente","No Amenazada","Preocupación Menor (LC)","No CITES",FALSE
"L15073939","Laguna Humantay - Caminata Puesto de Control","https://ebird.org/hotspot/L15073939/bird-list","Mollepata","Arremon brunneinucha","Arremon brunneinucha (Lafresnaye, 1839)",1,2021,2021,"Passeriformes","Passerellidae","Matorralero de Gorro Castaño","Chestnut-capped Brushfinch","Residente","No Amenazada","Preocupación Menor (LC)","No CITES",FALSE
"L15073939","Laguna Humantay - Caminata Puesto de Control","https://ebird.org/hotspot/L15073939/bird-list","Mollepata","Asemospiza obscura","Asemospiza obscura (d'Orbigny & Lafresnaye, 1837)",1,2024,2024,"Passeriformes","Thraupidae","Semillero Pardo","Dull-colored Grassquit","Residente","No Amenazada","Preocupación Menor (LC)","No CITES",FALSE
"L15073939","Laguna Humantay - Caminata Puesto de Control","https://ebird.org/hotspot/L15073939/bird-list","Mollepata","Caracara plancus","Caracara plancus (J.F.Miller, 1777)",1,2018,2018,"Falconiformes","Falconidae","Caracara Crestado","Crested Caracara","Residente","No Amenazada","Preocupación Menor (LC)","No CITES",FALSE
"L15073939","Laguna Humantay - Caminata Puesto de Control","https://ebird.org/hotspot/L15073939/bird-list","Mollepata","Catamblyrhynchus diadema","Catamblyrhynchus diadema Lafresnaye, 1842",1,2021,2021,"Passeriformes","Thraupidae","Gorro Afelpado","Plushcap","Residente","No Amenazada","Preocupación Menor (LC)","No CITES",FALSE
"L15073939","Laguna Humantay - Caminata Puesto de Control","https://ebird.org/hotspot/L15073939/bird-list","Mollepata","Cathartes aura","Cathartes aura (Linnaeus, 1758)",1,2018,2018,"Cathartiformes","Cathartidae","Gallinazo de Cabeza Roja","Turkey Vulture","Residente","No Amenazada","Preocupación Menor (LC)","No CITES",FALSE
"L15073939","Laguna Humantay - Caminata Puesto de Control","https://ebird.org/hotspot/L15073939/bird-list","Mollepata","Catharus ustulatus","Catharus ustulatus (Nuttall, 1840)",1,2018,2018,"Passeriformes","Turdidae","Zorzal de Swainson","Swainson's Thrush","Migratorio","No Amenazada","Preocupación Menor (LC)","No CITES",FALSE
"L15073939","Laguna Humantay - Caminata Puesto de Control","https://ebird.org/hotspot/L15073939/bird-list","Mollepata","Chalcostigma olivaceum","Chalcostigma olivaceum (Lawrence, 1864)",1,2020,2020,"Apodiformes","Trochilidae","Pico-Espina Oliváceo","Olivaceous Thornbill","Residente","No Amenazada","Preocupación Menor (LC)","No CITES",FALSE
"L15073939","Laguna Humantay - Caminata Puesto de Control","https://ebird.org/hotspot/L15073939/bird-list","Mollepata","Cinclodes aricomae","Cinclodes aricomae (Carriker, 1932)",1,2023,2023,"Passeriformes","Furnariidae","Churrete Real","Royal Cinclodes","Residente","En Peligro Crítico (CR)","En Peligro (EN)","No CITES",FALSE
"L15073939","Laguna Humantay - Caminata Puesto de Control","https://ebird.org/hotspot/L15073939/bird-list","Mollepata","Cinclus leucocephalus","Cinclus leucocephalus Tschudi, 1844",1,2022,2022,"Passeriformes","Cinclidae","Mirlo Acuático de Gorro Blanco","White-capped Dipper","Residente","No Amenazada","Preocupación Menor (LC)","No CITES",FALSE
"L15073939","Laguna Humantay - Caminata Puesto de Control","https://ebird.org/hotspot/L15073939/bird-list","Mollepata","Circus cinereus","Circus cinereus Vieillot, 1816",1,2023,2023,"Accipitriformes","Accipitridae","Aguilucho Cenizo","Cinereous Harrier","Residente","No Amenazada","Preocupación Menor (LC)","No CITES",FALSE
"L15073939","Laguna Humantay - Caminata Puesto de Control","https://ebird.org/hotspot/L15073939/bird-list","Mollepata","Cistothorus platensis","Cistothorus platensis (Latham, 1790)",1,2024,2024,"Passeriformes","Troglodytidae","Cucarachero Sabanero","Grass Wren","Residente","No Amenazada","Preocupación Menor (LC)","No CITES",FALSE
"L15073939","Laguna Humantay - Caminata Puesto de Control","https://ebird.org/hotspot/L15073939/bird-list","Mollepata","Coeligena coeligena","Coeligena coeligena (R.Lesson, 1833)",1,2019,2019,"Apodiformes","Trochilidae","Inca Bronceado","Bronzy Inca","Residente","No Amenazada","Preocupación Menor (LC)","No CITES",FALSE
"L15073939","Laguna Humantay - Caminata Puesto de Control","https://ebird.org/hotspot/L15073939/bird-list","Mollepata","Colaptes rubiginosus","Colaptes rubiginosus (Swainson, 1820)",1,2012,2012,"Piciformes","Picidae","Carpintero Olivo y Dorado","Golden-olive Woodpecker","Residente","No Amenazada","Preocupación Menor (LC)","No CITES",FALSE
"L15073939","Laguna Humantay - Caminata Puesto de Control","https://ebird.org/hotspot/L15073939/bird-list","Mollepata","Conirostrum albifrons","Conirostrum albifrons Lafresnaye, 1842",1,2023,2023,"Passeriformes","Thraupidae","Pico-de-Cono Coronado","Capped Conebill","Residente","No Amenazada","Preocupación Menor (LC)","No CITES",FALSE
"L15073939","Laguna Humantay - Caminata Puesto de Control","https://ebird.org/hotspot/L15073939/bird-list","Mollepata","Conirostrum speciosum","Conirostrum speciosum (Temminck, 1824)",1,2024,2024,"Passeriformes","Thraupidae","Pico-de-Cono de Subcaudales Castañas","Chestnut-vented Conebill","Residente","No Amenazada","Preocupación Menor (LC)","No CITES",FALSE
"L15073939","Laguna Humantay - Caminata Puesto de Control","https://ebird.org/hotspot/L15073939/bird-list","Mollepata","Coragyps atratus","Coragyps atratus (Bechstein, 1793)",1,2014,2014,"Cathartiformes","Cathartidae","Gallinazo de Cabeza Negra","Black Vulture","Residente","No Amenazada","Preocupación Menor (LC)","No CITES",FALSE
"L15073939","Laguna Humantay - Caminata Puesto de Control","https://ebird.org/hotspot/L15073939/bird-list","Mollepata","Cranioleuca marcapatae","Cranioleuca marcapatae Zimmer, 1935",1,2019,2019,"Passeriformes","Furnariidae","Cola-Espina de Marcapata","Marcapata Spinetail","Endémico","No Amenazada","Preocupación Menor (LC)","No CITES",TRUE
"L15073939","Laguna Humantay - Caminata Puesto de Control","https://ebird.org/hotspot/L15073939/bird-list","Mollepata","Creurgops dentatus","Creurgops dentatus (P.L.Sclater & Salvin, 1876)",1,2021,2021,"Passeriformes","Thraupidae","Tangara Pizarrosa","Slaty Tanager","Residente","No Amenazada","Preocupación Menor (LC)","No CITES",FALSE
"L15073939","Laguna Humantay - Caminata Puesto de Control","https://ebird.org/hotspot/L15073939/bird-list","Mollepata","Dacnis cayana","Dacnis cayana (Linnaeus, 1766)",1,2022,2022,"Passeriformes","Thraupidae","Dacnis Azul","Blue Dacnis","Residente","No Amenazada","Preocupación Menor (LC)","No CITES",FALSE
"L15073939","Laguna Humantay - Caminata Puesto de Control","https://ebird.org/hotspot/L15073939/bird-list","Mollepata","Diglossa caerulescens","Diglossa caerulescens (P.L.Sclater, 1856)",1,2022,2022,"Passeriformes","Thraupidae","Pinchaflor Azulado","Bluish Flowerpiercer","Residente","No Amenazada","Preocupación Menor (LC)","No CITES",FALSE
"L15073939","Laguna Humantay - Caminata Puesto de Control","https://ebird.org/hotspot/L15073939/bird-list","Mollepata","Drymophila striaticeps","Drymophila striaticeps Chapman, 1912",1,2021,2021,"Passeriformes","Thamnophilidae","Hormiguero de Cabeza Rayada","Streak-headed Antbird","Residente","No Amenazada","Preocupación Menor (LC)","No CITES",FALSE
"L15073939","Laguna Humantay - Caminata Puesto de Control","https://ebird.org/hotspot/L15073939/bird-list","Mollepata","Dubusia castaneoventris","Dubusia castaneoventris (P.L.Sclater, 1851)",1,2023,2023,"Passeriformes","Thraupidae","Tangara de Montaña de Vientre Castaño","Chestnut-bellied Mountain Tanager","Residente","No Amenazada","Preocupación Menor (LC)","No CITES",FALSE
"L15073939","Laguna Humantay - Caminata Puesto de Control","https://ebird.org/hotspot/L15073939/bird-list","Mollepata","Empidonomus aurantioatrocristatus","Empidonomus aurantioatrocristatus (Orbigny & Lafresnaye, 1837)",1,2018,2018,"Passeriformes","Tyrannidae","Mosquero-Pizarroso Coronado","Crowned Slaty Flycatcher","Migratorio","No Amenazada","Preocupación Menor (LC)","No CITES",FALSE
"L15073939","Laguna Humantay - Caminata Puesto de Control","https://ebird.org/hotspot/L15073939/bird-list","Mollepata","Falco rufigularis","Falco rufigularis Daudin, 1800",1,2024,2024,"Falconiformes","Falconidae","Halcón Caza Murciélagos","Bat Falcon","Residente","No Amenazada","Preocupación Menor (LC)","No CITES",FALSE
"L15073939","Laguna Humantay - Caminata Puesto de Control","https://ebird.org/hotspot/L15073939/bird-list","Mollepata","Gallinago andina","Gallinago andina Taczanowski, 1875",1,2013,2013,"Charadriiformes","Scolopacidae","Becasina de la Puna","Puna Snipe","Residente","No Amenazada","Preocupación Menor (LC)","No CITES",FALSE
"L15073939","Laguna Humantay - Caminata Puesto de Control","https://ebird.org/hotspot/L15073939/bird-list","Mollepata","Geositta cunicularia","Geositta cunicularia (Vieillot, 1816)",1,2014,2014,"Passeriformes","Furnariidae","Minero Común","Common Miner","Residente","No Amenazada","Preocupación Menor (LC)","No CITES",FALSE
"L15073939","Laguna Humantay - Caminata Puesto de Control","https://ebird.org/hotspot/L15073939/bird-list","Mollepata","Hirundo rustica","Hirundo rustica Linnaeus, 1758",1,2018,2018,"Passeriformes","Hirundinidae","Golondrina Tijereta","Barn Swallow","Migratorio","No Amenazada","Preocupación Menor (LC)","No CITES",FALSE
"L15073939","Laguna Humantay - Caminata Puesto de Control","https://ebird.org/hotspot/L15073939/bird-list","Mollepata","Junonia vestina","Junonia vestina",1,2024,2024,NA,NA,NA,NA,NA,"No Amenazada","Preocupación Menor (LC)","No CITES",NA
"L15073939","Laguna Humantay - Caminata Puesto de Control","https://ebird.org/hotspot/L15073939/bird-list","Mollepata","Lurocalis rufiventris","Lurocalis rufiventris Taczanowski, 1884",1,2024,2024,"Caprimulgiformes","Caprimulgidae","Chotacabras de Vientre Rufo","Rufous-bellied Nighthawk","Residente","No Amenazada","Preocupación Menor (LC)","No CITES",FALSE
"L15073939","Laguna Humantay - Caminata Puesto de Control","https://ebird.org/hotspot/L15073939/bird-list","Mollepata","Mecocerculus poecilocercus","Mecocerculus poecilocercus (P.L.Sclater & Salvin, 1873)",1,2009,2009,"Passeriformes","Tyrannidae","Tiranillo de Cola Blanca","White-tailed Tyrannulet","Residente","No Amenazada","Preocupación Menor (LC)","No CITES",FALSE
"L15073939","Laguna Humantay - Caminata Puesto de Control","https://ebird.org/hotspot/L15073939/bird-list","Mollepata","Metriopelia melanoptera","Metriopelia melanoptera (Molina, 1782)",1,2019,2019,"Columbiformes","Columbidae","Tortolita de Ala Negra","Black-winged Ground Dove","Residente","No Amenazada","Preocupación Menor (LC)","No CITES",FALSE
"L15073939","Laguna Humantay - Caminata Puesto de Control","https://ebird.org/hotspot/L15073939/bird-list","Mollepata","Myadestes ralloides","Myadestes ralloides (Orbigny, 1840)",1,2024,2024,"Passeriformes","Turdidae","Solitario Andino","Andean Solitaire","Residente","No Amenazada","Preocupación Menor (LC)","No CITES",FALSE
"L15073939","Laguna Humantay - Caminata Puesto de Control","https://ebird.org/hotspot/L15073939/bird-list","Mollepata","Myioborus miniatus","Myioborus miniatus (Swainson, 1827)",1,2023,2023,"Passeriformes","Parulidae","Candelita de Garganta Plomiza","Slate-throated Redstart","Residente","No Amenazada","Preocupación Menor (LC)","No CITES",FALSE
"L15073939","Laguna Humantay - Caminata Puesto de Control","https://ebird.org/hotspot/L15073939/bird-list","Mollepata","Myiophobus fasciatus","Myiophobus fasciatus (Statius Muller, 1776)",1,2018,2018,"Passeriformes","Tyrannidae","Mosquerito de Pecho Rayado","Bran-colored Flycatcher","Residente","No Amenazada","Preocupación Menor (LC)","No CITES",FALSE
"L15073939","Laguna Humantay - Caminata Puesto de Control","https://ebird.org/hotspot/L15073939/bird-list","Mollepata","Myiothlypis luteoviridis","Myiothlypis luteoviridis (Bonaparte, 1845)",1,2023,2023,"Passeriformes","Parulidae","Reinita Citrina","Citrine Warbler","Residente","No Amenazada","Preocupación Menor (LC)","No CITES",FALSE
"L15073939","Laguna Humantay - Caminata Puesto de Control","https://ebird.org/hotspot/L15073939/bird-list","Mollepata","Percnohierax leucorrhous","Parabuteo leucorrhous (Quoy & Gaimard, 1824)",1,2022,2022,NA,NA,NA,NA,NA,"No Amenazada","Preocupación Menor (LC)","No CITES",NA
"L15073939","Laguna Humantay - Caminata Puesto de Control","https://ebird.org/hotspot/L15073939/bird-list","Mollepata","Phacellodomus striaticeps","Phacellodomus striaticeps (Orbigny & Lafresnaye, 1838)",1,2014,2014,"Passeriformes","Furnariidae","Espinero de Frente Rayada","Streak-fronted Thornbird","Residente","No Amenazada","Preocupación Menor (LC)","No CITES",FALSE
"L15073939","Laguna Humantay - Caminata Puesto de Control","https://ebird.org/hotspot/L15073939/bird-list","Mollepata","Riparia riparia","Riparia riparia (Linnaeus, 1758)",1,2018,2018,"Passeriformes","Hirundinidae","Golondrina Ribereña","Bank Swallow","Migratorio","No Amenazada","Preocupación Menor (LC)","No CITES",FALSE
"L15073939","Laguna Humantay - Caminata Puesto de Control","https://ebird.org/hotspot/L15073939/bird-list","Mollepata","Sayornis nigricans","Sayornis nigricans (Swainson, 1827)",1,2015,2015,"Passeriformes","Tyrannidae","Mosquero de Agua","Black Phoebe","Residente","No Amenazada","Preocupación Menor (LC)","No CITES",FALSE
"L15073939","Laguna Humantay - Caminata Puesto de Control","https://ebird.org/hotspot/L15073939/bird-list","Mollepata","Scytalopus atratus","Scytalopus atratus Hellmayr, 1922",1,2019,2019,"Passeriformes","Rhinocryptidae","Tapaculo de Corona Blanca","White-crowned Tapaculo","Residente","No Amenazada","Preocupación Menor (LC)","No CITES",FALSE
"L15073939","Laguna Humantay - Caminata Puesto de Control","https://ebird.org/hotspot/L15073939/bird-list","Mollepata","Scytalopus schulenbergi","Scytalopus schulenbergi B.M.Whitney, 1994",1,2023,2023,"Passeriformes","Rhinocryptidae","Tapaculo Diademado","Diademed Tapaculo","Residente","No Amenazada","Preocupación Menor (LC)","No CITES",FALSE
"L15073939","Laguna Humantay - Caminata Puesto de Control","https://ebird.org/hotspot/L15073939/bird-list","Mollepata","Spatula cyanoptera","Spatula cyanoptera (Vieillot, 1816)",1,2023,2023,"Anseriformes","Anatidae","Pato Colorado","Cinnamon Teal","Residente","No Amenazada","Preocupación Menor (LC)","No CITES",FALSE
"L15073939","Laguna Humantay - Caminata Puesto de Control","https://ebird.org/hotspot/L15073939/bird-list","Mollepata","Spizaetus isidori","Spizaetus isidori (Des Murs, 1845)",1,2019,2019,"Accipitriformes","Accipitridae","Aguila Negra y Castaña","Black-and-chestnut Eagle","Residente","No Amenazada","En Peligro (EN)","No CITES",FALSE
"L15073939","Laguna Humantay - Caminata Puesto de Control","https://ebird.org/hotspot/L15073939/bird-list","Mollepata","Sporophila caerulescens","Sporophila caerulescens (Vieillot, 1823)",1,2023,2023,"Passeriformes","Thraupidae","Espiguero Doble Acollarado","Double-collared Seedeater","Migratorio","No Amenazada","Preocupación Menor (LC)","No CITES",FALSE
"L15073939","Laguna Humantay - Caminata Puesto de Control","https://ebird.org/hotspot/L15073939/bird-list","Mollepata","Sporophila nigricollis","Sporophila nigricollis (Vieillot, 1823)",1,2023,2023,"Passeriformes","Thraupidae","Espiguero de Vientre Amarillo","Yellow-bellied Seedeater","Residente","No Amenazada","Preocupación Menor (LC)","No CITES",FALSE
"L15073939","Laguna Humantay - Caminata Puesto de Control","https://ebird.org/hotspot/L15073939/bird-list","Mollepata","Streptoprocne rutila","Streptoprocne rutila (Vieillot, 1817)",1,2014,2014,"Apodiformes","Apodidae","Vencejo de Cuello Castaño","Chestnut-collared Swift","Residente","No Amenazada","Preocupación Menor (LC)","No CITES",FALSE
"L15073939","Laguna Humantay - Caminata Puesto de Control","https://ebird.org/hotspot/L15073939/bird-list","Mollepata","Tapera naevia","Tapera naevia (Linnaeus, 1766)",1,2023,2023,"Cuculiformes","Cuculidae","Cuclillo Listado","Striped Cuckoo","Residente","No Amenazada","Preocupación Menor (LC)","No CITES",FALSE
"L15073939","Laguna Humantay - Caminata Puesto de Control","https://ebird.org/hotspot/L15073939/bird-list","Mollepata","Tyrannus melancholicus","Tyrannus melancholicus Vieillot, 1819",1,2014,2014,"Passeriformes","Tyrannidae","Tirano Tropical","Tropical Kingbird","Residente","No Amenazada","Preocupación Menor (LC)","No CITES",FALSE
"L15073939","Laguna Humantay - Caminata Puesto de Control","https://ebird.org/hotspot/L15073939/bird-list","Mollepata","Vanessa braziliensis","Vanessa braziliensis (Moore, 1883)",1,2022,2022,NA,NA,NA,NA,NA,"No Amenazada","Preocupación Menor (LC)","No CITES",NA
"L15073939","Laguna Humantay - Caminata Puesto de Control","https://ebird.org/hotspot/L15073939/bird-list","Mollepata","Vicugna pacos","Lama pacos (Linnaeus, 1758)",1,2025,2025,NA,NA,NA,NA,NA,"No Amenazada","Preocupación Menor (LC)","No CITES",NA
"L15073939","Laguna Humantay - Caminata Puesto de Control","https://ebird.org/hotspot/L15073939/bird-list","Mollepata","Xenops rutilans","Xenops rutilans Temminck, 1821",1,2019,2019,"Passeriformes","Furnariidae","Pico-Lezna Rayado","Streaked Xenops","Residente","No Amenazada","Preocupación Menor (LC)","No CITES",FALSE
"L4544771","Laguna Loocray Huayllacocha","https://ebird.org/hotspot/L4544771/bird-list","Huarocondo","Spatula cyanoptera","Spatula cyanoptera (Vieillot, 1816)",18,2016,2024,"Anseriformes","Anatidae","Pato Colorado","Cinnamon Teal","Residente","No Amenazada","Preocupación Menor (LC)","No CITES",FALSE
"L4544771","Laguna Loocray Huayllacocha","https://ebird.org/hotspot/L4544771/bird-list","Huarocondo","Anas flavirostris","Anas flavirostris Vieillot, 1816",17,2016,2024,"Anseriformes","Anatidae","Pato Barcino","Yellow-billed Teal","Residente","No Amenazada","Preocupación Menor (LC)","No CITES",FALSE
"L4544771","Laguna Loocray Huayllacocha","https://ebird.org/hotspot/L4544771/bird-list","Huarocondo","Patagioenas maculosa","Patagioenas maculosa (Temminck, 1813)",16,2016,2024,"Columbiformes","Columbidae","Paloma de Ala Moteada","Spot-winged Pigeon","Residente","No Amenazada","Preocupación Menor (LC)","No CITES",FALSE
"L4544771","Laguna Loocray Huayllacocha","https://ebird.org/hotspot/L4544771/bird-list","Huarocondo","Plegadis ridgwayi","Plegadis ridgwayi (Allen, 1876)",16,2016,2024,"Pelecaniformes","Threskiornithidae","Ibis de la Puna","Puna Ibis","Residente","No Amenazada","Preocupación Menor (LC)","No CITES",FALSE
"L4544771","Laguna Loocray Huayllacocha","https://ebird.org/hotspot/L4544771/bird-list","Huarocondo","Anas georgica","Anas georgica J.F.Gmelin, 1789",15,2016,2024,"Anseriformes","Anatidae","Pato Jergón","Yellow-billed Pintail","Residente","No Amenazada","Preocupación Menor (LC)","No CITES",FALSE
"L4544771","Laguna Loocray Huayllacocha","https://ebird.org/hotspot/L4544771/bird-list","Huarocondo","Columba livia","Columba livia J.F.Gmelin, 1789",15,2016,2024,"Columbiformes","Columbidae","Paloma Doméstica","Rock Pigeon","Introducido","No Amenazada","Preocupación Menor (LC)","No CITES",FALSE
"L4544771","Laguna Loocray Huayllacocha","https://ebird.org/hotspot/L4544771/bird-list","Huarocondo","Chroicocephalus serranus","Chroicocephalus serranus (Tschudi, 1844)",14,2023,2024,"Charadriiformes","Laridae","Gaviota Andina","Andean Gull","Residente","No Amenazada","Preocupación Menor (LC)","No CITES",FALSE
"L4544771","Laguna Loocray Huayllacocha","https://ebird.org/hotspot/L4544771/bird-list","Huarocondo","Fulica ardesiaca","Fulica ardesiaca Tschudi, 1843",14,2016,2024,"Gruiformes","Rallidae","Gallareta Andina","Slate-colored Coot","Residente","No Amenazada","Preocupación Menor (LC)","No CITES",FALSE
"L4544771","Laguna Loocray Huayllacocha","https://ebird.org/hotspot/L4544771/bird-list","Huarocondo","Gallinula chloropus","Gallinula galeata (Lichtenstein & Mhc, 1818)",13,2016,2024,NA,NA,NA,NA,NA,"No Amenazada","Preocupación Menor (LC)","No CITES",NA
"L4544771","Laguna Loocray Huayllacocha","https://ebird.org/hotspot/L4544771/bird-list","Huarocondo","Nycticorax nycticorax","Nycticorax nycticorax (Linnaeus, 1758)",13,2016,2024,"Pelecaniformes","Ardeidae","Huaco Común","Black-crowned Night-Heron","Residente","No Amenazada","Preocupación Menor (LC)","No CITES",FALSE
"L4544771","Laguna Loocray Huayllacocha","https://ebird.org/hotspot/L4544771/bird-list","Huarocondo","Turdus chiguanco","Turdus chiguanco Orbigny & Lafresnaye, 1837",11,2016,2024,"Passeriformes","Turdidae","Zorzal Chiguanco","Chiguanco Thrush","Residente","No Amenazada","Preocupación Menor (LC)","No CITES",FALSE
"L4544771","Laguna Loocray Huayllacocha","https://ebird.org/hotspot/L4544771/bird-list","Huarocondo","Vanellus resplendens","Vanellus resplendens (Tschudi, 1843)",11,2024,2024,"Charadriiformes","Charadriidae","Avefría Andina","Andean Lapwing","Residente","No Amenazada","Preocupación Menor (LC)","No CITES",FALSE
"L4544771","Laguna Loocray Huayllacocha","https://ebird.org/hotspot/L4544771/bird-list","Huarocondo","Tringa melanoleuca","Tringa melanoleuca (J.F.Gmelin, 1789)",5,2016,2023,"Charadriiformes","Scolopacidae","Playero Pata Amarilla Mayor","Greater Yellowlegs","Migratorio","No Amenazada","Casi Amenazada (NT)","No CITES",FALSE
"L4544771","Laguna Loocray Huayllacocha","https://ebird.org/hotspot/L4544771/bird-list","Huarocondo","Metriopelia ceciliae","Metriopelia ceciliae (R.Lesson, 1845)",4,2016,2023,"Columbiformes","Columbidae","Tortolita Moteada","Bare-faced Ground Dove","Residente","No Amenazada","Preocupación Menor (LC)","No CITES",FALSE
"L4544771","Laguna Loocray Huayllacocha","https://ebird.org/hotspot/L4544771/bird-list","Huarocondo","Notiochelidon murina","Orochelidon murina (Cassin, 1853)",2,2016,2016,NA,NA,NA,NA,NA,"No Amenazada","Preocupación Menor (LC)","No CITES",NA
"L4544771","Laguna Loocray Huayllacocha","https://ebird.org/hotspot/L4544771/bird-list","Huarocondo","Oxyura ferruginea","Oxyura ferruginea (Eyton, 1838)",2,2016,2016,NA,NA,NA,NA,NA,"No Amenazada","Preocupación Menor (LC)","No CITES",NA
"L4544771","Laguna Loocray Huayllacocha","https://ebird.org/hotspot/L4544771/bird-list","Huarocondo","Phalaropus tricolor","Phalaropus tricolor (Vieillot, 1819)",2,2016,2016,"Charadriiformes","Scolopacidae","Faláropo Tricolor","Wilson's Phalarope","Migratorio","No Amenazada","Preocupación Menor (LC)","No CITES",FALSE
"L4544771","Laguna Loocray Huayllacocha","https://ebird.org/hotspot/L4544771/bird-list","Huarocondo","Podiceps occipitalis","Podiceps occipitalis Garnot, 1826",2,2016,2016,"Podicipediformes","Podicipedidae","Zambullidor Plateado","Silvery Grebe","Residente","No Amenazada","Preocupación Menor (LC)","No CITES",FALSE
"L4544771","Laguna Loocray Huayllacocha","https://ebird.org/hotspot/L4544771/bird-list","Huarocondo","Rollandia rolland","Rollandia rolland (Quoy & Gaimard, 1824)",2,2016,2016,"Podicipediformes","Podicipedidae","Zambullidor Pimpollo","White-tufted Grebe","Residente","No Amenazada","Preocupación Menor (LC)","No CITES",FALSE
"L4544771","Laguna Loocray Huayllacocha","https://ebird.org/hotspot/L4544771/bird-list","Huarocondo","Spatula puna","Spatula puna (Tschudi, 1844)",2,2016,2016,"Anseriformes","Anatidae","Pato de la Puna","Puna Teal","Residente","No Amenazada","Preocupación Menor (LC)","No CITES",FALSE
"L4544771","Laguna Loocray Huayllacocha","https://ebird.org/hotspot/L4544771/bird-list","Huarocondo","Tringa flavipes","Tringa flavipes (J.F.Gmelin, 1789)",2,2016,2016,"Charadriiformes","Scolopacidae","Playero Pata Amarilla Menor","Lesser Yellowlegs","Migratorio","No Amenazada","Vulnerable (VU)","No CITES",FALSE
"L4544771","Laguna Loocray Huayllacocha","https://ebird.org/hotspot/L4544771/bird-list","Huarocondo","Zonotrichia capensis","Zonotrichia capensis (P.L.S.Müller, 1776)",2,2016,2016,"Passeriformes","Passerellidae","Gorrión de Collar Rufo","Rufous-collared Sparrow","Residente","No Amenazada","Preocupación Menor (LC)","No CITES",FALSE
"L4544771","Laguna Loocray Huayllacocha","https://ebird.org/hotspot/L4544771/bird-list","Huarocondo","Ardea alba","Ardea alba Linnaeus, 1758",1,2016,2016,"Pelecaniformes","Ardeidae","Garza Grande","Great Egret","Residente","No Amenazada","Preocupación Menor (LC)","No CITES",FALSE
"L4544771","Laguna Loocray Huayllacocha","https://ebird.org/hotspot/L4544771/bird-list","Huarocondo","Athene cunicularia","Athene cunicularia (Molina, 1782)",1,2016,2016,"Strigiformes","Strigidae","Lechuza Terrestre","Burrowing Owl","Residente","No Amenazada","Preocupación Menor (LC)","No CITES",FALSE
"L4544771","Laguna Loocray Huayllacocha","https://ebird.org/hotspot/L4544771/bird-list","Huarocondo","Buteo polyosoma","Geranoaetus polyosoma (Quoy & Gaimard, 1824)",1,2016,2016,NA,NA,NA,NA,NA,"No Amenazada","Preocupación Menor (LC)","Apéndice II",NA
"L4544771","Laguna Loocray Huayllacocha","https://ebird.org/hotspot/L4544771/bird-list","Huarocondo","Calidris melanotos","Calidris melanotos (Vieillot, 1819)",1,2016,2016,"Charadriiformes","Scolopacidae","Playero Pectoral","Pectoral Sandpiper","Migratorio","No Amenazada","Preocupación Menor (LC)","No CITES",FALSE
"L4544771","Laguna Loocray Huayllacocha","https://ebird.org/hotspot/L4544771/bird-list","Huarocondo","Chloephaga melanoptera","Oressochen melanopterus (Eyton, 1838)",1,2024,2024,NA,NA,NA,NA,NA,"No Amenazada","Preocupación Menor (LC)","No CITES",NA
"L4544771","Laguna Loocray Huayllacocha","https://ebird.org/hotspot/L4544771/bird-list","Huarocondo","Falco femoralis","Falco femoralis Temminck, 1822",1,2019,2019,"Falconiformes","Falconidae","Halcón Aplomado","Aplomado Falcon","Residente","No Amenazada","Preocupación Menor (LC)","No CITES",FALSE
"L4544771","Laguna Loocray Huayllacocha","https://ebird.org/hotspot/L4544771/bird-list","Huarocondo","Porphyrospiza alaudina","Rhopospina alaudina (Kittlitz, 1833)",1,2016,2016,NA,NA,NA,NA,NA,"No Amenazada","Preocupación Menor (LC)","No CITES",NA
"L4544771","Laguna Loocray Huayllacocha","https://ebird.org/hotspot/L4544771/bird-list","Huarocondo","Saltator aurantiirostris","Saltator aurantiirostris Vieillot, 1817",1,2016,2016,"Passeriformes","Thraupidae","Saltador de Pico Dorado","Golden-billed Saltator","Residente","No Amenazada","Preocupación Menor (LC)","No CITES",FALSE
"L4544771","Laguna Loocray Huayllacocha","https://ebird.org/hotspot/L4544771/bird-list","Huarocondo","Spinus magellanicus","Spinus magellanicus (Vieillot, 1805)",1,2016,2016,"Passeriformes","Fringillidae","Jilguero Encapuchado","Hooded Siskin","Residente","No Amenazada","Preocupación Menor (LC)","No CITES",FALSE
"L4544771","Laguna Loocray Huayllacocha","https://ebird.org/hotspot/L4544771/bird-list","Huarocondo","Troglodytes musculus","Troglodytes musculus J.F.Naumann, 1823",1,2016,2016,"Passeriformes","Troglodytidae","Cucarachero Común Sureño","Southern House-Wren","Residente","No Amenazada","Preocupación Menor (LC)","No CITES",FALSE
"L4544771","Laguna Loocray Huayllacocha","https://ebird.org/hotspot/L4544771/bird-list","Huarocondo","Zenaida auriculata","Zenaida auriculata (Des Murs, 1847)",1,2016,2016,"Columbiformes","Columbidae","Tórtola Orejuda","Eared Dove","Residente","No Amenazada","Preocupación Menor (LC)","No CITES",FALSE
"L5065776","Mirador de Condor","https://ebird.org/hotspot/L5065776/bird-list","Limatambo","Vultur gryphus","Vultur gryphus Linnaeus, 1758",186,2014,2024,"Cathartiformes","Cathartidae","Cóndor Andino","Andean Condor","Residente","En Peligro (EN)","Vulnerable (VU)","Apéndice I",FALSE
"L5065776","Mirador de Condor","https://ebird.org/hotspot/L5065776/bird-list","Limatambo","Zonotrichia capensis","Zonotrichia capensis (P.L.S.Müller, 1776)",124,2014,2024,"Passeriformes","Passerellidae","Gorrión de Collar Rufo","Rufous-collared Sparrow","Residente","No Amenazada","Preocupación Menor (LC)","No CITES",FALSE
"L5065776","Mirador de Condor","https://ebird.org/hotspot/L5065776/bird-list","Limatambo","Falco sparverius","Falco sparverius Linnaeus, 1758",117,2014,2024,"Falconiformes","Falconidae","Cernícalo Americano","American Kestrel","Residente","No Amenazada","Preocupación Menor (LC)","No CITES",FALSE
"L5065776","Mirador de Condor","https://ebird.org/hotspot/L5065776/bird-list","Limatambo","Cranioleuca albicapilla","Cranioleuca albicapilla (Cabanis, 1873)",106,2014,2024,"Passeriformes","Furnariidae","Cola-Espina de Cresta Cremosa","Creamy-crested Spinetail","Endémico","No Amenazada","Preocupación Menor (LC)","No CITES",TRUE
"L5065776","Mirador de Condor","https://ebird.org/hotspot/L5065776/bird-list","Limatambo","Turdus chiguanco","Turdus chiguanco Orbigny & Lafresnaye, 1837",106,2014,2024,"Passeriformes","Turdidae","Zorzal Chiguanco","Chiguanco Thrush","Residente","No Amenazada","Preocupación Menor (LC)","No CITES",FALSE
"L5065776","Mirador de Condor","https://ebird.org/hotspot/L5065776/bird-list","Limatambo","Ampelion rubrocristatus","Ampelion rubrocristatus (Orbigny & Lafresnaye, 1837)",102,2015,2026,"Passeriformes","Cotingidae","Cotinga de Cresta Roja","Red-crested Cotinga","Residente","No Amenazada","Preocupación Menor (LC)","No CITES",FALSE
"L5065776","Mirador de Condor","https://ebird.org/hotspot/L5065776/bird-list","Limatambo","Asthenes ottonis","Asthenes ottonis (Berlepsch, 1901)",99,2014,2024,"Passeriformes","Furnariidae","Canastero de Frente Rojiza","Rusty-fronted Canastero","Endémico","No Amenazada","Preocupación Menor (LC)","No CITES",TRUE
"L5065776","Mirador de Condor","https://ebird.org/hotspot/L5065776/bird-list","Limatambo","Aeronautes andecolus","Aeronautes andecolus (d'Orbigny & Lafresnaye, 1837)",97,2015,2024,"Apodiformes","Apodidae","Vencejo Andino","Andean Swift","Residente","No Amenazada","Preocupación Menor (LC)","No CITES",FALSE
"L5065776","Mirador de Condor","https://ebird.org/hotspot/L5065776/bird-list","Limatambo","Ochthoeca leucophrys","Ochthoeca leucophrys (Orbigny & Lafresnaye, 1837)",94,2015,2026,"Passeriformes","Tyrannidae","Pitajo de Ceja Blanca","White-browed Chat-Tyrant","Residente","No Amenazada","Preocupación Menor (LC)","No CITES",FALSE
"L5065776","Mirador de Condor","https://ebird.org/hotspot/L5065776/bird-list","Limatambo","Colaptes rupicola","Colaptes rupicola d'Orbigny, 1840",91,2014,2025,"Piciformes","Picidae","Carpintero Andino","Andean Flicker","Residente","No Amenazada","Preocupación Menor (LC)","No CITES",FALSE
"L5065776","Mirador de Condor","https://ebird.org/hotspot/L5065776/bird-list","Limatambo","Agriornis montanus","Agriornis montanus (Orbigny & Lafresnaye, 1837)",87,2017,2024,"Passeriformes","Tyrannidae","Arriero de Pico Negro","Black-billed Shrike-Tyrant","Residente","No Amenazada","Preocupación Menor (LC)","No CITES",FALSE
"L5065776","Mirador de Condor","https://ebird.org/hotspot/L5065776/bird-list","Limatambo","Geranoaetus melanoleucus","Geranoaetus melanoleucus (Vieillot, 1819)",86,2014,2025,"Accipitriformes","Accipitridae","Aguilucho de Pecho Negro","Black-chested Buzzard-Eagle","Residente","No Amenazada","Preocupación Menor (LC)","Apéndice II",FALSE
"L5065776","Mirador de Condor","https://ebird.org/hotspot/L5065776/bird-list","Limatambo","Buteo polyosoma","Geranoaetus polyosoma (Quoy & Gaimard, 1824)",85,2016,2026,NA,NA,NA,NA,NA,"No Amenazada","Preocupación Menor (LC)","Apéndice II",NA
"L5065776","Mirador de Condor","https://ebird.org/hotspot/L5065776/bird-list","Limatambo","Spinus magellanicus","Spinus magellanicus (Vieillot, 1805)",78,2015,2024,"Passeriformes","Fringillidae","Jilguero Encapuchado","Hooded Siskin","Residente","No Amenazada","Preocupación Menor (LC)","No CITES",FALSE
"L5065776","Mirador de Condor","https://ebird.org/hotspot/L5065776/bird-list","Limatambo","Knipolegus aterrimus","Knipolegus aterrimus Kaup, 1853",76,2014,2024,"Passeriformes","Tyrannidae","Viudita-Negra de Ala Blanca","White-winged Black-Tyrant","Residente","No Amenazada","Preocupación Menor (LC)","No CITES",FALSE
"L5065776","Mirador de Condor","https://ebird.org/hotspot/L5065776/bird-list","Limatambo","Catamenia analis","Catamenia analis (d'Orbigny & Lafresnaye, 1837)",74,2014,2024,"Passeriformes","Thraupidae","Semillero de Cola Bandeada","Band-tailed Seedeater","Residente","No Amenazada","Preocupación Menor (LC)","No CITES",FALSE
"L5065776","Mirador de Condor","https://ebird.org/hotspot/L5065776/bird-list","Limatambo","Troglodytes musculus","Troglodytes musculus J.F.Naumann, 1823",71,2015,2024,"Passeriformes","Troglodytidae","Cucarachero Común Sureño","Southern House-Wren","Residente","No Amenazada","Preocupación Menor (LC)","No CITES",FALSE
"L5065776","Mirador de Condor","https://ebird.org/hotspot/L5065776/bird-list","Limatambo","Muscisaxicola rufivertex","Muscisaxicola rufivertex Orbigny & Lafresnaye, 1837",67,2015,2024,"Passeriformes","Tyrannidae","Dormilona de Nuca Rojiza","Rufous-naped Ground-Tyrant","Residente","No Amenazada","Preocupación Menor (LC)","No CITES",FALSE
"L5065776","Mirador de Condor","https://ebird.org/hotspot/L5065776/bird-list","Limatambo","Catamenia inornata","Catamenia inornata (Lafresnaye, 1847)",64,2017,2024,"Passeriformes","Thraupidae","Semillero Simple","Plain-colored Seedeater","Residente","No Amenazada","Preocupación Menor (LC)","No CITES",FALSE
"L5065776","Mirador de Condor","https://ebird.org/hotspot/L5065776/bird-list","Limatambo","Notiochelidon murina","Orochelidon murina (Cassin, 1853)",63,2015,2024,NA,NA,NA,NA,NA,"No Amenazada","Preocupación Menor (LC)","No CITES",NA
"L5065776","Mirador de Condor","https://ebird.org/hotspot/L5065776/bird-list","Limatambo","Saltator aurantiirostris","Saltator aurantiirostris Vieillot, 1817",63,2015,2026,"Passeriformes","Thraupidae","Saltador de Pico Dorado","Golden-billed Saltator","Residente","No Amenazada","Preocupación Menor (LC)","No CITES",FALSE
"L5065776","Mirador de Condor","https://ebird.org/hotspot/L5065776/bird-list","Limatambo","Colibri coruscans","Colibri coruscans (Gould, 1846)",60,2014,2024,"Apodiformes","Trochilidae","Oreja-Violeta de Vientre Azul","Sparkling Violetear","Residente","No Amenazada","Preocupación Menor (LC)","No CITES",FALSE
"L5065776","Mirador de Condor","https://ebird.org/hotspot/L5065776/bird-list","Limatambo","Aratinga mitrata","Psittacara mitratus (Tschudi, 1844)",59,2014,2024,NA,NA,NA,NA,NA,"No Amenazada","Preocupación Menor (LC)","No CITES",NA
"L5065776","Mirador de Condor","https://ebird.org/hotspot/L5065776/bird-list","Limatambo","Diglossa brunneiventris","Diglossa brunneiventris Lafresnaye, 1846",58,2015,2024,"Passeriformes","Thraupidae","Pinchaflor de Garganta Negra","Black-throated Flowerpiercer","Residente","No Amenazada","Preocupación Menor (LC)","No CITES",FALSE
"L5065776","Mirador de Condor","https://ebird.org/hotspot/L5065776/bird-list","Limatambo","Turdus fuscater","Turdus fuscater Orbigny & Lafresnaye, 1837",58,2015,2024,"Passeriformes","Turdidae","Zorzal Grande","Great Thrush","Residente","No Amenazada","Preocupación Menor (LC)","No CITES",FALSE
"L5065776","Mirador de Condor","https://ebird.org/hotspot/L5065776/bird-list","Limatambo","Phrygilus punensis","Phrygilus punensis Ridgway, 1887",56,2015,2024,"Passeriformes","Thraupidae","Fringilo Peruano","Peruvian Sierra Finch","Residente","No Amenazada","Preocupación Menor (LC)","No CITES",FALSE
"L5065776","Mirador de Condor","https://ebird.org/hotspot/L5065776/bird-list","Limatambo","Metallura tyrianthina","Metallura tyrianthina (Loddiges, 1832)",52,2015,2024,"Apodiformes","Trochilidae","Colibrí Tirio","Tyrian Metaltail","Residente","No Amenazada","Preocupación Menor (LC)","No CITES",FALSE
"L5065776","Mirador de Condor","https://ebird.org/hotspot/L5065776/bird-list","Limatambo","Rauenia bonariensis","Rauenia bonariensis (J.F.Gmelin, 1789)",51,2017,2026,"Passeriformes","Thraupidae","Tangara Azul y Amarilla","Blue-and-yellow Tanager","Residente","No Amenazada","Preocupación Menor (LC)","No CITES",FALSE
"L5065776","Mirador de Condor","https://ebird.org/hotspot/L5065776/bird-list","Limatambo","Conirostrum cinereum","Conirostrum cinereum d'Orbigny & Lafresnaye, 1838",45,2015,2024,"Passeriformes","Thraupidae","Pico-de-Cono Cinéreo","Cinereous Conebill","Residente","No Amenazada","Preocupación Menor (LC)","No CITES",FALSE
"L5065776","Mirador de Condor","https://ebird.org/hotspot/L5065776/bird-list","Limatambo","Bolborhynchus orbygnesius","Bolborhynchus orbygnesius (Souance, 1856)",42,2015,2024,"Psittaciformes","Psittacidae","Perico Andino","Andean Parakeet","Residente","No Amenazada","Preocupación Menor (LC)","No CITES",FALSE
"L5065776","Mirador de Condor","https://ebird.org/hotspot/L5065776/bird-list","Limatambo","Geospizopsis plebejus","Geospizopsis plebejus (Tschudi, 1844)",42,2015,2024,"Passeriformes","Thraupidae","Fringilo de Pecho Cenizo","Ash-breasted Sierra Finch","Residente","No Amenazada","Preocupación Menor (LC)","No CITES",FALSE
"L5065776","Mirador de Condor","https://ebird.org/hotspot/L5065776/bird-list","Limatambo","Poospizopsis caesar","Poospizopsis caesar (P.L.Sclater & Salvin, 1869)",40,2014,2024,"Passeriformes","Thraupidae","Monterita de Pecho Castaño","Chestnut-breasted Mountain Finch","Endémico","No Amenazada","Preocupación Menor (LC)","No CITES",TRUE
"L5065776","Mirador de Condor","https://ebird.org/hotspot/L5065776/bird-list","Limatambo","Phacellodomus striaticeps","Phacellodomus striaticeps (Orbigny & Lafresnaye, 1838)",38,2017,2024,"Passeriformes","Furnariidae","Espinero de Frente Rayada","Streak-fronted Thornbird","Residente","No Amenazada","Preocupación Menor (LC)","No CITES",FALSE
"L5065776","Mirador de Condor","https://ebird.org/hotspot/L5065776/bird-list","Limatambo","Atlapetes forbesi","Atlapetes forbesi Morrison, 1947",37,2015,2024,"Passeriformes","Passerellidae","Matorralero de Apurímac","Apurimac Brushfinch","Endémico","No Amenazada","Preocupación Menor (LC)","No CITES",TRUE
"L5065776","Mirador de Condor","https://ebird.org/hotspot/L5065776/bird-list","Limatambo","Elaenia albiceps","Elaenia albiceps (Orbigny & Lafresnaye, 1837)",36,2016,2024,"Passeriformes","Tyrannidae","Fío-Fío de Cresta Blanca","White-crested Elaenia","Residente","No Amenazada","Preocupación Menor (LC)","No CITES",FALSE
"L5065776","Mirador de Condor","https://ebird.org/hotspot/L5065776/bird-list","Limatambo","Falco peregrinus","Falco peregrinus Tunstall, 1771",33,2014,2024,"Falconiformes","Falconidae","Halcón Peregrino","Peregrine Falcon","Residente","Casi Amenazado (NT)","Preocupación Menor (LC)","Apéndice I",FALSE
"L5065776","Mirador de Condor","https://ebird.org/hotspot/L5065776/bird-list","Limatambo","Lesbia victoriae","Lesbia victoriae (Bourcier & Mulsant, 1846)",33,2017,2024,"Apodiformes","Trochilidae","Colibrí de Cola Larga Negra","Black-tailed Trainbearer","Residente","No Amenazada","Preocupación Menor (LC)","No CITES",FALSE
"L5065776","Mirador de Condor","https://ebird.org/hotspot/L5065776/bird-list","Limatambo","Patagioenas maculosa","Patagioenas maculosa (Temminck, 1813)",32,2015,2024,"Columbiformes","Columbidae","Paloma de Ala Moteada","Spot-winged Pigeon","Residente","No Amenazada","Preocupación Menor (LC)","No CITES",FALSE
"L5065776","Mirador de Condor","https://ebird.org/hotspot/L5065776/bird-list","Limatambo","Zenaida auriculata","Zenaida auriculata (Des Murs, 1847)",31,2015,2024,"Columbiformes","Columbidae","Tórtola Orejuda","Eared Dove","Residente","No Amenazada","Preocupación Menor (LC)","No CITES",FALSE
"L5065776","Mirador de Condor","https://ebird.org/hotspot/L5065776/bird-list","Limatambo","Lesbia nuna","Lesbia nuna (R.Lesson, 1832)",30,2017,2024,"Apodiformes","Trochilidae","Colibrí de Cola Larga Verde","Green-tailed Trainbearer","Residente","No Amenazada","Preocupación Menor (LC)","No CITES",FALSE
"L5065776","Mirador de Condor","https://ebird.org/hotspot/L5065776/bird-list","Limatambo","Pheucticus aureoventris","Pheucticus aureoventris (d'Orbigny & Lafresnaye, 1837)",30,2016,2024,"Passeriformes","Cardinalidae","Picogrueso de Dorso Negro","Black-backed Grosbeak","Residente","No Amenazada","Preocupación Menor (LC)","No CITES",FALSE
"L5065776","Mirador de Condor","https://ebird.org/hotspot/L5065776/bird-list","Limatambo","Elaenia pallatangae","Elaenia pallatangae P.L.Sclater, 1862",29,2014,2024,"Passeriformes","Tyrannidae","Fío-Fío Serrano","Sierran Elaenia","Residente","No Amenazada","Preocupación Menor (LC)","No CITES",FALSE
"L5065776","Mirador de Condor","https://ebird.org/hotspot/L5065776/bird-list","Limatambo","Patagona gigas","Patagona gigas (Vieillot, 1824)",27,2015,2024,"Apodiformes","Trochilidae","Colibrí Gigante Sureño","Southern Giant-Hummingbird","Migratorio","No Amenazada","Preocupación Menor (LC)","No CITES",FALSE
"L5065776","Mirador de Condor","https://ebird.org/hotspot/L5065776/bird-list","Limatambo","Streptoprocne zonaris","Streptoprocne zonaris (Shaw, 1796)",27,2016,2024,"Apodiformes","Apodidae","Vencejo de Collar Blanco","White-collared Swift","Residente","No Amenazada","Preocupación Menor (LC)","No CITES",FALSE
"L5065776","Mirador de Condor","https://ebird.org/hotspot/L5065776/bird-list","Limatambo","Leptotila verreauxi","Leptotila verreauxi Bonaparte, 1855",25,2014,2024,"Columbiformes","Columbidae","Paloma de Puntas Blancas","White-tipped Dove","Residente","No Amenazada","Preocupación Menor (LC)","No CITES",FALSE
"L5065776","Mirador de Condor","https://ebird.org/hotspot/L5065776/bird-list","Limatambo","Muscisaxicola maculirostris","Muscisaxicola maculirostris Orbigny & Lafresnaye, 1837",25,2018,2024,"Passeriformes","Tyrannidae","Dormilona Chica","Spot-billed Ground-Tyrant","Residente","No Amenazada","Preocupación Menor (LC)","No CITES",FALSE
"L5065776","Mirador de Condor","https://ebird.org/hotspot/L5065776/bird-list","Limatambo","Anairetes flavirostris","Anairetes flavirostris P.L.Sclater & Salvin, 1876",23,2015,2024,"Passeriformes","Tyrannidae","Torito de Pico Amarillo","Yellow-billed Tit-Tyrant","Residente","No Amenazada","Preocupación Menor (LC)","No CITES",FALSE
"L5065776","Mirador de Condor","https://ebird.org/hotspot/L5065776/bird-list","Limatambo","Falco femoralis","Falco femoralis Temminck, 1822",22,2016,2024,"Falconiformes","Falconidae","Halcón Aplomado","Aplomado Falcon","Residente","No Amenazada","Preocupación Menor (LC)","No CITES",FALSE
"L5065776","Mirador de Condor","https://ebird.org/hotspot/L5065776/bird-list","Limatambo","Patagioenas fasciata","Patagioenas fasciata (Say, 1822)",22,2017,2024,"Columbiformes","Columbidae","Paloma de Nuca Blanca","Band-tailed Pigeon","Residente","No Amenazada","Preocupación Menor (LC)","No CITES",FALSE
"L5065776","Mirador de Condor","https://ebird.org/hotspot/L5065776/bird-list","Limatambo","Elliotomyia chionogaster","Elliotomyia chionogaster (Tschudi, 1846)",21,2014,2024,"Apodiformes","Trochilidae","Colibrí de Vientre Blanco","White-bellied Hummingbird","Residente","No Amenazada","Preocupación Menor (LC)","No CITES",FALSE
"L5065776","Mirador de Condor","https://ebird.org/hotspot/L5065776/bird-list","Limatambo","Geositta tenuirostris","Geositta tenuirostris (Lafresnaye, 1836)",20,2015,2023,"Passeriformes","Furnariidae","Minero de Pico Largo","Slender-billed Miner","Residente","No Amenazada","Preocupación Menor (LC)","No CITES",FALSE
"L5065776","Mirador de Condor","https://ebird.org/hotspot/L5065776/bird-list","Limatambo","Muscisaxicola juninensis","Muscisaxicola juninensis Taczanowski, 1884",19,2015,2024,"Passeriformes","Tyrannidae","Dormilona de la Puna","Puna Ground-Tyrant","Residente","No Amenazada","Preocupación Menor (LC)","No CITES",FALSE
"L5065776","Mirador de Condor","https://ebird.org/hotspot/L5065776/bird-list","Limatambo","Lafresnaya lafresnayi","Lafresnaya lafresnayi (Boissonneau, 1840)",18,2018,2024,"Apodiformes","Trochilidae","Colibrí Aterciopelado","Mountain Velvetbreast","Residente","No Amenazada","Preocupación Menor (LC)","No CITES",FALSE
"L5065776","Mirador de Condor","https://ebird.org/hotspot/L5065776/bird-list","Limatambo","Nystalus chacuru","Nystalus chacuru (Vieillot, 1816)",18,2018,2024,"Galbuliformes","Bucconidae","Buco de Oreja Blanca","White-eared Puffbird","Residente","No Amenazada","Preocupación Menor (LC)","No CITES",FALSE
"L5065776","Mirador de Condor","https://ebird.org/hotspot/L5065776/bird-list","Limatambo","Myiotheretes striaticollis","Myiotheretes striaticollis (P.L.Sclater, 1853)",16,2018,2024,"Passeriformes","Tyrannidae","Ala-Rufa de Garganta Rayada","Streak-throated Bush-Tyrant","Residente","No Amenazada","Preocupación Menor (LC)","No CITES",FALSE
"L5065776","Mirador de Condor","https://ebird.org/hotspot/L5065776/bird-list","Limatambo","Nothoprocta pentlandii","Nothoprocta pentlandii (G.R.Gray, 1867)",16,2017,2023,"Tinamiformes","Tinamidae","Perdiz Andina","Andean Tinamou","Residente","No Amenazada","Preocupación Menor (LC)","No CITES",FALSE
"L5065776","Mirador de Condor","https://ebird.org/hotspot/L5065776/bird-list","Limatambo","Rhopospina fruticeti","Rhopospina fruticeti (Kittlitz, 1833)",16,2016,2024,"Passeriformes","Thraupidae","Fringilo de Pecho Negro","Mourning Sierra Finch","Residente","No Amenazada","Preocupación Menor (LC)","No CITES",FALSE
"L5065776","Mirador de Condor","https://ebird.org/hotspot/L5065776/bird-list","Limatambo","Thlypopsis ruficeps","Thlypopsis ruficeps (d'Orbigny & Lafresnaye, 1837)",15,2019,2024,"Passeriformes","Thraupidae","Tangara Rufa y Amarilla","Rust-and-yellow Tanager","Residente","No Amenazada","Preocupación Menor (LC)","No CITES",FALSE
"L5065776","Mirador de Condor","https://ebird.org/hotspot/L5065776/bird-list","Limatambo","Cinclodes fuscus","Cinclodes albiventris (Philippi & Landbeck, 1861)",13,2017,2023,NA,NA,NA,NA,NA,"No Amenazada","Preocupación Menor (LC)","No CITES",NA
"L5065776","Mirador de Condor","https://ebird.org/hotspot/L5065776/bird-list","Limatambo","Glaucidium peruanum","Glaucidium peruanum C.König, 1991",13,2019,2024,"Strigiformes","Strigidae","Lechucita Peruana","Peruvian Pygmy-Owl","Residente","No Amenazada","Preocupación Menor (LC)","No CITES",FALSE
"L5065776","Mirador de Condor","https://ebird.org/hotspot/L5065776/bird-list","Limatambo","Ochthoeca rufipectoralis","Ochthoeca rufipectoralis (Orbigny & Lafresnaye, 1837)",13,2017,2024,"Passeriformes","Tyrannidae","Pitajo de Pecho Rufo","Rufous-breasted Chat-Tyrant","Residente","No Amenazada","Preocupación Menor (LC)","No CITES",FALSE
"L5065776","Mirador de Condor","https://ebird.org/hotspot/L5065776/bird-list","Limatambo","Systellura longirostris","Systellura longirostris (Bonaparte, 1825)",12,2019,2023,"Caprimulgiformes","Caprimulgidae","Chotacabras de Ala Bandeada","Band-winged Nightjar","Residente","No Amenazada","Preocupación Menor (LC)","No CITES",FALSE
"L5065776","Mirador de Condor","https://ebird.org/hotspot/L5065776/bird-list","Limatambo","Vanellus resplendens","Vanellus resplendens (Tschudi, 1843)",12,2015,2024,"Charadriiformes","Charadriidae","Avefría Andina","Andean Lapwing","Residente","No Amenazada","Preocupación Menor (LC)","No CITES",FALSE
"L5065776","Mirador de Condor","https://ebird.org/hotspot/L5065776/bird-list","Limatambo","Elliotomyia viridicauda","Elliotomyia viridicauda (von Berlepsch, 1883)",11,2022,2024,"Apodiformes","Trochilidae","Colibrí Verde y Blanco","Green-and-white Hummingbird","Endémico","No Amenazada","Preocupación Menor (LC)","No CITES",TRUE
"L5065776","Mirador de Condor","https://ebird.org/hotspot/L5065776/bird-list","Limatambo","Geospizopsis unicolor","Geospizopsis unicolor (d'Orbigny & Lafresnaye, 1837)",11,2015,2024,"Passeriformes","Thraupidae","Fringilo Plomizo","Plumbeous Sierra Finch","Residente","No Amenazada","Preocupación Menor (LC)","No CITES",FALSE
"L5065776","Mirador de Condor","https://ebird.org/hotspot/L5065776/bird-list","Limatambo","Nothoprocta ornata","Nothoprocta ornata (G.R.Gray, 1867)",11,2015,2023,"Tinamiformes","Tinamidae","Perdiz Cordillerana","Ornate Tinamou","Residente","No Amenazada","Preocupación Menor (LC)","No CITES",FALSE
"L5065776","Mirador de Condor","https://ebird.org/hotspot/L5065776/bird-list","Limatambo","Agriornis andicola","Agriornis albicauda (Philippi & Landbeck, 1863)",10,2014,2023,NA,NA,NA,NA,NA,"No Amenazada","Preocupación Menor (LC)","No CITES",NA
"L5065776","Mirador de Condor","https://ebird.org/hotspot/L5065776/bird-list","Limatambo","Crotophaga ani","Crotophaga ani Linnaeus, 1758",10,2018,2024,"Cuculiformes","Cuculidae","Garrapatero de Pico Liso","Smooth-billed Ani","Residente","No Amenazada","Preocupación Menor (LC)","No CITES",FALSE
"L5065776","Mirador de Condor","https://ebird.org/hotspot/L5065776/bird-list","Limatambo","Geositta cunicularia","Geositta cunicularia (Vieillot, 1816)",10,2015,2023,"Passeriformes","Furnariidae","Minero Común","Common Miner","Residente","No Amenazada","Preocupación Menor (LC)","No CITES",FALSE
"L5065776","Mirador de Condor","https://ebird.org/hotspot/L5065776/bird-list","Limatambo","Grallaria squamigera","Grallaria squamigera Prevost & Des Murs, 1842",10,2022,2024,"Passeriformes","Grallariidae","Tororoi Ondulado","Undulated Antpitta","Residente","No Amenazada","Preocupación Menor (LC)","No CITES",FALSE
"L5065776","Mirador de Condor","https://ebird.org/hotspot/L5065776/bird-list","Limatambo","Nothoprocta taczanowskii","Nothoprocta taczanowskii P.L.Sclater & Salvin, 1875",10,2015,2024,"Tinamiformes","Tinamidae","Perdiz de Taczanowski","Taczanowski's Tinamou","Residente","No Amenazada","Vulnerable (VU)","No CITES",FALSE
"L5065776","Mirador de Condor","https://ebird.org/hotspot/L5065776/bird-list","Limatambo","Nothura darwinii","Nothura darwinii G.R.Gray, 1867",9,2023,2024,"Tinamiformes","Tinamidae","Perdiz de Darwin","Darwin's Nothura","Residente","No Amenazada","Preocupación Menor (LC)","No CITES",FALSE
"L5065776","Mirador de Condor","https://ebird.org/hotspot/L5065776/bird-list","Limatambo","Pyrrhomyias cinnamomeus","Pyrrhomyias cinnamomeus (Orbigny & Lafresnaye, 1837)",9,2017,2024,"Passeriformes","Tyrannidae","Mosquerito Canela","Cinnamon Flycatcher","Residente","No Amenazada","Preocupación Menor (LC)","No CITES",FALSE
"L5065776","Mirador de Condor","https://ebird.org/hotspot/L5065776/bird-list","Limatambo","Aglaeactis cupripennis","Aglaeactis cupripennis (Bourcier, 1843)",8,2015,2024,"Apodiformes","Trochilidae","Rayo-de-Sol Brillante","Shining Sunbeam","Residente","No Amenazada","Preocupación Menor (LC)","No CITES",FALSE
"L5065776","Mirador de Condor","https://ebird.org/hotspot/L5065776/bird-list","Limatambo","Anairetes parulus","Anairetes parulus (Kittlitz, 1830)",8,2017,2023,"Passeriformes","Tyrannidae","Torito Copetón","Tufted Tit-Tyrant","Residente","No Amenazada","Preocupación Menor (LC)","No CITES",FALSE
"L5065776","Mirador de Condor","https://ebird.org/hotspot/L5065776/bird-list","Limatambo","Notiochelidon flavipes","Orochelidon flavipes (Chapman, 1922)",8,2019,2019,NA,NA,NA,NA,NA,"No Amenazada","Preocupación Menor (LC)","No CITES",NA
"L5065776","Mirador de Condor","https://ebird.org/hotspot/L5065776/bird-list","Limatambo","Asthenes dorbignyi","Asthenes dorbignyi (Reichenbach, 1853)",7,2018,2024,"Passeriformes","Furnariidae","Canastero de Pecho Cremoso","Creamy-breasted Canastero","Residente","No Amenazada","Preocupación Menor (LC)","No CITES",FALSE
"L5065776","Mirador de Condor","https://ebird.org/hotspot/L5065776/bird-list","Limatambo","Plegadis ridgwayi","Plegadis ridgwayi (Allen, 1876)",7,2017,2022,"Pelecaniformes","Threskiornithidae","Ibis de la Puna","Puna Ibis","Residente","No Amenazada","Preocupación Menor (LC)","No CITES",FALSE
"L5065776","Mirador de Condor","https://ebird.org/hotspot/L5065776/bird-list","Limatambo","Vireo olivaceus","Vireo olivaceus (Linnaeus, 1766)",7,2019,2024,"Passeriformes","Vireonidae","Víreo de Ojo Rojo","Red-eyed Vireo","Migratorio","No Amenazada","Preocupación Menor (LC)","No CITES",FALSE
"L5065776","Mirador de Condor","https://ebird.org/hotspot/L5065776/bird-list","Limatambo","Accipiter striatus","Accipiter striatus Vieillot, 1808",6,2023,2024,"Accipitriformes","Accipitridae","Gavilán Pajarero","Sharp-shinned Hawk","Residente","No Amenazada","Preocupación Menor (LC)","No CITES",FALSE
"L5065776","Mirador de Condor","https://ebird.org/hotspot/L5065776/bird-list","Limatambo","Aglaiocercus kingii","Aglaiocercus kingii (R.Lesson, 1832)",6,2023,2023,"Apodiformes","Trochilidae","Silfo de Cola Larga","Long-tailed Sylph","Residente","No Amenazada","Preocupación Menor (LC)","No CITES",FALSE
"L5065776","Mirador de Condor","https://ebird.org/hotspot/L5065776/bird-list","Limatambo","Asthenes wyatti","Asthenes wyatti (P.L.Sclater & Salvin, 1871)",6,2023,2023,"Passeriformes","Furnariidae","Canastero de Dorso Rayado","Streak-backed Canastero","Residente","No Amenazada","Preocupación Menor (LC)","No CITES",FALSE
"L5065776","Mirador de Condor","https://ebird.org/hotspot/L5065776/bird-list","Limatambo","Megascops koepckeae","Megascops koepckeae (Hekstra, 1982)",6,2019,2024,"Strigiformes","Strigidae","Lechuza de Koepcke","Koepcke's Screech-Owl","Residente","No Amenazada","Preocupación Menor (LC)","No CITES",FALSE
"L5065776","Mirador de Condor","https://ebird.org/hotspot/L5065776/bird-list","Limatambo","Muscisaxicola cinereus","Muscisaxicola cinereus Philippi & Landbeck, 1864",6,2022,2024,"Passeriformes","Tyrannidae","Dormilona Cinérea","Cinereous Ground-Tyrant","Migratorio","No Amenazada","Preocupación Menor (LC)","No CITES",FALSE
"L5065776","Mirador de Condor","https://ebird.org/hotspot/L5065776/bird-list","Limatambo","Streptoprocne rutila","Streptoprocne rutila (Vieillot, 1817)",6,2023,2023,"Apodiformes","Apodidae","Vencejo de Cuello Castaño","Chestnut-collared Swift","Residente","No Amenazada","Preocupación Menor (LC)","No CITES",FALSE
"L5065776","Mirador de Condor","https://ebird.org/hotspot/L5065776/bird-list","Limatambo","Turdus serranus","Turdus serranus Tschudi, 1844",6,2023,2023,"Passeriformes","Turdidae","Zorzal Negro-Brilloso","Glossy-black Thrush","Residente","No Amenazada","Preocupación Menor (LC)","No CITES",FALSE
"L5065776","Mirador de Condor","https://ebird.org/hotspot/L5065776/bird-list","Limatambo","Asthenes humilis","Asthenes humilis (Cabanis, 1873)",5,2023,2023,"Passeriformes","Furnariidae","Canastero de Garganta Rayada","Streak-throated Canastero","Residente","No Amenazada","Preocupación Menor (LC)","No CITES",FALSE
"L5065776","Mirador de Condor","https://ebird.org/hotspot/L5065776/bird-list","Limatambo","Haplochelidon andecola","Orochelidon andecola (d'Orbigny & Lafresnaye, 1837)",5,2017,2023,NA,NA,NA,NA,NA,"No Amenazada","Preocupación Menor (LC)","No CITES",NA
"L5065776","Mirador de Condor","https://ebird.org/hotspot/L5065776/bird-list","Limatambo","Xenodacnis parina","Xenodacnis parina Cabanis, 1873",5,2019,2024,"Passeriformes","Thraupidae","Azulito Altoandino","Tit-like Dacnis","Residente","No Amenazada","Preocupación Menor (LC)","No CITES",FALSE
"L5065776","Mirador de Condor","https://ebird.org/hotspot/L5065776/bird-list","Limatambo","Aglaeactis castelnaudii","Aglaeactis castelnaudii (Bourcier & Mulsant, 1848)",4,2015,2024,"Apodiformes","Trochilidae","Rayo-de-Sol Acanelado","White-tufted Sunbeam","Endémico","No Amenazada","Casi Amenazada (NT)","No CITES",TRUE
"L5065776","Mirador de Condor","https://ebird.org/hotspot/L5065776/bird-list","Limatambo","Buteo albigula","Buteo albigula Philippi, 1899",4,2018,2019,"Accipitriformes","Accipitridae","Aguilucho de Garganta Blanca","White-throated Hawk","Residente","No Amenazada","Preocupación Menor (LC)","No CITES",FALSE
"L5065776","Mirador de Condor","https://ebird.org/hotspot/L5065776/bird-list","Limatambo","Chroicocephalus serranus","Chroicocephalus serranus (Tschudi, 1844)",4,2017,2022,"Charadriiformes","Laridae","Gaviota Andina","Andean Gull","Residente","No Amenazada","Preocupación Menor (LC)","No CITES",FALSE
"L5065776","Mirador de Condor","https://ebird.org/hotspot/L5065776/bird-list","Limatambo","Metriopelia ceciliae","Metriopelia ceciliae (R.Lesson, 1845)",4,2015,2024,"Columbiformes","Columbidae","Tortolita Moteada","Bare-faced Ground Dove","Residente","No Amenazada","Preocupación Menor (LC)","No CITES",FALSE
"L5065776","Mirador de Condor","https://ebird.org/hotspot/L5065776/bird-list","Limatambo","Myiotheretes fuscorufus","Myiotheretes fuscorufus (P.L.Sclater & Salvin, 1876)",4,2023,2024,"Passeriformes","Tyrannidae","Ala-Rufa de Vientre Rufo","Rufous-bellied Bush-Tyrant","Residente","No Amenazada","Preocupación Menor (LC)","No CITES",FALSE
"L5065776","Mirador de Condor","https://ebird.org/hotspot/L5065776/bird-list","Limatambo","Oreotrochilus estella","Oreotrochilus estella (d'Orbigny, 1838)",4,2019,2023,"Apodiformes","Trochilidae","Estrella Andina","Andean Hillstar","Residente","No Amenazada","Preocupación Menor (LC)","No CITES",FALSE
"L5065776","Mirador de Condor","https://ebird.org/hotspot/L5065776/bird-list","Limatambo","Porphyrospiza alaudina","Rhopospina alaudina (Kittlitz, 1833)",4,2018,2019,NA,NA,NA,NA,NA,"No Amenazada","Preocupación Menor (LC)","No CITES",NA
"L5065776","Mirador de Condor","https://ebird.org/hotspot/L5065776/bird-list","Limatambo","Sporophila nigricollis","Sporophila nigricollis (Vieillot, 1823)",4,2020,2024,"Passeriformes","Thraupidae","Espiguero de Vientre Amarillo","Yellow-bellied Seedeater","Residente","No Amenazada","Preocupación Menor (LC)","No CITES",FALSE
"L5065776","Mirador de Condor","https://ebird.org/hotspot/L5065776/bird-list","Limatambo","Synallaxis courseni","Synallaxis courseni Blake, 1971",4,2024,2024,"Passeriformes","Furnariidae","Cola-Espina de Apurímac","Apurimac Spinetail","Endémico","No Amenazada","Casi Amenazada (NT)","No CITES",TRUE
"L5065776","Mirador de Condor","https://ebird.org/hotspot/L5065776/bird-list","Limatambo","Theristicus melanopis","Theristicus branickii Berlepsch & Stolzmann, 1894",4,2024,2024,"Pelecaniformes","Threskiornithidae","Bandurria de Cara Negra","Black-faced Ibis","Residente","No Amenazada","Preocupación Menor (LC)","No CITES",FALSE
"L5065776","Mirador de Condor","https://ebird.org/hotspot/L5065776/bird-list","Limatambo","Bubulcus ibis","Ardea ibis Linnaeus, 1758",3,2017,2022,NA,NA,NA,NA,NA,"No Amenazada","Preocupación Menor (LC)","No CITES",NA
"L5065776","Mirador de Condor","https://ebird.org/hotspot/L5065776/bird-list","Limatambo","Columba livia","Columba livia J.F.Gmelin, 1789",3,2015,2024,"Columbiformes","Columbidae","Paloma Doméstica","Rock Pigeon","Introducido","No Amenazada","Preocupación Menor (LC)","No CITES",FALSE
"L5065776","Mirador de Condor","https://ebird.org/hotspot/L5065776/bird-list","Limatambo","Grallaria andicolus","Grallaria andicolus (Cabanis, 1873)",3,2019,2023,"Passeriformes","Grallariidae","Tororoi de Cabeza Listada","Stripe-headed Antpitta","Residente","No Amenazada","Preocupación Menor (LC)","No CITES",FALSE
"L5065776","Mirador de Condor","https://ebird.org/hotspot/L5065776/bird-list","Limatambo","Merganetta armata","Merganetta armata Gould, 1842",3,2022,2022,"Anseriformes","Anatidae","Pato de los Torrentes","Torrent Duck","Residente","No Amenazada","Preocupación Menor (LC)","No CITES",FALSE
"L5065776","Mirador de Condor","https://ebird.org/hotspot/L5065776/bird-list","Limatambo","Percnohierax leucorrhous","Parabuteo leucorrhous (Quoy & Gaimard, 1824)",3,2022,2023,NA,NA,NA,NA,NA,"No Amenazada","Preocupación Menor (LC)","No CITES",NA
"L5065776","Mirador de Condor","https://ebird.org/hotspot/L5065776/bird-list","Limatambo","Sayornis nigricans","Sayornis nigricans (Swainson, 1827)",3,2024,2024,"Passeriformes","Tyrannidae","Mosquero de Agua","Black Phoebe","Residente","No Amenazada","Preocupación Menor (LC)","No CITES",FALSE
"L5065776","Mirador de Condor","https://ebird.org/hotspot/L5065776/bird-list","Limatambo","Bos taurus","Bos taurus Linnaeus, 1758",2,2024,2024,NA,NA,NA,NA,NA,"No Amenazada","Vulnerable (VU)","No CITES",NA
"L5065776","Mirador de Condor","https://ebird.org/hotspot/L5065776/bird-list","Limatambo","Cacicus chrysonotus","Cacicus chrysonotus (Lafresnaye & Orbigny, 1838)",2,2022,2024,"Passeriformes","Icteridae","Cacique Montañes","Mountain Cacique","Residente","No Amenazada","Preocupación Menor (LC)","No CITES",FALSE
"L5065776","Mirador de Condor","https://ebird.org/hotspot/L5065776/bird-list","Limatambo","Catamenia homochroa","Catamenia homochroa P.L.Sclater, 1859",2,2017,2022,"Passeriformes","Thraupidae","Semillero Paramero","Paramo Seedeater","Residente","No Amenazada","Preocupación Menor (LC)","No CITES",FALSE
"L5065776","Mirador de Condor","https://ebird.org/hotspot/L5065776/bird-list","Limatambo","Cathartes aura","Cathartes aura (Linnaeus, 1758)",2,2021,2022,"Cathartiformes","Cathartidae","Gallinazo de Cabeza Roja","Turkey Vulture","Residente","No Amenazada","Preocupación Menor (LC)","No CITES",FALSE
"L5065776","Mirador de Condor","https://ebird.org/hotspot/L5065776/bird-list","Limatambo","Chloephaga melanoptera","Oressochen melanopterus (Eyton, 1838)",2,2023,2023,NA,NA,NA,NA,NA,"No Amenazada","Preocupación Menor (LC)","No CITES",NA
"L5065776","Mirador de Condor","https://ebird.org/hotspot/L5065776/bird-list","Limatambo","Cinclus leucocephalus","Cinclus leucocephalus Tschudi, 1844",2,2019,2024,"Passeriformes","Cinclidae","Mirlo Acuático de Gorro Blanco","White-capped Dipper","Residente","No Amenazada","Preocupación Menor (LC)","No CITES",FALSE
"L5065776","Mirador de Condor","https://ebird.org/hotspot/L5065776/bird-list","Limatambo","Circus cinereus","Circus cinereus Vieillot, 1816",2,2024,2024,"Accipitriformes","Accipitridae","Aguilucho Cenizo","Cinereous Harrier","Residente","No Amenazada","Preocupación Menor (LC)","No CITES",FALSE
"L5065776","Mirador de Condor","https://ebird.org/hotspot/L5065776/bird-list","Limatambo","Coragyps atratus","Coragyps atratus (Bechstein, 1793)",2,2022,2022,"Cathartiformes","Cathartidae","Gallinazo de Cabeza Negra","Black Vulture","Residente","No Amenazada","Preocupación Menor (LC)","No CITES",FALSE
"L5065776","Mirador de Condor","https://ebird.org/hotspot/L5065776/bird-list","Limatambo","Diglossa sittoides","Diglossa sittoides (d'Orbigny & Lafresnaye, 1838)",2,2021,2024,"Passeriformes","Thraupidae","Pinchaflor de Pecho Canela","Rusty Flowerpiercer","Residente","No Amenazada","Preocupación Menor (LC)","No CITES",FALSE
"L5065776","Mirador de Condor","https://ebird.org/hotspot/L5065776/bird-list","Limatambo","Myiothlypis luteoviridis","Myiothlypis luteoviridis (Bonaparte, 1845)",2,2021,2024,"Passeriformes","Parulidae","Reinita Citrina","Citrine Warbler","Residente","No Amenazada","Preocupación Menor (LC)","No CITES",FALSE
"L5065776","Mirador de Condor","https://ebird.org/hotspot/L5065776/bird-list","Limatambo","Notiochelidon cyanoleuca","Pygochelidon cyanoleuca (Vieillot, 1817)",2,2018,2024,NA,NA,NA,NA,NA,"No Amenazada","Preocupación Menor (LC)","No CITES",NA
"L5065776","Mirador de Condor","https://ebird.org/hotspot/L5065776/bird-list","Limatambo","Ochthoeca oenanthoides","Ochthoeca oenanthoides (Orbigny & Lafresnaye, 1837)",2,2016,2022,"Passeriformes","Tyrannidae","Pitajo de d’Orbigny","d'Orbigny's Chat-Tyrant","Residente","No Amenazada","Preocupación Menor (LC)","No CITES",FALSE
"L5065776","Mirador de Condor","https://ebird.org/hotspot/L5065776/bird-list","Limatambo","Pardirallus sanguinolentus","Pardirallus sanguinolentus (Swainson, 1838)",2,2024,2024,"Gruiformes","Rallidae","Rascón Plomizo","Plumbeous Rail","Residente","No Amenazada","Preocupación Menor (LC)","No CITES",FALSE
"L5065776","Mirador de Condor","https://ebird.org/hotspot/L5065776/bird-list","Limatambo","Pipraeidea melanonota","Pipraeidea melanonota (Vieillot, 1819)",2,2024,2024,"Passeriformes","Thraupidae","Tangara de Pecho Anteado","Fawn-breasted Tanager","Residente","No Amenazada","Preocupación Menor (LC)","No CITES",FALSE
"L5065776","Mirador de Condor","https://ebird.org/hotspot/L5065776/bird-list","Limatambo","Sicalis uropigyalis","Sicalis uropigyalis (d'Orbigny & Lafresnaye, 1837)",2,2022,2022,NA,NA,NA,NA,NA,"No Amenazada","Preocupación Menor (LC)","No CITES",NA
"L5065776","Mirador de Condor","https://ebird.org/hotspot/L5065776/bird-list","Limatambo","Aeronautes montivagus","Aeronautes montivagus (d'Orbigny & Lafresnaye, 1837)",1,2014,2014,"Apodiformes","Apodidae","Vencejo Montañés","White-tipped Swift","Residente","No Amenazada","Preocupación Menor (LC)","No CITES",FALSE
"L5065776","Mirador de Condor","https://ebird.org/hotspot/L5065776/bird-list","Limatambo","Anas flavirostris","Anas flavirostris Vieillot, 1816",1,2022,2022,"Anseriformes","Anatidae","Pato Barcino","Yellow-billed Teal","Residente","No Amenazada","Preocupación Menor (LC)","No CITES",FALSE
"L5065776","Mirador de Condor","https://ebird.org/hotspot/L5065776/bird-list","Limatambo","Anthus brevirostris","Anthus brevirostris Taczanowski, 1875",1,2015,2015,NA,NA,NA,NA,NA,"No Amenazada","Preocupación Menor (LC)","No CITES",NA
"L5065776","Mirador de Condor","https://ebird.org/hotspot/L5065776/bird-list","Limatambo","Asthenes modesta","Asthenes modesta (Eyton, 1851)",1,2023,2023,"Passeriformes","Furnariidae","Canastero Cordillerano","Cordilleran Canastero","Residente","No Amenazada","Preocupación Menor (LC)","No CITES",FALSE
"L5065776","Mirador de Condor","https://ebird.org/hotspot/L5065776/bird-list","Limatambo","Atlapetes canigenis","Atlapetes canigenis Chapman, 1919",1,2019,2019,"Passeriformes","Passerellidae","Matorralero de Cusco","Cuzco Brushfinch","Endémico","No Amenazada","Preocupación Menor (LC)","No CITES",TRUE
"L5065776","Mirador de Condor","https://ebird.org/hotspot/L5065776/bird-list","Limatambo","Buteo brachyurus","Buteo brachyurus Vieillot, 1816",1,2017,2017,"Accipitriformes","Accipitridae","Aguilucho de Cola Corta","Short-tailed Hawk","Residente","No Amenazada","Preocupación Menor (LC)","No CITES",FALSE
"L5065776","Mirador de Condor","https://ebird.org/hotspot/L5065776/bird-list","Limatambo","Chaetocercus mulsant","Chaetocercus mulsant (Bourcier, 1843)",1,2018,2018,"Apodiformes","Trochilidae","Estrellita de Vientre Blanco","White-bellied Woodstar","Residente","No Amenazada","Preocupación Menor (LC)","No CITES",FALSE
"L5065776","Mirador de Condor","https://ebird.org/hotspot/L5065776/bird-list","Limatambo","Cinclodes atacamensis","Cinclodes atacamensis (Philippi, 1857)",1,2022,2022,"Passeriformes","Furnariidae","Churrete de Ala Blanca","White-winged Cinclodes","Residente","No Amenazada","Preocupación Menor (LC)","No CITES",FALSE
"L5065776","Mirador de Condor","https://ebird.org/hotspot/L5065776/bird-list","Limatambo","Claravis mondetoura","Paraclaravis mondetoura (Bonaparte, 1856)",1,2021,2021,NA,NA,NA,NA,NA,"No Amenazada","Preocupación Menor (LC)","No CITES",NA
"L5065776","Mirador de Condor","https://ebird.org/hotspot/L5065776/bird-list","Limatambo","Colaptes punctigula","Colaptes punctigula (Boddaert, 1783)",1,2024,2024,"Piciformes","Picidae","Carpintero de Pecho Punteado","Spot-breasted Woodpecker","Residente","No Amenazada","Preocupación Menor (LC)","No CITES",FALSE
"L5065776","Mirador de Condor","https://ebird.org/hotspot/L5065776/bird-list","Limatambo","Colaptes rivolii","Colaptes rivolii (Boissonneau, 1840)",1,2015,2015,"Piciformes","Picidae","Carpintero de Manto Carmesí","Crimson-mantled Woodpecker","Residente","No Amenazada","Preocupación Menor (LC)","No CITES",FALSE
"L5065776","Mirador de Condor","https://ebird.org/hotspot/L5065776/bird-list","Limatambo","Empidonax alnorum","Empidonax alnorum Brewster, 1895",1,2024,2024,"Passeriformes","Tyrannidae","Mosquerito de Alisos","Alder Flycatcher","Migratorio","No Amenazada","Preocupación Menor (LC)","No CITES",FALSE
"L5065776","Mirador de Condor","https://ebird.org/hotspot/L5065776/bird-list","Limatambo","Epinecrophylla ornata","Epinecrophylla ornata (P.L.Sclater, 1853)",1,2022,2022,"Passeriformes","Thamnophilidae","Hormiguerito Adornado","Ornate Stipplethroat","Residente","No Amenazada","Preocupación Menor (LC)","No CITES",FALSE
"L5065776","Mirador de Condor","https://ebird.org/hotspot/L5065776/bird-list","Limatambo","Hirundinea ferruginea","Hirundinea ferruginea (Gmelin, 1788)",1,2021,2021,"Passeriformes","Tyrannidae","Tirano de Riscos","Cliff Flycatcher","Residente","No Amenazada","Preocupación Menor (LC)","No CITES",FALSE
"L5065776","Mirador de Condor","https://ebird.org/hotspot/L5065776/bird-list","Limatambo","Hirundo rustica","Hirundo rustica Linnaeus, 1758",1,2022,2022,"Passeriformes","Hirundinidae","Golondrina Tijereta","Barn Swallow","Migratorio","No Amenazada","Preocupación Menor (LC)","No CITES",FALSE
"L5065776","Mirador de Condor","https://ebird.org/hotspot/L5065776/bird-list","Limatambo","Junonia vestina","Junonia vestina",1,2022,2022,NA,NA,NA,NA,NA,"No Amenazada","Preocupación Menor (LC)","No CITES",NA
"L5065776","Mirador de Condor","https://ebird.org/hotspot/L5065776/bird-list","Limatambo","Leucopternis albicollis","Pseudastur albicollis (Latham, 1790)",1,2021,2021,NA,NA,NA,NA,NA,"No Amenazada","Preocupación Menor (LC)","No CITES",NA
"L5065776","Mirador de Condor","https://ebird.org/hotspot/L5065776/bird-list","Limatambo","Mastigodryas boddaerti","Mastigodryas boddaerti (Sentzen, 1796)",1,2017,2017,NA,NA,NA,NA,NA,"No Amenazada","Preocupación Menor (LC)","No CITES",NA
"L5065776","Mirador de Condor","https://ebird.org/hotspot/L5065776/bird-list","Limatambo","Muscisaxicola griseus","Muscisaxicola griseus Taczanowski, 1884",1,2023,2023,"Passeriformes","Tyrannidae","Dormilona de Taczanowski","Taczanowski's Ground-Tyrant","Residente","No Amenazada","Preocupación Menor (LC)","No CITES",FALSE
"L5065776","Mirador de Condor","https://ebird.org/hotspot/L5065776/bird-list","Limatambo","Myrmotherula longicauda","Myrmotherula longicauda Berlepsch & Stolzmann, 1894",1,2022,2022,"Passeriformes","Thamnophilidae","Hormiguerito de Pecho Listado","Stripe-chested Antwren","Residente","No Amenazada","Preocupación Menor (LC)","No CITES",FALSE
"L5065776","Mirador de Condor","https://ebird.org/hotspot/L5065776/bird-list","Limatambo","Ochthoeca fumicolor","Ochthoeca fumicolor P.L.Sclater, 1856",1,2022,2022,"Passeriformes","Tyrannidae","Pitajo de Dorso Pardo","Brown-backed Chat-Tyrant","Residente","No Amenazada","Preocupación Menor (LC)","No CITES",FALSE
"L5065776","Mirador de Condor","https://ebird.org/hotspot/L5065776/bird-list","Limatambo","Odocoileus virginianus","Odocoileus virginianus peruvianus (Gray, 1874)",1,2023,2023,NA,NA,NA,NA,NA,"No Amenazada","Preocupación Menor (LC)","No CITES",NA
"L5065776","Mirador de Condor","https://ebird.org/hotspot/L5065776/bird-list","Limatambo","Oreonympha nobilis","Oreonympha nobilis Gould, 1869",1,2020,2020,"Apodiformes","Trochilidae","Montañes Barbudo","Bearded Mountaineer","Endémico","No Amenazada","Preocupación Menor (LC)","No CITES",TRUE
"L5065776","Mirador de Condor","https://ebird.org/hotspot/L5065776/bird-list","Limatambo","Pachyramphus validus","Pachyramphus validus (Lichtenstein, 1823)",1,2024,2024,"Passeriformes","Tityridae","Cabezón Crestado","Crested Becard","Residente","No Amenazada","Preocupación Menor (LC)","No CITES",FALSE
"L5065776","Mirador de Condor","https://ebird.org/hotspot/L5065776/bird-list","Limatambo","Phalacrocorax brasilianus","Nannopterum brasilianum (J.F.Gmelin, 1789)",1,2018,2018,"Suliformes","Phalacrocoracidae","Cormorán Neotropical","Neotropic Cormorant","Residente","No Amenazada","Preocupación Menor (LC)","No CITES",FALSE
"L5065776","Mirador de Condor","https://ebird.org/hotspot/L5065776/bird-list","Limatambo","Pheucticus chrysogaster","Pheucticus chrysogaster (Lesson, 1832)",1,2014,2014,"Passeriformes","Cardinalidae","Picogrueso Dorado","Golden Grosbeak","Residente","No Amenazada","Preocupación Menor (LC)","No CITES",FALSE
"L5065776","Mirador de Condor","https://ebird.org/hotspot/L5065776/bird-list","Limatambo","Polioxolmis rufipennis","Cnemarchus rufipennis (Taczanowski, 1874)",1,2019,2019,NA,NA,NA,NA,NA,"No Amenazada","Preocupación Menor (LC)","No CITES",NA
"L5065776","Mirador de Condor","https://ebird.org/hotspot/L5065776/bird-list","Limatambo","Rupornis magnirostris","Rupornis magnirostris (Gmelin, 1788)",1,2018,2018,"Accipitriformes","Accipitridae","Aguilucho Caminero","Roadside Hawk","Residente","No Amenazada","Preocupación Menor (LC)","No CITES",FALSE
"L5065776","Mirador de Condor","https://ebird.org/hotspot/L5065776/bird-list","Limatambo","Saltator maximus","Saltator maximus (P.L.S.Müller, 1776)",1,2022,2022,"Passeriformes","Thraupidae","Saltador de Garganta Anteada","Buff-throated Saltator","Residente","No Amenazada","Preocupación Menor (LC)","No CITES",FALSE
"L5065776","Mirador de Condor","https://ebird.org/hotspot/L5065776/bird-list","Limatambo","Scytalopus urubambae","Scytalopus urubambae Zimmer, 1939",1,2019,2019,"Passeriformes","Rhinocryptidae","Tapaculo de Vilcabamba","Vilcabamba Tapaculo","Endémico","No Amenazada","Preocupación Menor (LC)","No CITES",TRUE
"L5065776","Mirador de Condor","https://ebird.org/hotspot/L5065776/bird-list","Limatambo","Sicalis luteola","Sicalis luteola (Sparrman, 1789)",1,2022,2022,"Passeriformes","Thraupidae","Chirigüe Común","Grassland Yellow-Finch","Residente","No Amenazada","Preocupación Menor (LC)","No CITES",FALSE
"L5065776","Mirador de Condor","https://ebird.org/hotspot/L5065776/bird-list","Limatambo","Sporathraupis cyanocephala","Sporathraupis cyanocephala (d'Orbigny & Lafresnaye, 1837)",1,2021,2021,"Passeriformes","Thraupidae","Tangara de Gorro Azul","Blue-capped Tanager","Residente","No Amenazada","Preocupación Menor (LC)","No CITES",FALSE
"L5065776","Mirador de Condor","https://ebird.org/hotspot/L5065776/bird-list","Limatambo","Thecla rufofusca","Strymon rufofusca (Hewitson, 1877)",1,2022,2022,NA,NA,NA,NA,NA,"No Amenazada","Preocupación Menor (LC)","No CITES",NA
"L5065776","Mirador de Condor","https://ebird.org/hotspot/L5065776/bird-list","Limatambo","Tigrisoma fasciatum","Tigrisoma fasciatum (Such, 1825)",1,2022,2022,"Pelecaniformes","Ardeidae","Garza-Tigre Oscura","Fasciated Tiger-Heron","Residente","No Amenazada","Preocupación Menor (LC)","No CITES",FALSE
"L5065776","Mirador de Condor","https://ebird.org/hotspot/L5065776/bird-list","Limatambo","Tringa solitaria","Tringa solitaria A.Wilson, 1813",1,2022,2022,"Charadriiformes","Scolopacidae","Playero Solitario","Solitary Sandpiper","Migratorio","No Amenazada","Preocupación Menor (LC)","No CITES",FALSE
"L782919","Parque Arqueológico Choquequirao","https://ebird.org/hotspot/L782919/bird-list","Mollepata","Vultur gryphus","Vultur gryphus Linnaeus, 1758",31,2004,2024,"Cathartiformes","Cathartidae","Cóndor Andino","Andean Condor","Residente","En Peligro (EN)","Vulnerable (VU)","Apéndice I",FALSE
"L782919","Parque Arqueológico Choquequirao","https://ebird.org/hotspot/L782919/bird-list","Mollepata","Zonotrichia capensis","Zonotrichia capensis (P.L.S.Müller, 1776)",29,2004,2024,"Passeriformes","Passerellidae","Gorrión de Collar Rufo","Rufous-collared Sparrow","Residente","No Amenazada","Preocupación Menor (LC)","No CITES",FALSE
"L782919","Parque Arqueológico Choquequirao","https://ebird.org/hotspot/L782919/bird-list","Mollepata","Colibri coruscans","Colibri coruscans (Gould, 1846)",28,2004,2024,"Apodiformes","Trochilidae","Oreja-Violeta de Vientre Azul","Sparkling Violetear","Residente","No Amenazada","Preocupación Menor (LC)","No CITES",FALSE
"L782919","Parque Arqueológico Choquequirao","https://ebird.org/hotspot/L782919/bird-list","Mollepata","Knipolegus aterrimus","Knipolegus aterrimus Kaup, 1853",28,2008,2024,"Passeriformes","Tyrannidae","Viudita-Negra de Ala Blanca","White-winged Black-Tyrant","Residente","No Amenazada","Preocupación Menor (LC)","No CITES",FALSE
"L782919","Parque Arqueológico Choquequirao","https://ebird.org/hotspot/L782919/bird-list","Mollepata","Cranioleuca albicapilla","Cranioleuca albicapilla (Cabanis, 1873)",26,2008,2025,"Passeriformes","Furnariidae","Cola-Espina de Cresta Cremosa","Creamy-crested Spinetail","Endémico","No Amenazada","Preocupación Menor (LC)","No CITES",TRUE
"L782919","Parque Arqueológico Choquequirao","https://ebird.org/hotspot/L782919/bird-list","Mollepata","Turdus fuscater","Turdus fuscater Orbigny & Lafresnaye, 1837",25,2009,2024,"Passeriformes","Turdidae","Zorzal Grande","Great Thrush","Residente","No Amenazada","Preocupación Menor (LC)","No CITES",FALSE
"L782919","Parque Arqueológico Choquequirao","https://ebird.org/hotspot/L782919/bird-list","Mollepata","Aratinga mitrata","Psittacara mitratus (Tschudi, 1844)",24,2008,2024,NA,NA,NA,NA,NA,"No Amenazada","Preocupación Menor (LC)","No CITES",NA
"L782919","Parque Arqueológico Choquequirao","https://ebird.org/hotspot/L782919/bird-list","Mollepata","Geranoaetus melanoleucus","Geranoaetus melanoleucus (Vieillot, 1819)",24,2004,2024,"Accipitriformes","Accipitridae","Aguilucho de Pecho Negro","Black-chested Buzzard-Eagle","Residente","No Amenazada","Preocupación Menor (LC)","Apéndice II",FALSE
"L782919","Parque Arqueológico Choquequirao","https://ebird.org/hotspot/L782919/bird-list","Mollepata","Myioborus melanocephalus","Myioborus melanocephalus (Tschudi, 1844)",24,2008,2025,"Passeriformes","Parulidae","Candelita de Anteojos","Spectacled Redstart","Residente","No Amenazada","Preocupación Menor (LC)","No CITES",FALSE
"L782919","Parque Arqueológico Choquequirao","https://ebird.org/hotspot/L782919/bird-list","Mollepata","Pheucticus aureoventris","Pheucticus aureoventris (d'Orbigny & Lafresnaye, 1837)",24,2008,2026,"Passeriformes","Cardinalidae","Picogrueso de Dorso Negro","Black-backed Grosbeak","Residente","No Amenazada","Preocupación Menor (LC)","No CITES",FALSE
"L782919","Parque Arqueológico Choquequirao","https://ebird.org/hotspot/L782919/bird-list","Mollepata","Turdus chiguanco","Turdus chiguanco Orbigny & Lafresnaye, 1837",23,2004,2023,"Passeriformes","Turdidae","Zorzal Chiguanco","Chiguanco Thrush","Residente","No Amenazada","Preocupación Menor (LC)","No CITES",FALSE
"L782919","Parque Arqueológico Choquequirao","https://ebird.org/hotspot/L782919/bird-list","Mollepata","Penelope montagnii","Penelope montagnii (Bonaparte, 1856)",21,2009,2024,"Galliformes","Cracidae","Pava Andina","Andean Guan","Residente","No Amenazada","Preocupación Menor (LC)","No CITES",FALSE
"L782919","Parque Arqueológico Choquequirao","https://ebird.org/hotspot/L782919/bird-list","Mollepata","Troglodytes musculus","Troglodytes musculus J.F.Naumann, 1823",21,2008,2024,"Passeriformes","Troglodytidae","Cucarachero Común Sureño","Southern House-Wren","Residente","No Amenazada","Preocupación Menor (LC)","No CITES",FALSE
"L782919","Parque Arqueológico Choquequirao","https://ebird.org/hotspot/L782919/bird-list","Mollepata","Aeronautes andecolus","Aeronautes andecolus (d'Orbigny & Lafresnaye, 1837)",20,2004,2024,"Apodiformes","Apodidae","Vencejo Andino","Andean Swift","Residente","No Amenazada","Preocupación Menor (LC)","No CITES",FALSE
"L782919","Parque Arqueológico Choquequirao","https://ebird.org/hotspot/L782919/bird-list","Mollepata","Ampelion rubrocristatus","Ampelion rubrocristatus (Orbigny & Lafresnaye, 1837)",20,2008,2024,"Passeriformes","Cotingidae","Cotinga de Cresta Roja","Red-crested Cotinga","Residente","No Amenazada","Preocupación Menor (LC)","No CITES",FALSE
"L782919","Parque Arqueológico Choquequirao","https://ebird.org/hotspot/L782919/bird-list","Mollepata","Atlapetes forbesi","Atlapetes forbesi Morrison, 1947",20,2008,2025,"Passeriformes","Passerellidae","Matorralero de Apurímac","Apurimac Brushfinch","Endémico","No Amenazada","Preocupación Menor (LC)","No CITES",TRUE
"L782919","Parque Arqueológico Choquequirao","https://ebird.org/hotspot/L782919/bird-list","Mollepata","Buteo polyosoma","Geranoaetus polyosoma (Quoy & Gaimard, 1824)",20,2005,2024,NA,NA,NA,NA,NA,"No Amenazada","Preocupación Menor (LC)","Apéndice II",NA
"L782919","Parque Arqueológico Choquequirao","https://ebird.org/hotspot/L782919/bird-list","Mollepata","Elliotomyia chionogaster","Elliotomyia chionogaster (Tschudi, 1846)",20,2015,2024,"Apodiformes","Trochilidae","Colibrí de Vientre Blanco","White-bellied Hummingbird","Residente","No Amenazada","Preocupación Menor (LC)","No CITES",FALSE
"L782919","Parque Arqueológico Choquequirao","https://ebird.org/hotspot/L782919/bird-list","Mollepata","Grallaria squamigera","Grallaria squamigera Prevost & Des Murs, 1842",20,2009,2025,"Passeriformes","Grallariidae","Tororoi Ondulado","Undulated Antpitta","Residente","No Amenazada","Preocupación Menor (LC)","No CITES",FALSE
"L782919","Parque Arqueológico Choquequirao","https://ebird.org/hotspot/L782919/bird-list","Mollepata","Saltator aurantiirostris","Saltator aurantiirostris Vieillot, 1817",20,2004,2024,"Passeriformes","Thraupidae","Saltador de Pico Dorado","Golden-billed Saltator","Residente","No Amenazada","Preocupación Menor (LC)","No CITES",FALSE
"L782919","Parque Arqueológico Choquequirao","https://ebird.org/hotspot/L782919/bird-list","Mollepata","Falco sparverius","Falco sparverius Linnaeus, 1758",19,2004,2024,"Falconiformes","Falconidae","Cernícalo Americano","American Kestrel","Residente","No Amenazada","Preocupación Menor (LC)","No CITES",FALSE
"L782919","Parque Arqueológico Choquequirao","https://ebird.org/hotspot/L782919/bird-list","Mollepata","Thlypopsis ruficeps","Thlypopsis ruficeps (d'Orbigny & Lafresnaye, 1837)",19,2009,2024,"Passeriformes","Thraupidae","Tangara Rufa y Amarilla","Rust-and-yellow Tanager","Residente","No Amenazada","Preocupación Menor (LC)","No CITES",FALSE
"L782919","Parque Arqueológico Choquequirao","https://ebird.org/hotspot/L782919/bird-list","Mollepata","Colibri cyanotus","Colibri cyanotus (Bourcier, 1843)",18,2007,2024,"Apodiformes","Trochilidae","Oreja-Violeta Menor","Lesser Violetear","Residente","No Amenazada","Preocupación Menor (LC)","No CITES",FALSE
"L782919","Parque Arqueológico Choquequirao","https://ebird.org/hotspot/L782919/bird-list","Mollepata","Metallura tyrianthina","Metallura tyrianthina (Loddiges, 1832)",17,2009,2024,"Apodiformes","Trochilidae","Colibrí Tirio","Tyrian Metaltail","Residente","No Amenazada","Preocupación Menor (LC)","No CITES",FALSE
"L782919","Parque Arqueológico Choquequirao","https://ebird.org/hotspot/L782919/bird-list","Mollepata","Lafresnaya lafresnayi","Lafresnaya lafresnayi (Boissonneau, 1840)",16,2008,2024,"Apodiformes","Trochilidae","Colibrí Aterciopelado","Mountain Velvetbreast","Residente","No Amenazada","Preocupación Menor (LC)","No CITES",FALSE
"L782919","Parque Arqueológico Choquequirao","https://ebird.org/hotspot/L782919/bird-list","Mollepata","Lesbia victoriae","Lesbia victoriae (Bourcier & Mulsant, 1846)",16,2009,2023,"Apodiformes","Trochilidae","Colibrí de Cola Larga Negra","Black-tailed Trainbearer","Residente","No Amenazada","Preocupación Menor (LC)","No CITES",FALSE
"L782919","Parque Arqueológico Choquequirao","https://ebird.org/hotspot/L782919/bird-list","Mollepata","Notiochelidon cyanoleuca","Pygochelidon cyanoleuca (Vieillot, 1817)",16,2015,2024,NA,NA,NA,NA,NA,"No Amenazada","Preocupación Menor (LC)","No CITES",NA
"L782919","Parque Arqueológico Choquequirao","https://ebird.org/hotspot/L782919/bird-list","Mollepata","Patagioenas fasciata","Patagioenas fasciata (Say, 1822)",16,2004,2025,"Columbiformes","Columbidae","Paloma de Nuca Blanca","Band-tailed Pigeon","Residente","No Amenazada","Preocupación Menor (LC)","No CITES",FALSE
"L782919","Parque Arqueológico Choquequirao","https://ebird.org/hotspot/L782919/bird-list","Mollepata","Lesbia nuna","Lesbia nuna (R.Lesson, 1832)",15,2015,2024,"Apodiformes","Trochilidae","Colibrí de Cola Larga Verde","Green-tailed Trainbearer","Residente","No Amenazada","Preocupación Menor (LC)","No CITES",FALSE
"L782919","Parque Arqueológico Choquequirao","https://ebird.org/hotspot/L782919/bird-list","Mollepata","Synallaxis courseni","Synallaxis courseni Blake, 1971",15,2015,2024,"Passeriformes","Furnariidae","Cola-Espina de Apurímac","Apurimac Spinetail","Endémico","No Amenazada","Casi Amenazada (NT)","No CITES",TRUE
"L782919","Parque Arqueológico Choquequirao","https://ebird.org/hotspot/L782919/bird-list","Mollepata","Pyrrhomyias cinnamomeus","Pyrrhomyias cinnamomeus (Orbigny & Lafresnaye, 1837)",14,2008,2024,"Passeriformes","Tyrannidae","Mosquerito Canela","Cinnamon Flycatcher","Residente","No Amenazada","Preocupación Menor (LC)","No CITES",FALSE
"L782919","Parque Arqueológico Choquequirao","https://ebird.org/hotspot/L782919/bird-list","Mollepata","Spinus magellanicus","Spinus magellanicus (Vieillot, 1805)",14,2015,2023,"Passeriformes","Fringillidae","Jilguero Encapuchado","Hooded Siskin","Residente","No Amenazada","Preocupación Menor (LC)","No CITES",FALSE
"L782919","Parque Arqueológico Choquequirao","https://ebird.org/hotspot/L782919/bird-list","Mollepata","Bolborhynchus orbygnesius","Bolborhynchus orbygnesius (Souance, 1856)",13,2009,2023,"Psittaciformes","Psittacidae","Perico Andino","Andean Parakeet","Residente","No Amenazada","Preocupación Menor (LC)","No CITES",FALSE
"L782919","Parque Arqueológico Choquequirao","https://ebird.org/hotspot/L782919/bird-list","Mollepata","Myiothlypis luteoviridis","Myiothlypis luteoviridis (Bonaparte, 1845)",13,2008,2022,"Passeriformes","Parulidae","Reinita Citrina","Citrine Warbler","Residente","No Amenazada","Preocupación Menor (LC)","No CITES",FALSE
"L782919","Parque Arqueológico Choquequirao","https://ebird.org/hotspot/L782919/bird-list","Mollepata","Piaya cayana","Piaya cayana (Linnaeus, 1766)",13,2016,2024,"Cuculiformes","Cuculidae","Cuco Ardilla","Squirrel Cuckoo","Residente","No Amenazada","Preocupación Menor (LC)","No CITES",FALSE
"L782919","Parque Arqueológico Choquequirao","https://ebird.org/hotspot/L782919/bird-list","Mollepata","Synallaxis azarae","Synallaxis azarae Orbigny, 1835",13,2009,2024,"Passeriformes","Furnariidae","Cola-Espina de Azara","Azara's Spinetail","Residente","No Amenazada","Preocupación Menor (LC)","No CITES",FALSE
"L782919","Parque Arqueológico Choquequirao","https://ebird.org/hotspot/L782919/bird-list","Mollepata","Diglossa brunneiventris","Diglossa brunneiventris Lafresnaye, 1846",12,2009,2024,"Passeriformes","Thraupidae","Pinchaflor de Garganta Negra","Black-throated Flowerpiercer","Residente","No Amenazada","Preocupación Menor (LC)","No CITES",FALSE
"L782919","Parque Arqueológico Choquequirao","https://ebird.org/hotspot/L782919/bird-list","Mollepata","Mecocerculus stictopterus","Mecocerculus stictopterus (P.L.Sclater, 1859)",12,2008,2025,"Passeriformes","Tyrannidae","Tiranillo de Ala Bandeada","White-banded Tyrannulet","Residente","No Amenazada","Preocupación Menor (LC)","No CITES",FALSE
"L782919","Parque Arqueológico Choquequirao","https://ebird.org/hotspot/L782919/bird-list","Mollepata","Conirostrum cinereum","Conirostrum cinereum d'Orbigny & Lafresnaye, 1838",11,2004,2025,"Passeriformes","Thraupidae","Pico-de-Cono Cinéreo","Cinereous Conebill","Residente","No Amenazada","Preocupación Menor (LC)","No CITES",FALSE
"L782919","Parque Arqueológico Choquequirao","https://ebird.org/hotspot/L782919/bird-list","Mollepata","Elaenia pallatangae","Elaenia pallatangae P.L.Sclater, 1862",11,2009,2024,"Passeriformes","Tyrannidae","Fío-Fío Serrano","Sierran Elaenia","Residente","No Amenazada","Preocupación Menor (LC)","No CITES",FALSE
"L782919","Parque Arqueológico Choquequirao","https://ebird.org/hotspot/L782919/bird-list","Mollepata","Poospizopsis caesar","Poospizopsis caesar (P.L.Sclater & Salvin, 1869)",11,2004,2024,"Passeriformes","Thraupidae","Monterita de Pecho Castaño","Chestnut-breasted Mountain Finch","Endémico","No Amenazada","Preocupación Menor (LC)","No CITES",TRUE
"L782919","Parque Arqueológico Choquequirao","https://ebird.org/hotspot/L782919/bird-list","Mollepata","Systellura longirostris","Systellura longirostris (Bonaparte, 1825)",11,2007,2023,"Caprimulgiformes","Caprimulgidae","Chotacabras de Ala Bandeada","Band-winged Nightjar","Residente","No Amenazada","Preocupación Menor (LC)","No CITES",FALSE
"L782919","Parque Arqueológico Choquequirao","https://ebird.org/hotspot/L782919/bird-list","Mollepata","Troglodytes solstitialis","Troglodytes solstitialis P.L.Sclater, 1859",11,2004,2024,"Passeriformes","Troglodytidae","Cucarachero Montañes","Mountain Wren","Residente","No Amenazada","Preocupación Menor (LC)","No CITES",FALSE
"L782919","Parque Arqueológico Choquequirao","https://ebird.org/hotspot/L782919/bird-list","Mollepata","Buteo albigula","Buteo albigula Philippi, 1899",10,2008,2024,"Accipitriformes","Accipitridae","Aguilucho de Garganta Blanca","White-throated Hawk","Residente","No Amenazada","Preocupación Menor (LC)","No CITES",FALSE
"L782919","Parque Arqueológico Choquequirao","https://ebird.org/hotspot/L782919/bird-list","Mollepata","Myiothlypis signata","Myiothlypis signata (von Berlepsch & Stolzmann, 1906)",10,2009,2023,"Passeriformes","Parulidae","Reinita de Pata Pálida","Pale-legged Warbler","Residente","No Amenazada","Preocupación Menor (LC)","No CITES",FALSE
"L782919","Parque Arqueológico Choquequirao","https://ebird.org/hotspot/L782919/bird-list","Mollepata","Scytalopus parvirostris","Scytalopus parvirostris Zimmer, 1939",10,2008,2023,"Passeriformes","Rhinocryptidae","Tapaculo Trinador","Trilling Tapaculo","Residente","No Amenazada","Preocupación Menor (LC)","No CITES",FALSE
"L782919","Parque Arqueológico Choquequirao","https://ebird.org/hotspot/L782919/bird-list","Mollepata","Crotophaga ani","Crotophaga ani Linnaeus, 1758",9,2015,2024,"Cuculiformes","Cuculidae","Garrapatero de Pico Liso","Smooth-billed Ani","Residente","No Amenazada","Preocupación Menor (LC)","No CITES",FALSE
"L782919","Parque Arqueológico Choquequirao","https://ebird.org/hotspot/L782919/bird-list","Mollepata","Elaenia albiceps","Elaenia albiceps (Orbigny & Lafresnaye, 1837)",9,2004,2022,"Passeriformes","Tyrannidae","Fío-Fío de Cresta Blanca","White-crested Elaenia","Residente","No Amenazada","Preocupación Menor (LC)","No CITES",FALSE
"L782919","Parque Arqueológico Choquequirao","https://ebird.org/hotspot/L782919/bird-list","Mollepata","Elliotomyia viridicauda","Elliotomyia viridicauda (von Berlepsch, 1883)",9,2019,2023,"Apodiformes","Trochilidae","Colibrí Verde y Blanco","Green-and-white Hummingbird","Endémico","No Amenazada","Preocupación Menor (LC)","No CITES",TRUE
"L782919","Parque Arqueológico Choquequirao","https://ebird.org/hotspot/L782919/bird-list","Mollepata","Falco femoralis","Falco femoralis Temminck, 1822",9,2016,2024,"Falconiformes","Falconidae","Halcón Aplomado","Aplomado Falcon","Residente","No Amenazada","Preocupación Menor (LC)","No CITES",FALSE
"L782919","Parque Arqueológico Choquequirao","https://ebird.org/hotspot/L782919/bird-list","Mollepata","Notiochelidon murina","Orochelidon murina (Cassin, 1853)",9,2008,2022,NA,NA,NA,NA,NA,"No Amenazada","Preocupación Menor (LC)","No CITES",NA
"L782919","Parque Arqueológico Choquequirao","https://ebird.org/hotspot/L782919/bird-list","Mollepata","Euphonia laniirostris","Euphonia laniirostris d'Orbigny & Lafresnaye, 1837",8,2020,2022,"Passeriformes","Fringillidae","Eufonia de Pico Grueso","Thick-billed Euphonia","Residente","No Amenazada","Preocupación Menor (LC)","No CITES",FALSE
"L782919","Parque Arqueológico Choquequirao","https://ebird.org/hotspot/L782919/bird-list","Mollepata","Leptotila verreauxi","Leptotila verreauxi Bonaparte, 1855",8,2016,2023,"Columbiformes","Columbidae","Paloma de Puntas Blancas","White-tipped Dove","Residente","No Amenazada","Preocupación Menor (LC)","No CITES",FALSE
"L782919","Parque Arqueológico Choquequirao","https://ebird.org/hotspot/L782919/bird-list","Mollepata","Xenops rutilans","Xenops rutilans Temminck, 1821",8,2020,2022,"Passeriformes","Furnariidae","Pico-Lezna Rayado","Streaked Xenops","Residente","No Amenazada","Preocupación Menor (LC)","No CITES",FALSE
"L782919","Parque Arqueológico Choquequirao","https://ebird.org/hotspot/L782919/bird-list","Mollepata","Zenaida auriculata","Zenaida auriculata (Des Murs, 1847)",8,2020,2022,"Columbiformes","Columbidae","Tórtola Orejuda","Eared Dove","Residente","No Amenazada","Preocupación Menor (LC)","No CITES",FALSE
"L782919","Parque Arqueológico Choquequirao","https://ebird.org/hotspot/L782919/bird-list","Mollepata","Grallaria rufula","Grallaria occabambae (Chapman, 1923)",7,2005,2024,NA,NA,NA,NA,NA,"No Amenazada","Preocupación Menor (LC)","No CITES",NA
"L782919","Parque Arqueológico Choquequirao","https://ebird.org/hotspot/L782919/bird-list","Mollepata","Sicalis olivascens","Sicalis olivascens (d'Orbigny & Lafresnaye, 1837)",7,2015,2023,"Passeriformes","Thraupidae","Chirigüe Verdoso","Greenish Yellow-Finch","Residente","No Amenazada","Preocupación Menor (LC)","No CITES",FALSE
"L782919","Parque Arqueológico Choquequirao","https://ebird.org/hotspot/L782919/bird-list","Mollepata","Vireo olivaceus","Vireo chivi (Vieillot, 1817)",7,2015,2023,"Passeriformes","Vireonidae","Víreo de Ojo Rojo","Red-eyed Vireo","Migratorio","No Amenazada","Preocupación Menor (LC)","No CITES",FALSE
"L782919","Parque Arqueológico Choquequirao","https://ebird.org/hotspot/L782919/bird-list","Mollepata","Asthenes ottonis","Asthenes ottonis (Berlepsch, 1901)",6,2016,2023,"Passeriformes","Furnariidae","Canastero de Frente Rojiza","Rusty-fronted Canastero","Endémico","No Amenazada","Preocupación Menor (LC)","No CITES",TRUE
"L782919","Parque Arqueológico Choquequirao","https://ebird.org/hotspot/L782919/bird-list","Mollepata","Catamblyrhynchus diadema","Catamblyrhynchus diadema Lafresnaye, 1842",6,2019,2025,"Passeriformes","Thraupidae","Gorro Afelpado","Plushcap","Residente","No Amenazada","Preocupación Menor (LC)","No CITES",FALSE
"L782919","Parque Arqueológico Choquequirao","https://ebird.org/hotspot/L782919/bird-list","Mollepata","Colaptes rivolii","Colaptes rivolii (Boissonneau, 1840)",6,2020,2022,"Piciformes","Picidae","Carpintero de Manto Carmesí","Crimson-mantled Woodpecker","Residente","No Amenazada","Preocupación Menor (LC)","No CITES",FALSE
"L782919","Parque Arqueológico Choquequirao","https://ebird.org/hotspot/L782919/bird-list","Mollepata","Eriocnemis luciani","Eriocnemis luciani (Bourcier, 1847)",6,2009,2024,"Apodiformes","Trochilidae","Calzadito de Cola Larga","Sapphire-vented Puffleg","Residente","No Amenazada","Preocupación Menor (LC)","No CITES",FALSE
"L782919","Parque Arqueológico Choquequirao","https://ebird.org/hotspot/L782919/bird-list","Mollepata","Rauenia bonariensis","Rauenia bonariensis (J.F.Gmelin, 1789)",6,2020,2022,"Passeriformes","Thraupidae","Tangara Azul y Amarilla","Blue-and-yellow Tanager","Residente","No Amenazada","Preocupación Menor (LC)","No CITES",FALSE
"L782919","Parque Arqueológico Choquequirao","https://ebird.org/hotspot/L782919/bird-list","Mollepata","Aglaeactis cupripennis","Aglaeactis cupripennis (Bourcier, 1843)",5,2009,2024,"Apodiformes","Trochilidae","Rayo-de-Sol Brillante","Shining Sunbeam","Residente","No Amenazada","Preocupación Menor (LC)","No CITES",FALSE
"L782919","Parque Arqueológico Choquequirao","https://ebird.org/hotspot/L782919/bird-list","Mollepata","Cacicus chrysonotus","Cacicus chrysonotus (Lafresnaye & Orbigny, 1838)",5,2009,2024,"Passeriformes","Icteridae","Cacique Montañes","Mountain Cacique","Residente","No Amenazada","Preocupación Menor (LC)","No CITES",FALSE
"L782919","Parque Arqueológico Choquequirao","https://ebird.org/hotspot/L782919/bird-list","Mollepata","Catamenia analis","Catamenia analis (d'Orbigny & Lafresnaye, 1837)",5,2015,2022,"Passeriformes","Thraupidae","Semillero de Cola Bandeada","Band-tailed Seedeater","Residente","No Amenazada","Preocupación Menor (LC)","No CITES",FALSE
"L782919","Parque Arqueológico Choquequirao","https://ebird.org/hotspot/L782919/bird-list","Mollepata","Conirostrum ferrugineiventre","Conirostrum ferrugineiventre P.L.Sclater, 1855",5,2022,2022,"Passeriformes","Thraupidae","Pico-de-Cono de Ceja Blanca","White-browed Conebill","Residente","No Amenazada","Preocupación Menor (LC)","No CITES",FALSE
"L782919","Parque Arqueológico Choquequirao","https://ebird.org/hotspot/L782919/bird-list","Mollepata","Diglossa sittoides","Diglossa sittoides (d'Orbigny & Lafresnaye, 1838)",5,2004,2022,"Passeriformes","Thraupidae","Pinchaflor de Pecho Canela","Rusty Flowerpiercer","Residente","No Amenazada","Preocupación Menor (LC)","No CITES",FALSE
"L782919","Parque Arqueológico Choquequirao","https://ebird.org/hotspot/L782919/bird-list","Mollepata","Mecocerculus leucophrys","Mecocerculus leucophrys (Orbigny & Lafresnaye, 1837)",5,2009,2022,"Passeriformes","Tyrannidae","Tiranillo de Garganta Blanca","White-throated Tyrannulet","Residente","No Amenazada","Preocupación Menor (LC)","No CITES",FALSE
"L782919","Parque Arqueológico Choquequirao","https://ebird.org/hotspot/L782919/bird-list","Mollepata","Megascops koepckeae","Megascops koepckeae (Hekstra, 1982)",5,2022,2024,"Strigiformes","Strigidae","Lechuza de Koepcke","Koepcke's Screech-Owl","Residente","No Amenazada","Preocupación Menor (LC)","No CITES",FALSE
"L782919","Parque Arqueológico Choquequirao","https://ebird.org/hotspot/L782919/bird-list","Mollepata","Ochthoeca leucophrys","Ochthoeca leucophrys (Orbigny & Lafresnaye, 1837)",5,2022,2022,"Passeriformes","Tyrannidae","Pitajo de Ceja Blanca","White-browed Chat-Tyrant","Residente","No Amenazada","Preocupación Menor (LC)","No CITES",FALSE
"L782919","Parque Arqueológico Choquequirao","https://ebird.org/hotspot/L782919/bird-list","Mollepata","Ochthoeca thoracica","Ochthoeca thoracica Taczanowski, 1874",5,2008,2023,NA,NA,NA,NA,NA,"No Amenazada","Preocupación Menor (LC)","No CITES",NA
"L782919","Parque Arqueológico Choquequirao","https://ebird.org/hotspot/L782919/bird-list","Mollepata","Patagona gigas","Patagona gigas (Vieillot, 1824)",5,2019,2022,"Apodiformes","Trochilidae","Colibrí Gigante Sureño","Southern Giant-Hummingbird","Migratorio","No Amenazada","Preocupación Menor (LC)","No CITES",FALSE
"L782919","Parque Arqueológico Choquequirao","https://ebird.org/hotspot/L782919/bird-list","Mollepata","Tigrisoma fasciatum","Tigrisoma fasciatum (Such, 1825)",5,2022,2022,"Pelecaniformes","Ardeidae","Garza-Tigre Oscura","Fasciated Tiger-Heron","Residente","No Amenazada","Preocupación Menor (LC)","No CITES",FALSE
"L782919","Parque Arqueológico Choquequirao","https://ebird.org/hotspot/L782919/bird-list","Mollepata","Anairetes flavirostris","Anairetes flavirostris P.L.Sclater & Salvin, 1876",4,2019,2023,"Passeriformes","Tyrannidae","Torito de Pico Amarillo","Yellow-billed Tit-Tyrant","Residente","No Amenazada","Preocupación Menor (LC)","No CITES",FALSE
"L782919","Parque Arqueológico Choquequirao","https://ebird.org/hotspot/L782919/bird-list","Mollepata","Chaetocercus mulsant","Chaetocercus mulsant (Bourcier, 1843)",4,2008,2020,"Apodiformes","Trochilidae","Estrellita de Vientre Blanco","White-bellied Woodstar","Residente","No Amenazada","Preocupación Menor (LC)","No CITES",FALSE
"L782919","Parque Arqueológico Choquequirao","https://ebird.org/hotspot/L782919/bird-list","Mollepata","Coeligena torquata","Coeligena inca (Gould, 1852)",4,2020,2022,"Apodiformes","Trochilidae","Inca Acollarado","Collared Inca","Residente","No Amenazada","Preocupación Menor (LC)","No CITES",FALSE
"L782919","Parque Arqueológico Choquequirao","https://ebird.org/hotspot/L782919/bird-list","Mollepata","Ensifera ensifera","Ensifera ensifera (Boissonneau, 1840)",4,2009,2020,"Apodiformes","Trochilidae","Colibrí Pico-Espada","Sword-billed Hummingbird","Residente","No Amenazada","Preocupación Menor (LC)","No CITES",FALSE
"L782919","Parque Arqueológico Choquequirao","https://ebird.org/hotspot/L782919/bird-list","Mollepata","Metallura aeneocauda","Metallura aeneocauda (Gould, 1846)",4,2009,2023,"Apodiformes","Trochilidae","Colibrí Escamoso","Scaled Metaltail","Residente","No Amenazada","Preocupación Menor (LC)","No CITES",FALSE
"L782919","Parque Arqueológico Choquequirao","https://ebird.org/hotspot/L782919/bird-list","Mollepata","Myioborus miniatus","Myioborus miniatus (Swainson, 1827)",4,2009,2022,"Passeriformes","Parulidae","Candelita de Garganta Plomiza","Slate-throated Redstart","Residente","No Amenazada","Preocupación Menor (LC)","No CITES",FALSE
"L782919","Parque Arqueológico Choquequirao","https://ebird.org/hotspot/L782919/bird-list","Mollepata","Myiotheretes striaticollis","Myiotheretes striaticollis (P.L.Sclater, 1853)",4,2019,2022,"Passeriformes","Tyrannidae","Ala-Rufa de Garganta Rayada","Streak-throated Bush-Tyrant","Residente","No Amenazada","Preocupación Menor (LC)","No CITES",FALSE
"L782919","Parque Arqueológico Choquequirao","https://ebird.org/hotspot/L782919/bird-list","Mollepata","Ochthoeca rufipectoralis","Ochthoeca rufipectoralis (Orbigny & Lafresnaye, 1837)",4,2008,2022,"Passeriformes","Tyrannidae","Pitajo de Pecho Rufo","Rufous-breasted Chat-Tyrant","Residente","No Amenazada","Preocupación Menor (LC)","No CITES",FALSE
"L782919","Parque Arqueológico Choquequirao","https://ebird.org/hotspot/L782919/bird-list","Mollepata","Patagioenas maculosa","Patagioenas maculosa (Temminck, 1813)",4,2020,2022,"Columbiformes","Columbidae","Paloma de Ala Moteada","Spot-winged Pigeon","Residente","No Amenazada","Preocupación Menor (LC)","No CITES",FALSE
"L782919","Parque Arqueológico Choquequirao","https://ebird.org/hotspot/L782919/bird-list","Mollepata","Streptoprocne zonaris","Streptoprocne zonaris (Shaw, 1796)",4,2009,2023,"Apodiformes","Apodidae","Vencejo de Collar Blanco","White-collared Swift","Residente","No Amenazada","Preocupación Menor (LC)","No CITES",FALSE
"L782919","Parque Arqueológico Choquequirao","https://ebird.org/hotspot/L782919/bird-list","Mollepata","Aeronautes montivagus","Aeronautes montivagus (d'Orbigny & Lafresnaye, 1837)",3,2009,2022,"Apodiformes","Apodidae","Vencejo Montañés","White-tipped Swift","Residente","No Amenazada","Preocupación Menor (LC)","No CITES",FALSE
"L782919","Parque Arqueológico Choquequirao","https://ebird.org/hotspot/L782919/bird-list","Mollepata","Atlapetes canigenis","Atlapetes canigenis Chapman, 1919",3,2016,2022,"Passeriformes","Passerellidae","Matorralero de Cusco","Cuzco Brushfinch","Endémico","No Amenazada","Preocupación Menor (LC)","No CITES",TRUE
"L782919","Parque Arqueológico Choquequirao","https://ebird.org/hotspot/L782919/bird-list","Mollepata","Chalcostigma ruficeps","Chalcostigma ruficeps (Gould, 1846)",3,2009,2024,"Apodiformes","Trochilidae","Pico-Espina de Gorro Rufo","Rufous-capped Thornbill","Residente","No Amenazada","Preocupación Menor (LC)","No CITES",FALSE
"L782919","Parque Arqueológico Choquequirao","https://ebird.org/hotspot/L782919/bird-list","Mollepata","Cinclus leucocephalus","Cinclus leucocephalus Tschudi, 1844",3,2020,2025,"Passeriformes","Cinclidae","Mirlo Acuático de Gorro Blanco","White-capped Dipper","Residente","No Amenazada","Preocupación Menor (LC)","No CITES",FALSE
"L782919","Parque Arqueológico Choquequirao","https://ebird.org/hotspot/L782919/bird-list","Mollepata","Coeligena violifer","Coeligena violifer (Gould, 1846)",3,2009,2023,"Apodiformes","Trochilidae","Inca de Garganta Violeta","Violet-throated Starfrontlet","Residente","No Amenazada","Preocupación Menor (LC)","No CITES",FALSE
"L782919","Parque Arqueológico Choquequirao","https://ebird.org/hotspot/L782919/bird-list","Mollepata","Columba livia","Columba livia J.F.Gmelin, 1789",3,2022,2022,"Columbiformes","Columbidae","Paloma Doméstica","Rock Pigeon","Introducido","No Amenazada","Preocupación Menor (LC)","No CITES",FALSE
"L782919","Parque Arqueológico Choquequirao","https://ebird.org/hotspot/L782919/bird-list","Mollepata","Diglossa mystacalis","Diglossa mystacalis Lafresnaye, 1846",3,2022,2022,"Passeriformes","Thraupidae","Pinchaflor Bigotudo","Moustached Flowerpiercer","Residente","No Amenazada","Preocupación Menor (LC)","No CITES",FALSE
"L782919","Parque Arqueológico Choquequirao","https://ebird.org/hotspot/L782919/bird-list","Mollepata","Elaenia obscura","Elaenia obscura (Orbigny & Lafresnaye, 1837)",3,2022,2022,"Passeriformes","Tyrannidae","Fío-Fío Oscuro","Highland Elaenia","Residente","No Amenazada","Preocupación Menor (LC)","No CITES",FALSE
"L782919","Parque Arqueológico Choquequirao","https://ebird.org/hotspot/L782919/bird-list","Mollepata","Glaucidium peruanum","Glaucidium peruanum C.König, 1991",3,2009,2024,"Strigiformes","Strigidae","Lechucita Peruana","Peruvian Pygmy-Owl","Residente","No Amenazada","Preocupación Menor (LC)","No CITES",FALSE
"L782919","Parque Arqueológico Choquequirao","https://ebird.org/hotspot/L782919/bird-list","Mollepata","Metriopelia ceciliae","Metriopelia ceciliae (R.Lesson, 1845)",3,2016,2022,"Columbiformes","Columbidae","Tortolita Moteada","Bare-faced Ground Dove","Residente","No Amenazada","Preocupación Menor (LC)","No CITES",FALSE
"L782919","Parque Arqueológico Choquequirao","https://ebird.org/hotspot/L782919/bird-list","Mollepata","Myiarchus tuberculifer","Myiarchus tuberculifer (Orbigny & Lafresnaye, 1837)",3,2022,2023,"Passeriformes","Tyrannidae","Copetón de Cresta Oscura","Dusky-capped Flycatcher","Residente","No Amenazada","Preocupación Menor (LC)","No CITES",FALSE
"L782919","Parque Arqueológico Choquequirao","https://ebird.org/hotspot/L782919/bird-list","Mollepata","Odontophorus balliviani","Odontophorus balliviani Gould, 1846",3,2022,2024,"Galliformes","Odontophoridae","Codorniz Enmascarada","Stripe-faced Wood-Quail","Residente","No Amenazada","Preocupación Menor (LC)","No CITES",FALSE
"L782919","Parque Arqueológico Choquequirao","https://ebird.org/hotspot/L782919/bird-list","Mollepata","Oreotrochilus estella","Oreotrochilus estella (d'Orbigny, 1838)",3,2007,2020,"Apodiformes","Trochilidae","Estrella Andina","Andean Hillstar","Residente","No Amenazada","Preocupación Menor (LC)","No CITES",FALSE
"L782919","Parque Arqueológico Choquequirao","https://ebird.org/hotspot/L782919/bird-list","Mollepata","Scytalopus urubambae","Scytalopus urubambae Zimmer, 1939",3,2020,2024,"Passeriformes","Rhinocryptidae","Tapaculo de Vilcabamba","Vilcabamba Tapaculo","Endémico","No Amenazada","Preocupación Menor (LC)","No CITES",TRUE
"L782919","Parque Arqueológico Choquequirao","https://ebird.org/hotspot/L782919/bird-list","Mollepata","Serpophaga cinerea","Serpophaga cinerea (Tschudi, 1844)",3,2022,2022,"Passeriformes","Tyrannidae","Moscareta de los Torrentes","Torrent Tyrannulet","Residente","No Amenazada","Preocupación Menor (LC)","No CITES",FALSE
"L782919","Parque Arqueológico Choquequirao","https://ebird.org/hotspot/L782919/bird-list","Mollepata","Turdus serranus","Turdus serranus Tschudi, 1844",3,2022,2024,"Passeriformes","Turdidae","Zorzal Negro-Brilloso","Glossy-black Thrush","Residente","No Amenazada","Preocupación Menor (LC)","No CITES",FALSE
"L782919","Parque Arqueológico Choquequirao","https://ebird.org/hotspot/L782919/bird-list","Mollepata","Xenodacnis parina","Xenodacnis parina Cabanis, 1873",3,2020,2022,"Passeriformes","Thraupidae","Azulito Altoandino","Tit-like Dacnis","Residente","No Amenazada","Preocupación Menor (LC)","No CITES",FALSE
"L782919","Parque Arqueológico Choquequirao","https://ebird.org/hotspot/L782919/bird-list","Mollepata","Accipiter striatus","Accipiter striatus Vieillot, 1808",2,2009,2023,"Accipitriformes","Accipitridae","Gavilán Pajarero","Sharp-shinned Hawk","Residente","No Amenazada","Preocupación Menor (LC)","No CITES",FALSE
"L782919","Parque Arqueológico Choquequirao","https://ebird.org/hotspot/L782919/bird-list","Mollepata","Aegolius harrisii","Aegolius harrisii (Cassin, 1849)",2,2022,2022,"Strigiformes","Strigidae","Lechucita de Frente Anteada","Buff-fronted Owl","Residente","No Amenazada","Preocupación Menor (LC)","No CITES",FALSE
"L782919","Parque Arqueológico Choquequirao","https://ebird.org/hotspot/L782919/bird-list","Mollepata","Aglaeactis castelnaudii","Aglaeactis castelnaudii (Bourcier & Mulsant, 1848)",2,2016,2020,"Apodiformes","Trochilidae","Rayo-de-Sol Acanelado","White-tufted Sunbeam","Endémico","No Amenazada","Casi Amenazada (NT)","No CITES",TRUE
"L782919","Parque Arqueológico Choquequirao","https://ebird.org/hotspot/L782919/bird-list","Mollepata","Agriornis montanus","Agriornis montanus (Orbigny & Lafresnaye, 1837)",2,2009,2023,"Passeriformes","Tyrannidae","Arriero de Pico Negro","Black-billed Shrike-Tyrant","Residente","No Amenazada","Preocupación Menor (LC)","No CITES",FALSE
"L782919","Parque Arqueológico Choquequirao","https://ebird.org/hotspot/L782919/bird-list","Mollepata","Anthus brevirostris","Anthus brevirostris Taczanowski, 1875",2,2019,2020,NA,NA,NA,NA,NA,"No Amenazada","Preocupación Menor (LC)","No CITES",NA
"L782919","Parque Arqueológico Choquequirao","https://ebird.org/hotspot/L782919/bird-list","Mollepata","Apis mellifera","Apis mellifera Linnaeus, 1758",2,2019,2024,NA,NA,NA,NA,NA,"No Amenazada","Preocupación Menor (LC)","No CITES",NA
"L782919","Parque Arqueológico Choquequirao","https://ebird.org/hotspot/L782919/bird-list","Mollepata","Cinnycerthia fulva","Cinnycerthia fulva (P.L.Sclater, 1874)",2,2022,2022,"Passeriformes","Troglodytidae","Cucarachero Leonado","Fulvous Wren","Residente","No Amenazada","Preocupación Menor (LC)","No CITES",FALSE
"L782919","Parque Arqueológico Choquequirao","https://ebird.org/hotspot/L782919/bird-list","Mollepata","Cistothorus platensis","Cistothorus platensis (Latham, 1790)",2,2022,2022,"Passeriformes","Troglodytidae","Cucarachero Sabanero","Grass Wren","Residente","No Amenazada","Preocupación Menor (LC)","No CITES",FALSE
"L782919","Parque Arqueológico Choquequirao","https://ebird.org/hotspot/L782919/bird-list","Mollepata","Coeligena coeligena","Coeligena coeligena (R.Lesson, 1833)",2,2022,2022,"Apodiformes","Trochilidae","Inca Bronceado","Bronzy Inca","Residente","No Amenazada","Preocupación Menor (LC)","No CITES",FALSE
"L782919","Parque Arqueológico Choquequirao","https://ebird.org/hotspot/L782919/bird-list","Mollepata","Colaptes rupicola","Colaptes rupicola d'Orbigny, 1840",2,2022,2022,"Piciformes","Picidae","Carpintero Andino","Andean Flicker","Residente","No Amenazada","Preocupación Menor (LC)","No CITES",FALSE
"L782919","Parque Arqueológico Choquequirao","https://ebird.org/hotspot/L782919/bird-list","Mollepata","Crypturellus obsoletus","Crypturellus obsoletus (Temminck, 1815)",2,2020,2024,"Tinamiformes","Tinamidae","Perdiz Parda","Brown Tinamou","Residente","No Amenazada","Preocupación Menor (LC)","No CITES",FALSE
"L782919","Parque Arqueológico Choquequirao","https://ebird.org/hotspot/L782919/bird-list","Mollepata","Diglossa cyanea","Diglossa cyanea (Lafresnaye, 1840)",2,2009,2020,"Passeriformes","Thraupidae","Pinchaflor Enmascarado Canor","Warbling Masked-Flowerpiercer","Residente","No Amenazada","Preocupación Menor (LC)","No CITES",FALSE
"L782919","Parque Arqueológico Choquequirao","https://ebird.org/hotspot/L782919/bird-list","Mollepata","Dubusia castaneoventris","Dubusia castaneoventris (P.L.Sclater, 1851)",2,2008,2023,"Passeriformes","Thraupidae","Tangara de Montaña de Vientre Castaño","Chestnut-bellied Mountain Tanager","Residente","No Amenazada","Preocupación Menor (LC)","No CITES",FALSE
"L782919","Parque Arqueológico Choquequirao","https://ebird.org/hotspot/L782919/bird-list","Mollepata","Elaenia gigas","Elaenia gigas P.L.Sclater, 1871",2,2019,2020,"Passeriformes","Tyrannidae","Fío-Fío Moteado","Mottle-backed Elaenia","Residente","No Amenazada","Preocupación Menor (LC)","No CITES",FALSE
"L782919","Parque Arqueológico Choquequirao","https://ebird.org/hotspot/L782919/bird-list","Mollepata","Elaenia parvirostris","Elaenia parvirostris Pelzeln, 1868",2,2022,2022,"Passeriformes","Tyrannidae","Fío-Fío de Pico Chico","Small-billed Elaenia","Migratorio","No Amenazada","Preocupación Menor (LC)","No CITES",FALSE
"L782919","Parque Arqueológico Choquequirao","https://ebird.org/hotspot/L782919/bird-list","Mollepata","Euphonia cyanocephala","Chlorophonia cyanocephala (Vieillot, 1819)",2,2016,2019,NA,NA,NA,NA,NA,"No Amenazada","Preocupación Menor (LC)","No CITES",NA
"L782919","Parque Arqueológico Choquequirao","https://ebird.org/hotspot/L782919/bird-list","Mollepata","Falco peregrinus","Falco peregrinus Tunstall, 1771",2,2019,2023,"Falconiformes","Falconidae","Halcón Peregrino","Peregrine Falcon","Residente","Casi Amenazado (NT)","Preocupación Menor (LC)","Apéndice I",FALSE
"L782919","Parque Arqueológico Choquequirao","https://ebird.org/hotspot/L782919/bird-list","Mollepata","Glaucidium brasilianum","Glaucidium brasilianum (J.F.Gmelin, 1788)",2,2022,2022,"Strigiformes","Strigidae","Lechucita Ferruginosa","Ferruginous Pygmy-Owl","Residente","No Amenazada","Preocupación Menor (LC)","No CITES",FALSE
"L782919","Parque Arqueológico Choquequirao","https://ebird.org/hotspot/L782919/bird-list","Mollepata","Heliangelus amethysticollis","Heliangelus amethysticollis (d'Orbigny & Lafresnaye, 1838)",2,2020,2020,"Apodiformes","Trochilidae","Angel-del-Sol de Garganta Amatista","Amethyst-throated Sunangel","Residente","No Amenazada","Preocupación Menor (LC)","No CITES",FALSE
"L782919","Parque Arqueológico Choquequirao","https://ebird.org/hotspot/L782919/bird-list","Mollepata","Mionectes striaticollis","Mionectes striaticollis (Orbigny & Lafresnaye, 1837)",2,2022,2022,"Passeriformes","Tyrannidae","Mosquerito de Cuello Listado","Streak-necked Flycatcher","Residente","No Amenazada","Preocupación Menor (LC)","No CITES",FALSE
"L782919","Parque Arqueológico Choquequirao","https://ebird.org/hotspot/L782919/bird-list","Mollepata","Myiothlypis chrysogaster","Myiothlypis chrysogaster (Tschudi, 1844)",2,2024,2024,"Passeriformes","Parulidae","Reinita de Vientre Dorado","Golden-bellied Warbler","Residente","No Amenazada","Preocupación Menor (LC)","No CITES",FALSE
"L782919","Parque Arqueológico Choquequirao","https://ebird.org/hotspot/L782919/bird-list","Mollepata","Nothoprocta pentlandii","Nothoprocta pentlandii (G.R.Gray, 1867)",2,2022,2022,"Tinamiformes","Tinamidae","Perdiz Andina","Andean Tinamou","Residente","No Amenazada","Preocupación Menor (LC)","No CITES",FALSE
"L782919","Parque Arqueológico Choquequirao","https://ebird.org/hotspot/L782919/bird-list","Mollepata","Pheugopedius eisenmanni","Pheugopedius eisenmanni (T.A.Parker & O'Neill, 1985)",2,2020,2024,"Passeriformes","Troglodytidae","Cucarachero Inca","Inca Wren","Endémico","No Amenazada","Preocupación Menor (LC)","No CITES",TRUE
"L782919","Parque Arqueológico Choquequirao","https://ebird.org/hotspot/L782919/bird-list","Mollepata","Phrygilus punensis","Phrygilus punensis Ridgway, 1887",2,2022,2022,"Passeriformes","Thraupidae","Fringilo Peruano","Peruvian Sierra Finch","Residente","No Amenazada","Preocupación Menor (LC)","No CITES",FALSE
"L782919","Parque Arqueológico Choquequirao","https://ebird.org/hotspot/L782919/bird-list","Mollepata","Picumnus dorbignyanus","Picumnus dorbignyanus Lafresnaye, 1845",2,2022,2022,"Piciformes","Picidae","Carpinterito Ocelado","Ocellated Piculet","Residente","No Amenazada","Preocupación Menor (LC)","No CITES",FALSE
"L782919","Parque Arqueológico Choquequirao","https://ebird.org/hotspot/L782919/bird-list","Mollepata","Pipreola arcuata","Pipreola arcuata (Lafresnaye, 1843)",2,2022,2022,"Passeriformes","Cotingidae","Frutero Barrado","Barred Fruiteater","Residente","No Amenazada","Preocupación Menor (LC)","No CITES",FALSE
"L782919","Parque Arqueológico Choquequirao","https://ebird.org/hotspot/L782919/bird-list","Mollepata","Polistes xanthogaster","Polistes xanthogaster Bequard, 1940",2,2023,2023,NA,NA,NA,NA,NA,"No Amenazada","Preocupación Menor (LC)","No CITES",NA
"L782919","Parque Arqueológico Choquequirao","https://ebird.org/hotspot/L782919/bird-list","Mollepata","Ramphomicron microrhynchum","Ramphomicron microrhynchum (Boissonneau, 1840)",2,2009,2016,"Apodiformes","Trochilidae","Pico-Espina de Dorso Púrpura","Purple-backed Thornbill","Residente","No Amenazada","Preocupación Menor (LC)","No CITES",FALSE
"L782919","Parque Arqueológico Choquequirao","https://ebird.org/hotspot/L782919/bird-list","Mollepata","Rupornis magnirostris","Rupornis magnirostris (Gmelin, 1788)",2,2022,2022,"Accipitriformes","Accipitridae","Aguilucho Caminero","Roadside Hawk","Residente","No Amenazada","Preocupación Menor (LC)","No CITES",FALSE
"L782919","Parque Arqueológico Choquequirao","https://ebird.org/hotspot/L782919/bird-list","Mollepata","Sayornis nigricans","Sayornis nigricans (Swainson, 1827)",2,2016,2023,"Passeriformes","Tyrannidae","Mosquero de Agua","Black Phoebe","Residente","No Amenazada","Preocupación Menor (LC)","No CITES",FALSE
"L782919","Parque Arqueológico Choquequirao","https://ebird.org/hotspot/L782919/bird-list","Mollepata","Spinus olivaceus","Spinus olivaceus von Berlepsch & Stolzmann, 1894",2,2022,2022,"Passeriformes","Fringillidae","Jilguero Oliváceo","Olivaceous Siskin","Residente","No Amenazada","Preocupación Menor (LC)","No CITES",FALSE
"L782919","Parque Arqueológico Choquequirao","https://ebird.org/hotspot/L782919/bird-list","Mollepata","Spizaetus isidori","Spizaetus isidori (Des Murs, 1845)",2,2019,2020,"Accipitriformes","Accipitridae","Aguila Negra y Castaña","Black-and-chestnut Eagle","Residente","No Amenazada","En Peligro (EN)","No CITES",FALSE
"L782919","Parque Arqueológico Choquequirao","https://ebird.org/hotspot/L782919/bird-list","Mollepata","Sporophila luctuosa","Sporophila luctuosa (Lafresnaye, 1843)",2,2009,2015,"Passeriformes","Thraupidae","Espiguero Negro y Blanco","Black-and-white Seedeater","Residente","No Amenazada","Preocupación Menor (LC)","No CITES",FALSE
"L782919","Parque Arqueológico Choquequirao","https://ebird.org/hotspot/L782919/bird-list","Mollepata","Sporophila nigricollis","Sporophila nigricollis (Vieillot, 1823)",2,2009,2020,"Passeriformes","Thraupidae","Espiguero de Vientre Amarillo","Yellow-bellied Seedeater","Residente","No Amenazada","Preocupación Menor (LC)","No CITES",FALSE
"L782919","Parque Arqueológico Choquequirao","https://ebird.org/hotspot/L782919/bird-list","Mollepata","Tangara vassorii","Tangara vassorii (Boissonneau, 1840)",2,2023,2023,"Passeriformes","Thraupidae","Tangara Azul y Negra","Blue-and-black Tanager","Residente","No Amenazada","Preocupación Menor (LC)","No CITES",FALSE
"L782919","Parque Arqueológico Choquequirao","https://ebird.org/hotspot/L782919/bird-list","Mollepata","Thlypopsis superciliaris","Thlypopsis superciliaris (Lafresnaye, 1840)",2,2022,2022,"Passeriformes","Thraupidae","Hemispingo Superciliado","Superciliaried Hemispingus","Residente","No Amenazada","Preocupación Menor (LC)","No CITES",FALSE
"L782919","Parque Arqueológico Choquequirao","https://ebird.org/hotspot/L782919/bird-list","Mollepata","Tremarctos ornatus","Tremarctos ornatus (F.G.Cuvier, 1825)",2,2014,2014,NA,NA,NA,NA,NA,"No Amenazada","Vulnerable (VU)","No CITES",NA
"L782919","Parque Arqueológico Choquequirao","https://ebird.org/hotspot/L782919/bird-list","Mollepata","Trogon personatus","Trogon personatus Gould, 1842",2,2022,2022,"Trogoniformes","Trogonidae","Trogón Enmascarado","Masked Trogon","Residente","No Amenazada","Preocupación Menor (LC)","No CITES",FALSE
"L782919","Parque Arqueológico Choquequirao","https://ebird.org/hotspot/L782919/bird-list","Mollepata","Zentrygon frenata","Zentrygon frenata (Tschudi, 1843)",2,2016,2020,"Columbiformes","Columbidae","Paloma-Perdiz de Garganta Blanca","White-throated Quail-Dove","Residente","No Amenazada","Preocupación Menor (LC)","No CITES",FALSE
"L782919","Parque Arqueológico Choquequirao","https://ebird.org/hotspot/L782919/bird-list","Mollepata","Aglaoctenus lagotis","Aglaoctenus lagotis (Holmberg, 1876)",1,2024,2024,NA,NA,NA,NA,NA,"No Amenazada","Preocupación Menor (LC)","No CITES",NA
"L782919","Parque Arqueológico Choquequirao","https://ebird.org/hotspot/L782919/bird-list","Mollepata","Amazona mercenaria","Amazona mercenaria (Tschudi, 1844)",1,2023,2023,NA,NA,NA,NA,NA,"No Amenazada","Preocupación Menor (LC)","No CITES",NA
"L782919","Parque Arqueológico Choquequirao","https://ebird.org/hotspot/L782919/bird-list","Mollepata","Anairetes parulus","Anairetes parulus (Kittlitz, 1830)",1,2020,2020,"Passeriformes","Tyrannidae","Torito Copetón","Tufted Tit-Tyrant","Residente","No Amenazada","Preocupación Menor (LC)","No CITES",FALSE
"L782919","Parque Arqueológico Choquequirao","https://ebird.org/hotspot/L782919/bird-list","Mollepata","Andigena hypoglauca","Andigena hypoglauca (Gould, 1833)",1,2024,2024,"Piciformes","Ramphastidae","Tucan-Andino de Pecho Gris","Gray-breasted Mountain-Toucan","Residente","No Amenazada","Preocupación Menor (LC)","No CITES",FALSE
"L782919","Parque Arqueológico Choquequirao","https://ebird.org/hotspot/L782919/bird-list","Mollepata","Anisognathus igniventris","Anisognathus igniventris (d'Orbigny & Lafresnaye, 1837)",1,2009,2009,"Passeriformes","Thraupidae","Tangara de Montaña de Vientre Escarlata","Scarlet-bellied Mountain Tanager","Residente","No Amenazada","Preocupación Menor (LC)","No CITES",FALSE
"L782919","Parque Arqueológico Choquequirao","https://ebird.org/hotspot/L782919/bird-list","Mollepata","Argiope argentata","Argiope argentata (Fabricius, 1775)",1,2024,2024,NA,NA,NA,NA,NA,"No Amenazada","Preocupación Menor (LC)","No CITES",NA
"L782919","Parque Arqueológico Choquequirao","https://ebird.org/hotspot/L782919/bird-list","Mollepata","Argiope trifasciata","Argiope trifasciata (Forsskål, 1775)",1,2026,2026,NA,NA,NA,NA,NA,"No Amenazada","Preocupación Menor (LC)","No CITES",NA
"L782919","Parque Arqueológico Choquequirao","https://ebird.org/hotspot/L782919/bird-list","Mollepata","Asthenes dorbignyi","Asthenes dorbignyi (Reichenbach, 1853)",1,2024,2024,"Passeriformes","Furnariidae","Canastero de Pecho Cremoso","Creamy-breasted Canastero","Residente","No Amenazada","Preocupación Menor (LC)","No CITES",FALSE
"L782919","Parque Arqueológico Choquequirao","https://ebird.org/hotspot/L782919/bird-list","Mollepata","Catamenia inornata","Catamenia inornata (Lafresnaye, 1847)",1,2016,2016,"Passeriformes","Thraupidae","Semillero Simple","Plain-colored Seedeater","Residente","No Amenazada","Preocupación Menor (LC)","No CITES",FALSE
"L782919","Parque Arqueológico Choquequirao","https://ebird.org/hotspot/L782919/bird-list","Mollepata","Chaetura cinereiventris","Chaetura cinereiventris P.L.Sclater, 1862",1,2024,2024,"Apodiformes","Apodidae","Vencejo de Lomo Gris","Gray-rumped Swift","Residente","No Amenazada","Preocupación Menor (LC)","No CITES",FALSE
"L782919","Parque Arqueológico Choquequirao","https://ebird.org/hotspot/L782919/bird-list","Mollepata","Chloephaga melanoptera","Oressochen melanopterus (Eyton, 1838)",1,2016,2016,NA,NA,NA,NA,NA,"No Amenazada","Preocupación Menor (LC)","No CITES",NA
"L782919","Parque Arqueológico Choquequirao","https://ebird.org/hotspot/L782919/bird-list","Mollepata","Chlorostilbon mellisugus","Chlorostilbon mellisugus (Linnaeus, 1758)",1,2016,2016,"Apodiformes","Trochilidae","Esmeralda de Cola Azul","Blue-tailed Emerald","Residente","No Amenazada","Preocupación Menor (LC)","No CITES",FALSE
"L782919","Parque Arqueológico Choquequirao","https://ebird.org/hotspot/L782919/bird-list","Mollepata","Chroicocephalus serranus","Chroicocephalus serranus (Tschudi, 1844)",1,2016,2016,"Charadriiformes","Laridae","Gaviota Andina","Andean Gull","Residente","No Amenazada","Preocupación Menor (LC)","No CITES",FALSE
"L782919","Parque Arqueológico Choquequirao","https://ebird.org/hotspot/L782919/bird-list","Mollepata","Cnemarchus erythropygius","Cnemarchus erythropygius (P.L.Sclater, 1853)",1,2009,2009,"Passeriformes","Tyrannidae","Tirano-Montés de Lomo Rojo","Red-rumped Bush-Tyrant","Residente","No Amenazada","Preocupación Menor (LC)","No CITES",FALSE
"L782919","Parque Arqueológico Choquequirao","https://ebird.org/hotspot/L782919/bird-list","Mollepata","Conirostrum albifrons","Conirostrum albifrons Lafresnaye, 1842",1,2020,2020,"Passeriformes","Thraupidae","Pico-de-Cono Coronado","Capped Conebill","Residente","No Amenazada","Preocupación Menor (LC)","No CITES",FALSE
"L782919","Parque Arqueológico Choquequirao","https://ebird.org/hotspot/L782919/bird-list","Mollepata","Dacnis cayana","Dacnis cayana (Linnaeus, 1766)",1,2020,2020,"Passeriformes","Thraupidae","Dacnis Azul","Blue Dacnis","Residente","No Amenazada","Preocupación Menor (LC)","No CITES",FALSE
"L782919","Parque Arqueológico Choquequirao","https://ebird.org/hotspot/L782919/bird-list","Mollepata","Danaus plexippus","Danaus plexippus (Linnaeus, 1758)",1,2022,2022,NA,NA,NA,NA,NA,"No Amenazada","Preocupación Menor (LC)","No CITES",NA
"L782919","Parque Arqueológico Choquequirao","https://ebird.org/hotspot/L782919/bird-list","Mollepata","Dione vanillae","Dione vanillae (Linnaeus, 1758)",1,2008,2008,NA,NA,NA,NA,NA,"No Amenazada","Preocupación Menor (LC)","No CITES",NA
"L782919","Parque Arqueológico Choquequirao","https://ebird.org/hotspot/L782919/bird-list","Mollepata","Geothlypis velata","Geothlypis velata (Vieillot, 1809)",1,2019,2019,NA,NA,NA,NA,NA,"No Amenazada","Preocupación Menor (LC)","No CITES",NA
"L782919","Parque Arqueológico Choquequirao","https://ebird.org/hotspot/L782919/bird-list","Mollepata","Grallaria andicolus","Grallaria andicolus (Cabanis, 1873)",1,2023,2023,"Passeriformes","Grallariidae","Tororoi de Cabeza Listada","Stripe-headed Antpitta","Residente","No Amenazada","Preocupación Menor (LC)","No CITES",FALSE
"L782919","Parque Arqueológico Choquequirao","https://ebird.org/hotspot/L782919/bird-list","Mollepata","Haplochelidon andecola","Orochelidon andecola (d'Orbigny & Lafresnaye, 1837)",1,2023,2023,NA,NA,NA,NA,NA,"No Amenazada","Preocupación Menor (LC)","No CITES",NA
"L782919","Parque Arqueológico Choquequirao","https://ebird.org/hotspot/L782919/bird-list","Mollepata","Heliodoxa leadbeateri","Heliodoxa leadbeateri (Bourcier, 1843)",1,2019,2019,"Apodiformes","Trochilidae","Brillante de Frente Violeta","Violet-fronted Brilliant","Residente","No Amenazada","Preocupación Menor (LC)","No CITES",FALSE
"L782919","Parque Arqueológico Choquequirao","https://ebird.org/hotspot/L782919/bird-list","Mollepata","Henicorhina leucophrys","Henicorhina leucophrys (Tschudi, 1844)",1,2024,2024,"Passeriformes","Troglodytidae","Cucarachero-Montés de Pecho Gris","Gray-breasted Wood-Wren","Residente","No Amenazada","Preocupación Menor (LC)","No CITES",FALSE
"L782919","Parque Arqueológico Choquequirao","https://ebird.org/hotspot/L782919/bird-list","Mollepata","Hoplosphyrum griseum","Hoplosphyrum griseum (Philippi, 1863)",1,2025,2025,NA,NA,NA,NA,NA,"No Amenazada","Preocupación Menor (LC)","No CITES",NA
"L782919","Parque Arqueológico Choquequirao","https://ebird.org/hotspot/L782919/bird-list","Mollepata","Leptasthenura yanacensis","Sylviorthorhynchus yanacensis (Carriker, 1933)",1,2007,2007,NA,NA,NA,NA,NA,"No Amenazada","Preocupación Menor (LC)","No CITES",NA
"L782919","Parque Arqueológico Choquequirao","https://ebird.org/hotspot/L782919/bird-list","Mollepata","Lymanopoda eubagioides","Lymanopoda eubagioides Butler, 1873",1,2013,2013,NA,NA,NA,NA,NA,"No Amenazada","Preocupación Menor (LC)","No CITES",NA
"L782919","Parque Arqueológico Choquequirao","https://ebird.org/hotspot/L782919/bird-list","Mollepata","Margarornis squamiger","Margarornis squamiger (Orbigny & Lafresnaye, 1838)",1,2009,2009,"Passeriformes","Furnariidae","Subepalo Perlado","Pearled Treerunner","Residente","No Amenazada","Preocupación Menor (LC)","No CITES",FALSE
"L782919","Parque Arqueológico Choquequirao","https://ebird.org/hotspot/L782919/bird-list","Mollepata","Merganetta armata","Merganetta armata Gould, 1842",1,2016,2016,"Anseriformes","Anatidae","Pato de los Torrentes","Torrent Duck","Residente","No Amenazada","Preocupación Menor (LC)","No CITES",FALSE
"L782919","Parque Arqueológico Choquequirao","https://ebird.org/hotspot/L782919/bird-list","Mollepata","Myadestes ralloides","Myadestes ralloides (Orbigny, 1840)",1,2016,2016,"Passeriformes","Turdidae","Solitario Andino","Andean Solitaire","Residente","No Amenazada","Preocupación Menor (LC)","No CITES",FALSE
"L782919","Parque Arqueológico Choquequirao","https://ebird.org/hotspot/L782919/bird-list","Mollepata","Myiodynastes chrysocephalus","Myiodynastes chrysocephalus (Tschudi, 1844)",1,2023,2023,"Passeriformes","Tyrannidae","Mosquero de Corona Dorada","Golden-crowned Flycatcher","Residente","No Amenazada","Preocupación Menor (LC)","No CITES",FALSE
"L782919","Parque Arqueológico Choquequirao","https://ebird.org/hotspot/L782919/bird-list","Mollepata","Nothoprocta ornata","Nothoprocta ornata (G.R.Gray, 1867)",1,2023,2023,"Tinamiformes","Tinamidae","Perdiz Cordillerana","Ornate Tinamou","Residente","No Amenazada","Preocupación Menor (LC)","No CITES",FALSE
"L782919","Parque Arqueológico Choquequirao","https://ebird.org/hotspot/L782919/bird-list","Mollepata","Nystalus chacuru","Nystalus chacuru (Vieillot, 1816)",1,2016,2016,"Galbuliformes","Bucconidae","Buco de Oreja Blanca","White-eared Puffbird","Residente","No Amenazada","Preocupación Menor (LC)","No CITES",FALSE
"L782919","Parque Arqueológico Choquequirao","https://ebird.org/hotspot/L782919/bird-list","Mollepata","Ochthoeca frontalis","Silvicultrix frontalis (Lafresnaye, 1847)",1,2023,2023,NA,NA,NA,NA,NA,"No Amenazada","Preocupación Menor (LC)","No CITES",NA
"L782919","Parque Arqueológico Choquequirao","https://ebird.org/hotspot/L782919/bird-list","Mollepata","Oressinoma typhla","Oressinoma sorata Salvin, 1868",1,2024,2024,NA,NA,NA,NA,NA,"No Amenazada","Preocupación Menor (LC)","No CITES",NA
"L782919","Parque Arqueológico Choquequirao","https://ebird.org/hotspot/L782919/bird-list","Mollepata","Pachyramphus validus","Pachyramphus validus (Lichtenstein, 1823)",1,2009,2009,"Passeriformes","Tityridae","Cabezón Crestado","Crested Becard","Residente","No Amenazada","Preocupación Menor (LC)","No CITES",FALSE
"L782919","Parque Arqueológico Choquequirao","https://ebird.org/hotspot/L782919/bird-list","Mollepata","Pharomachrus auriceps","Pharomachrus auriceps (Gould, 1842)",1,2009,2009,"Trogoniformes","Trogonidae","Quetzal de Cabeza Dorada","Golden-headed Quetzal","Residente","No Amenazada","Preocupación Menor (LC)","No CITES",FALSE
"L782919","Parque Arqueológico Choquequirao","https://ebird.org/hotspot/L782919/bird-list","Mollepata","Plegadis ridgwayi","Plegadis ridgwayi (Allen, 1876)",1,2016,2016,"Pelecaniformes","Threskiornithidae","Ibis de la Puna","Puna Ibis","Residente","No Amenazada","Preocupación Menor (LC)","No CITES",FALSE
"L782919","Parque Arqueológico Choquequirao","https://ebird.org/hotspot/L782919/bird-list","Mollepata","Saltator maximus","Saltator maximus (P.L.S.Müller, 1776)",1,2023,2023,"Passeriformes","Thraupidae","Saltador de Garganta Anteada","Buff-throated Saltator","Residente","No Amenazada","Preocupación Menor (LC)","No CITES",FALSE
"L782919","Parque Arqueológico Choquequirao","https://ebird.org/hotspot/L782919/bird-list","Mollepata","Sarcoramphus papa","Sarcoramphus papa (Linnaeus, 1758)",1,2004,2004,"Cathartiformes","Cathartidae","Gallinazo Rey","King Vulture","Residente","No Amenazada","Preocupación Menor (LC)","No CITES",FALSE
"L782919","Parque Arqueológico Choquequirao","https://ebird.org/hotspot/L782919/bird-list","Mollepata","Schizoeaca helleri","Asthenes helleri (Chapman, 1923)",1,2024,2024,NA,NA,NA,NA,NA,"No Amenazada","Preocupación Menor (LC)","No CITES",NA
"L782919","Parque Arqueológico Choquequirao","https://ebird.org/hotspot/L782919/bird-list","Mollepata","Schizoeaca vilcabambae","Asthenes vilcabambae (Vaurie, Weske & Terborgh, 1972)",1,2024,2024,NA,NA,NA,NA,NA,"No Amenazada","Preocupación Menor (LC)","No CITES",NA
"L782919","Parque Arqueológico Choquequirao","https://ebird.org/hotspot/L782919/bird-list","Mollepata","Scytalopus schulenbergi","Scytalopus schulenbergi B.M.Whitney, 1994",1,2023,2023,"Passeriformes","Rhinocryptidae","Tapaculo Diademado","Diademed Tapaculo","Residente","No Amenazada","Preocupación Menor (LC)","No CITES",FALSE
"L782919","Parque Arqueológico Choquequirao","https://ebird.org/hotspot/L782919/bird-list","Mollepata","Setophaga pitiayumi","Setophaga pitiayumi (Vieillot, 1817)",1,2020,2020,"Passeriformes","Parulidae","Parula Tropical","Tropical Parula","Residente","No Amenazada","Preocupación Menor (LC)","No CITES",FALSE
"L782919","Parque Arqueológico Choquequirao","https://ebird.org/hotspot/L782919/bird-list","Mollepata","Sphenopsis frontalis","Sphenopsis frontalis (Tschudi, 1844)",1,2020,2020,"Passeriformes","Thraupidae","Hemispingo Oleaginoso","Oleaginous Hemispingus","Residente","No Amenazada","Preocupación Menor (LC)","No CITES",FALSE
"L782919","Parque Arqueológico Choquequirao","https://ebird.org/hotspot/L782919/bird-list","Mollepata","Stenocercus ochoai","Stenocercus ochoai Fritts, 1972",1,2025,2025,NA,NA,NA,NA,NA,"No Amenazada","Preocupación Menor (LC)","No CITES",NA
"L782919","Parque Arqueológico Choquequirao","https://ebird.org/hotspot/L782919/bird-list","Mollepata","Strix albitarsis","Strix albitarsis (Bonaparte, 1850)",1,2016,2016,"Strigiformes","Strigidae","Búho Rufo Bandeado","Rufous-banded Owl","Residente","No Amenazada","Preocupación Menor (LC)","No CITES",FALSE
"L782919","Parque Arqueológico Choquequirao","https://ebird.org/hotspot/L782919/bird-list","Mollepata","Tangara xanthocephala","Tangara xanthocephala (Tschudi, 1844)",1,2020,2020,"Passeriformes","Thraupidae","Tangara de Corona Azafrán","Saffron-crowned Tanager","Residente","No Amenazada","Preocupación Menor (LC)","No CITES",FALSE
"L782919","Parque Arqueológico Choquequirao","https://ebird.org/hotspot/L782919/bird-list","Mollepata","Thamnophilus caerulescens","Thamnophilus caerulescens Vieillot, 1816",1,2024,2024,"Passeriformes","Thamnophilidae","Batará Variable","Variable Antshrike","Residente","No Amenazada","Preocupación Menor (LC)","No CITES",FALSE
"L782919","Parque Arqueológico Choquequirao","https://ebird.org/hotspot/L782919/bird-list","Mollepata","Todirostrum cinereum","Todirostrum cinereum (Linnaeus, 1766)",1,2020,2020,"Passeriformes","Tyrannidae","Espatulilla Común","Common Tody-Flycatcher","Residente","No Amenazada","Preocupación Menor (LC)","No CITES",FALSE
"L782919","Parque Arqueológico Choquequirao","https://ebird.org/hotspot/L782919/bird-list","Mollepata","Urbanus proteus","Urbanus proteus (Linnaeus, 1758)",1,2023,2023,NA,NA,NA,NA,NA,"No Amenazada","Preocupación Menor (LC)","No CITES",NA
"L782919","Parque Arqueológico Choquequirao","https://ebird.org/hotspot/L782919/bird-list","Mollepata","Uropsalis segmentata","Uropsalis segmentata (Cassin, 1849)",1,2016,2016,"Caprimulgiformes","Caprimulgidae","Chotacabras de Cola Ahorquillada","Swallow-tailed Nightjar","Residente","No Amenazada","Preocupación Menor (LC)","No CITES",FALSE
"L782919","Parque Arqueológico Choquequirao","https://ebird.org/hotspot/L782919/bird-list","Mollepata","Vanellus resplendens","Vanellus resplendens (Tschudi, 1843)",1,2016,2016,"Charadriiformes","Charadriidae","Avefría Andina","Andean Lapwing","Residente","No Amenazada","Preocupación Menor (LC)","No CITES",FALSE
"L782919","Parque Arqueológico Choquequirao","https://ebird.org/hotspot/L782919/bird-list","Mollepata","Vanessa altissima","Vanessa altissima (Rosenberg & Talbot, 1914)",1,2008,2008,NA,NA,NA,NA,NA,"No Amenazada","Preocupación Menor (LC)","No CITES",NA
"L782919","Parque Arqueológico Choquequirao","https://ebird.org/hotspot/L782919/bird-list","Mollepata","Vireo leucophrys","Vireo leucophrys (Lafresnaye, 1844)",1,2020,2020,"Passeriformes","Vireonidae","Víreo de Gorro Pardo","Brown-capped Vireo","Residente","No Amenazada","Preocupación Menor (LC)","No CITES",FALSE
"L782919","Parque Arqueológico Choquequirao","https://ebird.org/hotspot/L782919/bird-list","Mollepata","Volatinia jacarina","Volatinia jacarina (Linnaeus, 1766)",1,2016,2016,"Passeriformes","Thraupidae","Semillerito Negro Azulado","Blue-black Grassquit","Residente","No Amenazada","Preocupación Menor (LC)","No CITES",FALSE
"L782919","Parque Arqueológico Choquequirao","https://ebird.org/hotspot/L782919/bird-list","Mollepata","Xiphocolaptes promeropirhynchus","Xiphocolaptes promeropirhynchus (Lesson, 1840)",1,2023,2023,"Passeriformes","Furnariidae","Trepador de Pico Fuerte","Strong-billed Woodcreeper","Residente","No Amenazada","Preocupación Menor (LC)","No CITES",FALSE
"L21694969","Paso Salkantay","https://ebird.org/hotspot/L21694969/bird-list","Mollepata","Geospizopsis unicolor","Geospizopsis unicolor (d'Orbigny & Lafresnaye, 1837)",46,2014,2026,"Passeriformes","Thraupidae","Fringilo Plomizo","Plumbeous Sierra Finch","Residente","No Amenazada","Preocupación Menor (LC)","No CITES",FALSE
"L21694969","Paso Salkantay","https://ebird.org/hotspot/L21694969/bird-list","Mollepata","Idiopsar speculifer","Idiopsar speculifer (d'Orbigny & Lafresnaye, 1837)",42,2015,2026,"Passeriformes","Thraupidae","Fringilo Glaciar","Glacier Finch","Residente","No Amenazada","Preocupación Menor (LC)","No CITES",FALSE
"L21694969","Paso Salkantay","https://ebird.org/hotspot/L21694969/bird-list","Mollepata","Cinclodes fuscus","Cinclodes albiventris (Philippi & Landbeck, 1861)",35,2017,2025,NA,NA,NA,NA,NA,"No Amenazada","Preocupación Menor (LC)","No CITES",NA
"L21694969","Paso Salkantay","https://ebird.org/hotspot/L21694969/bird-list","Mollepata","Lagidium viscacia","Lagidium viscacia (Molina, 1782)",21,2014,2026,NA,NA,NA,NA,NA,"No Amenazada","Preocupación Menor (LC)","No CITES",NA
"L21694969","Paso Salkantay","https://ebird.org/hotspot/L21694969/bird-list","Mollepata","Geospizopsis plebejus","Geospizopsis plebejus (Tschudi, 1844)",18,2018,2026,"Passeriformes","Thraupidae","Fringilo de Pecho Cenizo","Ash-breasted Sierra Finch","Residente","No Amenazada","Preocupación Menor (LC)","No CITES",FALSE
"L21694969","Paso Salkantay","https://ebird.org/hotspot/L21694969/bird-list","Mollepata","Phrygilus punensis","Phrygilus punensis Ridgway, 1887",15,2018,2024,"Passeriformes","Thraupidae","Fringilo Peruano","Peruvian Sierra Finch","Residente","No Amenazada","Preocupación Menor (LC)","No CITES",FALSE
"L21694969","Paso Salkantay","https://ebird.org/hotspot/L21694969/bird-list","Mollepata","Spinus atratus","Spinus atratus (d'Orbigny & Lafresnaye, 1837)",15,2018,2024,"Passeriformes","Fringillidae","Jilguero Negro","Black Siskin","Residente","No Amenazada","Preocupación Menor (LC)","No CITES",FALSE
"L21694969","Paso Salkantay","https://ebird.org/hotspot/L21694969/bird-list","Mollepata","Zonotrichia capensis","Zonotrichia capensis (P.L.S.Müller, 1776)",15,2018,2025,"Passeriformes","Passerellidae","Gorrión de Collar Rufo","Rufous-collared Sparrow","Residente","No Amenazada","Preocupación Menor (LC)","No CITES",FALSE
"L21694969","Paso Salkantay","https://ebird.org/hotspot/L21694969/bird-list","Mollepata","Asthenes humilis","Asthenes humilis (Cabanis, 1873)",14,2017,2024,"Passeriformes","Furnariidae","Canastero de Garganta Rayada","Streak-throated Canastero","Residente","No Amenazada","Preocupación Menor (LC)","No CITES",FALSE
"L21694969","Paso Salkantay","https://ebird.org/hotspot/L21694969/bird-list","Mollepata","Colaptes rupicola","Colaptes rupicola d'Orbigny, 1840",13,2017,2026,"Piciformes","Picidae","Carpintero Andino","Andean Flicker","Residente","No Amenazada","Preocupación Menor (LC)","No CITES",FALSE
"L21694969","Paso Salkantay","https://ebird.org/hotspot/L21694969/bird-list","Mollepata","Vultur gryphus","Vultur gryphus Linnaeus, 1758",12,2008,2024,"Cathartiformes","Cathartidae","Cóndor Andino","Andean Condor","Residente","En Peligro (EN)","Vulnerable (VU)","Apéndice I",FALSE
"L21694969","Paso Salkantay","https://ebird.org/hotspot/L21694969/bird-list","Mollepata","Scytalopus urubambae","Scytalopus urubambae Zimmer, 1939",11,2018,2024,"Passeriformes","Rhinocryptidae","Tapaculo de Vilcabamba","Vilcabamba Tapaculo","Endémico","No Amenazada","Preocupación Menor (LC)","No CITES",TRUE
"L21694969","Paso Salkantay","https://ebird.org/hotspot/L21694969/bird-list","Mollepata","Troglodytes musculus","Troglodytes musculus J.F.Naumann, 1823",11,2018,2024,"Passeriformes","Troglodytidae","Cucarachero Común Sureño","Southern House-Wren","Residente","No Amenazada","Preocupación Menor (LC)","No CITES",FALSE
"L21694969","Paso Salkantay","https://ebird.org/hotspot/L21694969/bird-list","Mollepata","Chloephaga melanoptera","Oressochen melanopterus (Eyton, 1838)",10,2017,2026,NA,NA,NA,NA,NA,"No Amenazada","Preocupación Menor (LC)","No CITES",NA
"L21694969","Paso Salkantay","https://ebird.org/hotspot/L21694969/bird-list","Mollepata","Cinclodes atacamensis","Cinclodes atacamensis (Philippi, 1857)",8,2017,2024,"Passeriformes","Furnariidae","Churrete de Ala Blanca","White-winged Cinclodes","Residente","No Amenazada","Preocupación Menor (LC)","No CITES",FALSE
"L21694969","Paso Salkantay","https://ebird.org/hotspot/L21694969/bird-list","Mollepata","Diglossa brunneiventris","Diglossa brunneiventris Lafresnaye, 1846",8,2022,2024,"Passeriformes","Thraupidae","Pinchaflor de Garganta Negra","Black-throated Flowerpiercer","Residente","No Amenazada","Preocupación Menor (LC)","No CITES",FALSE
"L21694969","Paso Salkantay","https://ebird.org/hotspot/L21694969/bird-list","Mollepata","Grallaria andicolus","Grallaria andicolus (Cabanis, 1873)",8,2017,2024,"Passeriformes","Grallariidae","Tororoi de Cabeza Listada","Stripe-headed Antpitta","Residente","No Amenazada","Preocupación Menor (LC)","No CITES",FALSE
"L21694969","Paso Salkantay","https://ebird.org/hotspot/L21694969/bird-list","Mollepata","Muscisaxicola cinereus","Muscisaxicola cinereus Philippi & Landbeck, 1864",8,2018,2024,"Passeriformes","Tyrannidae","Dormilona Cinérea","Cinereous Ground-Tyrant","Migratorio","No Amenazada","Preocupación Menor (LC)","No CITES",FALSE
"L21694969","Paso Salkantay","https://ebird.org/hotspot/L21694969/bird-list","Mollepata","Turdus chiguanco","Turdus chiguanco Orbigny & Lafresnaye, 1837",8,2014,2024,"Passeriformes","Turdidae","Zorzal Chiguanco","Chiguanco Thrush","Residente","No Amenazada","Preocupación Menor (LC)","No CITES",FALSE
"L21694969","Paso Salkantay","https://ebird.org/hotspot/L21694969/bird-list","Mollepata","Asthenes modesta","Asthenes modesta (Eyton, 1851)",7,2012,2024,"Passeriformes","Furnariidae","Canastero Cordillerano","Cordilleran Canastero","Residente","No Amenazada","Preocupación Menor (LC)","No CITES",FALSE
"L21694969","Paso Salkantay","https://ebird.org/hotspot/L21694969/bird-list","Mollepata","Chalcostigma stanleyi","Chalcostigma stanleyi (Bourcier, 1851)",7,2017,2024,"Apodiformes","Trochilidae","Pico-Espina de Dorso Azul","Blue-mantled Thornbill","Residente","No Amenazada","Preocupación Menor (LC)","No CITES",FALSE
"L21694969","Paso Salkantay","https://ebird.org/hotspot/L21694969/bird-list","Mollepata","Muscisaxicola griseus","Muscisaxicola griseus Taczanowski, 1884",7,2017,2023,"Passeriformes","Tyrannidae","Dormilona de Taczanowski","Taczanowski's Ground-Tyrant","Residente","No Amenazada","Preocupación Menor (LC)","No CITES",FALSE
"L21694969","Paso Salkantay","https://ebird.org/hotspot/L21694969/bird-list","Mollepata","Troglodytes solstitialis","Troglodytes solstitialis P.L.Sclater, 1859",7,2022,2024,"Passeriformes","Troglodytidae","Cucarachero Montañes","Mountain Wren","Residente","No Amenazada","Preocupación Menor (LC)","No CITES",FALSE
"L21694969","Paso Salkantay","https://ebird.org/hotspot/L21694969/bird-list","Mollepata","Turdus fuscater","Turdus fuscater Orbigny & Lafresnaye, 1837",7,2014,2024,"Passeriformes","Turdidae","Zorzal Grande","Great Thrush","Residente","No Amenazada","Preocupación Menor (LC)","No CITES",FALSE
"L21694969","Paso Salkantay","https://ebird.org/hotspot/L21694969/bird-list","Mollepata","Asthenes wyatti","Asthenes wyatti (P.L.Sclater & Salvin, 1871)",6,2019,2024,"Passeriformes","Furnariidae","Canastero de Dorso Rayado","Streak-backed Canastero","Residente","No Amenazada","Preocupación Menor (LC)","No CITES",FALSE
"L21694969","Paso Salkantay","https://ebird.org/hotspot/L21694969/bird-list","Mollepata","Chalcostigma olivaceum","Chalcostigma olivaceum (Lawrence, 1864)",6,2018,2024,"Apodiformes","Trochilidae","Pico-Espina Oliváceo","Olivaceous Thornbill","Residente","No Amenazada","Preocupación Menor (LC)","No CITES",FALSE
"L21694969","Paso Salkantay","https://ebird.org/hotspot/L21694969/bird-list","Mollepata","Muscisaxicola juninensis","Muscisaxicola juninensis Taczanowski, 1884",6,2023,2024,"Passeriformes","Tyrannidae","Dormilona de la Puna","Puna Ground-Tyrant","Residente","No Amenazada","Preocupación Menor (LC)","No CITES",FALSE
"L21694969","Paso Salkantay","https://ebird.org/hotspot/L21694969/bird-list","Mollepata","Theristicus melanopis","Theristicus branickii Berlepsch & Stolzmann, 1894",6,2014,2023,"Pelecaniformes","Threskiornithidae","Bandurria de Cara Negra","Black-faced Ibis","Residente","No Amenazada","Preocupación Menor (LC)","No CITES",FALSE
"L21694969","Paso Salkantay","https://ebird.org/hotspot/L21694969/bird-list","Mollepata","Aglaeactis cupripennis","Aglaeactis cupripennis (Bourcier, 1843)",5,2018,2024,"Apodiformes","Trochilidae","Rayo-de-Sol Brillante","Shining Sunbeam","Residente","No Amenazada","Preocupación Menor (LC)","No CITES",FALSE
"L21694969","Paso Salkantay","https://ebird.org/hotspot/L21694969/bird-list","Mollepata","Muscisaxicola rufivertex","Muscisaxicola rufivertex Orbigny & Lafresnaye, 1837",5,2019,2024,"Passeriformes","Tyrannidae","Dormilona de Nuca Rojiza","Rufous-naped Ground-Tyrant","Residente","No Amenazada","Preocupación Menor (LC)","No CITES",FALSE
"L21694969","Paso Salkantay","https://ebird.org/hotspot/L21694969/bird-list","Mollepata","Vanellus resplendens","Vanellus resplendens (Tschudi, 1843)",5,2018,2023,"Charadriiformes","Charadriidae","Avefría Andina","Andean Lapwing","Residente","No Amenazada","Preocupación Menor (LC)","No CITES",FALSE
"L21694969","Paso Salkantay","https://ebird.org/hotspot/L21694969/bird-list","Mollepata","Atlapetes canigenis","Atlapetes canigenis Chapman, 1919",4,2018,2023,"Passeriformes","Passerellidae","Matorralero de Cusco","Cuzco Brushfinch","Endémico","No Amenazada","Preocupación Menor (LC)","No CITES",TRUE
"L21694969","Paso Salkantay","https://ebird.org/hotspot/L21694969/bird-list","Mollepata","Conirostrum cinereum","Conirostrum cinereum d'Orbigny & Lafresnaye, 1838",4,2019,2024,"Passeriformes","Thraupidae","Pico-de-Cono Cinéreo","Cinereous Conebill","Residente","No Amenazada","Preocupación Menor (LC)","No CITES",FALSE
"L21694969","Paso Salkantay","https://ebird.org/hotspot/L21694969/bird-list","Mollepata","Agriornis montanus","Agriornis montanus (Orbigny & Lafresnaye, 1837)",3,2018,2024,"Passeriformes","Tyrannidae","Arriero de Pico Negro","Black-billed Shrike-Tyrant","Residente","No Amenazada","Preocupación Menor (LC)","No CITES",FALSE
"L21694969","Paso Salkantay","https://ebird.org/hotspot/L21694969/bird-list","Mollepata","Anairetes flavirostris","Anairetes flavirostris P.L.Sclater & Salvin, 1876",3,2019,2023,"Passeriformes","Tyrannidae","Torito de Pico Amarillo","Yellow-billed Tit-Tyrant","Residente","No Amenazada","Preocupación Menor (LC)","No CITES",FALSE
"L21694969","Paso Salkantay","https://ebird.org/hotspot/L21694969/bird-list","Mollepata","Anisognathus igniventris","Anisognathus igniventris (d'Orbigny & Lafresnaye, 1837)",3,2023,2024,"Passeriformes","Thraupidae","Tangara de Montaña de Vientre Escarlata","Scarlet-bellied Mountain Tanager","Residente","No Amenazada","Preocupación Menor (LC)","No CITES",FALSE
"L21694969","Paso Salkantay","https://ebird.org/hotspot/L21694969/bird-list","Mollepata","Catamenia analis","Catamenia analis (d'Orbigny & Lafresnaye, 1837)",3,2022,2024,"Passeriformes","Thraupidae","Semillero de Cola Bandeada","Band-tailed Seedeater","Residente","No Amenazada","Preocupación Menor (LC)","No CITES",FALSE
"L21694969","Paso Salkantay","https://ebird.org/hotspot/L21694969/bird-list","Mollepata","Catamenia inornata","Catamenia inornata (Lafresnaye, 1847)",3,2022,2024,"Passeriformes","Thraupidae","Semillero Simple","Plain-colored Seedeater","Residente","No Amenazada","Preocupación Menor (LC)","No CITES",FALSE
"L21694969","Paso Salkantay","https://ebird.org/hotspot/L21694969/bird-list","Mollepata","Cinclus leucocephalus","Cinclus leucocephalus Tschudi, 1844",3,2014,2023,"Passeriformes","Cinclidae","Mirlo Acuático de Gorro Blanco","White-capped Dipper","Residente","No Amenazada","Preocupación Menor (LC)","No CITES",FALSE
"L21694969","Paso Salkantay","https://ebird.org/hotspot/L21694969/bird-list","Mollepata","Diglossa cyanea","Diglossa cyanea (Lafresnaye, 1840)",3,2023,2024,"Passeriformes","Thraupidae","Pinchaflor Enmascarado Canor","Warbling Masked-Flowerpiercer","Residente","No Amenazada","Preocupación Menor (LC)","No CITES",FALSE
"L21694969","Paso Salkantay","https://ebird.org/hotspot/L21694969/bird-list","Mollepata","Haplochelidon andecola","Orochelidon andecola (d'Orbigny & Lafresnaye, 1837)",3,2022,2024,NA,NA,NA,NA,NA,"No Amenazada","Preocupación Menor (LC)","No CITES",NA
"L21694969","Paso Salkantay","https://ebird.org/hotspot/L21694969/bird-list","Mollepata","Myioborus melanocephalus","Myioborus melanocephalus (Tschudi, 1844)",3,2014,2023,"Passeriformes","Parulidae","Candelita de Anteojos","Spectacled Redstart","Residente","No Amenazada","Preocupación Menor (LC)","No CITES",FALSE
"L21694969","Paso Salkantay","https://ebird.org/hotspot/L21694969/bird-list","Mollepata","Notiochelidon murina","Orochelidon murina (Cassin, 1853)",3,2023,2024,NA,NA,NA,NA,NA,"No Amenazada","Preocupación Menor (LC)","No CITES",NA
"L21694969","Paso Salkantay","https://ebird.org/hotspot/L21694969/bird-list","Mollepata","Ochthoeca oenanthoides","Ochthoeca oenanthoides (Orbigny & Lafresnaye, 1837)",3,2019,2024,"Passeriformes","Tyrannidae","Pitajo de d’Orbigny","d'Orbigny's Chat-Tyrant","Residente","No Amenazada","Preocupación Menor (LC)","No CITES",FALSE
"L21694969","Paso Salkantay","https://ebird.org/hotspot/L21694969/bird-list","Mollepata","Ochthoeca rufipectoralis","Ochthoeca rufipectoralis (Orbigny & Lafresnaye, 1837)",3,2018,2023,"Passeriformes","Tyrannidae","Pitajo de Pecho Rufo","Rufous-breasted Chat-Tyrant","Residente","No Amenazada","Preocupación Menor (LC)","No CITES",FALSE
"L21694969","Paso Salkantay","https://ebird.org/hotspot/L21694969/bird-list","Mollepata","Oreotrochilus estella","Oreotrochilus estella (d'Orbigny, 1838)",3,2019,2024,"Apodiformes","Trochilidae","Estrella Andina","Andean Hillstar","Residente","No Amenazada","Preocupación Menor (LC)","No CITES",FALSE
"L21694969","Paso Salkantay","https://ebird.org/hotspot/L21694969/bird-list","Mollepata","Polioxolmis rufipennis","Cnemarchus rufipennis (Taczanowski, 1874)",3,2023,2023,NA,NA,NA,NA,NA,"No Amenazada","Preocupación Menor (LC)","No CITES",NA
"L21694969","Paso Salkantay","https://ebird.org/hotspot/L21694969/bird-list","Mollepata","Scytalopus simonsi","Scytalopus simonsi Chubb, 1917",3,2017,2023,"Passeriformes","Rhinocryptidae","Tapaculo de la Puna","Puna Tapaculo","Residente","No Amenazada","Preocupación Menor (LC)","No CITES",FALSE
"L21694969","Paso Salkantay","https://ebird.org/hotspot/L21694969/bird-list","Mollepata","Spinus magellanicus","Spinus magellanicus (Vieillot, 1805)",3,2022,2023,"Passeriformes","Fringillidae","Jilguero Encapuchado","Hooded Siskin","Residente","No Amenazada","Preocupación Menor (LC)","No CITES",FALSE
"L21694969","Paso Salkantay","https://ebird.org/hotspot/L21694969/bird-list","Mollepata","Aratinga mitrata","Psittacara mitratus (Tschudi, 1844)",2,2022,2024,NA,NA,NA,NA,NA,"No Amenazada","Preocupación Menor (LC)","No CITES",NA
"L21694969","Paso Salkantay","https://ebird.org/hotspot/L21694969/bird-list","Mollepata","Asthenes ottonis","Asthenes ottonis (Berlepsch, 1901)",2,2018,2019,"Passeriformes","Furnariidae","Canastero de Frente Rojiza","Rusty-fronted Canastero","Endémico","No Amenazada","Preocupación Menor (LC)","No CITES",TRUE
"L21694969","Paso Salkantay","https://ebird.org/hotspot/L21694969/bird-list","Mollepata","Asthenes urubambensis","Asthenes urubambensis (Chapman, 1919)",2,2022,2024,"Passeriformes","Furnariidae","Canastero de Frente Listada","Line-fronted Canastero","Residente","No Amenazada","Casi Amenazada (NT)","No CITES",FALSE
"L21694969","Paso Salkantay","https://ebird.org/hotspot/L21694969/bird-list","Mollepata","Asthenes virgata","Asthenes virgata (P.L.Sclater, 1874)",2,2024,2024,"Passeriformes","Furnariidae","Canastero de Junín","Junin Canastero","Endémico","No Amenazada","Preocupación Menor (LC)","No CITES",TRUE
"L21694969","Paso Salkantay","https://ebird.org/hotspot/L21694969/bird-list","Mollepata","Buteo polyosoma","Geranoaetus polyosoma (Quoy & Gaimard, 1824)",2,2023,2023,NA,NA,NA,NA,NA,"No Amenazada","Preocupación Menor (LC)","Apéndice II",NA
"L21694969","Paso Salkantay","https://ebird.org/hotspot/L21694969/bird-list","Mollepata","Cranioleuca albicapilla","Cranioleuca albicapilla (Cabanis, 1873)",2,2019,2024,"Passeriformes","Furnariidae","Cola-Espina de Cresta Cremosa","Creamy-crested Spinetail","Endémico","No Amenazada","Preocupación Menor (LC)","No CITES",TRUE
"L21694969","Paso Salkantay","https://ebird.org/hotspot/L21694969/bird-list","Mollepata","Falco sparverius","Falco sparverius Linnaeus, 1758",2,2024,2024,"Falconiformes","Falconidae","Cernícalo Americano","American Kestrel","Residente","No Amenazada","Preocupación Menor (LC)","No CITES",FALSE
"L21694969","Paso Salkantay","https://ebird.org/hotspot/L21694969/bird-list","Mollepata","Heliangelus amethysticollis","Heliangelus amethysticollis (d'Orbigny & Lafresnaye, 1838)",2,2023,2023,"Apodiformes","Trochilidae","Angel-del-Sol de Garganta Amatista","Amethyst-throated Sunangel","Residente","No Amenazada","Preocupación Menor (LC)","No CITES",FALSE
"L21694969","Paso Salkantay","https://ebird.org/hotspot/L21694969/bird-list","Mollepata","Idiopsar brachyurus","Idiopsar brachyurus Cassin, 1867",2,2022,2023,"Passeriformes","Thraupidae","Fringilo de las Rocas","Boulder Finch","Residente","No Amenazada","Preocupación Menor (LC)","No CITES",FALSE
"L21694969","Paso Salkantay","https://ebird.org/hotspot/L21694969/bird-list","Mollepata","Leptasthenura yanacensis","Sylviorthorhynchus yanacensis (Carriker, 1933)",2,2023,2023,NA,NA,NA,NA,NA,"No Amenazada","Preocupación Menor (LC)","No CITES",NA
"L21694969","Paso Salkantay","https://ebird.org/hotspot/L21694969/bird-list","Mollepata","Lesbia victoriae","Lesbia victoriae (Bourcier & Mulsant, 1846)",2,2019,2022,"Apodiformes","Trochilidae","Colibrí de Cola Larga Negra","Black-tailed Trainbearer","Residente","No Amenazada","Preocupación Menor (LC)","No CITES",FALSE
"L21694969","Paso Salkantay","https://ebird.org/hotspot/L21694969/bird-list","Mollepata","Lophonetta specularioides","Lophonetta specularioides (P.P.King, 1828)",2,2022,2023,"Anseriformes","Anatidae","Pato Crestón","Crested Duck","Residente","No Amenazada","Preocupación Menor (LC)","No CITES",FALSE
"L21694969","Paso Salkantay","https://ebird.org/hotspot/L21694969/bird-list","Mollepata","Patagona gigas","Patagona gigas (Vieillot, 1824)",2,2019,2023,"Apodiformes","Trochilidae","Colibrí Gigante Sureño","Southern Giant-Hummingbird","Migratorio","No Amenazada","Preocupación Menor (LC)","No CITES",FALSE
"L21694969","Paso Salkantay","https://ebird.org/hotspot/L21694969/bird-list","Mollepata","Poospizopsis caesar","Poospizopsis caesar (P.L.Sclater & Salvin, 1869)",2,2022,2022,"Passeriformes","Thraupidae","Monterita de Pecho Castaño","Chestnut-breasted Mountain Finch","Endémico","No Amenazada","Preocupación Menor (LC)","No CITES",TRUE
"L21694969","Paso Salkantay","https://ebird.org/hotspot/L21694969/bird-list","Mollepata","Rauenia bonariensis","Rauenia bonariensis (J.F.Gmelin, 1789)",2,2022,2024,"Passeriformes","Thraupidae","Tangara Azul y Amarilla","Blue-and-yellow Tanager","Residente","No Amenazada","Preocupación Menor (LC)","No CITES",FALSE
"L21694969","Paso Salkantay","https://ebird.org/hotspot/L21694969/bird-list","Mollepata","Sicalis uropigyalis","Sicalis uropigyalis (d'Orbigny & Lafresnaye, 1837)",2,2018,2022,NA,NA,NA,NA,NA,"No Amenazada","Preocupación Menor (LC)","No CITES",NA
"L21694969","Paso Salkantay","https://ebird.org/hotspot/L21694969/bird-list","Mollepata","Sporathraupis cyanocephala","Sporathraupis cyanocephala (d'Orbigny & Lafresnaye, 1837)",2,2023,2023,"Passeriformes","Thraupidae","Tangara de Gorro Azul","Blue-capped Tanager","Residente","No Amenazada","Preocupación Menor (LC)","No CITES",FALSE
"L21694969","Paso Salkantay","https://ebird.org/hotspot/L21694969/bird-list","Mollepata","Aeronautes andecolus","Aeronautes andecolus (d'Orbigny & Lafresnaye, 1837)",1,2023,2023,"Apodiformes","Apodidae","Vencejo Andino","Andean Swift","Residente","No Amenazada","Preocupación Menor (LC)","No CITES",FALSE
"L21694969","Paso Salkantay","https://ebird.org/hotspot/L21694969/bird-list","Mollepata","Aglaeactis castelnaudii","Aglaeactis castelnaudii (Bourcier & Mulsant, 1848)",1,2022,2022,"Apodiformes","Trochilidae","Rayo-de-Sol Acanelado","White-tufted Sunbeam","Endémico","No Amenazada","Casi Amenazada (NT)","No CITES",TRUE
"L21694969","Paso Salkantay","https://ebird.org/hotspot/L21694969/bird-list","Mollepata","Agriornis andicola","Agriornis albicauda (Philippi & Landbeck, 1863)",1,2024,2024,NA,NA,NA,NA,NA,"No Amenazada","Preocupación Menor (LC)","No CITES",NA
"L21694969","Paso Salkantay","https://ebird.org/hotspot/L21694969/bird-list","Mollepata","Andigena hypoglauca","Andigena hypoglauca (Gould, 1833)",1,2018,2018,"Piciformes","Ramphastidae","Tucan-Andino de Pecho Gris","Gray-breasted Mountain-Toucan","Residente","No Amenazada","Preocupación Menor (LC)","No CITES",FALSE
"L21694969","Paso Salkantay","https://ebird.org/hotspot/L21694969/bird-list","Mollepata","Anthus bogotensis","Anthus bogotensis P.L.Sclater, 1855",1,2024,2024,"Passeriformes","Motacillidae","Cachirla del Páramo","Paramo Pipit","Residente","No Amenazada","Preocupación Menor (LC)","No CITES",FALSE
"L21694969","Paso Salkantay","https://ebird.org/hotspot/L21694969/bird-list","Mollepata","Atlapetes forbesi","Atlapetes forbesi Morrison, 1947",1,2022,2022,"Passeriformes","Passerellidae","Matorralero de Apurímac","Apurimac Brushfinch","Endémico","No Amenazada","Preocupación Menor (LC)","No CITES",TRUE
"L21694969","Paso Salkantay","https://ebird.org/hotspot/L21694969/bird-list","Mollepata","Catamenia homochroa","Catamenia homochroa P.L.Sclater, 1859",1,2018,2018,"Passeriformes","Thraupidae","Semillero Paramero","Paramo Seedeater","Residente","No Amenazada","Preocupación Menor (LC)","No CITES",FALSE
"L21694969","Paso Salkantay","https://ebird.org/hotspot/L21694969/bird-list","Mollepata","Chroicocephalus serranus","Chroicocephalus serranus (Tschudi, 1844)",1,2018,2018,"Charadriiformes","Laridae","Gaviota Andina","Andean Gull","Residente","No Amenazada","Preocupación Menor (LC)","No CITES",FALSE
"L21694969","Paso Salkantay","https://ebird.org/hotspot/L21694969/bird-list","Mollepata","Cinclodes aricomae","Cinclodes aricomae (Carriker, 1932)",1,2023,2023,"Passeriformes","Furnariidae","Churrete Real","Royal Cinclodes","Residente","En Peligro Crítico (CR)","En Peligro (EN)","No CITES",FALSE
"L21694969","Paso Salkantay","https://ebird.org/hotspot/L21694969/bird-list","Mollepata","Circus cinereus","Circus cinereus Vieillot, 1816",1,2023,2023,"Accipitriformes","Accipitridae","Aguilucho Cenizo","Cinereous Harrier","Residente","No Amenazada","Preocupación Menor (LC)","No CITES",FALSE
"L21694969","Paso Salkantay","https://ebird.org/hotspot/L21694969/bird-list","Mollepata","Coereba flaveola","Coereba flaveola (Linnaeus, 1758)",1,2018,2018,"Passeriformes","Thraupidae","Mielero Común","Bananaquit","Residente","No Amenazada","Preocupación Menor (LC)","No CITES",FALSE
"L21694969","Paso Salkantay","https://ebird.org/hotspot/L21694969/bird-list","Mollepata","Colibri coruscans","Colibri coruscans (Gould, 1846)",1,2023,2023,"Apodiformes","Trochilidae","Oreja-Violeta de Vientre Azul","Sparkling Violetear","Residente","No Amenazada","Preocupación Menor (LC)","No CITES",FALSE
"L21694969","Paso Salkantay","https://ebird.org/hotspot/L21694969/bird-list","Mollepata","Conirostrum albifrons","Conirostrum albifrons Lafresnaye, 1842",1,2018,2018,"Passeriformes","Thraupidae","Pico-de-Cono Coronado","Capped Conebill","Residente","No Amenazada","Preocupación Menor (LC)","No CITES",FALSE
"L21694969","Paso Salkantay","https://ebird.org/hotspot/L21694969/bird-list","Mollepata","Conirostrum ferrugineiventre","Conirostrum ferrugineiventre P.L.Sclater, 1855",1,2023,2023,"Passeriformes","Thraupidae","Pico-de-Cono de Ceja Blanca","White-browed Conebill","Residente","No Amenazada","Preocupación Menor (LC)","No CITES",FALSE
"L21694969","Paso Salkantay","https://ebird.org/hotspot/L21694969/bird-list","Mollepata","Conirostrum sitticolor","Conirostrum sitticolor Lafresnaye, 1840",1,2023,2023,"Passeriformes","Thraupidae","Pico-de-Cono de Dorso Azul","Blue-backed Conebill","Residente","No Amenazada","Preocupación Menor (LC)","No CITES",FALSE
"L21694969","Paso Salkantay","https://ebird.org/hotspot/L21694969/bird-list","Mollepata","Diglossa mystacalis","Diglossa mystacalis Lafresnaye, 1846",1,2022,2022,"Passeriformes","Thraupidae","Pinchaflor Bigotudo","Moustached Flowerpiercer","Residente","No Amenazada","Preocupación Menor (LC)","No CITES",FALSE
"L21694969","Paso Salkantay","https://ebird.org/hotspot/L21694969/bird-list","Mollepata","Elaenia pallatangae","Elaenia pallatangae P.L.Sclater, 1862",1,2022,2022,"Passeriformes","Tyrannidae","Fío-Fío Serrano","Sierran Elaenia","Residente","No Amenazada","Preocupación Menor (LC)","No CITES",FALSE
"L21694969","Paso Salkantay","https://ebird.org/hotspot/L21694969/bird-list","Mollepata","Elliotomyia chionogaster","Elliotomyia chionogaster (Tschudi, 1846)",1,2018,2018,"Apodiformes","Trochilidae","Colibrí de Vientre Blanco","White-bellied Hummingbird","Residente","No Amenazada","Preocupación Menor (LC)","No CITES",FALSE
"L21694969","Paso Salkantay","https://ebird.org/hotspot/L21694969/bird-list","Mollepata","Eriocnemis luciani","Eriocnemis luciani (Bourcier, 1847)",1,2023,2023,"Apodiformes","Trochilidae","Calzadito de Cola Larga","Sapphire-vented Puffleg","Residente","No Amenazada","Preocupación Menor (LC)","No CITES",FALSE
"L21694969","Paso Salkantay","https://ebird.org/hotspot/L21694969/bird-list","Mollepata","Falco femoralis","Falco femoralis Temminck, 1822",1,2024,2024,"Falconiformes","Falconidae","Halcón Aplomado","Aplomado Falcon","Residente","No Amenazada","Preocupación Menor (LC)","No CITES",FALSE
"L21694969","Paso Salkantay","https://ebird.org/hotspot/L21694969/bird-list","Mollepata","Falco peregrinus","Falco peregrinus Tunstall, 1771",1,2023,2023,"Falconiformes","Falconidae","Halcón Peregrino","Peregrine Falcon","Residente","Casi Amenazado (NT)","Preocupación Menor (LC)","Apéndice I",FALSE
"L21694969","Paso Salkantay","https://ebird.org/hotspot/L21694969/bird-list","Mollepata","Geositta tenuirostris","Geositta tenuirostris (Lafresnaye, 1836)",1,2018,2018,"Passeriformes","Furnariidae","Minero de Pico Largo","Slender-billed Miner","Residente","No Amenazada","Preocupación Menor (LC)","No CITES",FALSE
"L21694969","Paso Salkantay","https://ebird.org/hotspot/L21694969/bird-list","Mollepata","Geranoaetus melanoleucus","Geranoaetus melanoleucus (Vieillot, 1819)",1,2018,2018,"Accipitriformes","Accipitridae","Aguilucho de Pecho Negro","Black-chested Buzzard-Eagle","Residente","No Amenazada","Preocupación Menor (LC)","Apéndice II",FALSE
"L21694969","Paso Salkantay","https://ebird.org/hotspot/L21694969/bird-list","Mollepata","Haplospiza rustica","Haplospiza rustica (Tschudi, 1844)",1,2022,2022,"Passeriformes","Thraupidae","Fringilo Pizarroso","Slaty Finch","Residente","No Amenazada","Preocupación Menor (LC)","No CITES",FALSE
"L21694969","Paso Salkantay","https://ebird.org/hotspot/L21694969/bird-list","Mollepata","Lafresnaya lafresnayi","Lafresnaya lafresnayi (Boissonneau, 1840)",1,2022,2022,"Apodiformes","Trochilidae","Colibrí Aterciopelado","Mountain Velvetbreast","Residente","No Amenazada","Preocupación Menor (LC)","No CITES",FALSE
"L21694969","Paso Salkantay","https://ebird.org/hotspot/L21694969/bird-list","Mollepata","Margarornis squamiger","Margarornis squamiger (Orbigny & Lafresnaye, 1838)",1,2023,2023,"Passeriformes","Furnariidae","Subepalo Perlado","Pearled Treerunner","Residente","No Amenazada","Preocupación Menor (LC)","No CITES",FALSE
"L21694969","Paso Salkantay","https://ebird.org/hotspot/L21694969/bird-list","Mollepata","Mecocerculus stictopterus","Mecocerculus stictopterus (P.L.Sclater, 1859)",1,2022,2022,"Passeriformes","Tyrannidae","Tiranillo de Ala Bandeada","White-banded Tyrannulet","Residente","No Amenazada","Preocupación Menor (LC)","No CITES",FALSE
"L21694969","Paso Salkantay","https://ebird.org/hotspot/L21694969/bird-list","Mollepata","Metallura tyrianthina","Metallura tyrianthina (Loddiges, 1832)",1,2019,2019,"Apodiformes","Trochilidae","Colibrí Tirio","Tyrian Metaltail","Residente","No Amenazada","Preocupación Menor (LC)","No CITES",FALSE
"L21694969","Paso Salkantay","https://ebird.org/hotspot/L21694969/bird-list","Mollepata","Momotus aequatorialis","Momotus aequatorialis Gould, 1858",1,2014,2014,"Coraciiformes","Momotidae","Relojero Andino","Andean Motmot","Residente","No Amenazada","Preocupación Menor (LC)","No CITES",FALSE
"L21694969","Paso Salkantay","https://ebird.org/hotspot/L21694969/bird-list","Mollepata","Muscisaxicola albilora","Muscisaxicola albilora Lafresnaye, 1855",1,2022,2022,"Passeriformes","Tyrannidae","Dormilona de Ceja Blanca","White-browed Ground-Tyrant","Migratorio","No Amenazada","Preocupación Menor (LC)","No CITES",FALSE
"L21694969","Paso Salkantay","https://ebird.org/hotspot/L21694969/bird-list","Mollepata","Muscisaxicola fluviatilis","Syrtidicola fluviatilis (P.L.Sclater & Salvin, 1866)",1,2023,2023,NA,NA,NA,NA,NA,"No Amenazada","Preocupación Menor (LC)","No CITES",NA
"L21694969","Paso Salkantay","https://ebird.org/hotspot/L21694969/bird-list","Mollepata","Muscisaxicola maculirostris","Muscisaxicola maculirostris Orbigny & Lafresnaye, 1837",1,2019,2019,"Passeriformes","Tyrannidae","Dormilona Chica","Spot-billed Ground-Tyrant","Residente","No Amenazada","Preocupación Menor (LC)","No CITES",FALSE
"L21694969","Paso Salkantay","https://ebird.org/hotspot/L21694969/bird-list","Mollepata","Myioborus miniatus","Myioborus miniatus (Swainson, 1827)",1,2018,2018,"Passeriformes","Parulidae","Candelita de Garganta Plomiza","Slate-throated Redstart","Residente","No Amenazada","Preocupación Menor (LC)","No CITES",FALSE
"L21694969","Paso Salkantay","https://ebird.org/hotspot/L21694969/bird-list","Mollepata","Nothoprocta taczanowskii","Nothoprocta taczanowskii P.L.Sclater & Salvin, 1875",1,2024,2024,"Tinamiformes","Tinamidae","Perdiz de Taczanowski","Taczanowski's Tinamou","Residente","No Amenazada","Vulnerable (VU)","No CITES",FALSE
"L21694969","Paso Salkantay","https://ebird.org/hotspot/L21694969/bird-list","Mollepata","Notiochelidon flavipes","Orochelidon flavipes (Chapman, 1922)",1,2023,2023,NA,NA,NA,NA,NA,"No Amenazada","Preocupación Menor (LC)","No CITES",NA
"L21694969","Paso Salkantay","https://ebird.org/hotspot/L21694969/bird-list","Mollepata","Ochthoeca fumicolor","Ochthoeca fumicolor P.L.Sclater, 1856",1,2023,2023,"Passeriformes","Tyrannidae","Pitajo de Dorso Pardo","Brown-backed Chat-Tyrant","Residente","No Amenazada","Preocupación Menor (LC)","No CITES",FALSE
"L21694969","Paso Salkantay","https://ebird.org/hotspot/L21694969/bird-list","Mollepata","Ochthoeca leucophrys","Ochthoeca leucophrys (Orbigny & Lafresnaye, 1837)",1,2023,2023,"Passeriformes","Tyrannidae","Pitajo de Ceja Blanca","White-browed Chat-Tyrant","Residente","No Amenazada","Preocupación Menor (LC)","No CITES",FALSE
"L21694969","Paso Salkantay","https://ebird.org/hotspot/L21694969/bird-list","Mollepata","Oreonympha nobilis","Oreonympha nobilis Gould, 1869",1,2022,2022,"Apodiformes","Trochilidae","Montañes Barbudo","Bearded Mountaineer","Endémico","No Amenazada","Preocupación Menor (LC)","No CITES",TRUE
"L21694969","Paso Salkantay","https://ebird.org/hotspot/L21694969/bird-list","Mollepata","Pharomachrus auriceps","Pharomachrus auriceps (Gould, 1842)",1,2014,2014,"Trogoniformes","Trogonidae","Quetzal de Cabeza Dorada","Golden-headed Quetzal","Residente","No Amenazada","Preocupación Menor (LC)","No CITES",FALSE
"L21694969","Paso Salkantay","https://ebird.org/hotspot/L21694969/bird-list","Mollepata","Pheugopedius eisenmanni","Pheugopedius eisenmanni (T.A.Parker & O'Neill, 1985)",1,2024,2024,"Passeriformes","Troglodytidae","Cucarachero Inca","Inca Wren","Endémico","No Amenazada","Preocupación Menor (LC)","No CITES",TRUE
"L21694969","Paso Salkantay","https://ebird.org/hotspot/L21694969/bird-list","Mollepata","Porphyrospiza alaudina","Rhopospina alaudina (Kittlitz, 1833)",1,2022,2022,NA,NA,NA,NA,NA,"No Amenazada","Preocupación Menor (LC)","No CITES",NA
"L21694969","Paso Salkantay","https://ebird.org/hotspot/L21694969/bird-list","Mollepata","Pterophanes cyanopterus","Pterophanes cyanopterus (Fraser, 1840)",1,2024,2024,"Apodiformes","Trochilidae","Ala-Zafiro Grande","Great Sapphirewing","Residente","No Amenazada","Preocupación Menor (LC)","No CITES",FALSE
"L21694969","Paso Salkantay","https://ebird.org/hotspot/L21694969/bird-list","Mollepata","Scytalopus parvirostris","Scytalopus parvirostris Zimmer, 1939",1,2022,2022,"Passeriformes","Rhinocryptidae","Tapaculo Trinador","Trilling Tapaculo","Residente","No Amenazada","Preocupación Menor (LC)","No CITES",FALSE
"L21694969","Paso Salkantay","https://ebird.org/hotspot/L21694969/bird-list","Mollepata","Setophaga pitiayumi","Setophaga pitiayumi (Vieillot, 1817)",1,2018,2018,"Passeriformes","Parulidae","Parula Tropical","Tropical Parula","Residente","No Amenazada","Preocupación Menor (LC)","No CITES",FALSE
"L21694969","Paso Salkantay","https://ebird.org/hotspot/L21694969/bird-list","Mollepata","Sicalis olivascens","Sicalis olivascens (d'Orbigny & Lafresnaye, 1837)",1,2023,2023,"Passeriformes","Thraupidae","Chirigüe Verdoso","Greenish Yellow-Finch","Residente","No Amenazada","Preocupación Menor (LC)","No CITES",FALSE
"L21694969","Paso Salkantay","https://ebird.org/hotspot/L21694969/bird-list","Mollepata","Spatula cyanoptera","Spatula cyanoptera (Vieillot, 1816)",1,2024,2024,"Anseriformes","Anatidae","Pato Colorado","Cinnamon Teal","Residente","No Amenazada","Preocupación Menor (LC)","No CITES",FALSE
"L21694969","Paso Salkantay","https://ebird.org/hotspot/L21694969/bird-list","Mollepata","Synallaxis courseni","Synallaxis courseni Blake, 1971",1,2022,2022,"Passeriformes","Furnariidae","Cola-Espina de Apurímac","Apurimac Spinetail","Endémico","No Amenazada","Casi Amenazada (NT)","No CITES",TRUE
"L21694969","Paso Salkantay","https://ebird.org/hotspot/L21694969/bird-list","Mollepata","Thlypopsis ruficeps","Thlypopsis ruficeps (d'Orbigny & Lafresnaye, 1837)",1,2018,2018,"Passeriformes","Thraupidae","Tangara Rufa y Amarilla","Rust-and-yellow Tanager","Residente","No Amenazada","Preocupación Menor (LC)","No CITES",FALSE
"L8413446","Pincopata EcoCamp","https://ebird.org/hotspot/L8413446/bird-list","Mollepata","Cranioleuca albicapilla","Cranioleuca albicapilla (Cabanis, 1873)",235,2014,2025,"Passeriformes","Furnariidae","Cola-Espina de Cresta Cremosa","Creamy-crested Spinetail","Endémico","No Amenazada","Preocupación Menor (LC)","No CITES",TRUE
"L8413446","Pincopata EcoCamp","https://ebird.org/hotspot/L8413446/bird-list","Mollepata","Thlypopsis ruficeps","Thlypopsis ruficeps (d'Orbigny & Lafresnaye, 1837)",188,2015,2025,"Passeriformes","Thraupidae","Tangara Rufa y Amarilla","Rust-and-yellow Tanager","Residente","No Amenazada","Preocupación Menor (LC)","No CITES",FALSE
"L8413446","Pincopata EcoCamp","https://ebird.org/hotspot/L8413446/bird-list","Mollepata","Turdus chiguanco","Turdus chiguanco Orbigny & Lafresnaye, 1837",177,2008,2024,"Passeriformes","Turdidae","Zorzal Chiguanco","Chiguanco Thrush","Residente","No Amenazada","Preocupación Menor (LC)","No CITES",FALSE
"L8413446","Pincopata EcoCamp","https://ebird.org/hotspot/L8413446/bird-list","Mollepata","Knipolegus aterrimus","Knipolegus aterrimus Kaup, 1853",176,2008,2025,"Passeriformes","Tyrannidae","Viudita-Negra de Ala Blanca","White-winged Black-Tyrant","Residente","No Amenazada","Preocupación Menor (LC)","No CITES",FALSE
"L8413446","Pincopata EcoCamp","https://ebird.org/hotspot/L8413446/bird-list","Mollepata","Saltator aurantiirostris","Saltator aurantiirostris Vieillot, 1817",174,1978,2025,"Passeriformes","Thraupidae","Saltador de Pico Dorado","Golden-billed Saltator","Residente","No Amenazada","Preocupación Menor (LC)","No CITES",FALSE
"L8413446","Pincopata EcoCamp","https://ebird.org/hotspot/L8413446/bird-list","Mollepata","Zonotrichia capensis","Zonotrichia capensis (P.L.S.Müller, 1776)",165,2011,2024,"Passeriformes","Passerellidae","Gorrión de Collar Rufo","Rufous-collared Sparrow","Residente","No Amenazada","Preocupación Menor (LC)","No CITES",FALSE
"L8413446","Pincopata EcoCamp","https://ebird.org/hotspot/L8413446/bird-list","Mollepata","Synallaxis courseni","Synallaxis courseni Blake, 1971",154,2014,2024,"Passeriformes","Furnariidae","Cola-Espina de Apurímac","Apurimac Spinetail","Endémico","No Amenazada","Casi Amenazada (NT)","No CITES",TRUE
"L8413446","Pincopata EcoCamp","https://ebird.org/hotspot/L8413446/bird-list","Mollepata","Troglodytes musculus","Troglodytes musculus J.F.Naumann, 1823",151,2015,2024,"Passeriformes","Troglodytidae","Cucarachero Común Sureño","Southern House-Wren","Residente","No Amenazada","Preocupación Menor (LC)","No CITES",FALSE
"L8413446","Pincopata EcoCamp","https://ebird.org/hotspot/L8413446/bird-list","Mollepata","Conirostrum cinereum","Conirostrum cinereum d'Orbigny & Lafresnaye, 1838",145,2014,2024,"Passeriformes","Thraupidae","Pico-de-Cono Cinéreo","Cinereous Conebill","Residente","No Amenazada","Preocupación Menor (LC)","No CITES",FALSE
"L8413446","Pincopata EcoCamp","https://ebird.org/hotspot/L8413446/bird-list","Mollepata","Metallura tyrianthina","Metallura tyrianthina (Loddiges, 1832)",143,2015,2024,"Apodiformes","Trochilidae","Colibrí Tirio","Tyrian Metaltail","Residente","No Amenazada","Preocupación Menor (LC)","No CITES",FALSE
"L8413446","Pincopata EcoCamp","https://ebird.org/hotspot/L8413446/bird-list","Mollepata","Atlapetes forbesi","Atlapetes forbesi Morrison, 1947",141,2014,2025,"Passeriformes","Passerellidae","Matorralero de Apurímac","Apurimac Brushfinch","Endémico","No Amenazada","Preocupación Menor (LC)","No CITES",TRUE
"L8413446","Pincopata EcoCamp","https://ebird.org/hotspot/L8413446/bird-list","Mollepata","Turdus fuscater","Turdus fuscater Orbigny & Lafresnaye, 1837",138,2014,2024,"Passeriformes","Turdidae","Zorzal Grande","Great Thrush","Residente","No Amenazada","Preocupación Menor (LC)","No CITES",FALSE
"L8413446","Pincopata EcoCamp","https://ebird.org/hotspot/L8413446/bird-list","Mollepata","Lafresnaya lafresnayi","Lafresnaya lafresnayi (Boissonneau, 1840)",131,2014,2024,"Apodiformes","Trochilidae","Colibrí Aterciopelado","Mountain Velvetbreast","Residente","No Amenazada","Preocupación Menor (LC)","No CITES",FALSE
"L8413446","Pincopata EcoCamp","https://ebird.org/hotspot/L8413446/bird-list","Mollepata","Pheucticus aureoventris","Pheucticus aureoventris (d'Orbigny & Lafresnaye, 1837)",128,2014,2024,"Passeriformes","Cardinalidae","Picogrueso de Dorso Negro","Black-backed Grosbeak","Residente","No Amenazada","Preocupación Menor (LC)","No CITES",FALSE
"L8413446","Pincopata EcoCamp","https://ebird.org/hotspot/L8413446/bird-list","Mollepata","Spinus magellanicus","Spinus magellanicus (Vieillot, 1805)",125,2008,2024,"Passeriformes","Fringillidae","Jilguero Encapuchado","Hooded Siskin","Residente","No Amenazada","Preocupación Menor (LC)","No CITES",FALSE
"L8413446","Pincopata EcoCamp","https://ebird.org/hotspot/L8413446/bird-list","Mollepata","Ampelion rubrocristatus","Ampelion rubrocristatus (Orbigny & Lafresnaye, 1837)",113,2014,2024,"Passeriformes","Cotingidae","Cotinga de Cresta Roja","Red-crested Cotinga","Residente","No Amenazada","Preocupación Menor (LC)","No CITES",FALSE
"L8413446","Pincopata EcoCamp","https://ebird.org/hotspot/L8413446/bird-list","Mollepata","Colibri coruscans","Colibri coruscans (Gould, 1846)",113,2011,2024,"Apodiformes","Trochilidae","Oreja-Violeta de Vientre Azul","Sparkling Violetear","Residente","No Amenazada","Preocupación Menor (LC)","No CITES",FALSE
"L8413446","Pincopata EcoCamp","https://ebird.org/hotspot/L8413446/bird-list","Mollepata","Diglossa brunneiventris","Diglossa brunneiventris Lafresnaye, 1846",113,2008,2024,"Passeriformes","Thraupidae","Pinchaflor de Garganta Negra","Black-throated Flowerpiercer","Residente","No Amenazada","Preocupación Menor (LC)","No CITES",FALSE
"L8413446","Pincopata EcoCamp","https://ebird.org/hotspot/L8413446/bird-list","Mollepata","Elliotomyia chionogaster","Elliotomyia chionogaster (Tschudi, 1846)",111,2014,2024,"Apodiformes","Trochilidae","Colibrí de Vientre Blanco","White-bellied Hummingbird","Residente","No Amenazada","Preocupación Menor (LC)","No CITES",FALSE
"L8413446","Pincopata EcoCamp","https://ebird.org/hotspot/L8413446/bird-list","Mollepata","Pyrrhomyias cinnamomeus","Pyrrhomyias cinnamomeus (Orbigny & Lafresnaye, 1837)",111,2011,2024,"Passeriformes","Tyrannidae","Mosquerito Canela","Cinnamon Flycatcher","Residente","No Amenazada","Preocupación Menor (LC)","No CITES",FALSE
"L8413446","Pincopata EcoCamp","https://ebird.org/hotspot/L8413446/bird-list","Mollepata","Rauenia bonariensis","Rauenia bonariensis (J.F.Gmelin, 1789)",105,2014,2024,"Passeriformes","Thraupidae","Tangara Azul y Amarilla","Blue-and-yellow Tanager","Residente","No Amenazada","Preocupación Menor (LC)","No CITES",FALSE
"L8413446","Pincopata EcoCamp","https://ebird.org/hotspot/L8413446/bird-list","Mollepata","Zenaida auriculata","Zenaida auriculata (Des Murs, 1847)",105,2014,2024,"Columbiformes","Columbidae","Tórtola Orejuda","Eared Dove","Residente","No Amenazada","Preocupación Menor (LC)","No CITES",FALSE
"L8413446","Pincopata EcoCamp","https://ebird.org/hotspot/L8413446/bird-list","Mollepata","Poospizopsis caesar","Poospizopsis caesar (P.L.Sclater & Salvin, 1869)",99,2015,2024,"Passeriformes","Thraupidae","Monterita de Pecho Castaño","Chestnut-breasted Mountain Finch","Endémico","No Amenazada","Preocupación Menor (LC)","No CITES",TRUE
"L8413446","Pincopata EcoCamp","https://ebird.org/hotspot/L8413446/bird-list","Mollepata","Aglaeactis cupripennis","Aglaeactis cupripennis (Bourcier, 1843)",88,2014,2024,"Apodiformes","Trochilidae","Rayo-de-Sol Brillante","Shining Sunbeam","Residente","No Amenazada","Preocupación Menor (LC)","No CITES",FALSE
"L8413446","Pincopata EcoCamp","https://ebird.org/hotspot/L8413446/bird-list","Mollepata","Falco sparverius","Falco sparverius Linnaeus, 1758",80,2014,2024,"Falconiformes","Falconidae","Cernícalo Americano","American Kestrel","Residente","No Amenazada","Preocupación Menor (LC)","No CITES",FALSE
"L8413446","Pincopata EcoCamp","https://ebird.org/hotspot/L8413446/bird-list","Mollepata","Megascops koepckeae","Megascops koepckeae (Hekstra, 1982)",78,2017,2024,"Strigiformes","Strigidae","Lechuza de Koepcke","Koepcke's Screech-Owl","Residente","No Amenazada","Preocupación Menor (LC)","No CITES",FALSE
"L8413446","Pincopata EcoCamp","https://ebird.org/hotspot/L8413446/bird-list","Mollepata","Elaenia pallatangae","Elaenia pallatangae P.L.Sclater, 1862",75,2015,2024,"Passeriformes","Tyrannidae","Fío-Fío Serrano","Sierran Elaenia","Residente","No Amenazada","Preocupación Menor (LC)","No CITES",FALSE
"L8413446","Pincopata EcoCamp","https://ebird.org/hotspot/L8413446/bird-list","Mollepata","Catamenia analis","Catamenia analis (d'Orbigny & Lafresnaye, 1837)",73,2014,2024,"Passeriformes","Thraupidae","Semillero de Cola Bandeada","Band-tailed Seedeater","Residente","No Amenazada","Preocupación Menor (LC)","No CITES",FALSE
"L8413446","Pincopata EcoCamp","https://ebird.org/hotspot/L8413446/bird-list","Mollepata","Ochthoeca rufipectoralis","Ochthoeca rufipectoralis (Orbigny & Lafresnaye, 1837)",73,2014,2024,"Passeriformes","Tyrannidae","Pitajo de Pecho Rufo","Rufous-breasted Chat-Tyrant","Residente","No Amenazada","Preocupación Menor (LC)","No CITES",FALSE
"L8413446","Pincopata EcoCamp","https://ebird.org/hotspot/L8413446/bird-list","Mollepata","Colaptes rivolii","Colaptes rivolii (Boissonneau, 1840)",71,2015,2024,"Piciformes","Picidae","Carpintero de Manto Carmesí","Crimson-mantled Woodpecker","Residente","No Amenazada","Preocupación Menor (LC)","No CITES",FALSE
"L8413446","Pincopata EcoCamp","https://ebird.org/hotspot/L8413446/bird-list","Mollepata","Aratinga mitrata","Psittacara mitratus (Tschudi, 1844)",69,2014,2024,NA,NA,NA,NA,NA,"No Amenazada","Preocupación Menor (LC)","No CITES",NA
"L8413446","Pincopata EcoCamp","https://ebird.org/hotspot/L8413446/bird-list","Mollepata","Myiothlypis signata","Myiothlypis signata (von Berlepsch & Stolzmann, 1906)",67,2017,2024,"Passeriformes","Parulidae","Reinita de Pata Pálida","Pale-legged Warbler","Residente","No Amenazada","Preocupación Menor (LC)","No CITES",FALSE
"L8413446","Pincopata EcoCamp","https://ebird.org/hotspot/L8413446/bird-list","Mollepata","Patagioenas fasciata","Patagioenas fasciata (Say, 1822)",61,2015,2024,"Columbiformes","Columbidae","Paloma de Nuca Blanca","Band-tailed Pigeon","Residente","No Amenazada","Preocupación Menor (LC)","No CITES",FALSE
"L8413446","Pincopata EcoCamp","https://ebird.org/hotspot/L8413446/bird-list","Mollepata","Geranoaetus melanoleucus","Geranoaetus melanoleucus (Vieillot, 1819)",59,2014,2024,"Accipitriformes","Accipitridae","Aguilucho de Pecho Negro","Black-chested Buzzard-Eagle","Residente","No Amenazada","Preocupación Menor (LC)","Apéndice II",FALSE
"L8413446","Pincopata EcoCamp","https://ebird.org/hotspot/L8413446/bird-list","Mollepata","Scytalopus urubambae","Scytalopus urubambae Zimmer, 1939",54,2014,2024,"Passeriformes","Rhinocryptidae","Tapaculo de Vilcabamba","Vilcabamba Tapaculo","Endémico","No Amenazada","Preocupación Menor (LC)","No CITES",TRUE
"L8413446","Pincopata EcoCamp","https://ebird.org/hotspot/L8413446/bird-list","Mollepata","Leptotila verreauxi","Leptotila verreauxi Bonaparte, 1855",49,2014,2024,"Columbiformes","Columbidae","Paloma de Puntas Blancas","White-tipped Dove","Residente","No Amenazada","Preocupación Menor (LC)","No CITES",FALSE
"L8413446","Pincopata EcoCamp","https://ebird.org/hotspot/L8413446/bird-list","Mollepata","Lesbia nuna","Lesbia nuna (R.Lesson, 1832)",46,2014,2024,"Apodiformes","Trochilidae","Colibrí de Cola Larga Verde","Green-tailed Trainbearer","Residente","No Amenazada","Preocupación Menor (LC)","No CITES",FALSE
"L8413446","Pincopata EcoCamp","https://ebird.org/hotspot/L8413446/bird-list","Mollepata","Asthenes ottonis","Asthenes ottonis (Berlepsch, 1901)",43,2014,2024,"Passeriformes","Furnariidae","Canastero de Frente Rojiza","Rusty-fronted Canastero","Endémico","No Amenazada","Preocupación Menor (LC)","No CITES",TRUE
"L8413446","Pincopata EcoCamp","https://ebird.org/hotspot/L8413446/bird-list","Mollepata","Buteo polyosoma","Geranoaetus polyosoma (Quoy & Gaimard, 1824)",42,2014,2024,NA,NA,NA,NA,NA,"No Amenazada","Preocupación Menor (LC)","Apéndice II",NA
"L8413446","Pincopata EcoCamp","https://ebird.org/hotspot/L8413446/bird-list","Mollepata","Lesbia victoriae","Lesbia victoriae (Bourcier & Mulsant, 1846)",39,2015,2024,"Apodiformes","Trochilidae","Colibrí de Cola Larga Negra","Black-tailed Trainbearer","Residente","No Amenazada","Preocupación Menor (LC)","No CITES",FALSE
"L8413446","Pincopata EcoCamp","https://ebird.org/hotspot/L8413446/bird-list","Mollepata","Aegolius harrisii","Aegolius harrisii (Cassin, 1849)",36,2017,2022,"Strigiformes","Strigidae","Lechucita de Frente Anteada","Buff-fronted Owl","Residente","No Amenazada","Preocupación Menor (LC)","No CITES",FALSE
"L8413446","Pincopata EcoCamp","https://ebird.org/hotspot/L8413446/bird-list","Mollepata","Crotophaga ani","Crotophaga ani Linnaeus, 1758",35,2017,2024,"Cuculiformes","Cuculidae","Garrapatero de Pico Liso","Smooth-billed Ani","Residente","No Amenazada","Preocupación Menor (LC)","No CITES",FALSE
"L8413446","Pincopata EcoCamp","https://ebird.org/hotspot/L8413446/bird-list","Mollepata","Diglossa sittoides","Diglossa sittoides (d'Orbigny & Lafresnaye, 1838)",35,2017,2024,"Passeriformes","Thraupidae","Pinchaflor de Pecho Canela","Rusty Flowerpiercer","Residente","No Amenazada","Preocupación Menor (LC)","No CITES",FALSE
"L8413446","Pincopata EcoCamp","https://ebird.org/hotspot/L8413446/bird-list","Mollepata","Ochthoeca leucophrys","Ochthoeca leucophrys (Orbigny & Lafresnaye, 1837)",34,2014,2024,"Passeriformes","Tyrannidae","Pitajo de Ceja Blanca","White-browed Chat-Tyrant","Residente","No Amenazada","Preocupación Menor (LC)","No CITES",FALSE
"L8413446","Pincopata EcoCamp","https://ebird.org/hotspot/L8413446/bird-list","Mollepata","Aglaeactis castelnaudii","Aglaeactis castelnaudii (Bourcier & Mulsant, 1848)",33,2014,2024,"Apodiformes","Trochilidae","Rayo-de-Sol Acanelado","White-tufted Sunbeam","Endémico","No Amenazada","Casi Amenazada (NT)","No CITES",TRUE
"L8413446","Pincopata EcoCamp","https://ebird.org/hotspot/L8413446/bird-list","Mollepata","Elaenia albiceps","Elaenia albiceps (Orbigny & Lafresnaye, 1837)",32,2017,2022,"Passeriformes","Tyrannidae","Fío-Fío de Cresta Blanca","White-crested Elaenia","Residente","No Amenazada","Preocupación Menor (LC)","No CITES",FALSE
"L8413446","Pincopata EcoCamp","https://ebird.org/hotspot/L8413446/bird-list","Mollepata","Vultur gryphus","Vultur gryphus Linnaeus, 1758",32,2011,2024,"Cathartiformes","Cathartidae","Cóndor Andino","Andean Condor","Residente","En Peligro (EN)","Vulnerable (VU)","Apéndice I",FALSE
"L8413446","Pincopata EcoCamp","https://ebird.org/hotspot/L8413446/bird-list","Mollepata","Nothoprocta pentlandii","Nothoprocta pentlandii (G.R.Gray, 1867)",30,2017,2024,"Tinamiformes","Tinamidae","Perdiz Andina","Andean Tinamou","Residente","No Amenazada","Preocupación Menor (LC)","No CITES",FALSE
"L8413446","Pincopata EcoCamp","https://ebird.org/hotspot/L8413446/bird-list","Mollepata","Patagioenas maculosa","Patagioenas maculosa (Temminck, 1813)",30,2014,2024,"Columbiformes","Columbidae","Paloma de Ala Moteada","Spot-winged Pigeon","Residente","No Amenazada","Preocupación Menor (LC)","No CITES",FALSE
"L8413446","Pincopata EcoCamp","https://ebird.org/hotspot/L8413446/bird-list","Mollepata","Glaucidium peruanum","Glaucidium peruanum C.König, 1991",25,2017,2024,"Strigiformes","Strigidae","Lechucita Peruana","Peruvian Pygmy-Owl","Residente","No Amenazada","Preocupación Menor (LC)","No CITES",FALSE
"L8413446","Pincopata EcoCamp","https://ebird.org/hotspot/L8413446/bird-list","Mollepata","Phrygilus punensis","Phrygilus punensis Ridgway, 1887",25,2015,2024,"Passeriformes","Thraupidae","Fringilo Peruano","Peruvian Sierra Finch","Residente","No Amenazada","Preocupación Menor (LC)","No CITES",FALSE
"L8413446","Pincopata EcoCamp","https://ebird.org/hotspot/L8413446/bird-list","Mollepata","Sporophila luctuosa","Sporophila luctuosa (Lafresnaye, 1843)",25,2017,2024,"Passeriformes","Thraupidae","Espiguero Negro y Blanco","Black-and-white Seedeater","Residente","No Amenazada","Preocupación Menor (LC)","No CITES",FALSE
"L8413446","Pincopata EcoCamp","https://ebird.org/hotspot/L8413446/bird-list","Mollepata","Streptoprocne zonaris","Streptoprocne zonaris (Shaw, 1796)",23,1978,2024,"Apodiformes","Apodidae","Vencejo de Collar Blanco","White-collared Swift","Residente","No Amenazada","Preocupación Menor (LC)","No CITES",FALSE
"L8413446","Pincopata EcoCamp","https://ebird.org/hotspot/L8413446/bird-list","Mollepata","Mecocerculus leucophrys","Mecocerculus leucophrys (Orbigny & Lafresnaye, 1837)",22,2015,2023,"Passeriformes","Tyrannidae","Tiranillo de Garganta Blanca","White-throated Tyrannulet","Residente","No Amenazada","Preocupación Menor (LC)","No CITES",FALSE
"L8413446","Pincopata EcoCamp","https://ebird.org/hotspot/L8413446/bird-list","Mollepata","Mecocerculus stictopterus","Mecocerculus stictopterus (P.L.Sclater, 1859)",22,2018,2024,"Passeriformes","Tyrannidae","Tiranillo de Ala Bandeada","White-banded Tyrannulet","Residente","No Amenazada","Preocupación Menor (LC)","No CITES",FALSE
"L8413446","Pincopata EcoCamp","https://ebird.org/hotspot/L8413446/bird-list","Mollepata","Falco femoralis","Falco femoralis Temminck, 1822",21,2014,2022,"Falconiformes","Falconidae","Halcón Aplomado","Aplomado Falcon","Residente","No Amenazada","Preocupación Menor (LC)","No CITES",FALSE
"L8413446","Pincopata EcoCamp","https://ebird.org/hotspot/L8413446/bird-list","Mollepata","Nystalus chacuru","Nystalus chacuru (Vieillot, 1816)",21,2016,2024,"Galbuliformes","Bucconidae","Buco de Oreja Blanca","White-eared Puffbird","Residente","No Amenazada","Preocupación Menor (LC)","No CITES",FALSE
"L8413446","Pincopata EcoCamp","https://ebird.org/hotspot/L8413446/bird-list","Mollepata","Metallura aeneocauda","Metallura aeneocauda (Gould, 1846)",20,2016,2024,"Apodiformes","Trochilidae","Colibrí Escamoso","Scaled Metaltail","Residente","No Amenazada","Preocupación Menor (LC)","No CITES",FALSE
"L8413446","Pincopata EcoCamp","https://ebird.org/hotspot/L8413446/bird-list","Mollepata","Geospizopsis plebejus","Geospizopsis plebejus (Tschudi, 1844)",19,2014,2024,"Passeriformes","Thraupidae","Fringilo de Pecho Cenizo","Ash-breasted Sierra Finch","Residente","No Amenazada","Preocupación Menor (LC)","No CITES",FALSE
"L8413446","Pincopata EcoCamp","https://ebird.org/hotspot/L8413446/bird-list","Mollepata","Grallaria squamigera","Grallaria squamigera Prevost & Des Murs, 1842",19,2014,2024,"Passeriformes","Grallariidae","Tororoi Ondulado","Undulated Antpitta","Residente","No Amenazada","Preocupación Menor (LC)","No CITES",FALSE
"L8413446","Pincopata EcoCamp","https://ebird.org/hotspot/L8413446/bird-list","Mollepata","Pachyramphus validus","Pachyramphus validus (Lichtenstein, 1823)",19,2017,2022,"Passeriformes","Tityridae","Cabezón Crestado","Crested Becard","Residente","No Amenazada","Preocupación Menor (LC)","No CITES",FALSE
"L8413446","Pincopata EcoCamp","https://ebird.org/hotspot/L8413446/bird-list","Mollepata","Aeronautes andecolus","Aeronautes andecolus (d'Orbigny & Lafresnaye, 1837)",18,2011,2024,"Apodiformes","Apodidae","Vencejo Andino","Andean Swift","Residente","No Amenazada","Preocupación Menor (LC)","No CITES",FALSE
"L8413446","Pincopata EcoCamp","https://ebird.org/hotspot/L8413446/bird-list","Mollepata","Chaetocercus mulsant","Chaetocercus mulsant (Bourcier, 1843)",18,2017,2021,"Apodiformes","Trochilidae","Estrellita de Vientre Blanco","White-bellied Woodstar","Residente","No Amenazada","Preocupación Menor (LC)","No CITES",FALSE
"L8413446","Pincopata EcoCamp","https://ebird.org/hotspot/L8413446/bird-list","Mollepata","Columba livia","Columba livia J.F.Gmelin, 1789",18,2014,2024,"Columbiformes","Columbidae","Paloma Doméstica","Rock Pigeon","Introducido","No Amenazada","Preocupación Menor (LC)","No CITES",FALSE
"L8413446","Pincopata EcoCamp","https://ebird.org/hotspot/L8413446/bird-list","Mollepata","Anairetes parulus","Anairetes parulus (Kittlitz, 1830)",17,2015,2024,"Passeriformes","Tyrannidae","Torito Copetón","Tufted Tit-Tyrant","Residente","No Amenazada","Preocupación Menor (LC)","No CITES",FALSE
"L8413446","Pincopata EcoCamp","https://ebird.org/hotspot/L8413446/bird-list","Mollepata","Asthenes dorbignyi","Asthenes dorbignyi (Reichenbach, 1853)",17,2017,2024,"Passeriformes","Furnariidae","Canastero de Pecho Cremoso","Creamy-breasted Canastero","Residente","No Amenazada","Preocupación Menor (LC)","No CITES",FALSE
"L8413446","Pincopata EcoCamp","https://ebird.org/hotspot/L8413446/bird-list","Mollepata","Colaptes rupicola","Colaptes rupicola d'Orbigny, 1840",17,2015,2024,"Piciformes","Picidae","Carpintero Andino","Andean Flicker","Residente","No Amenazada","Preocupación Menor (LC)","No CITES",FALSE
"L8413446","Pincopata EcoCamp","https://ebird.org/hotspot/L8413446/bird-list","Mollepata","Ensifera ensifera","Ensifera ensifera (Boissonneau, 1840)",17,2018,2023,"Apodiformes","Trochilidae","Colibrí Pico-Espada","Sword-billed Hummingbird","Residente","No Amenazada","Preocupación Menor (LC)","No CITES",FALSE
"L8413446","Pincopata EcoCamp","https://ebird.org/hotspot/L8413446/bird-list","Mollepata","Bolborhynchus orbygnesius","Bolborhynchus orbygnesius (Souance, 1856)",16,2018,2024,"Psittaciformes","Psittacidae","Perico Andino","Andean Parakeet","Residente","No Amenazada","Preocupación Menor (LC)","No CITES",FALSE
"L8413446","Pincopata EcoCamp","https://ebird.org/hotspot/L8413446/bird-list","Mollepata","Systellura longirostris","Systellura longirostris (Bonaparte, 1825)",16,2015,2019,"Caprimulgiformes","Caprimulgidae","Chotacabras de Ala Bandeada","Band-winged Nightjar","Residente","No Amenazada","Preocupación Menor (LC)","No CITES",FALSE
"L8413446","Pincopata EcoCamp","https://ebird.org/hotspot/L8413446/bird-list","Mollepata","Accipiter striatus","Accipiter striatus Vieillot, 1808",15,2018,2024,"Accipitriformes","Accipitridae","Gavilán Pajarero","Sharp-shinned Hawk","Residente","No Amenazada","Preocupación Menor (LC)","No CITES",FALSE
"L8413446","Pincopata EcoCamp","https://ebird.org/hotspot/L8413446/bird-list","Mollepata","Catamenia inornata","Catamenia inornata (Lafresnaye, 1847)",15,2015,2024,"Passeriformes","Thraupidae","Semillero Simple","Plain-colored Seedeater","Residente","No Amenazada","Preocupación Menor (LC)","No CITES",FALSE
"L8413446","Pincopata EcoCamp","https://ebird.org/hotspot/L8413446/bird-list","Mollepata","Elliotomyia viridicauda","Elliotomyia viridicauda (von Berlepsch, 1883)",14,2017,2024,"Apodiformes","Trochilidae","Colibrí Verde y Blanco","Green-and-white Hummingbird","Endémico","No Amenazada","Preocupación Menor (LC)","No CITES",TRUE
"L8413446","Pincopata EcoCamp","https://ebird.org/hotspot/L8413446/bird-list","Mollepata","Cinclodes fuscus","Cinclodes albiventris (Philippi & Landbeck, 1861)",13,2015,2023,NA,NA,NA,NA,NA,"No Amenazada","Preocupación Menor (LC)","No CITES",NA
"L8413446","Pincopata EcoCamp","https://ebird.org/hotspot/L8413446/bird-list","Mollepata","Conirostrum ferrugineiventre","Conirostrum ferrugineiventre P.L.Sclater, 1855",13,2014,2024,"Passeriformes","Thraupidae","Pico-de-Cono de Ceja Blanca","White-browed Conebill","Residente","No Amenazada","Preocupación Menor (LC)","No CITES",FALSE
"L8413446","Pincopata EcoCamp","https://ebird.org/hotspot/L8413446/bird-list","Mollepata","Geospizopsis unicolor","Geospizopsis unicolor (d'Orbigny & Lafresnaye, 1837)",13,2011,2019,"Passeriformes","Thraupidae","Fringilo Plomizo","Plumbeous Sierra Finch","Residente","No Amenazada","Preocupación Menor (LC)","No CITES",FALSE
"L8413446","Pincopata EcoCamp","https://ebird.org/hotspot/L8413446/bird-list","Mollepata","Myiotheretes striaticollis","Myiotheretes striaticollis (P.L.Sclater, 1853)",13,2019,2022,"Passeriformes","Tyrannidae","Ala-Rufa de Garganta Rayada","Streak-throated Bush-Tyrant","Residente","No Amenazada","Preocupación Menor (LC)","No CITES",FALSE
"L8413446","Pincopata EcoCamp","https://ebird.org/hotspot/L8413446/bird-list","Mollepata","Vanellus resplendens","Vanellus resplendens (Tschudi, 1843)",13,2015,2019,"Charadriiformes","Charadriidae","Avefría Andina","Andean Lapwing","Residente","No Amenazada","Preocupación Menor (LC)","No CITES",FALSE
"L8413446","Pincopata EcoCamp","https://ebird.org/hotspot/L8413446/bird-list","Mollepata","Xenodacnis parina","Xenodacnis parina Cabanis, 1873",13,2014,2021,"Passeriformes","Thraupidae","Azulito Altoandino","Tit-like Dacnis","Residente","No Amenazada","Preocupación Menor (LC)","No CITES",FALSE
"L8413446","Pincopata EcoCamp","https://ebird.org/hotspot/L8413446/bird-list","Mollepata","Anisognathus igniventris","Anisognathus igniventris (d'Orbigny & Lafresnaye, 1837)",12,2017,2021,"Passeriformes","Thraupidae","Tangara de Montaña de Vientre Escarlata","Scarlet-bellied Mountain Tanager","Residente","No Amenazada","Preocupación Menor (LC)","No CITES",FALSE
"L8413446","Pincopata EcoCamp","https://ebird.org/hotspot/L8413446/bird-list","Mollepata","Catharus ustulatus","Catharus ustulatus (Nuttall, 1840)",12,2022,2022,"Passeriformes","Turdidae","Zorzal de Swainson","Swainson's Thrush","Migratorio","No Amenazada","Preocupación Menor (LC)","No CITES",FALSE
"L8413446","Pincopata EcoCamp","https://ebird.org/hotspot/L8413446/bird-list","Mollepata","Ramphomicron microrhynchum","Ramphomicron microrhynchum (Boissonneau, 1840)",12,2017,2022,"Apodiformes","Trochilidae","Pico-Espina de Dorso Púrpura","Purple-backed Thornbill","Residente","No Amenazada","Preocupación Menor (LC)","No CITES",FALSE
"L8413446","Pincopata EcoCamp","https://ebird.org/hotspot/L8413446/bird-list","Mollepata","Anairetes flavirostris","Anairetes flavirostris P.L.Sclater & Salvin, 1876",11,2017,2022,"Passeriformes","Tyrannidae","Torito de Pico Amarillo","Yellow-billed Tit-Tyrant","Residente","No Amenazada","Preocupación Menor (LC)","No CITES",FALSE
"L8413446","Pincopata EcoCamp","https://ebird.org/hotspot/L8413446/bird-list","Mollepata","Myiarchus tuberculifer","Myiarchus tuberculifer (Orbigny & Lafresnaye, 1837)",10,2019,2022,"Passeriformes","Tyrannidae","Copetón de Cresta Oscura","Dusky-capped Flycatcher","Residente","No Amenazada","Preocupación Menor (LC)","No CITES",FALSE
"L8413446","Pincopata EcoCamp","https://ebird.org/hotspot/L8413446/bird-list","Mollepata","Pheucticus chrysogaster","Pheucticus chrysogaster (Lesson, 1832)",10,1978,2024,"Passeriformes","Cardinalidae","Picogrueso Dorado","Golden Grosbeak","Residente","No Amenazada","Preocupación Menor (LC)","No CITES",FALSE
"L8413446","Pincopata EcoCamp","https://ebird.org/hotspot/L8413446/bird-list","Mollepata","Plegadis ridgwayi","Plegadis ridgwayi (Allen, 1876)",10,2014,2021,"Pelecaniformes","Threskiornithidae","Ibis de la Puna","Puna Ibis","Residente","No Amenazada","Preocupación Menor (LC)","No CITES",FALSE
"L8413446","Pincopata EcoCamp","https://ebird.org/hotspot/L8413446/bird-list","Mollepata","Buteo albigula","Buteo albigula Philippi, 1899",9,2017,2021,"Accipitriformes","Accipitridae","Aguilucho de Garganta Blanca","White-throated Hawk","Residente","No Amenazada","Preocupación Menor (LC)","No CITES",FALSE
"L8413446","Pincopata EcoCamp","https://ebird.org/hotspot/L8413446/bird-list","Mollepata","Crypturellus cinereus","Crypturellus cinereus (J.F.Gmelin, 1789)",9,2022,2022,"Tinamiformes","Tinamidae","Perdiz Cinérea","Cinereous Tinamou","Residente","No Amenazada","Preocupación Menor (LC)","No CITES",FALSE
"L8413446","Pincopata EcoCamp","https://ebird.org/hotspot/L8413446/bird-list","Mollepata","Notiochelidon murina","Orochelidon murina (Cassin, 1853)",9,2017,2022,NA,NA,NA,NA,NA,"No Amenazada","Preocupación Menor (LC)","No CITES",NA
"L8413446","Pincopata EcoCamp","https://ebird.org/hotspot/L8413446/bird-list","Mollepata","Synallaxis azarae","Synallaxis azarae Orbigny, 1835",9,2015,2022,"Passeriformes","Furnariidae","Cola-Espina de Azara","Azara's Spinetail","Residente","No Amenazada","Preocupación Menor (LC)","No CITES",FALSE
"L8413446","Pincopata EcoCamp","https://ebird.org/hotspot/L8413446/bird-list","Mollepata","Chroicocephalus serranus","Chroicocephalus serranus (Tschudi, 1844)",8,2014,2018,"Charadriiformes","Laridae","Gaviota Andina","Andean Gull","Residente","No Amenazada","Preocupación Menor (LC)","No CITES",FALSE
"L8413446","Pincopata EcoCamp","https://ebird.org/hotspot/L8413446/bird-list","Mollepata","Coeligena violifer","Coeligena violifer (Gould, 1846)",8,2018,2024,"Apodiformes","Trochilidae","Inca de Garganta Violeta","Violet-throated Starfrontlet","Residente","No Amenazada","Preocupación Menor (LC)","No CITES",FALSE
"L8413446","Pincopata EcoCamp","https://ebird.org/hotspot/L8413446/bird-list","Mollepata","Anurolimnas viridis","Rufirallus viridis (Müller & Pls, 1776)",7,2017,2018,"Gruiformes","Rallidae","Gallineta de Corona Rufa","Russet-crowned Crake","Residente","No Amenazada","Preocupación Menor (LC)","No CITES",FALSE
"L8413446","Pincopata EcoCamp","https://ebird.org/hotspot/L8413446/bird-list","Mollepata","Bubo magellanicus","Bubo magellanicus (R.Lesson, 1828)",7,2017,2021,"Strigiformes","Strigidae","Búho de Magallanes","Magellanic Horned Owl","Residente","No Amenazada","Preocupación Menor (LC)","No CITES",FALSE
"L8413446","Pincopata EcoCamp","https://ebird.org/hotspot/L8413446/bird-list","Mollepata","Nothoprocta taczanowskii","Nothoprocta taczanowskii P.L.Sclater & Salvin, 1875",7,2018,2024,"Tinamiformes","Tinamidae","Perdiz de Taczanowski","Taczanowski's Tinamou","Residente","No Amenazada","Vulnerable (VU)","No CITES",FALSE
"L8413446","Pincopata EcoCamp","https://ebird.org/hotspot/L8413446/bird-list","Mollepata","Percnohierax leucorrhous","Parabuteo leucorrhous (Quoy & Gaimard, 1824)",7,2015,2024,NA,NA,NA,NA,NA,"No Amenazada","Preocupación Menor (LC)","No CITES",NA
"L8413446","Pincopata EcoCamp","https://ebird.org/hotspot/L8413446/bird-list","Mollepata","Polioxolmis rufipennis","Cnemarchus rufipennis (Taczanowski, 1874)",7,2022,2022,NA,NA,NA,NA,NA,"No Amenazada","Preocupación Menor (LC)","No CITES",NA
"L8413446","Pincopata EcoCamp","https://ebird.org/hotspot/L8413446/bird-list","Mollepata","Agriornis montanus","Agriornis montanus (Orbigny & Lafresnaye, 1837)",6,2015,2017,"Passeriformes","Tyrannidae","Arriero de Pico Negro","Black-billed Shrike-Tyrant","Residente","No Amenazada","Preocupación Menor (LC)","No CITES",FALSE
"L8413446","Pincopata EcoCamp","https://ebird.org/hotspot/L8413446/bird-list","Mollepata","Asemospiza obscura","Asemospiza obscura (d'Orbigny & Lafresnaye, 1837)",6,2017,2022,"Passeriformes","Thraupidae","Semillero Pardo","Dull-colored Grassquit","Residente","No Amenazada","Preocupación Menor (LC)","No CITES",FALSE
"L8413446","Pincopata EcoCamp","https://ebird.org/hotspot/L8413446/bird-list","Mollepata","Bubulcus ibis","Ardea ibis Linnaeus, 1758",6,2015,2018,NA,NA,NA,NA,NA,"No Amenazada","Preocupación Menor (LC)","No CITES",NA
"L8413446","Pincopata EcoCamp","https://ebird.org/hotspot/L8413446/bird-list","Mollepata","Cinclodes atacamensis","Cinclodes atacamensis (Philippi, 1857)",6,2011,2024,"Passeriformes","Furnariidae","Churrete de Ala Blanca","White-winged Cinclodes","Residente","No Amenazada","Preocupación Menor (LC)","No CITES",FALSE
"L8413446","Pincopata EcoCamp","https://ebird.org/hotspot/L8413446/bird-list","Mollepata","Cinclus leucocephalus","Cinclus leucocephalus Tschudi, 1844",6,2021,2021,"Passeriformes","Cinclidae","Mirlo Acuático de Gorro Blanco","White-capped Dipper","Residente","No Amenazada","Preocupación Menor (LC)","No CITES",FALSE
"L8413446","Pincopata EcoCamp","https://ebird.org/hotspot/L8413446/bird-list","Mollepata","Myiothlypis luteoviridis","Myiothlypis luteoviridis (Bonaparte, 1845)",6,2018,2024,"Passeriformes","Parulidae","Reinita Citrina","Citrine Warbler","Residente","No Amenazada","Preocupación Menor (LC)","No CITES",FALSE
"L8413446","Pincopata EcoCamp","https://ebird.org/hotspot/L8413446/bird-list","Mollepata","Colibri cyanotus","Colibri cyanotus (Bourcier, 1843)",5,2022,2024,"Apodiformes","Trochilidae","Oreja-Violeta Menor","Lesser Violetear","Residente","No Amenazada","Preocupación Menor (LC)","No CITES",FALSE
"L8413446","Pincopata EcoCamp","https://ebird.org/hotspot/L8413446/bird-list","Mollepata","Creurgops dentatus","Creurgops dentatus (P.L.Sclater & Salvin, 1876)",5,2022,2022,"Passeriformes","Thraupidae","Tangara Pizarrosa","Slaty Tanager","Residente","No Amenazada","Preocupación Menor (LC)","No CITES",FALSE
"L8413446","Pincopata EcoCamp","https://ebird.org/hotspot/L8413446/bird-list","Mollepata","Muscisaxicola rufivertex","Muscisaxicola rufivertex Orbigny & Lafresnaye, 1837",5,2015,2015,"Passeriformes","Tyrannidae","Dormilona de Nuca Rojiza","Rufous-naped Ground-Tyrant","Residente","No Amenazada","Preocupación Menor (LC)","No CITES",FALSE
"L8413446","Pincopata EcoCamp","https://ebird.org/hotspot/L8413446/bird-list","Mollepata","Pardirallus sanguinolentus","Pardirallus sanguinolentus (Swainson, 1838)",5,2014,2024,"Gruiformes","Rallidae","Rascón Plomizo","Plumbeous Rail","Residente","No Amenazada","Preocupación Menor (LC)","No CITES",FALSE
"L8413446","Pincopata EcoCamp","https://ebird.org/hotspot/L8413446/bird-list","Mollepata","Paroaria gularis","Paroaria gularis (Linnaeus, 1766)",5,2024,2024,"Passeriformes","Thraupidae","Cardenal de Gorro Rojo","Red-capped Cardinal","Residente","No Amenazada","Preocupación Menor (LC)","No CITES",FALSE
"L8413446","Pincopata EcoCamp","https://ebird.org/hotspot/L8413446/bird-list","Mollepata","Tyto furcata","Tyto furcata (Temminck, 1827)",5,2017,2019,"Strigiformes","Tytonidae","Lechuza de Campanario Americana","American Barn Owl","Residente","No Amenazada","Preocupación Menor (LC)","No CITES",FALSE
"L8413446","Pincopata EcoCamp","https://ebird.org/hotspot/L8413446/bird-list","Mollepata","Vireo olivaceus","Vireo chivi (Vieillot, 1817)",5,2019,2024,"Passeriformes","Vireonidae","Víreo de Ojo Rojo","Red-eyed Vireo","Migratorio","No Amenazada","Preocupación Menor (LC)","No CITES",FALSE
"L8413446","Pincopata EcoCamp","https://ebird.org/hotspot/L8413446/bird-list","Mollepata","Anas flavirostris","Anas flavirostris Vieillot, 1816",4,2014,2018,"Anseriformes","Anatidae","Pato Barcino","Yellow-billed Teal","Residente","No Amenazada","Preocupación Menor (LC)","No CITES",FALSE
"L8413446","Pincopata EcoCamp","https://ebird.org/hotspot/L8413446/bird-list","Mollepata","Spinus olivaceus","Spinus olivaceus von Berlepsch & Stolzmann, 1894",4,2018,2022,"Passeriformes","Fringillidae","Jilguero Oliváceo","Olivaceous Siskin","Residente","No Amenazada","Preocupación Menor (LC)","No CITES",FALSE
"L8413446","Pincopata EcoCamp","https://ebird.org/hotspot/L8413446/bird-list","Mollepata","Sporathraupis cyanocephala","Sporathraupis cyanocephala (d'Orbigny & Lafresnaye, 1837)",4,2021,2024,"Passeriformes","Thraupidae","Tangara de Gorro Azul","Blue-capped Tanager","Residente","No Amenazada","Preocupación Menor (LC)","No CITES",FALSE
"L8413446","Pincopata EcoCamp","https://ebird.org/hotspot/L8413446/bird-list","Mollepata","Sporophila nigricollis","Sporophila nigricollis (Vieillot, 1823)",4,2017,2019,"Passeriformes","Thraupidae","Espiguero de Vientre Amarillo","Yellow-bellied Seedeater","Residente","No Amenazada","Preocupación Menor (LC)","No CITES",FALSE
"L8413446","Pincopata EcoCamp","https://ebird.org/hotspot/L8413446/bird-list","Mollepata","Cacicus chrysonotus","Cacicus chrysonotus (Lafresnaye & Orbigny, 1838)",3,2019,2019,"Passeriformes","Icteridae","Cacique Montañes","Mountain Cacique","Residente","No Amenazada","Preocupación Menor (LC)","No CITES",FALSE
"L8413446","Pincopata EcoCamp","https://ebird.org/hotspot/L8413446/bird-list","Mollepata","Merganetta armata","Merganetta armata Gould, 1842",3,2014,2017,"Anseriformes","Anatidae","Pato de los Torrentes","Torrent Duck","Residente","No Amenazada","Preocupación Menor (LC)","No CITES",FALSE
"L8413446","Pincopata EcoCamp","https://ebird.org/hotspot/L8413446/bird-list","Mollepata","Nothoprocta ornata","Nothoprocta ornata (G.R.Gray, 1867)",3,2021,2021,"Tinamiformes","Tinamidae","Perdiz Cordillerana","Ornate Tinamou","Residente","No Amenazada","Preocupación Menor (LC)","No CITES",FALSE
"L8413446","Pincopata EcoCamp","https://ebird.org/hotspot/L8413446/bird-list","Mollepata","Nothura darwinii","Nothura darwinii G.R.Gray, 1867",3,2017,2019,"Tinamiformes","Tinamidae","Perdiz de Darwin","Darwin's Nothura","Residente","No Amenazada","Preocupación Menor (LC)","No CITES",FALSE
"L8413446","Pincopata EcoCamp","https://ebird.org/hotspot/L8413446/bird-list","Mollepata","Ochthoeca oenanthoides","Ochthoeca oenanthoides (Orbigny & Lafresnaye, 1837)",3,2021,2021,"Passeriformes","Tyrannidae","Pitajo de d’Orbigny","d'Orbigny's Chat-Tyrant","Residente","No Amenazada","Preocupación Menor (LC)","No CITES",FALSE
"L8413446","Pincopata EcoCamp","https://ebird.org/hotspot/L8413446/bird-list","Mollepata","Schizoeaca vilcabambae","Asthenes vilcabambae (Vaurie, Weske & Terborgh, 1972)",3,2024,2024,NA,NA,NA,NA,NA,"No Amenazada","Preocupación Menor (LC)","No CITES",NA
"L8413446","Pincopata EcoCamp","https://ebird.org/hotspot/L8413446/bird-list","Mollepata","Asthenes humilis","Asthenes humilis (Cabanis, 1873)",2,2017,2017,"Passeriformes","Furnariidae","Canastero de Garganta Rayada","Streak-throated Canastero","Residente","No Amenazada","Preocupación Menor (LC)","No CITES",FALSE
"L8413446","Pincopata EcoCamp","https://ebird.org/hotspot/L8413446/bird-list","Mollepata","Coeligena torquata","Coeligena inca (Gould, 1852)",2,2018,2021,"Apodiformes","Trochilidae","Inca Acollarado","Collared Inca","Residente","No Amenazada","Preocupación Menor (LC)","No CITES",FALSE
"L8413446","Pincopata EcoCamp","https://ebird.org/hotspot/L8413446/bird-list","Mollepata","Diglossa cyanea","Diglossa cyanea (Lafresnaye, 1840)",2,2024,2024,"Passeriformes","Thraupidae","Pinchaflor Enmascarado Canor","Warbling Masked-Flowerpiercer","Residente","No Amenazada","Preocupación Menor (LC)","No CITES",FALSE
"L8413446","Pincopata EcoCamp","https://ebird.org/hotspot/L8413446/bird-list","Mollepata","Empidonax alnorum","Empidonax alnorum Brewster, 1895",2,2022,2022,"Passeriformes","Tyrannidae","Mosquerito de Alisos","Alder Flycatcher","Migratorio","No Amenazada","Preocupación Menor (LC)","No CITES",FALSE
"L8413446","Pincopata EcoCamp","https://ebird.org/hotspot/L8413446/bird-list","Mollepata","Falco peregrinus","Falco peregrinus Tunstall, 1771",2,2018,2024,"Falconiformes","Falconidae","Halcón Peregrino","Peregrine Falcon","Residente","Casi Amenazado (NT)","Preocupación Menor (LC)","Apéndice I",FALSE
"L8413446","Pincopata EcoCamp","https://ebird.org/hotspot/L8413446/bird-list","Mollepata","Fulica ardesiaca","Fulica ardesiaca Tschudi, 1843",2,2014,2014,"Gruiformes","Rallidae","Gallareta Andina","Slate-colored Coot","Residente","No Amenazada","Preocupación Menor (LC)","No CITES",FALSE
"L8413446","Pincopata EcoCamp","https://ebird.org/hotspot/L8413446/bird-list","Mollepata","Heliodoxa branickii","Heliodoxa branickii (Taczanowski, 1874)",2,2024,2024,"Apodiformes","Trochilidae","Brillante de Ala Canela","Rufous-webbed Brilliant","Endémico","No Amenazada","Preocupación Menor (LC)","No CITES",TRUE
"L8413446","Pincopata EcoCamp","https://ebird.org/hotspot/L8413446/bird-list","Mollepata","Metriopelia ceciliae","Metriopelia ceciliae (R.Lesson, 1845)",2,2018,2024,"Columbiformes","Columbidae","Tortolita Moteada","Bare-faced Ground Dove","Residente","No Amenazada","Preocupación Menor (LC)","No CITES",FALSE
"L8413446","Pincopata EcoCamp","https://ebird.org/hotspot/L8413446/bird-list","Mollepata","Mionectes striaticollis","Mionectes striaticollis (Orbigny & Lafresnaye, 1837)",2,2021,2021,"Passeriformes","Tyrannidae","Mosquerito de Cuello Listado","Streak-necked Flycatcher","Residente","No Amenazada","Preocupación Menor (LC)","No CITES",FALSE
"L8413446","Pincopata EcoCamp","https://ebird.org/hotspot/L8413446/bird-list","Mollepata","Myiotheretes fuscorufus","Myiotheretes fuscorufus (P.L.Sclater & Salvin, 1876)",2,2022,2022,"Passeriformes","Tyrannidae","Ala-Rufa de Vientre Rufo","Rufous-bellied Bush-Tyrant","Residente","No Amenazada","Preocupación Menor (LC)","No CITES",FALSE
"L8413446","Pincopata EcoCamp","https://ebird.org/hotspot/L8413446/bird-list","Mollepata","Myiothlypis chrysogaster","Myiothlypis chrysogaster (Tschudi, 1844)",2,2024,2024,"Passeriformes","Parulidae","Reinita de Vientre Dorado","Golden-bellied Warbler","Residente","No Amenazada","Preocupación Menor (LC)","No CITES",FALSE
"L8413446","Pincopata EcoCamp","https://ebird.org/hotspot/L8413446/bird-list","Mollepata","Notiochelidon cyanoleuca","Pygochelidon cyanoleuca (Vieillot, 1817)",2,2017,2019,NA,NA,NA,NA,NA,"No Amenazada","Preocupación Menor (LC)","No CITES",NA
"L8413446","Pincopata EcoCamp","https://ebird.org/hotspot/L8413446/bird-list","Mollepata","Ochthoeca fumicolor","Ochthoeca fumicolor P.L.Sclater, 1856",2,2014,2022,"Passeriformes","Tyrannidae","Pitajo de Dorso Pardo","Brown-backed Chat-Tyrant","Residente","No Amenazada","Preocupación Menor (LC)","No CITES",FALSE
"L8413446","Pincopata EcoCamp","https://ebird.org/hotspot/L8413446/bird-list","Mollepata","Ochthoeca thoracica","Ochthoeca thoracica Taczanowski, 1874",2,2019,2019,NA,NA,NA,NA,NA,"No Amenazada","Preocupación Menor (LC)","No CITES",NA
"L8413446","Pincopata EcoCamp","https://ebird.org/hotspot/L8413446/bird-list","Mollepata","Oreotrochilus estella","Oreotrochilus estella (d'Orbigny, 1838)",2,2017,2017,"Apodiformes","Trochilidae","Estrella Andina","Andean Hillstar","Residente","No Amenazada","Preocupación Menor (LC)","No CITES",FALSE
"L8413446","Pincopata EcoCamp","https://ebird.org/hotspot/L8413446/bird-list","Mollepata","Oxyura ferruginea","Oxyura jamaicensis ferruginea (Eyton, 1838)",2,2014,2014,NA,NA,NA,NA,NA,"No Amenazada","Preocupación Menor (LC)","No CITES",NA
"L8413446","Pincopata EcoCamp","https://ebird.org/hotspot/L8413446/bird-list","Mollepata","Patagioenas plumbea","Patagioenas plumbea (Vieillot, 1818)",2,2015,2019,"Columbiformes","Columbidae","Paloma Plomiza","Plumbeous Pigeon","Residente","No Amenazada","Preocupación Menor (LC)","No CITES",FALSE
"L8413446","Pincopata EcoCamp","https://ebird.org/hotspot/L8413446/bird-list","Mollepata","Patagona gigas","Patagona gigas (Vieillot, 1824)",2,2018,2024,"Apodiformes","Trochilidae","Colibrí Gigante Sureño","Southern Giant-Hummingbird","Migratorio","No Amenazada","Preocupación Menor (LC)","No CITES",FALSE
"L8413446","Pincopata EcoCamp","https://ebird.org/hotspot/L8413446/bird-list","Mollepata","Polistes xanthogaster","Polistes xanthogaster Bequard, 1940",2,2025,2025,NA,NA,NA,NA,NA,"No Amenazada","Preocupación Menor (LC)","No CITES",NA
"L8413446","Pincopata EcoCamp","https://ebird.org/hotspot/L8413446/bird-list","Mollepata","Scytalopus simonsi","Scytalopus simonsi Chubb, 1917",2,2019,2019,"Passeriformes","Rhinocryptidae","Tapaculo de la Puna","Puna Tapaculo","Residente","No Amenazada","Preocupación Menor (LC)","No CITES",FALSE
"L8413446","Pincopata EcoCamp","https://ebird.org/hotspot/L8413446/bird-list","Mollepata","Sicalis luteola","Sicalis luteola (Sparrman, 1789)",2,2014,2024,"Passeriformes","Thraupidae","Chirigüe Común","Grassland Yellow-Finch","Residente","No Amenazada","Preocupación Menor (LC)","No CITES",FALSE
"L8413446","Pincopata EcoCamp","https://ebird.org/hotspot/L8413446/bird-list","Mollepata","Spatula cyanoptera","Spatula cyanoptera (Vieillot, 1816)",2,2014,2022,"Anseriformes","Anatidae","Pato Colorado","Cinnamon Teal","Residente","No Amenazada","Preocupación Menor (LC)","No CITES",FALSE
"L8413446","Pincopata EcoCamp","https://ebird.org/hotspot/L8413446/bird-list","Mollepata","Thlypopsis ornata","Thlypopsis ornata (P.L.Sclater, 1859)",2,2021,2024,"Passeriformes","Thraupidae","Tangara de Pecho Rufo","Rufous-chested Tanager","Residente","No Amenazada","Preocupación Menor (LC)","No CITES",FALSE
"L8413446","Pincopata EcoCamp","https://ebird.org/hotspot/L8413446/bird-list","Mollepata","Anas georgica","Anas georgica J.F.Gmelin, 1789",1,2014,2014,"Anseriformes","Anatidae","Pato Jergón","Yellow-billed Pintail","Residente","No Amenazada","Preocupación Menor (LC)","No CITES",FALSE
"L8413446","Pincopata EcoCamp","https://ebird.org/hotspot/L8413446/bird-list","Mollepata","Ardea alba","Ardea alba Linnaeus, 1758",1,2014,2014,"Pelecaniformes","Ardeidae","Garza Grande","Great Egret","Residente","No Amenazada","Preocupación Menor (LC)","No CITES",FALSE
"L8413446","Pincopata EcoCamp","https://ebird.org/hotspot/L8413446/bird-list","Mollepata","Athene cunicularia","Athene cunicularia (Molina, 1782)",1,2019,2019,"Strigiformes","Strigidae","Lechuza Terrestre","Burrowing Owl","Residente","No Amenazada","Preocupación Menor (LC)","No CITES",FALSE
"L8413446","Pincopata EcoCamp","https://ebird.org/hotspot/L8413446/bird-list","Mollepata","Buteo brachyurus","Buteo brachyurus Vieillot, 1816",1,2022,2022,"Accipitriformes","Accipitridae","Aguilucho de Cola Corta","Short-tailed Hawk","Residente","No Amenazada","Preocupación Menor (LC)","No CITES",FALSE
"L8413446","Pincopata EcoCamp","https://ebird.org/hotspot/L8413446/bird-list","Mollepata","Calidris melanotos","Calidris melanotos (Vieillot, 1819)",1,2014,2014,"Charadriiformes","Scolopacidae","Playero Pectoral","Pectoral Sandpiper","Migratorio","No Amenazada","Preocupación Menor (LC)","No CITES",FALSE
"L8413446","Pincopata EcoCamp","https://ebird.org/hotspot/L8413446/bird-list","Mollepata","Catamenia homochroa","Catamenia homochroa P.L.Sclater, 1859",1,2018,2018,"Passeriformes","Thraupidae","Semillero Paramero","Paramo Seedeater","Residente","No Amenazada","Preocupación Menor (LC)","No CITES",FALSE
"L8413446","Pincopata EcoCamp","https://ebird.org/hotspot/L8413446/bird-list","Mollepata","Cranioleuca marcapatae","Cranioleuca marcapatae Zimmer, 1935",1,2021,2021,"Passeriformes","Furnariidae","Cola-Espina de Marcapata","Marcapata Spinetail","Endémico","No Amenazada","Preocupación Menor (LC)","No CITES",TRUE
"L8413446","Pincopata EcoCamp","https://ebird.org/hotspot/L8413446/bird-list","Mollepata","Diglossa mystacalis","Diglossa mystacalis Lafresnaye, 1846",1,2017,2017,"Passeriformes","Thraupidae","Pinchaflor Bigotudo","Moustached Flowerpiercer","Residente","No Amenazada","Preocupación Menor (LC)","No CITES",FALSE
"L8413446","Pincopata EcoCamp","https://ebird.org/hotspot/L8413446/bird-list","Mollepata","Dubusia castaneoventris","Dubusia castaneoventris (P.L.Sclater, 1851)",1,2019,2019,"Passeriformes","Thraupidae","Tangara de Montaña de Vientre Castaño","Chestnut-bellied Mountain Tanager","Residente","No Amenazada","Preocupación Menor (LC)","No CITES",FALSE
"L8413446","Pincopata EcoCamp","https://ebird.org/hotspot/L8413446/bird-list","Mollepata","Egretta thula","Egretta thula (Molina, 1782)",1,2014,2014,"Pelecaniformes","Ardeidae","Garcita Blanca","Snowy Egret","Residente","No Amenazada","Preocupación Menor (LC)","No CITES",FALSE
"L8413446","Pincopata EcoCamp","https://ebird.org/hotspot/L8413446/bird-list","Mollepata","Euphonia minuta","Euphonia minuta Cabanis, 1849",1,2011,2011,"Passeriformes","Fringillidae","Eufonia de Subcaudales Blancas","White-vented Euphonia","Residente","No Amenazada","Preocupación Menor (LC)","No CITES",FALSE
"L8413446","Pincopata EcoCamp","https://ebird.org/hotspot/L8413446/bird-list","Mollepata","Gallinula chloropus","Gallinula galeata (Lichtenstein & Mhc, 1818)",1,2014,2014,NA,NA,NA,NA,NA,"No Amenazada","Preocupación Menor (LC)","No CITES",NA
"L8413446","Pincopata EcoCamp","https://ebird.org/hotspot/L8413446/bird-list","Mollepata","Grallaria andicolus","Grallaria andicolus (Cabanis, 1873)",1,2019,2019,"Passeriformes","Grallariidae","Tororoi de Cabeza Listada","Stripe-headed Antpitta","Residente","No Amenazada","Preocupación Menor (LC)","No CITES",FALSE
"L8413446","Pincopata EcoCamp","https://ebird.org/hotspot/L8413446/bird-list","Mollepata","Haplochelidon andecola","Orochelidon andecola (d'Orbigny & Lafresnaye, 1837)",1,2011,2011,NA,NA,NA,NA,NA,"No Amenazada","Preocupación Menor (LC)","No CITES",NA
"L8413446","Pincopata EcoCamp","https://ebird.org/hotspot/L8413446/bird-list","Mollepata","Idiopsar speculifer","Idiopsar speculifer (d'Orbigny & Lafresnaye, 1837)",1,2011,2011,"Passeriformes","Thraupidae","Fringilo Glaciar","Glacier Finch","Residente","No Amenazada","Preocupación Menor (LC)","No CITES",FALSE
"L8413446","Pincopata EcoCamp","https://ebird.org/hotspot/L8413446/bird-list","Mollepata","Lessonia oreas","Lessonia oreas (P.L.Sclater & Salvin, 1869)",1,2011,2011,"Passeriformes","Tyrannidae","Negrito Andino","Andean Negrito","Residente","No Amenazada","Preocupación Menor (LC)","No CITES",FALSE
"L8413446","Pincopata EcoCamp","https://ebird.org/hotspot/L8413446/bird-list","Mollepata","Leucopternis albicollis","Pseudastur albicollis (Latham, 1790)",1,2011,2011,NA,NA,NA,NA,NA,"No Amenazada","Preocupación Menor (LC)","No CITES",NA
"L8413446","Pincopata EcoCamp","https://ebird.org/hotspot/L8413446/bird-list","Mollepata","Muscisaxicola fluviatilis","Syrtidicola fluviatilis (P.L.Sclater & Salvin, 1866)",1,2019,2019,NA,NA,NA,NA,NA,"No Amenazada","Preocupación Menor (LC)","No CITES",NA
"L8413446","Pincopata EcoCamp","https://ebird.org/hotspot/L8413446/bird-list","Mollepata","Myiophobus fasciatus","Myiophobus fasciatus (Statius Muller, 1776)",1,2024,2024,"Passeriformes","Tyrannidae","Mosquerito de Pecho Rayado","Bran-colored Flycatcher","Residente","No Amenazada","Preocupación Menor (LC)","No CITES",FALSE
"L8413446","Pincopata EcoCamp","https://ebird.org/hotspot/L8413446/bird-list","Mollepata","Ochthoeca frontalis","Silvicultrix frontalis (Lafresnaye, 1847)",1,2019,2019,NA,NA,NA,NA,NA,"No Amenazada","Preocupación Menor (LC)","No CITES",NA
"L8413446","Pincopata EcoCamp","https://ebird.org/hotspot/L8413446/bird-list","Mollepata","Pachyramphus versicolor","Pachyramphus versicolor (Hartlaub, 1843)",1,2019,2019,"Passeriformes","Tityridae","Cabezón Barrado","Barred Becard","Residente","No Amenazada","Preocupación Menor (LC)","No CITES",FALSE
"L8413446","Pincopata EcoCamp","https://ebird.org/hotspot/L8413446/bird-list","Mollepata","Panyapedaliodes drymaea","Panyapedaliodes drymaea (Hewitson, 1858)",1,2014,2014,NA,NA,NA,NA,NA,"No Amenazada","Preocupación Menor (LC)","No CITES",NA
"L8413446","Pincopata EcoCamp","https://ebird.org/hotspot/L8413446/bird-list","Mollepata","Phalacrocorax brasilianus","Nannopterum brasilianum (J.F.Gmelin, 1789)",1,2018,2018,"Suliformes","Phalacrocoracidae","Cormorán Neotropical","Neotropic Cormorant","Residente","No Amenazada","Preocupación Menor (LC)","No CITES",FALSE
"L8413446","Pincopata EcoCamp","https://ebird.org/hotspot/L8413446/bird-list","Mollepata","Phalaropus tricolor","Phalaropus tricolor (Vieillot, 1819)",1,2014,2014,"Charadriiformes","Scolopacidae","Faláropo Tricolor","Wilson's Phalarope","Migratorio","No Amenazada","Preocupación Menor (LC)","No CITES",FALSE
"L8413446","Pincopata EcoCamp","https://ebird.org/hotspot/L8413446/bird-list","Mollepata","Piranga flava","Piranga flava (Vieillot, 1822)",1,2018,2018,"Passeriformes","Cardinalidae","Piranga Bermeja","Hepatic Tanager","Residente","No Amenazada","Preocupación Menor (LC)","No CITES",FALSE
"L8413446","Pincopata EcoCamp","https://ebird.org/hotspot/L8413446/bird-list","Mollepata","Porphyrospiza alaudina","Rhopospina alaudina (Kittlitz, 1833)",1,2008,2008,NA,NA,NA,NA,NA,"No Amenazada","Preocupación Menor (LC)","No CITES",NA
"L8413446","Pincopata EcoCamp","https://ebird.org/hotspot/L8413446/bird-list","Mollepata","Psarocolius decumanus","Psarocolius decumanus (Pallas, 1769)",1,2011,2011,"Passeriformes","Icteridae","Oropéndola Crestada","Crested Oropendola","Residente","No Amenazada","Preocupación Menor (LC)","No CITES",FALSE
"L8413446","Pincopata EcoCamp","https://ebird.org/hotspot/L8413446/bird-list","Mollepata","Pterophanes cyanopterus","Pterophanes cyanopterus (Fraser, 1840)",1,2014,2014,"Apodiformes","Trochilidae","Ala-Zafiro Grande","Great Sapphirewing","Residente","No Amenazada","Preocupación Menor (LC)","No CITES",FALSE
"L8413446","Pincopata EcoCamp","https://ebird.org/hotspot/L8413446/bird-list","Mollepata","Pyrrhura picta","Pyrrhura roseifrons (G.R.Gray, 1859)",1,1978,1978,NA,NA,NA,NA,NA,"No Amenazada","Preocupación Menor (LC)","No CITES",NA
"L8413446","Pincopata EcoCamp","https://ebird.org/hotspot/L8413446/bird-list","Mollepata","Riparia riparia","Riparia riparia (Linnaeus, 1758)",1,2014,2014,"Passeriformes","Hirundinidae","Golondrina Ribereña","Bank Swallow","Migratorio","No Amenazada","Preocupación Menor (LC)","No CITES",FALSE
"L8413446","Pincopata EcoCamp","https://ebird.org/hotspot/L8413446/bird-list","Mollepata","Rollandia rolland","Rollandia rolland (Quoy & Gaimard, 1824)",1,2014,2014,"Podicipediformes","Podicipedidae","Zambullidor Pimpollo","White-tufted Grebe","Residente","No Amenazada","Preocupación Menor (LC)","No CITES",FALSE
"L8413446","Pincopata EcoCamp","https://ebird.org/hotspot/L8413446/bird-list","Mollepata","Spatula puna","Spatula puna (Tschudi, 1844)",1,2014,2014,"Anseriformes","Anatidae","Pato de la Puna","Puna Teal","Residente","No Amenazada","Preocupación Menor (LC)","No CITES",FALSE
"L8413446","Pincopata EcoCamp","https://ebird.org/hotspot/L8413446/bird-list","Mollepata","Sphenopsis melanotis","Sphenopsis melanotis (P.L.Sclater, 1855)",1,2017,2017,"Passeriformes","Thraupidae","Hemispingo de Oreja Negra","Black-eared Hemispingus","Residente","No Amenazada","Preocupación Menor (LC)","No CITES",FALSE
"L8413446","Pincopata EcoCamp","https://ebird.org/hotspot/L8413446/bird-list","Mollepata","Spizaetus isidori","Spizaetus isidori (Des Murs, 1845)",1,2018,2018,"Accipitriformes","Accipitridae","Aguila Negra y Castaña","Black-and-chestnut Eagle","Residente","No Amenazada","En Peligro (EN)","No CITES",FALSE
"L8413446","Pincopata EcoCamp","https://ebird.org/hotspot/L8413446/bird-list","Mollepata","Streptoprocne rutila","Streptoprocne rutila (Vieillot, 1817)",1,2018,2018,"Apodiformes","Apodidae","Vencejo de Cuello Castaño","Chestnut-collared Swift","Residente","No Amenazada","Preocupación Menor (LC)","No CITES",FALSE
"L8413446","Pincopata EcoCamp","https://ebird.org/hotspot/L8413446/bird-list","Mollepata","Synallaxis hypospodia","Synallaxis hypospodia P.L.Sclater, 1874",1,2022,2022,"Passeriformes","Furnariidae","Cola-Espina de Pecho Cinéreo","Cinereous-breasted Spinetail","Residente","No Amenazada","Preocupación Menor (LC)","No CITES",FALSE
"L8413446","Pincopata EcoCamp","https://ebird.org/hotspot/L8413446/bird-list","Mollepata","Tachuris rubrigastra","Tachuris rubrigastra (Vieillot, 1817)",1,2014,2014,"Passeriformes","Tyrannidae","Siete Colores de la Totora","Many-colored Rush Tyrant","Residente","No Amenazada","Preocupación Menor (LC)","No CITES",FALSE
"L8413446","Pincopata EcoCamp","https://ebird.org/hotspot/L8413446/bird-list","Mollepata","Tringa flavipes","Tringa flavipes (J.F.Gmelin, 1789)",1,2014,2014,"Charadriiformes","Scolopacidae","Playero Pata Amarilla Menor","Lesser Yellowlegs","Migratorio","No Amenazada","Vulnerable (VU)","No CITES",FALSE
"L6347866","Puente Cunyac","https://ebird.org/hotspot/L6347866/bird-list","Mollepata","Nystalus chacuru","Nystalus chacuru (Vieillot, 1816)",2,2016,2016,"Galbuliformes","Bucconidae","Buco de Oreja Blanca","White-eared Puffbird","Residente","No Amenazada","Preocupación Menor (LC)","No CITES",FALSE
"L6347866","Puente Cunyac","https://ebird.org/hotspot/L6347866/bird-list","Mollepata","Phalacrocorax brasilianus","Nannopterum brasilianum (J.F.Gmelin, 1789)",2,2019,2023,"Suliformes","Phalacrocoracidae","Cormorán Neotropical","Neotropic Cormorant","Residente","No Amenazada","Preocupación Menor (LC)","No CITES",FALSE
"L6347866","Puente Cunyac","https://ebird.org/hotspot/L6347866/bird-list","Mollepata","Bubulcus ibis","Ardea ibis Linnaeus, 1758",1,2019,2019,NA,NA,NA,NA,NA,"No Amenazada","Preocupación Menor (LC)","No CITES",NA
"L6347866","Puente Cunyac","https://ebird.org/hotspot/L6347866/bird-list","Mollepata","Merganetta armata","Merganetta armata Gould, 1842",1,2019,2019,"Anseriformes","Anatidae","Pato de los Torrentes","Torrent Duck","Residente","No Amenazada","Preocupación Menor (LC)","No CITES",FALSE
"L4820432","Reposo del Angel","https://ebird.org/hotspot/L4820432/bird-list","Limatambo","Leptotila verreauxi","Leptotila verreauxi Bonaparte, 1855",63,2016,2024,"Columbiformes","Columbidae","Paloma de Puntas Blancas","White-tipped Dove","Residente","No Amenazada","Preocupación Menor (LC)","No CITES",FALSE
"L4820432","Reposo del Angel","https://ebird.org/hotspot/L4820432/bird-list","Limatambo","Megascops koepckeae","Megascops koepckeae (Hekstra, 1982)",59,2016,2024,"Strigiformes","Strigidae","Lechuza de Koepcke","Koepcke's Screech-Owl","Residente","No Amenazada","Preocupación Menor (LC)","No CITES",FALSE
"L4820432","Reposo del Angel","https://ebird.org/hotspot/L4820432/bird-list","Limatambo","Pheucticus aureoventris","Pheucticus aureoventris (d'Orbigny & Lafresnaye, 1837)",57,2013,2024,"Passeriformes","Cardinalidae","Picogrueso de Dorso Negro","Black-backed Grosbeak","Residente","No Amenazada","Preocupación Menor (LC)","No CITES",FALSE
"L4820432","Reposo del Angel","https://ebird.org/hotspot/L4820432/bird-list","Limatambo","Elliotomyia chionogaster","Elliotomyia chionogaster (Tschudi, 1846)",46,2016,2024,"Apodiformes","Trochilidae","Colibrí de Vientre Blanco","White-bellied Hummingbird","Residente","No Amenazada","Preocupación Menor (LC)","No CITES",FALSE
"L4820432","Reposo del Angel","https://ebird.org/hotspot/L4820432/bird-list","Limatambo","Falco sparverius","Falco sparverius Linnaeus, 1758",44,2016,2024,"Falconiformes","Falconidae","Cernícalo Americano","American Kestrel","Residente","No Amenazada","Preocupación Menor (LC)","No CITES",FALSE
"L4820432","Reposo del Angel","https://ebird.org/hotspot/L4820432/bird-list","Limatambo","Aratinga mitrata","Psittacara mitratus (Tschudi, 1844)",40,2016,2024,NA,NA,NA,NA,NA,"No Amenazada","Preocupación Menor (LC)","No CITES",NA
"L4820432","Reposo del Angel","https://ebird.org/hotspot/L4820432/bird-list","Limatambo","Aeronautes andecolus","Aeronautes andecolus (d'Orbigny & Lafresnaye, 1837)",39,2016,2024,"Apodiformes","Apodidae","Vencejo Andino","Andean Swift","Residente","No Amenazada","Preocupación Menor (LC)","No CITES",FALSE
"L4820432","Reposo del Angel","https://ebird.org/hotspot/L4820432/bird-list","Limatambo","Glaucidium peruanum","Glaucidium peruanum C.König, 1991",38,2016,2024,"Strigiformes","Strigidae","Lechucita Peruana","Peruvian Pygmy-Owl","Residente","No Amenazada","Preocupación Menor (LC)","No CITES",FALSE
"L4820432","Reposo del Angel","https://ebird.org/hotspot/L4820432/bird-list","Limatambo","Nystalus chacuru","Nystalus chacuru (Vieillot, 1816)",37,2016,2024,"Galbuliformes","Bucconidae","Buco de Oreja Blanca","White-eared Puffbird","Residente","No Amenazada","Preocupación Menor (LC)","No CITES",FALSE
"L4820432","Reposo del Angel","https://ebird.org/hotspot/L4820432/bird-list","Limatambo","Patagioenas maculosa","Patagioenas maculosa (Temminck, 1813)",36,2016,2024,"Columbiformes","Columbidae","Paloma de Ala Moteada","Spot-winged Pigeon","Residente","No Amenazada","Preocupación Menor (LC)","No CITES",FALSE
"L4820432","Reposo del Angel","https://ebird.org/hotspot/L4820432/bird-list","Limatambo","Zenaida auriculata","Zenaida auriculata (Des Murs, 1847)",33,2015,2024,"Columbiformes","Columbidae","Tórtola Orejuda","Eared Dove","Residente","No Amenazada","Preocupación Menor (LC)","No CITES",FALSE
"L4820432","Reposo del Angel","https://ebird.org/hotspot/L4820432/bird-list","Limatambo","Zonotrichia capensis","Zonotrichia capensis (P.L.S.Müller, 1776)",32,2017,2024,"Passeriformes","Passerellidae","Gorrión de Collar Rufo","Rufous-collared Sparrow","Residente","No Amenazada","Preocupación Menor (LC)","No CITES",FALSE
"L4820432","Reposo del Angel","https://ebird.org/hotspot/L4820432/bird-list","Limatambo","Crotophaga ani","Crotophaga ani Linnaeus, 1758",30,2016,2024,"Cuculiformes","Cuculidae","Garrapatero de Pico Liso","Smooth-billed Ani","Residente","No Amenazada","Preocupación Menor (LC)","No CITES",FALSE
"L4820432","Reposo del Angel","https://ebird.org/hotspot/L4820432/bird-list","Limatambo","Asthenes dorbignyi","Asthenes dorbignyi (Reichenbach, 1853)",27,2016,2024,"Passeriformes","Furnariidae","Canastero de Pecho Cremoso","Creamy-breasted Canastero","Residente","No Amenazada","Preocupación Menor (LC)","No CITES",FALSE
"L4820432","Reposo del Angel","https://ebird.org/hotspot/L4820432/bird-list","Limatambo","Geranoaetus melanoleucus","Geranoaetus melanoleucus (Vieillot, 1819)",27,2016,2024,"Accipitriformes","Accipitridae","Aguilucho de Pecho Negro","Black-chested Buzzard-Eagle","Residente","No Amenazada","Preocupación Menor (LC)","Apéndice II",FALSE
"L4820432","Reposo del Angel","https://ebird.org/hotspot/L4820432/bird-list","Limatambo","Turdus chiguanco","Turdus chiguanco Orbigny & Lafresnaye, 1837",27,2016,2024,"Passeriformes","Turdidae","Zorzal Chiguanco","Chiguanco Thrush","Residente","No Amenazada","Preocupación Menor (LC)","No CITES",FALSE
"L4820432","Reposo del Angel","https://ebird.org/hotspot/L4820432/bird-list","Limatambo","Vireo olivaceus","Vireo chivi (Vieillot, 1817)",27,2018,2024,"Passeriformes","Vireonidae","Víreo de Ojo Rojo","Red-eyed Vireo","Migratorio","No Amenazada","Preocupación Menor (LC)","No CITES",FALSE
"L4820432","Reposo del Angel","https://ebird.org/hotspot/L4820432/bird-list","Limatambo","Knipolegus aterrimus","Knipolegus aterrimus Kaup, 1853",19,1970,2024,"Passeriformes","Tyrannidae","Viudita-Negra de Ala Blanca","White-winged Black-Tyrant","Residente","No Amenazada","Preocupación Menor (LC)","No CITES",FALSE
"L4820432","Reposo del Angel","https://ebird.org/hotspot/L4820432/bird-list","Limatambo","Rauenia bonariensis","Rauenia bonariensis (J.F.Gmelin, 1789)",19,2016,2023,"Passeriformes","Thraupidae","Tangara Azul y Amarilla","Blue-and-yellow Tanager","Residente","No Amenazada","Preocupación Menor (LC)","No CITES",FALSE
"L4820432","Reposo del Angel","https://ebird.org/hotspot/L4820432/bird-list","Limatambo","Cacicus chrysonotus","Cacicus chrysonotus (Lafresnaye & Orbigny, 1838)",15,2016,2024,"Passeriformes","Icteridae","Cacique Montañes","Mountain Cacique","Residente","No Amenazada","Preocupación Menor (LC)","No CITES",FALSE
"L4820432","Reposo del Angel","https://ebird.org/hotspot/L4820432/bird-list","Limatambo","Elliotomyia viridicauda","Elliotomyia viridicauda (von Berlepsch, 1883)",15,2019,2024,"Apodiformes","Trochilidae","Colibrí Verde y Blanco","Green-and-white Hummingbird","Endémico","No Amenazada","Preocupación Menor (LC)","No CITES",TRUE
"L4820432","Reposo del Angel","https://ebird.org/hotspot/L4820432/bird-list","Limatambo","Aegolius harrisii","Aegolius harrisii (Cassin, 1849)",13,2018,2022,"Strigiformes","Strigidae","Lechucita de Frente Anteada","Buff-fronted Owl","Residente","No Amenazada","Preocupación Menor (LC)","No CITES",FALSE
"L4820432","Reposo del Angel","https://ebird.org/hotspot/L4820432/bird-list","Limatambo","Colaptes rivolii","Colaptes rivolii (Boissonneau, 1840)",11,2017,2022,"Piciformes","Picidae","Carpintero de Manto Carmesí","Crimson-mantled Woodpecker","Residente","No Amenazada","Preocupación Menor (LC)","No CITES",FALSE
"L4820432","Reposo del Angel","https://ebird.org/hotspot/L4820432/bird-list","Limatambo","Sporophila nigricollis","Sporophila nigricollis (Vieillot, 1823)",11,1970,2024,"Passeriformes","Thraupidae","Espiguero de Vientre Amarillo","Yellow-bellied Seedeater","Residente","No Amenazada","Preocupación Menor (LC)","No CITES",FALSE
"L4820432","Reposo del Angel","https://ebird.org/hotspot/L4820432/bird-list","Limatambo","Spinus magellanicus","Spinus magellanicus (Vieillot, 1805)",9,2016,2024,"Passeriformes","Fringillidae","Jilguero Encapuchado","Hooded Siskin","Residente","No Amenazada","Preocupación Menor (LC)","No CITES",FALSE
"L4820432","Reposo del Angel","https://ebird.org/hotspot/L4820432/bird-list","Limatambo","Cranioleuca albicapilla","Cranioleuca albicapilla (Cabanis, 1873)",8,2016,2024,"Passeriformes","Furnariidae","Cola-Espina de Cresta Cremosa","Creamy-crested Spinetail","Endémico","No Amenazada","Preocupación Menor (LC)","No CITES",TRUE
"L4820432","Reposo del Angel","https://ebird.org/hotspot/L4820432/bird-list","Limatambo","Saltator aurantiirostris","Saltator aurantiirostris Vieillot, 1817",8,2016,2024,"Passeriformes","Thraupidae","Saltador de Pico Dorado","Golden-billed Saltator","Residente","No Amenazada","Preocupación Menor (LC)","No CITES",FALSE
"L4820432","Reposo del Angel","https://ebird.org/hotspot/L4820432/bird-list","Limatambo","Streptoprocne zonaris","Streptoprocne zonaris (Shaw, 1796)",8,2018,2022,"Apodiformes","Apodidae","Vencejo de Collar Blanco","White-collared Swift","Residente","No Amenazada","Preocupación Menor (LC)","No CITES",FALSE
"L4820432","Reposo del Angel","https://ebird.org/hotspot/L4820432/bird-list","Limatambo","Colibri coruscans","Colibri coruscans (Gould, 1846)",7,2018,2024,"Apodiformes","Trochilidae","Oreja-Violeta de Vientre Azul","Sparkling Violetear","Residente","No Amenazada","Preocupación Menor (LC)","No CITES",FALSE
"L4820432","Reposo del Angel","https://ebird.org/hotspot/L4820432/bird-list","Limatambo","Pachyramphus validus","Pachyramphus validus (Lichtenstein, 1823)",7,2019,2022,"Passeriformes","Tityridae","Cabezón Crestado","Crested Becard","Residente","No Amenazada","Preocupación Menor (LC)","No CITES",FALSE
"L4820432","Reposo del Angel","https://ebird.org/hotspot/L4820432/bird-list","Limatambo","Troglodytes musculus","Troglodytes musculus J.F.Naumann, 1823",7,2018,2024,"Passeriformes","Troglodytidae","Cucarachero Común Sureño","Southern House-Wren","Residente","No Amenazada","Preocupación Menor (LC)","No CITES",FALSE
"L4820432","Reposo del Angel","https://ebird.org/hotspot/L4820432/bird-list","Limatambo","Elaenia pallatangae","Elaenia pallatangae P.L.Sclater, 1862",6,2018,2024,"Passeriformes","Tyrannidae","Fío-Fío Serrano","Sierran Elaenia","Residente","No Amenazada","Preocupación Menor (LC)","No CITES",FALSE
"L4820432","Reposo del Angel","https://ebird.org/hotspot/L4820432/bird-list","Limatambo","Colaptes rupicola","Colaptes rupicola d'Orbigny, 1840",5,2016,2022,"Piciformes","Picidae","Carpintero Andino","Andean Flicker","Residente","No Amenazada","Preocupación Menor (LC)","No CITES",FALSE
"L4820432","Reposo del Angel","https://ebird.org/hotspot/L4820432/bird-list","Limatambo","Merganetta armata","Merganetta armata Gould, 1842",5,2016,2016,"Anseriformes","Anatidae","Pato de los Torrentes","Torrent Duck","Residente","No Amenazada","Preocupación Menor (LC)","No CITES",FALSE
"L4820432","Reposo del Angel","https://ebird.org/hotspot/L4820432/bird-list","Limatambo","Pedaliodes porina","Pedaliodes palaepolis Hewitson, 1878",5,2021,2021,NA,NA,NA,NA,NA,"No Amenazada","Preocupación Menor (LC)","No CITES",NA
"L4820432","Reposo del Angel","https://ebird.org/hotspot/L4820432/bird-list","Limatambo","Yphthimoides leguialimai","Yphthimoides leguialimai",5,2021,2022,NA,NA,NA,NA,NA,"No Amenazada","Preocupación Menor (LC)","No CITES",NA
"L4820432","Reposo del Angel","https://ebird.org/hotspot/L4820432/bird-list","Limatambo","Chlorostilbon mellisugus","Chlorostilbon mellisugus (Linnaeus, 1758)",4,2018,2019,"Apodiformes","Trochilidae","Esmeralda de Cola Azul","Blue-tailed Emerald","Residente","No Amenazada","Preocupación Menor (LC)","No CITES",FALSE
"L4820432","Reposo del Angel","https://ebird.org/hotspot/L4820432/bird-list","Limatambo","Conirostrum cinereum","Conirostrum cinereum d'Orbigny & Lafresnaye, 1838",4,2018,2024,"Passeriformes","Thraupidae","Pico-de-Cono Cinéreo","Cinereous Conebill","Residente","No Amenazada","Preocupación Menor (LC)","No CITES",FALSE
"L4820432","Reposo del Angel","https://ebird.org/hotspot/L4820432/bird-list","Limatambo","Diglossa brunneiventris","Diglossa brunneiventris Lafresnaye, 1846",4,1982,2018,"Passeriformes","Thraupidae","Pinchaflor de Garganta Negra","Black-throated Flowerpiercer","Residente","No Amenazada","Preocupación Menor (LC)","No CITES",FALSE
"L4820432","Reposo del Angel","https://ebird.org/hotspot/L4820432/bird-list","Limatambo","Empidonax alnorum","Empidonax alnorum Brewster, 1895",4,2018,2020,"Passeriformes","Tyrannidae","Mosquerito de Alisos","Alder Flycatcher","Migratorio","No Amenazada","Preocupación Menor (LC)","No CITES",FALSE
"L4820432","Reposo del Angel","https://ebird.org/hotspot/L4820432/bird-list","Limatambo","Metriopelia ceciliae","Metriopelia ceciliae (R.Lesson, 1845)",4,2018,2023,"Columbiformes","Columbidae","Tortolita Moteada","Bare-faced Ground Dove","Residente","No Amenazada","Preocupación Menor (LC)","No CITES",FALSE
"L4820432","Reposo del Angel","https://ebird.org/hotspot/L4820432/bird-list","Limatambo","Nothura darwinii","Nothura darwinii G.R.Gray, 1867",4,2023,2023,"Tinamiformes","Tinamidae","Perdiz de Darwin","Darwin's Nothura","Residente","No Amenazada","Preocupación Menor (LC)","No CITES",FALSE
"L4820432","Reposo del Angel","https://ebird.org/hotspot/L4820432/bird-list","Limatambo","Patagona gigas","Patagona gigas (Vieillot, 1824)",4,2016,2024,"Apodiformes","Trochilidae","Colibrí Gigante Sureño","Southern Giant-Hummingbird","Migratorio","No Amenazada","Preocupación Menor (LC)","No CITES",FALSE
"L4820432","Reposo del Angel","https://ebird.org/hotspot/L4820432/bird-list","Limatambo","Pyrrhomyias cinnamomeus","Pyrrhomyias cinnamomeus (Orbigny & Lafresnaye, 1837)",4,2018,2024,"Passeriformes","Tyrannidae","Mosquerito Canela","Cinnamon Flycatcher","Residente","No Amenazada","Preocupación Menor (LC)","No CITES",FALSE
"L4820432","Reposo del Angel","https://ebird.org/hotspot/L4820432/bird-list","Limatambo","Sayornis nigricans","Sayornis nigricans (Swainson, 1827)",4,2015,2017,"Passeriformes","Tyrannidae","Mosquero de Agua","Black Phoebe","Residente","No Amenazada","Preocupación Menor (LC)","No CITES",FALSE
"L4820432","Reposo del Angel","https://ebird.org/hotspot/L4820432/bird-list","Limatambo","Turdus fuscater","Turdus fuscater Orbigny & Lafresnaye, 1837",4,2018,2024,"Passeriformes","Turdidae","Zorzal Grande","Great Thrush","Residente","No Amenazada","Preocupación Menor (LC)","No CITES",FALSE
"L4820432","Reposo del Angel","https://ebird.org/hotspot/L4820432/bird-list","Limatambo","Asthenes modesta","Asthenes modesta (Eyton, 1851)",3,2018,2021,"Passeriformes","Furnariidae","Canastero Cordillerano","Cordilleran Canastero","Residente","No Amenazada","Preocupación Menor (LC)","No CITES",FALSE
"L4820432","Reposo del Angel","https://ebird.org/hotspot/L4820432/bird-list","Limatambo","Bubulcus ibis","Ardea ibis Linnaeus, 1758",3,2019,2019,NA,NA,NA,NA,NA,"No Amenazada","Preocupación Menor (LC)","No CITES",NA
"L4820432","Reposo del Angel","https://ebird.org/hotspot/L4820432/bird-list","Limatambo","Catamenia analis","Catamenia analis (d'Orbigny & Lafresnaye, 1837)",3,2022,2024,"Passeriformes","Thraupidae","Semillero de Cola Bandeada","Band-tailed Seedeater","Residente","No Amenazada","Preocupación Menor (LC)","No CITES",FALSE
"L4820432","Reposo del Angel","https://ebird.org/hotspot/L4820432/bird-list","Limatambo","Catharus ustulatus","Catharus ustulatus (Nuttall, 1840)",3,2022,2022,"Passeriformes","Turdidae","Zorzal de Swainson","Swainson's Thrush","Migratorio","No Amenazada","Preocupación Menor (LC)","No CITES",FALSE
"L4820432","Reposo del Angel","https://ebird.org/hotspot/L4820432/bird-list","Limatambo","Coccyzus americanus","Coccyzus americanus (Linnaeus, 1758)",3,2021,2021,"Cuculiformes","Cuculidae","Cuclillo de Pico Amarillo","Yellow-billed Cuckoo","Migratorio","No Amenazada","Preocupación Menor (LC)","No CITES",FALSE
"L4820432","Reposo del Angel","https://ebird.org/hotspot/L4820432/bird-list","Limatambo","Columba livia","Columba livia J.F.Gmelin, 1789",3,2018,2023,"Columbiformes","Columbidae","Paloma Doméstica","Rock Pigeon","Introducido","No Amenazada","Preocupación Menor (LC)","No CITES",FALSE
"L4820432","Reposo del Angel","https://ebird.org/hotspot/L4820432/bird-list","Limatambo","Dione vanillae","Dione vanillae maculosa Stichel, 1907",3,2021,2023,NA,NA,NA,NA,NA,"No Amenazada","Preocupación Menor (LC)","No CITES",NA
"L4820432","Reposo del Angel","https://ebird.org/hotspot/L4820432/bird-list","Limatambo","Hemiargus hanno","Hemiargus hanno (Stoll, 1790)",3,2021,2023,NA,NA,NA,NA,NA,"No Amenazada","Preocupación Menor (LC)","No CITES",NA
"L4820432","Reposo del Angel","https://ebird.org/hotspot/L4820432/bird-list","Limatambo","Melipotis cellaris","Melipotis bisinuata Felder, 1874",3,2022,2022,NA,NA,NA,NA,NA,"No Amenazada","Preocupación Menor (LC)","No CITES",NA
"L4820432","Reposo del Angel","https://ebird.org/hotspot/L4820432/bird-list","Limatambo","Myiophobus fasciatus","Myiophobus fasciatus (Statius Muller, 1776)",3,2018,2023,"Passeriformes","Tyrannidae","Mosquerito de Pecho Rayado","Bran-colored Flycatcher","Residente","No Amenazada","Preocupación Menor (LC)","No CITES",FALSE
"L4820432","Reposo del Angel","https://ebird.org/hotspot/L4820432/bird-list","Limatambo","Myiotheretes striaticollis","Myiotheretes striaticollis (P.L.Sclater, 1853)",3,2016,2020,"Passeriformes","Tyrannidae","Ala-Rufa de Garganta Rayada","Streak-throated Bush-Tyrant","Residente","No Amenazada","Preocupación Menor (LC)","No CITES",FALSE
"L4820432","Reposo del Angel","https://ebird.org/hotspot/L4820432/bird-list","Limatambo","Spinus crassirostris","Spinus crassirostris (Landbeck, 1877)",3,2021,2021,"Passeriformes","Fringillidae","Jilguero de Pico Grueso","Thick-billed Siskin","Residente","No Amenazada","Preocupación Menor (LC)","No CITES",FALSE
"L4820432","Reposo del Angel","https://ebird.org/hotspot/L4820432/bird-list","Limatambo","Sporophila luctuosa","Sporophila luctuosa (Lafresnaye, 1843)",3,2020,2023,"Passeriformes","Thraupidae","Espiguero Negro y Blanco","Black-and-white Seedeater","Residente","No Amenazada","Preocupación Menor (LC)","No CITES",FALSE
"L4820432","Reposo del Angel","https://ebird.org/hotspot/L4820432/bird-list","Limatambo","Thecla rufofusca","Strymon rufofusca (Hewitson, 1877)",3,2021,2021,NA,NA,NA,NA,NA,"No Amenazada","Preocupación Menor (LC)","No CITES",NA
"L4820432","Reposo del Angel","https://ebird.org/hotspot/L4820432/bird-list","Limatambo","Asemospiza obscura","Asemospiza obscura (d'Orbigny & Lafresnaye, 1837)",2,2018,2020,"Passeriformes","Thraupidae","Semillero Pardo","Dull-colored Grassquit","Residente","No Amenazada","Preocupación Menor (LC)","No CITES",FALSE
"L4820432","Reposo del Angel","https://ebird.org/hotspot/L4820432/bird-list","Limatambo","Buteo polyosoma","Geranoaetus polyosoma (Quoy & Gaimard, 1824)",2,2018,2022,NA,NA,NA,NA,NA,"No Amenazada","Preocupación Menor (LC)","Apéndice II",NA
"L4820432","Reposo del Angel","https://ebird.org/hotspot/L4820432/bird-list","Limatambo","Chaetocercus mulsant","Chaetocercus mulsant (Bourcier, 1843)",2,2023,2023,"Apodiformes","Trochilidae","Estrellita de Vientre Blanco","White-bellied Woodstar","Residente","No Amenazada","Preocupación Menor (LC)","No CITES",FALSE
"L4820432","Reposo del Angel","https://ebird.org/hotspot/L4820432/bird-list","Limatambo","Cinclus leucocephalus","Cinclus leucocephalus Tschudi, 1844",2,2017,2017,"Passeriformes","Cinclidae","Mirlo Acuático de Gorro Blanco","White-capped Dipper","Residente","No Amenazada","Preocupación Menor (LC)","No CITES",FALSE
"L4820432","Reposo del Angel","https://ebird.org/hotspot/L4820432/bird-list","Limatambo","Danaus gilippus","Danaus gilippus (Cramer, 1775)",2,2022,2023,NA,NA,NA,NA,NA,"No Amenazada","Preocupación Menor (LC)","No CITES",NA
"L4820432","Reposo del Angel","https://ebird.org/hotspot/L4820432/bird-list","Limatambo","Danaus plexippus","Danaus plexippus nigrippus Haensch, 1909",2,2021,2023,NA,NA,NA,NA,NA,"No Amenazada","Preocupación Menor (LC)","No CITES",NA
"L4820432","Reposo del Angel","https://ebird.org/hotspot/L4820432/bird-list","Limatambo","Dione juno","Dione juno Cramer, 1779",2,2021,2023,NA,NA,NA,NA,NA,"No Amenazada","Preocupación Menor (LC)","No CITES",NA
"L4820432","Reposo del Angel","https://ebird.org/hotspot/L4820432/bird-list","Limatambo","Hamadryas februa","Hamadryas februa (Hübner)",2,2021,2023,NA,NA,NA,NA,NA,"No Amenazada","Preocupación Menor (LC)","No CITES",NA
"L4820432","Reposo del Angel","https://ebird.org/hotspot/L4820432/bird-list","Limatambo","Hypanartia bella","Hypanartia bella Fabricius, 1793",2,2021,2021,NA,NA,NA,NA,NA,"No Amenazada","Preocupación Menor (LC)","No CITES",NA
"L4820432","Reposo del Angel","https://ebird.org/hotspot/L4820432/bird-list","Limatambo","Leptotila rufaxilla","Leptotila rufaxilla (Richard & Bernard, 1792)",2,2022,2022,"Columbiformes","Columbidae","Paloma de Frente Gris","Gray-fronted Dove","Residente","No Amenazada","Preocupación Menor (LC)","No CITES",FALSE
"L4820432","Reposo del Angel","https://ebird.org/hotspot/L4820432/bird-list","Limatambo","Nothoprocta taczanowskii","Nothoprocta taczanowskii P.L.Sclater & Salvin, 1875",2,2018,2018,"Tinamiformes","Tinamidae","Perdiz de Taczanowski","Taczanowski's Tinamou","Residente","No Amenazada","Vulnerable (VU)","No CITES",FALSE
"L4820432","Reposo del Angel","https://ebird.org/hotspot/L4820432/bird-list","Limatambo","Phrygilus punensis","Phrygilus punensis Ridgway, 1887",2,2016,2020,"Passeriformes","Thraupidae","Fringilo Peruano","Peruvian Sierra Finch","Residente","No Amenazada","Preocupación Menor (LC)","No CITES",FALSE
"L4820432","Reposo del Angel","https://ebird.org/hotspot/L4820432/bird-list","Limatambo","Pyrgus oileus","Burnsius orcus (Stoll, 1780)",2,2021,2021,NA,NA,NA,NA,NA,"No Amenazada","Preocupación Menor (LC)","No CITES",NA
"L4820432","Reposo del Angel","https://ebird.org/hotspot/L4820432/bird-list","Limatambo","Pyrisitia nise","Eurema nise (Cramer, 1775)",2,2021,2021,NA,NA,NA,NA,NA,"No Amenazada","Preocupación Menor (LC)","No CITES",NA
"L4820432","Reposo del Angel","https://ebird.org/hotspot/L4820432/bird-list","Limatambo","Rekoa palegon","Rekoa palegon (Cramer, 1780)",2,2021,2023,NA,NA,NA,NA,NA,"No Amenazada","Preocupación Menor (LC)","No CITES",NA
"L4820432","Reposo del Angel","https://ebird.org/hotspot/L4820432/bird-list","Limatambo","Telenassa berenice","Telenassa berenice (Felder, 1862)",2,2021,2021,NA,NA,NA,NA,NA,"No Amenazada","Preocupación Menor (LC)","No CITES",NA
"L4820432","Reposo del Angel","https://ebird.org/hotspot/L4820432/bird-list","Limatambo","Thlypopsis ruficeps","Thlypopsis ruficeps (d'Orbigny & Lafresnaye, 1837)",2,2022,2024,"Passeriformes","Thraupidae","Tangara Rufa y Amarilla","Rust-and-yellow Tanager","Residente","No Amenazada","Preocupación Menor (LC)","No CITES",FALSE
"L4820432","Reposo del Angel","https://ebird.org/hotspot/L4820432/bird-list","Limatambo","Tyrannus melancholicus","Tyrannus melancholicus Vieillot, 1819",2,2022,2022,"Passeriformes","Tyrannidae","Tirano Tropical","Tropical Kingbird","Residente","No Amenazada","Preocupación Menor (LC)","No CITES",FALSE
"L4820432","Reposo del Angel","https://ebird.org/hotspot/L4820432/bird-list","Limatambo","Urbanus elmina","Urbanus elmina Evans, 1952",2,2021,2021,NA,NA,NA,NA,NA,"No Amenazada","Preocupación Menor (LC)","No CITES",NA
"L4820432","Reposo del Angel","https://ebird.org/hotspot/L4820432/bird-list","Limatambo","Vultur gryphus","Vultur gryphus Linnaeus, 1758",2,2022,2023,"Cathartiformes","Cathartidae","Cóndor Andino","Andean Condor","Residente","En Peligro (EN)","Vulnerable (VU)","Apéndice I",FALSE
"L4820432","Reposo del Angel","https://ebird.org/hotspot/L4820432/bird-list","Limatambo","Aglaeactis cupripennis","Aglaeactis cupripennis (Bourcier, 1843)",1,2018,2018,"Apodiformes","Trochilidae","Rayo-de-Sol Brillante","Shining Sunbeam","Residente","No Amenazada","Preocupación Menor (LC)","No CITES",FALSE
"L4820432","Reposo del Angel","https://ebird.org/hotspot/L4820432/bird-list","Limatambo","Agrius cingulata","Agrius cingulata Fabricius, 1775",1,2022,2022,NA,NA,NA,NA,NA,"No Amenazada","Preocupación Menor (LC)","No CITES",NA
"L4820432","Reposo del Angel","https://ebird.org/hotspot/L4820432/bird-list","Limatambo","Ambonus interrogationis","Ambonus interrogationis (Blanchard, 1847)",1,2022,2022,NA,NA,NA,NA,NA,"No Amenazada","Preocupación Menor (LC)","No CITES",NA
"L4820432","Reposo del Angel","https://ebird.org/hotspot/L4820432/bird-list","Limatambo","Anairetes parulus","Anairetes parulus (Kittlitz, 1830)",1,1982,1982,"Passeriformes","Tyrannidae","Torito Copetón","Tufted Tit-Tyrant","Residente","No Amenazada","Preocupación Menor (LC)","No CITES",FALSE
"L4820432","Reposo del Angel","https://ebird.org/hotspot/L4820432/bird-list","Limatambo","Anas flavirostris","Anas flavirostris Vieillot, 1816",1,2020,2020,"Anseriformes","Anatidae","Pato Barcino","Yellow-billed Teal","Residente","No Amenazada","Preocupación Menor (LC)","No CITES",FALSE
"L4820432","Reposo del Angel","https://ebird.org/hotspot/L4820432/bird-list","Limatambo","Anas georgica","Anas georgica J.F.Gmelin, 1789",1,2016,2016,"Anseriformes","Anatidae","Pato Jergón","Yellow-billed Pintail","Residente","No Amenazada","Preocupación Menor (LC)","No CITES",FALSE
"L4820432","Reposo del Angel","https://ebird.org/hotspot/L4820432/bird-list","Limatambo","Anisognathus igniventris","Anisognathus igniventris (d'Orbigny & Lafresnaye, 1837)",1,1982,1982,"Passeriformes","Thraupidae","Tangara de Montaña de Vientre Escarlata","Scarlet-bellied Mountain Tanager","Residente","No Amenazada","Preocupación Menor (LC)","No CITES",FALSE
"L4820432","Reposo del Angel","https://ebird.org/hotspot/L4820432/bird-list","Limatambo","Aratinga wagleri","Aratinga wagleri minor Carriker, 1933",1,1970,1970,NA,NA,NA,NA,NA,"No Amenazada","Preocupación Menor (LC)","No CITES",NA
"L4820432","Reposo del Angel","https://ebird.org/hotspot/L4820432/bird-list","Limatambo","Argiope argentata","Argiope argentata (Fabricius, 1775)",1,2022,2022,NA,NA,NA,NA,NA,"No Amenazada","Preocupación Menor (LC)","No CITES",NA
"L4820432","Reposo del Angel","https://ebird.org/hotspot/L4820432/bird-list","Limatambo","Cacicus cela","Cacicus cela (Linnaeus, 1758)",1,2020,2020,"Passeriformes","Icteridae","Cacique de Lomo Amarillo","Yellow-rumped Cacique","Residente","No Amenazada","Preocupación Menor (LC)","No CITES",FALSE
"L4820432","Reposo del Angel","https://ebird.org/hotspot/L4820432/bird-list","Limatambo","Catasticta cora","Catasticta cora (Lucas, 1852)",1,2021,2021,NA,NA,NA,NA,NA,"No Amenazada","Preocupación Menor (LC)","No CITES",NA
"L4820432","Reposo del Angel","https://ebird.org/hotspot/L4820432/bird-list","Limatambo","Chirgus bocchoris","Chirgus bocchoris trisignatus",1,2021,2021,NA,NA,NA,NA,NA,"No Amenazada","Preocupación Menor (LC)","No CITES",NA
"L4820432","Reposo del Angel","https://ebird.org/hotspot/L4820432/bird-list","Limatambo","Cranioleuca marcapatae","Cranioleuca marcapatae Zimmer, 1935",1,1982,1982,"Passeriformes","Furnariidae","Cola-Espina de Marcapata","Marcapata Spinetail","Endémico","No Amenazada","Preocupación Menor (LC)","No CITES",TRUE
"L4820432","Reposo del Angel","https://ebird.org/hotspot/L4820432/bird-list","Limatambo","Diglossa sittoides","Diglossa sittoides (d'Orbigny & Lafresnaye, 1838)",1,2022,2022,"Passeriformes","Thraupidae","Pinchaflor de Pecho Canela","Rusty Flowerpiercer","Residente","No Amenazada","Preocupación Menor (LC)","No CITES",FALSE
"L4820432","Reposo del Angel","https://ebird.org/hotspot/L4820432/bird-list","Limatambo","Dynamine tithia","Dynamine tithia Hübner, 1823",1,2021,2021,NA,NA,NA,NA,NA,"No Amenazada","Preocupación Menor (LC)","No CITES",NA
"L4820432","Reposo del Angel","https://ebird.org/hotspot/L4820432/bird-list","Limatambo","Elaenia albiceps","Elaenia albiceps (Orbigny & Lafresnaye, 1837)",1,2022,2022,"Passeriformes","Tyrannidae","Fío-Fío de Cresta Blanca","White-crested Elaenia","Residente","No Amenazada","Preocupación Menor (LC)","No CITES",FALSE
"L4820432","Reposo del Angel","https://ebird.org/hotspot/L4820432/bird-list","Limatambo","Elaenia flavogaster","Elaenia flavogaster (Thunberg, 1822)",1,2022,2022,"Passeriformes","Tyrannidae","Fío-Fío de Vientre Amarillo","Yellow-bellied Elaenia","Residente","No Amenazada","Preocupación Menor (LC)","No CITES",FALSE
"L4820432","Reposo del Angel","https://ebird.org/hotspot/L4820432/bird-list","Limatambo","Emesis mandana","Emesis mandana (Cramer, 1780)",1,2021,2021,NA,NA,NA,NA,NA,"No Amenazada","Preocupación Menor (LC)","No CITES",NA
"L4820432","Reposo del Angel","https://ebird.org/hotspot/L4820432/bird-list","Limatambo","Falco femoralis","Falco femoralis Temminck, 1822",1,2022,2022,"Falconiformes","Falconidae","Halcón Aplomado","Aplomado Falcon","Residente","No Amenazada","Preocupación Menor (LC)","No CITES",FALSE
"L4820432","Reposo del Angel","https://ebird.org/hotspot/L4820432/bird-list","Limatambo","Falco peregrinus","Falco peregrinus Tunstall, 1771",1,2022,2022,"Falconiformes","Falconidae","Halcón Peregrino","Peregrine Falcon","Residente","Casi Amenazado (NT)","Preocupación Menor (LC)","Apéndice I",FALSE
"L4820432","Reposo del Angel","https://ebird.org/hotspot/L4820432/bird-list","Limatambo","Felis catus","Felis catus Linnaeus, 1758",1,2025,2025,NA,NA,NA,NA,NA,"No Amenazada","Preocupación Menor (LC)","No CITES",NA
"L4820432","Reposo del Angel","https://ebird.org/hotspot/L4820432/bird-list","Limatambo","Geospizopsis plebejus","Geospizopsis plebejus (Tschudi, 1844)",1,2001,2001,"Passeriformes","Thraupidae","Fringilo de Pecho Cenizo","Ash-breasted Sierra Finch","Residente","No Amenazada","Preocupación Menor (LC)","No CITES",FALSE
"L4820432","Reposo del Angel","https://ebird.org/hotspot/L4820432/bird-list","Limatambo","Glaucidium bolivianum","Glaucidium bolivianum C.König, 1991",1,2024,2024,"Strigiformes","Strigidae","Lechucita de las Yungas","Yungas Pygmy-Owl","Residente","No Amenazada","Preocupación Menor (LC)","No CITES",FALSE
"L4820432","Reposo del Angel","https://ebird.org/hotspot/L4820432/bird-list","Limatambo","Hedone vibex","Hedone vibex",1,2021,2021,NA,NA,NA,NA,NA,"No Amenazada","Preocupación Menor (LC)","No CITES",NA
"L4820432","Reposo del Angel","https://ebird.org/hotspot/L4820432/bird-list","Limatambo","Hirundinea ferruginea","Hirundinea ferruginea (Gmelin, 1788)",1,2018,2018,"Passeriformes","Tyrannidae","Tirano de Riscos","Cliff Flycatcher","Residente","No Amenazada","Preocupación Menor (LC)","No CITES",FALSE
"L4820432","Reposo del Angel","https://ebird.org/hotspot/L4820432/bird-list","Limatambo","Hylephila phyleus","Hylephila phyleus (Drury, 1773)",1,2023,2023,NA,NA,NA,NA,NA,"No Amenazada","Preocupación Menor (LC)","No CITES",NA
"L4820432","Reposo del Angel","https://ebird.org/hotspot/L4820432/bird-list","Limatambo","Hyles lineata","Hyles lineata Fabricius, 1775",1,2022,2022,NA,NA,NA,NA,NA,"No Amenazada","Preocupación Menor (LC)","No CITES",NA
"L4820432","Reposo del Angel","https://ebird.org/hotspot/L4820432/bird-list","Limatambo","Leptophobia aripa","Leptophobia aripa (Boisduval, 1836)",1,2021,2021,NA,NA,NA,NA,NA,"No Amenazada","Preocupación Menor (LC)","No CITES",NA
"L4820432","Reposo del Angel","https://ebird.org/hotspot/L4820432/bird-list","Limatambo","Leptotes callanga","Leptotes callanga (Dyar, 1913)",1,2021,2021,NA,NA,NA,NA,NA,"No Amenazada","Preocupación Menor (LC)","No CITES",NA
"L4820432","Reposo del Angel","https://ebird.org/hotspot/L4820432/bird-list","Limatambo","Lesbia victoriae","Lesbia victoriae (Bourcier & Mulsant, 1846)",1,2022,2022,"Apodiformes","Trochilidae","Colibrí de Cola Larga Negra","Black-tailed Trainbearer","Residente","No Amenazada","Preocupación Menor (LC)","No CITES",FALSE
"L4820432","Reposo del Angel","https://ebird.org/hotspot/L4820432/bird-list","Limatambo","Lieinix nemesis","Lieinix nemesis (Latreille, 1813)",1,2021,2021,NA,NA,NA,NA,NA,"No Amenazada","Preocupación Menor (LC)","No CITES",NA
"L4820432","Reposo del Angel","https://ebird.org/hotspot/L4820432/bird-list","Limatambo","Lycaena cyna","Zizula cyna (W.H.Edwards, 1881)",1,2021,2021,NA,NA,NA,NA,NA,"No Amenazada","Preocupación Menor (LC)","No CITES",NA
"L4820432","Reposo del Angel","https://ebird.org/hotspot/L4820432/bird-list","Limatambo","Manduca afflicta","Manduca paphus Herrich-Schäffer, 1865",1,2022,2022,NA,NA,NA,NA,NA,"No Amenazada","Preocupación Menor (LC)","No CITES",NA
"L4820432","Reposo del Angel","https://ebird.org/hotspot/L4820432/bird-list","Limatambo","Melipotis trujillensis","Melipotis trujillensis Dognin, 1912",1,2022,2022,NA,NA,NA,NA,NA,"No Amenazada","Preocupación Menor (LC)","No CITES",NA
"L4820432","Reposo del Angel","https://ebird.org/hotspot/L4820432/bird-list","Limatambo","Metallura tyrianthina","Metallura tyrianthina (Loddiges, 1832)",1,2024,2024,"Apodiformes","Trochilidae","Colibrí Tirio","Tyrian Metaltail","Residente","No Amenazada","Preocupación Menor (LC)","No CITES",FALSE
"L4820432","Reposo del Angel","https://ebird.org/hotspot/L4820432/bird-list","Limatambo","Nothoprocta pentlandii","Nothoprocta pentlandii (G.R.Gray, 1867)",1,2016,2016,"Tinamiformes","Tinamidae","Perdiz Andina","Andean Tinamou","Residente","No Amenazada","Preocupación Menor (LC)","No CITES",FALSE
"L4820432","Reposo del Angel","https://ebird.org/hotspot/L4820432/bird-list","Limatambo","Notiochelidon cyanoleuca","Pygochelidon cyanoleuca (Vieillot, 1817)",1,2018,2018,NA,NA,NA,NA,NA,"No Amenazada","Preocupación Menor (LC)","No CITES",NA
"L4820432","Reposo del Angel","https://ebird.org/hotspot/L4820432/bird-list","Limatambo","Notiochelidon flavipes","Orochelidon flavipes (Chapman, 1922)",1,1982,1982,NA,NA,NA,NA,NA,"No Amenazada","Preocupación Menor (LC)","No CITES",NA
"L4820432","Reposo del Angel","https://ebird.org/hotspot/L4820432/bird-list","Limatambo","Ochthoeca leucophrys","Ochthoeca leucophrys (Orbigny & Lafresnaye, 1837)",1,2024,2024,"Passeriformes","Tyrannidae","Pitajo de Ceja Blanca","White-browed Chat-Tyrant","Residente","No Amenazada","Preocupación Menor (LC)","No CITES",FALSE
"L4820432","Reposo del Angel","https://ebird.org/hotspot/L4820432/bird-list","Limatambo","Ochthoeca rufipectoralis","Ochthoeca rufipectoralis (Orbigny & Lafresnaye, 1837)",1,2024,2024,"Passeriformes","Tyrannidae","Pitajo de Pecho Rufo","Rufous-breasted Chat-Tyrant","Residente","No Amenazada","Preocupación Menor (LC)","No CITES",FALSE
"L4820432","Reposo del Angel","https://ebird.org/hotspot/L4820432/bird-list","Limatambo","Papilio anchisiades","Heraclides anchisiades (Esper, 1788)",1,2022,2022,NA,NA,NA,NA,NA,"No Amenazada","Preocupación Menor (LC)","No CITES",NA
"L4820432","Reposo del Angel","https://ebird.org/hotspot/L4820432/bird-list","Limatambo","Patagioenas fasciata","Patagioenas fasciata (Say, 1822)",1,2022,2022,"Columbiformes","Columbidae","Paloma de Nuca Blanca","Band-tailed Pigeon","Residente","No Amenazada","Preocupación Menor (LC)","No CITES",FALSE
"L4820432","Reposo del Angel","https://ebird.org/hotspot/L4820432/bird-list","Limatambo","Phalacrocorax brasilianus","Nannopterum brasilianum (J.F.Gmelin, 1789)",1,2020,2020,"Suliformes","Phalacrocoracidae","Cormorán Neotropical","Neotropic Cormorant","Residente","No Amenazada","Preocupación Menor (LC)","No CITES",FALSE
"L4820432","Reposo del Angel","https://ebird.org/hotspot/L4820432/bird-list","Limatambo","Phyllomyias uropygialis","Phyllomyias uropygialis (Lawrence, 1869)",1,1982,1982,NA,NA,NA,NA,NA,"No Amenazada","Preocupación Menor (LC)","No CITES",NA
"L4820432","Reposo del Angel","https://ebird.org/hotspot/L4820432/bird-list","Limatambo","Plegadis ridgwayi","Plegadis ridgwayi (Allen, 1876)",1,2019,2019,"Pelecaniformes","Threskiornithidae","Ibis de la Puna","Puna Ibis","Residente","No Amenazada","Preocupación Menor (LC)","No CITES",FALSE
"L4820432","Reposo del Angel","https://ebird.org/hotspot/L4820432/bird-list","Limatambo","Polistes xanthogaster","Polistes xanthogaster Bequard, 1940",1,2022,2022,NA,NA,NA,NA,NA,"No Amenazada","Preocupación Menor (LC)","No CITES",NA
"L4820432","Reposo del Angel","https://ebird.org/hotspot/L4820432/bird-list","Limatambo","Serpophaga cinerea","Serpophaga cinerea (Tschudi, 1844)",1,2022,2022,"Passeriformes","Tyrannidae","Moscareta de los Torrentes","Torrent Tyrannulet","Residente","No Amenazada","Preocupación Menor (LC)","No CITES",FALSE
"L4820432","Reposo del Angel","https://ebird.org/hotspot/L4820432/bird-list","Limatambo","Sicalis uropigyalis","Sicalis uropigyalis (d'Orbigny & Lafresnaye, 1837)",1,2001,2001,NA,NA,NA,NA,NA,"No Amenazada","Preocupación Menor (LC)","No CITES",NA
"L4820432","Reposo del Angel","https://ebird.org/hotspot/L4820432/bird-list","Limatambo","Strymon bazochii","Strymon bazochii bazochii",1,2021,2021,NA,NA,NA,NA,NA,"No Amenazada","Preocupación Menor (LC)","No CITES",NA
"L4820432","Reposo del Angel","https://ebird.org/hotspot/L4820432/bird-list","Limatambo","Strymon bubastus","Strymon bubastus (Stoll, 1780)",1,2021,2021,NA,NA,NA,NA,NA,"No Amenazada","Preocupación Menor (LC)","No CITES",NA
"L4820432","Reposo del Angel","https://ebird.org/hotspot/L4820432/bird-list","Limatambo","Thespieus argentina","Thespieus argentina Draudt, 1924",1,2021,2021,NA,NA,NA,NA,NA,"No Amenazada","Preocupación Menor (LC)","No CITES",NA
"L4820432","Reposo del Angel","https://ebird.org/hotspot/L4820432/bird-list","Limatambo","Troglodytes aedon","Troglodytes aedon Vieillot, 1809",1,1982,1982,NA,NA,NA,NA,NA,"No Amenazada","Preocupación Menor (LC)","No CITES",NA
"L4820432","Reposo del Angel","https://ebird.org/hotspot/L4820432/bird-list","Limatambo","Tyto furcata","Tyto furcata (Temminck, 1827)",1,2018,2018,"Strigiformes","Tytonidae","Lechuza de Campanario Americana","American Barn Owl","Residente","No Amenazada","Preocupación Menor (LC)","No CITES",FALSE
"L4820432","Reposo del Angel","https://ebird.org/hotspot/L4820432/bird-list","Limatambo","Urbanus dorantes","Cecropterus dorantes (Stoll, 1790)",1,2023,2023,NA,NA,NA,NA,NA,"No Amenazada","Preocupación Menor (LC)","No CITES",NA
"L4820432","Reposo del Angel","https://ebird.org/hotspot/L4820432/bird-list","Limatambo","Vanellus resplendens","Vanellus resplendens (Tschudi, 1843)",1,2001,2001,"Charadriiformes","Charadriidae","Avefría Andina","Andean Lapwing","Residente","No Amenazada","Preocupación Menor (LC)","No CITES",FALSE
"L4820432","Reposo del Angel","https://ebird.org/hotspot/L4820432/bird-list","Limatambo","Volatinia jacarina","Volatinia jacarina (Linnaeus, 1766)",1,2018,2018,"Passeriformes","Thraupidae","Semillerito Negro Azulado","Blue-black Grassquit","Residente","No Amenazada","Preocupación Menor (LC)","No CITES",FALSE
"L5054377","Represa Chacan","https://ebird.org/hotspot/L5054377/bird-list","Anta","Fulica ardesiaca","Fulica ardesiaca Tschudi, 1843",449,2014,2026,"Gruiformes","Rallidae","Gallareta Andina","Slate-colored Coot","Residente","No Amenazada","Preocupación Menor (LC)","No CITES",FALSE
"L5054377","Represa Chacan","https://ebird.org/hotspot/L5054377/bird-list","Anta","Anas flavirostris","Anas flavirostris Vieillot, 1816",443,2014,2024,"Anseriformes","Anatidae","Pato Barcino","Yellow-billed Teal","Residente","No Amenazada","Preocupación Menor (LC)","No CITES",FALSE
"L5054377","Represa Chacan","https://ebird.org/hotspot/L5054377/bird-list","Anta","Spatula cyanoptera","Spatula cyanoptera (Vieillot, 1816)",439,2002,2026,"Anseriformes","Anatidae","Pato Colorado","Cinnamon Teal","Residente","No Amenazada","Preocupación Menor (LC)","No CITES",FALSE
"L5054377","Represa Chacan","https://ebird.org/hotspot/L5054377/bird-list","Anta","Spatula puna","Spatula puna (Tschudi, 1844)",416,2002,2024,"Anseriformes","Anatidae","Pato de la Puna","Puna Teal","Residente","No Amenazada","Preocupación Menor (LC)","No CITES",FALSE
"L5054377","Represa Chacan","https://ebird.org/hotspot/L5054377/bird-list","Anta","Anas georgica","Anas georgica J.F.Gmelin, 1789",378,2014,2026,"Anseriformes","Anatidae","Pato Jergón","Yellow-billed Pintail","Residente","No Amenazada","Preocupación Menor (LC)","No CITES",FALSE
"L5054377","Represa Chacan","https://ebird.org/hotspot/L5054377/bird-list","Anta","Chroicocephalus serranus","Chroicocephalus serranus (Tschudi, 1844)",371,2014,2026,"Charadriiformes","Laridae","Gaviota Andina","Andean Gull","Residente","No Amenazada","Preocupación Menor (LC)","No CITES",FALSE
"L5054377","Represa Chacan","https://ebird.org/hotspot/L5054377/bird-list","Anta","Tringa flavipes","Tringa flavipes (J.F.Gmelin, 1789)",363,2014,2024,"Charadriiformes","Scolopacidae","Playero Pata Amarilla Menor","Lesser Yellowlegs","Migratorio","No Amenazada","Vulnerable (VU)","No CITES",FALSE
"L5054377","Represa Chacan","https://ebird.org/hotspot/L5054377/bird-list","Anta","Plegadis ridgwayi","Plegadis ridgwayi (Allen, 1876)",345,2014,2024,"Pelecaniformes","Threskiornithidae","Ibis de la Puna","Puna Ibis","Residente","No Amenazada","Preocupación Menor (LC)","No CITES",FALSE
"L5054377","Represa Chacan","https://ebird.org/hotspot/L5054377/bird-list","Anta","Rollandia rolland","Rollandia rolland (Quoy & Gaimard, 1824)",345,2014,2026,"Podicipediformes","Podicipedidae","Zambullidor Pimpollo","White-tufted Grebe","Residente","No Amenazada","Preocupación Menor (LC)","No CITES",FALSE
"L5054377","Represa Chacan","https://ebird.org/hotspot/L5054377/bird-list","Anta","Tringa melanoleuca","Tringa melanoleuca (J.F.Gmelin, 1789)",322,2014,2024,"Charadriiformes","Scolopacidae","Playero Pata Amarilla Mayor","Greater Yellowlegs","Migratorio","No Amenazada","Casi Amenazada (NT)","No CITES",FALSE
"L5054377","Represa Chacan","https://ebird.org/hotspot/L5054377/bird-list","Anta","Patagioenas maculosa","Patagioenas maculosa (Temminck, 1813)",304,2014,2024,"Columbiformes","Columbidae","Paloma de Ala Moteada","Spot-winged Pigeon","Residente","No Amenazada","Preocupación Menor (LC)","No CITES",FALSE
"L5054377","Represa Chacan","https://ebird.org/hotspot/L5054377/bird-list","Anta","Oxyura ferruginea","Oxyura ferruginea (Eyton, 1838)",277,2014,2026,NA,NA,NA,NA,NA,"No Amenazada","Preocupación Menor (LC)","No CITES",NA
"L5054377","Represa Chacan","https://ebird.org/hotspot/L5054377/bird-list","Anta","Columba livia","Columba livia J.F.Gmelin, 1789",273,2016,2024,"Columbiformes","Columbidae","Paloma Doméstica","Rock Pigeon","Introducido","No Amenazada","Preocupación Menor (LC)","No CITES",FALSE
"L5054377","Represa Chacan","https://ebird.org/hotspot/L5054377/bird-list","Anta","Ardea alba","Ardea alba Linnaeus, 1758",244,2014,2024,"Pelecaniformes","Ardeidae","Garza Grande","Great Egret","Residente","No Amenazada","Preocupación Menor (LC)","No CITES",FALSE
"L5054377","Represa Chacan","https://ebird.org/hotspot/L5054377/bird-list","Anta","Zonotrichia capensis","Zonotrichia capensis (P.L.S.Müller, 1776)",229,2016,2024,"Passeriformes","Passerellidae","Gorrión de Collar Rufo","Rufous-collared Sparrow","Residente","No Amenazada","Preocupación Menor (LC)","No CITES",FALSE
"L5054377","Represa Chacan","https://ebird.org/hotspot/L5054377/bird-list","Anta","Himantopus mexicanus","Himantopus mexicanus (P.L.S.Müller, 1776)",218,2016,2024,"Charadriiformes","Recurvirostridae","Cigüeñuela de Cuello Negro","Black-necked Stilt","Residente","No Amenazada","Preocupación Menor (LC)","No CITES",FALSE
"L5054377","Represa Chacan","https://ebird.org/hotspot/L5054377/bird-list","Anta","Calidris melanotos","Calidris melanotos (Vieillot, 1819)",203,2016,2024,"Charadriiformes","Scolopacidae","Playero Pectoral","Pectoral Sandpiper","Migratorio","No Amenazada","Preocupación Menor (LC)","No CITES",FALSE
"L5054377","Represa Chacan","https://ebird.org/hotspot/L5054377/bird-list","Anta","Phalaropus tricolor","Phalaropus tricolor (Vieillot, 1819)",197,2014,2024,"Charadriiformes","Scolopacidae","Faláropo Tricolor","Wilson's Phalarope","Migratorio","No Amenazada","Preocupación Menor (LC)","No CITES",FALSE
"L5054377","Represa Chacan","https://ebird.org/hotspot/L5054377/bird-list","Anta","Notiochelidon murina","Orochelidon murina (Cassin, 1853)",193,2016,2024,NA,NA,NA,NA,NA,"No Amenazada","Preocupación Menor (LC)","No CITES",NA
"L5054377","Represa Chacan","https://ebird.org/hotspot/L5054377/bird-list","Anta","Chloephaga melanoptera","Oressochen melanopterus (Eyton, 1838)",184,2021,2026,NA,NA,NA,NA,NA,"No Amenazada","Preocupación Menor (LC)","No CITES",NA
"L5054377","Represa Chacan","https://ebird.org/hotspot/L5054377/bird-list","Anta","Calidris himantopus","Calidris himantopus (Bonaparte, 1826)",166,2017,2024,"Charadriiformes","Scolopacidae","Playero de Pata Larga","Stilt Sandpiper","Migratorio","No Amenazada","Casi Amenazada (NT)","No CITES",FALSE
"L5054377","Represa Chacan","https://ebird.org/hotspot/L5054377/bird-list","Anta","Bubulcus ibis","Ardea ibis Linnaeus, 1758",165,2014,2024,NA,NA,NA,NA,NA,"No Amenazada","Preocupación Menor (LC)","No CITES",NA
"L5054377","Represa Chacan","https://ebird.org/hotspot/L5054377/bird-list","Anta","Egretta thula","Egretta thula (Molina, 1782)",165,2014,2024,"Pelecaniformes","Ardeidae","Garcita Blanca","Snowy Egret","Residente","No Amenazada","Preocupación Menor (LC)","No CITES",FALSE
"L5054377","Represa Chacan","https://ebird.org/hotspot/L5054377/bird-list","Anta","Spinus magellanicus","Spinus magellanicus (Vieillot, 1805)",160,2016,2024,"Passeriformes","Fringillidae","Jilguero Encapuchado","Hooded Siskin","Residente","No Amenazada","Preocupación Menor (LC)","No CITES",FALSE
"L5054377","Represa Chacan","https://ebird.org/hotspot/L5054377/bird-list","Anta","Turdus chiguanco","Turdus chiguanco Orbigny & Lafresnaye, 1837",157,2016,2024,"Passeriformes","Turdidae","Zorzal Chiguanco","Chiguanco Thrush","Residente","No Amenazada","Preocupación Menor (LC)","No CITES",FALSE
"L5054377","Represa Chacan","https://ebird.org/hotspot/L5054377/bird-list","Anta","Gallinula chloropus","Gallinula galeata (Lichtenstein & Mhc, 1818)",150,2014,2024,NA,NA,NA,NA,NA,"No Amenazada","Preocupación Menor (LC)","No CITES",NA
"L5054377","Represa Chacan","https://ebird.org/hotspot/L5054377/bird-list","Anta","Vanellus resplendens","Vanellus resplendens (Tschudi, 1843)",144,2014,2024,"Charadriiformes","Charadriidae","Avefría Andina","Andean Lapwing","Residente","No Amenazada","Preocupación Menor (LC)","No CITES",FALSE
"L5054377","Represa Chacan","https://ebird.org/hotspot/L5054377/bird-list","Anta","Falco sparverius","Falco sparverius Linnaeus, 1758",119,2014,2024,"Falconiformes","Falconidae","Cernícalo Americano","American Kestrel","Residente","No Amenazada","Preocupación Menor (LC)","No CITES",FALSE
"L5054377","Represa Chacan","https://ebird.org/hotspot/L5054377/bird-list","Anta","Hirundo rustica","Hirundo rustica Linnaeus, 1758",119,2016,2024,"Passeriformes","Hirundinidae","Golondrina Tijereta","Barn Swallow","Migratorio","No Amenazada","Preocupación Menor (LC)","No CITES",FALSE
"L5054377","Represa Chacan","https://ebird.org/hotspot/L5054377/bird-list","Anta","Phoenicopterus chilensis","Phoenicopterus chilensis Molina, 1782",117,2016,2024,"Phoenicopteriformes","Phoenicopteridae","Flamenco Chileno","Chilean Flamingo","Residente","Casi Amenazado (NT)","Casi Amenazada (NT)","Apéndice II",FALSE
"L5054377","Represa Chacan","https://ebird.org/hotspot/L5054377/bird-list","Anta","Calidris bairdii","Calidris bairdii (Coues, 1861)",111,2016,2024,"Charadriiformes","Scolopacidae","Playerito de Baird","Baird's Sandpiper","Migratorio","No Amenazada","Preocupación Menor (LC)","No CITES",FALSE
"L5054377","Represa Chacan","https://ebird.org/hotspot/L5054377/bird-list","Anta","Pluvialis dominica","Pluvialis dominica (P.L.S.Müller, 1776)",108,2016,2024,"Charadriiformes","Charadriidae","Chorlo Dorado Americano","American Golden-Plover","Migratorio","No Amenazada","Preocupación Menor (LC)","No CITES",FALSE
"L5054377","Represa Chacan","https://ebird.org/hotspot/L5054377/bird-list","Anta","Zenaida auriculata","Zenaida auriculata (Des Murs, 1847)",107,2016,2024,"Columbiformes","Columbidae","Tórtola Orejuda","Eared Dove","Residente","No Amenazada","Preocupación Menor (LC)","No CITES",FALSE
"L5054377","Represa Chacan","https://ebird.org/hotspot/L5054377/bird-list","Anta","Phalacrocorax brasilianus","Nannopterum brasilianum (J.F.Gmelin, 1789)",94,2014,2024,"Suliformes","Phalacrocoracidae","Cormorán Neotropical","Neotropic Cormorant","Residente","No Amenazada","Preocupación Menor (LC)","No CITES",FALSE
"L5054377","Represa Chacan","https://ebird.org/hotspot/L5054377/bird-list","Anta","Metriopelia ceciliae","Metriopelia ceciliae (R.Lesson, 1845)",92,2016,2024,"Columbiformes","Columbidae","Tortolita Moteada","Bare-faced Ground Dove","Residente","No Amenazada","Preocupación Menor (LC)","No CITES",FALSE
"L5054377","Represa Chacan","https://ebird.org/hotspot/L5054377/bird-list","Anta","Podiceps occipitalis","Podiceps occipitalis Garnot, 1826",80,2014,2024,"Podicipediformes","Podicipedidae","Zambullidor Plateado","Silvery Grebe","Residente","No Amenazada","Preocupación Menor (LC)","No CITES",FALSE
"L5054377","Represa Chacan","https://ebird.org/hotspot/L5054377/bird-list","Anta","Saltator aurantiirostris","Saltator aurantiirostris Vieillot, 1817",74,2016,2024,"Passeriformes","Thraupidae","Saltador de Pico Dorado","Golden-billed Saltator","Residente","No Amenazada","Preocupación Menor (LC)","No CITES",FALSE
"L5054377","Represa Chacan","https://ebird.org/hotspot/L5054377/bird-list","Anta","Phrygilus punensis","Phrygilus punensis Ridgway, 1887",70,2016,2024,"Passeriformes","Thraupidae","Fringilo Peruano","Peruvian Sierra Finch","Residente","No Amenazada","Preocupación Menor (LC)","No CITES",FALSE
"L5054377","Represa Chacan","https://ebird.org/hotspot/L5054377/bird-list","Anta","Actitis macularius","Actitis macularius (Linnaeus, 1766)",69,2014,2024,"Charadriiformes","Scolopacidae","Playero Coleador","Spotted Sandpiper","Migratorio","No Amenazada","Preocupación Menor (LC)","No CITES",FALSE
"L5054377","Represa Chacan","https://ebird.org/hotspot/L5054377/bird-list","Anta","Egretta caerulea","Egretta caerulea (Linnaeus, 1758)",65,2014,2024,"Pelecaniformes","Ardeidae","Garcita Azul","Little Blue Heron","Residente","No Amenazada","Preocupación Menor (LC)","No CITES",FALSE
"L5054377","Represa Chacan","https://ebird.org/hotspot/L5054377/bird-list","Anta","Catamenia analis","Catamenia analis (d'Orbigny & Lafresnaye, 1837)",52,2019,2024,"Passeriformes","Thraupidae","Semillero de Cola Bandeada","Band-tailed Seedeater","Residente","No Amenazada","Preocupación Menor (LC)","No CITES",FALSE
"L5054377","Represa Chacan","https://ebird.org/hotspot/L5054377/bird-list","Anta","Troglodytes musculus","Troglodytes musculus J.F.Naumann, 1823",52,2016,2024,"Passeriformes","Troglodytidae","Cucarachero Común Sureño","Southern House-Wren","Residente","No Amenazada","Preocupación Menor (LC)","No CITES",FALSE
"L5054377","Represa Chacan","https://ebird.org/hotspot/L5054377/bird-list","Anta","Haplochelidon andecola","Orochelidon andecola (d'Orbigny & Lafresnaye, 1837)",45,2021,2024,NA,NA,NA,NA,NA,"No Amenazada","Preocupación Menor (LC)","No CITES",NA
"L5054377","Represa Chacan","https://ebird.org/hotspot/L5054377/bird-list","Anta","Colibri coruscans","Colibri coruscans (Gould, 1846)",44,2016,2024,"Apodiformes","Trochilidae","Oreja-Violeta de Vientre Azul","Sparkling Violetear","Residente","No Amenazada","Preocupación Menor (LC)","No CITES",FALSE
"L5054377","Represa Chacan","https://ebird.org/hotspot/L5054377/bird-list","Anta","Anas bahamensis","Anas bahamensis Linnaeus, 1758",40,2016,2024,"Anseriformes","Anatidae","Pato Gargantillo","White-cheeked Pintail","Residente","No Amenazada","Preocupación Menor (LC)","No CITES",FALSE
"L5054377","Represa Chacan","https://ebird.org/hotspot/L5054377/bird-list","Anta","Nycticorax nycticorax","Nycticorax nycticorax (Linnaeus, 1758)",40,2016,2024,"Pelecaniformes","Ardeidae","Huaco Común","Black-crowned Night-Heron","Residente","No Amenazada","Preocupación Menor (LC)","No CITES",FALSE
"L5054377","Represa Chacan","https://ebird.org/hotspot/L5054377/bird-list","Anta","Diglossa brunneiventris","Diglossa brunneiventris Lafresnaye, 1846",37,2016,2024,"Passeriformes","Thraupidae","Pinchaflor de Garganta Negra","Black-throated Flowerpiercer","Residente","No Amenazada","Preocupación Menor (LC)","No CITES",FALSE
"L5054377","Represa Chacan","https://ebird.org/hotspot/L5054377/bird-list","Anta","Sicalis luteola","Sicalis luteola (Sparrman, 1789)",35,2016,2024,"Passeriformes","Thraupidae","Chirigüe Común","Grassland Yellow-Finch","Residente","No Amenazada","Preocupación Menor (LC)","No CITES",FALSE
"L5054377","Represa Chacan","https://ebird.org/hotspot/L5054377/bird-list","Anta","Agelasticus thilius","Agelasticus thilius (Molina, 1782)",34,2019,2024,"Passeriformes","Icteridae","Tordo de Ala Amarilla","Yellow-winged Blackbird","Residente","No Amenazada","Preocupación Menor (LC)","No CITES",FALSE
"L5054377","Represa Chacan","https://ebird.org/hotspot/L5054377/bird-list","Anta","Colaptes rupicola","Colaptes rupicola d'Orbigny, 1840",32,2014,2024,"Piciformes","Picidae","Carpintero Andino","Andean Flicker","Residente","No Amenazada","Preocupación Menor (LC)","No CITES",FALSE
"L5054377","Represa Chacan","https://ebird.org/hotspot/L5054377/bird-list","Anta","Riparia riparia","Riparia riparia (Linnaeus, 1758)",29,2016,2024,"Passeriformes","Hirundinidae","Golondrina Ribereña","Bank Swallow","Migratorio","No Amenazada","Preocupación Menor (LC)","No CITES",FALSE
"L5054377","Represa Chacan","https://ebird.org/hotspot/L5054377/bird-list","Anta","Sporophila luctuosa","Sporophila luctuosa (Lafresnaye, 1843)",29,2019,2024,"Passeriformes","Thraupidae","Espiguero Negro y Blanco","Black-and-white Seedeater","Residente","No Amenazada","Preocupación Menor (LC)","No CITES",FALSE
"L5054377","Represa Chacan","https://ebird.org/hotspot/L5054377/bird-list","Anta","Geranoaetus melanoleucus","Geranoaetus melanoleucus (Vieillot, 1819)",21,2022,2023,"Accipitriformes","Accipitridae","Aguilucho de Pecho Negro","Black-chested Buzzard-Eagle","Residente","No Amenazada","Preocupación Menor (LC)","Apéndice II",FALSE
"L5054377","Represa Chacan","https://ebird.org/hotspot/L5054377/bird-list","Anta","Conirostrum cinereum","Conirostrum cinereum d'Orbigny & Lafresnaye, 1838",19,2016,2024,"Passeriformes","Thraupidae","Pico-de-Cono Cinéreo","Cinereous Conebill","Residente","No Amenazada","Preocupación Menor (LC)","No CITES",FALSE
"L5054377","Represa Chacan","https://ebird.org/hotspot/L5054377/bird-list","Anta","Tringa solitaria","Tringa solitaria A.Wilson, 1813",18,2019,2024,"Charadriiformes","Scolopacidae","Playero Solitario","Solitary Sandpiper","Migratorio","No Amenazada","Preocupación Menor (LC)","No CITES",FALSE
"L5054377","Represa Chacan","https://ebird.org/hotspot/L5054377/bird-list","Anta","Ardea cocoi","Ardea cocoi Linnaeus, 1766",17,2024,2024,"Pelecaniformes","Ardeidae","Garza Cuca","Cocoi Heron","Residente","No Amenazada","Preocupación Menor (LC)","No CITES",FALSE
"L5054377","Represa Chacan","https://ebird.org/hotspot/L5054377/bird-list","Anta","Buteo polyosoma","Geranoaetus polyosoma (Quoy & Gaimard, 1824)",15,2019,2024,NA,NA,NA,NA,NA,"No Amenazada","Preocupación Menor (LC)","Apéndice II",NA
"L5054377","Represa Chacan","https://ebird.org/hotspot/L5054377/bird-list","Anta","Buteo albigula","Buteo albigula Philippi, 1899",14,2021,2023,"Accipitriformes","Accipitridae","Aguilucho de Garganta Blanca","White-throated Hawk","Residente","No Amenazada","Preocupación Menor (LC)","No CITES",FALSE
"L5054377","Represa Chacan","https://ebird.org/hotspot/L5054377/bird-list","Anta","Calidris minutilla","Calidris minutilla (Vieillot, 1819)",14,2021,2021,"Charadriiformes","Scolopacidae","Playerito Menudo","Least Sandpiper","Migratorio","No Amenazada","Casi Amenazada (NT)","No CITES",FALSE
"L5054377","Represa Chacan","https://ebird.org/hotspot/L5054377/bird-list","Anta","Circus cinereus","Circus cinereus Vieillot, 1816",14,2022,2024,"Accipitriformes","Accipitridae","Aguilucho Cenizo","Cinereous Harrier","Residente","No Amenazada","Preocupación Menor (LC)","No CITES",FALSE
"L5054377","Represa Chacan","https://ebird.org/hotspot/L5054377/bird-list","Anta","Rhopospina fruticeti","Rhopospina fruticeti (Kittlitz, 1833)",14,2019,2023,"Passeriformes","Thraupidae","Fringilo de Pecho Negro","Mourning Sierra Finch","Residente","No Amenazada","Preocupación Menor (LC)","No CITES",FALSE
"L5054377","Represa Chacan","https://ebird.org/hotspot/L5054377/bird-list","Anta","Spatula discors","Spatula discors (Linnaeus, 1766)",14,2018,2024,"Anseriformes","Anatidae","Pato de Ala Azul","Blue-winged Teal","Migratorio","No Amenazada","Preocupación Menor (LC)","No CITES",FALSE
"L5054377","Represa Chacan","https://ebird.org/hotspot/L5054377/bird-list","Anta","Cathartes aura","Cathartes aura (Linnaeus, 1758)",13,2022,2023,"Cathartiformes","Cathartidae","Gallinazo de Cabeza Roja","Turkey Vulture","Residente","No Amenazada","Preocupación Menor (LC)","No CITES",FALSE
"L5054377","Represa Chacan","https://ebird.org/hotspot/L5054377/bird-list","Anta","Calidris fuscicollis","Calidris fuscicollis (Vieillot, 1819)",11,2021,2021,"Charadriiformes","Scolopacidae","Playerito de Lomo Blanco","White-rumped Sandpiper","Migratorio","No Amenazada","Vulnerable (VU)","No CITES",FALSE
"L5054377","Represa Chacan","https://ebird.org/hotspot/L5054377/bird-list","Anta","Ochthoeca leucophrys","Ochthoeca leucophrys (Orbigny & Lafresnaye, 1837)",11,2021,2023,"Passeriformes","Tyrannidae","Pitajo de Ceja Blanca","White-browed Chat-Tyrant","Residente","No Amenazada","Preocupación Menor (LC)","No CITES",FALSE
"L5054377","Represa Chacan","https://ebird.org/hotspot/L5054377/bird-list","Anta","Rauenia bonariensis","Rauenia bonariensis (J.F.Gmelin, 1789)",11,2021,2023,"Passeriformes","Thraupidae","Tangara Azul y Amarilla","Blue-and-yellow Tanager","Residente","No Amenazada","Preocupación Menor (LC)","No CITES",FALSE
"L5054377","Represa Chacan","https://ebird.org/hotspot/L5054377/bird-list","Anta","Athene cunicularia","Athene cunicularia (Molina, 1782)",10,2016,2023,"Strigiformes","Strigidae","Lechuza Terrestre","Burrowing Owl","Residente","No Amenazada","Preocupación Menor (LC)","No CITES",FALSE
"L5054377","Represa Chacan","https://ebird.org/hotspot/L5054377/bird-list","Anta","Limosa haemastica","Limosa haemastica (Linnaeus, 1758)",10,2024,2024,"Charadriiformes","Scolopacidae","Aguja de Mar","Hudsonian Godwit","Migratorio","No Amenazada","Vulnerable (VU)","No CITES",FALSE
"L5054377","Represa Chacan","https://ebird.org/hotspot/L5054377/bird-list","Anta","Falco femoralis","Falco femoralis Temminck, 1822",9,2016,2024,"Falconiformes","Falconidae","Halcón Aplomado","Aplomado Falcon","Residente","No Amenazada","Preocupación Menor (LC)","No CITES",FALSE
"L5054377","Represa Chacan","https://ebird.org/hotspot/L5054377/bird-list","Anta","Geospizopsis plebejus","Geospizopsis plebejus (Tschudi, 1844)",9,2021,2023,"Passeriformes","Thraupidae","Fringilo de Pecho Cenizo","Ash-breasted Sierra Finch","Residente","No Amenazada","Preocupación Menor (LC)","No CITES",FALSE
"L5054377","Represa Chacan","https://ebird.org/hotspot/L5054377/bird-list","Anta","Petrochelidon pyrrhonota","Petrochelidon pyrrhonota (Vieillot, 1817)",8,2016,2022,"Passeriformes","Hirundinidae","Golondrina Risquera","Cliff Swallow","Migratorio","No Amenazada","Preocupación Menor (LC)","No CITES",FALSE
"L5054377","Represa Chacan","https://ebird.org/hotspot/L5054377/bird-list","Anta","Progne subis","Progne subis (Linnaeus, 1758)",8,2021,2021,"Passeriformes","Hirundinidae","Martín Purpúreo","Purple Martin","Migratorio","No Amenazada","Preocupación Menor (LC)","No CITES",FALSE
"L5054377","Represa Chacan","https://ebird.org/hotspot/L5054377/bird-list","Anta","Charadrius semipalmatus","Charadrius semipalmatus Bonaparte, 1825",7,2019,2023,"Charadriiformes","Charadriidae","Chorlo Semipalmado","Semipalmated Plover","Migratorio","No Amenazada","Preocupación Menor (LC)","No CITES",FALSE
"L5054377","Represa Chacan","https://ebird.org/hotspot/L5054377/bird-list","Anta","Lesbia nuna","Lesbia nuna (R.Lesson, 1832)",7,2019,2024,"Apodiformes","Trochilidae","Colibrí de Cola Larga Verde","Green-tailed Trainbearer","Residente","No Amenazada","Preocupación Menor (LC)","No CITES",FALSE
"L5054377","Represa Chacan","https://ebird.org/hotspot/L5054377/bird-list","Anta","Nothoprocta pentlandii","Nothoprocta pentlandii (G.R.Gray, 1867)",7,2021,2024,"Tinamiformes","Tinamidae","Perdiz Andina","Andean Tinamou","Residente","No Amenazada","Preocupación Menor (LC)","No CITES",FALSE
"L5054377","Represa Chacan","https://ebird.org/hotspot/L5054377/bird-list","Anta","Lesbia victoriae","Lesbia victoriae (Bourcier & Mulsant, 1846)",6,2019,2024,"Apodiformes","Trochilidae","Colibrí de Cola Larga Negra","Black-tailed Trainbearer","Residente","No Amenazada","Preocupación Menor (LC)","No CITES",FALSE
"L5054377","Represa Chacan","https://ebird.org/hotspot/L5054377/bird-list","Anta","Notiochelidon cyanoleuca","Pygochelidon cyanoleuca (Vieillot, 1817)",6,2022,2024,NA,NA,NA,NA,NA,"No Amenazada","Preocupación Menor (LC)","No CITES",NA
"L5054377","Represa Chacan","https://ebird.org/hotspot/L5054377/bird-list","Anta","Caracara plancus","Caracara plancus (J.F.Miller, 1777)",5,2024,2024,"Falconiformes","Falconidae","Caracara Crestado","Crested Caracara","Residente","No Amenazada","Preocupación Menor (LC)","No CITES",FALSE
"L5054377","Represa Chacan","https://ebird.org/hotspot/L5054377/bird-list","Anta","Aratinga mitrata","Psittacara mitratus (Tschudi, 1844)",4,2019,2019,NA,NA,NA,NA,NA,"No Amenazada","Preocupación Menor (LC)","No CITES",NA
"L5054377","Represa Chacan","https://ebird.org/hotspot/L5054377/bird-list","Anta","Chlidonias niger","Chlidonias niger (Linnaeus, 1758)",4,2021,2021,"Charadriiformes","Laridae","Gaviotín Negro","Black Tern","Migratorio","No Amenazada","Preocupación Menor (LC)","No CITES",FALSE
"L5054377","Represa Chacan","https://ebird.org/hotspot/L5054377/bird-list","Anta","Glaucidium peruanum","Glaucidium peruanum C.König, 1991",4,2022,2022,"Strigiformes","Strigidae","Lechucita Peruana","Peruvian Pygmy-Owl","Residente","No Amenazada","Preocupación Menor (LC)","No CITES",FALSE
"L5054377","Represa Chacan","https://ebird.org/hotspot/L5054377/bird-list","Anta","Streptoprocne zonaris","Streptoprocne zonaris (Shaw, 1796)",4,2022,2024,"Apodiformes","Apodidae","Vencejo de Collar Blanco","White-collared Swift","Residente","No Amenazada","Preocupación Menor (LC)","No CITES",FALSE
"L5054377","Represa Chacan","https://ebird.org/hotspot/L5054377/bird-list","Anta","Turdus fuscater","Turdus fuscater Orbigny & Lafresnaye, 1837",4,2024,2024,"Passeriformes","Turdidae","Zorzal Grande","Great Thrush","Residente","No Amenazada","Preocupación Menor (LC)","No CITES",FALSE
"L5054377","Represa Chacan","https://ebird.org/hotspot/L5054377/bird-list","Anta","Asthenes ottonis","Asthenes ottonis (Berlepsch, 1901)",3,2022,2022,"Passeriformes","Furnariidae","Canastero de Frente Rojiza","Rusty-fronted Canastero","Endémico","No Amenazada","Preocupación Menor (LC)","No CITES",TRUE
"L5054377","Represa Chacan","https://ebird.org/hotspot/L5054377/bird-list","Anta","Calidris subruficollis","Calidris subruficollis (Vieillot, 1819)",3,2021,2021,"Charadriiformes","Scolopacidae","Playero Acanelado","Buff-breasted Sandpiper","Migratorio","No Amenazada","Vulnerable (VU)","No CITES",FALSE
"L5054377","Represa Chacan","https://ebird.org/hotspot/L5054377/bird-list","Anta","Catamenia inornata","Catamenia inornata (Lafresnaye, 1847)",3,2023,2023,"Passeriformes","Thraupidae","Semillero Simple","Plain-colored Seedeater","Residente","No Amenazada","Preocupación Menor (LC)","No CITES",FALSE
"L5054377","Represa Chacan","https://ebird.org/hotspot/L5054377/bird-list","Anta","Fulica gigantea","Fulica gigantea Eydoux & Souleyet, 1841",3,2024,2024,"Gruiformes","Rallidae","Gallareta Gigante","Giant Coot","Residente","No Amenazada","Preocupación Menor (LC)","No CITES",FALSE
"L5054377","Represa Chacan","https://ebird.org/hotspot/L5054377/bird-list","Anta","Geospizopsis unicolor","Geospizopsis unicolor (d'Orbigny & Lafresnaye, 1837)",3,2023,2023,"Passeriformes","Thraupidae","Fringilo Plomizo","Plumbeous Sierra Finch","Residente","No Amenazada","Preocupación Menor (LC)","No CITES",FALSE
"L5054377","Represa Chacan","https://ebird.org/hotspot/L5054377/bird-list","Anta","Metallura tyrianthina","Metallura tyrianthina (Loddiges, 1832)",3,2023,2023,"Apodiformes","Trochilidae","Colibrí Tirio","Tyrian Metaltail","Residente","No Amenazada","Preocupación Menor (LC)","No CITES",FALSE
"L5054377","Represa Chacan","https://ebird.org/hotspot/L5054377/bird-list","Anta","Notiochelidon flavipes","Orochelidon flavipes (Chapman, 1922)",3,2022,2022,NA,NA,NA,NA,NA,"No Amenazada","Preocupación Menor (LC)","No CITES",NA
"L5054377","Represa Chacan","https://ebird.org/hotspot/L5054377/bird-list","Anta","Patagona gigas","Patagona gigas (Vieillot, 1824)",3,2021,2021,"Apodiformes","Trochilidae","Colibrí Gigante Sureño","Southern Giant-Hummingbird","Migratorio","No Amenazada","Preocupación Menor (LC)","No CITES",FALSE
"L5054377","Represa Chacan","https://ebird.org/hotspot/L5054377/bird-list","Anta","Sporophila nigricollis","Sporophila nigricollis (Vieillot, 1823)",3,2023,2024,"Passeriformes","Thraupidae","Espiguero de Vientre Amarillo","Yellow-bellied Seedeater","Residente","No Amenazada","Preocupación Menor (LC)","No CITES",FALSE
"L5054377","Represa Chacan","https://ebird.org/hotspot/L5054377/bird-list","Anta","Tachybaptus dominicus","Tachybaptus dominicus (Linnaeus, 1766)",3,2024,2024,"Podicipediformes","Podicipedidae","Zambullidor Menor","Least Grebe","Residente","No Amenazada","Preocupación Menor (LC)","No CITES",FALSE
"L5054377","Represa Chacan","https://ebird.org/hotspot/L5054377/bird-list","Anta","Anairetes flavirostris","Anairetes flavirostris P.L.Sclater & Salvin, 1876",2,2023,2023,"Passeriformes","Tyrannidae","Torito de Pico Amarillo","Yellow-billed Tit-Tyrant","Residente","No Amenazada","Preocupación Menor (LC)","No CITES",FALSE
"L5054377","Represa Chacan","https://ebird.org/hotspot/L5054377/bird-list","Anta","Anthus brevirostris","Anthus brevirostris Taczanowski, 1875",2,2016,2021,NA,NA,NA,NA,NA,"No Amenazada","Preocupación Menor (LC)","No CITES",NA
"L5054377","Represa Chacan","https://ebird.org/hotspot/L5054377/bird-list","Anta","Calidris pusilla","Calidris pusilla (Linnaeus, 1766)",2,2023,2023,"Charadriiformes","Scolopacidae","Playerito Semipalmado","Semipalmated Sandpiper","Migratorio","No Amenazada","Casi Amenazada (NT)","No CITES",FALSE
"L5054377","Represa Chacan","https://ebird.org/hotspot/L5054377/bird-list","Anta","Eriocnemis luciani","Eriocnemis luciani (Bourcier, 1847)",2,2024,2024,"Apodiformes","Trochilidae","Calzadito de Cola Larga","Sapphire-vented Puffleg","Residente","No Amenazada","Preocupación Menor (LC)","No CITES",FALSE
"L5054377","Represa Chacan","https://ebird.org/hotspot/L5054377/bird-list","Anta","Pardirallus sanguinolentus","Pardirallus sanguinolentus (Swainson, 1838)",2,2023,2024,"Gruiformes","Rallidae","Rascón Plomizo","Plumbeous Rail","Residente","No Amenazada","Preocupación Menor (LC)","No CITES",FALSE
"L5054377","Represa Chacan","https://ebird.org/hotspot/L5054377/bird-list","Anta","Porphyrospiza alaudina","Rhopospina alaudina (Kittlitz, 1833)",2,2021,2022,NA,NA,NA,NA,NA,"No Amenazada","Preocupación Menor (LC)","No CITES",NA
"L5054377","Represa Chacan","https://ebird.org/hotspot/L5054377/bird-list","Anta","Spatula versicolor","Anas versicolor Vieillot, 1816",2,2002,2002,NA,NA,NA,NA,NA,"No Amenazada","Preocupación Menor (LC)","No CITES",NA
"L5054377","Represa Chacan","https://ebird.org/hotspot/L5054377/bird-list","Anta","Theristicus melanopis","Theristicus branickii Berlepsch & Stolzmann, 1894",2,2021,2024,"Pelecaniformes","Threskiornithidae","Bandurria de Cara Negra","Black-faced Ibis","Residente","No Amenazada","Preocupación Menor (LC)","No CITES",FALSE
"L5054377","Represa Chacan","https://ebird.org/hotspot/L5054377/bird-list","Anta","Aeronautes andecolus","Aeronautes andecolus (d'Orbigny & Lafresnaye, 1837)",1,2023,2023,"Apodiformes","Apodidae","Vencejo Andino","Andean Swift","Residente","No Amenazada","Preocupación Menor (LC)","No CITES",FALSE
"L5054377","Represa Chacan","https://ebird.org/hotspot/L5054377/bird-list","Anta","Catharus ustulatus","Catharus ustulatus (Nuttall, 1840)",1,2022,2022,"Passeriformes","Turdidae","Zorzal de Swainson","Swainson's Thrush","Migratorio","No Amenazada","Preocupación Menor (LC)","No CITES",FALSE
"L5054377","Represa Chacan","https://ebird.org/hotspot/L5054377/bird-list","Anta","Chlorornis riefferii","Chlorornis riefferii (Boissonneau, 1840)",1,2023,2023,"Passeriformes","Thraupidae","Tangara Verde Esmeralda","Grass-green Tanager","Residente","No Amenazada","Preocupación Menor (LC)","No CITES",FALSE
"L5054377","Represa Chacan","https://ebird.org/hotspot/L5054377/bird-list","Anta","Cinclodes fuscus","Cinclodes albiventris (Philippi & Landbeck, 1861)",1,2018,2018,NA,NA,NA,NA,NA,"No Amenazada","Preocupación Menor (LC)","No CITES",NA
"L5054377","Represa Chacan","https://ebird.org/hotspot/L5054377/bird-list","Anta","Crypturellus obsoletus","Crypturellus obsoletus (Temminck, 1815)",1,2022,2022,"Tinamiformes","Tinamidae","Perdiz Parda","Brown Tinamou","Residente","No Amenazada","Preocupación Menor (LC)","No CITES",FALSE
"L5054377","Represa Chacan","https://ebird.org/hotspot/L5054377/bird-list","Anta","Falco peregrinus","Falco peregrinus Tunstall, 1771",1,2024,2024,"Falconiformes","Falconidae","Halcón Peregrino","Peregrine Falcon","Residente","Casi Amenazado (NT)","Preocupación Menor (LC)","Apéndice I",FALSE
"L5054377","Represa Chacan","https://ebird.org/hotspot/L5054377/bird-list","Anta","Glaucidium bolivianum","Glaucidium bolivianum C.König, 1991",1,2022,2022,"Strigiformes","Strigidae","Lechucita de las Yungas","Yungas Pygmy-Owl","Residente","No Amenazada","Preocupación Menor (LC)","No CITES",FALSE
"L5054377","Represa Chacan","https://ebird.org/hotspot/L5054377/bird-list","Anta","Lessonia oreas","Lessonia oreas (P.L.Sclater & Salvin, 1869)",1,2024,2024,"Passeriformes","Tyrannidae","Negrito Andino","Andean Negrito","Residente","No Amenazada","Preocupación Menor (LC)","No CITES",FALSE
"L5054377","Represa Chacan","https://ebird.org/hotspot/L5054377/bird-list","Anta","Lophonetta specularioides","Lophonetta specularioides (P.P.King, 1828)",1,2022,2022,"Anseriformes","Anatidae","Pato Crestón","Crested Duck","Residente","No Amenazada","Preocupación Menor (LC)","No CITES",FALSE
"L5054377","Represa Chacan","https://ebird.org/hotspot/L5054377/bird-list","Anta","Patagioenas fasciata","Patagioenas fasciata (Say, 1822)",1,2016,2016,"Columbiformes","Columbidae","Paloma de Nuca Blanca","Band-tailed Pigeon","Residente","No Amenazada","Preocupación Menor (LC)","No CITES",FALSE
"L5054377","Represa Chacan","https://ebird.org/hotspot/L5054377/bird-list","Anta","Poospizopsis caesar","Poospizopsis caesar (P.L.Sclater & Salvin, 1869)",1,2022,2022,"Passeriformes","Thraupidae","Monterita de Pecho Castaño","Chestnut-breasted Mountain Finch","Endémico","No Amenazada","Preocupación Menor (LC)","No CITES",TRUE
"L5054377","Represa Chacan","https://ebird.org/hotspot/L5054377/bird-list","Anta","Sicalis olivascens","Sicalis olivascens (d'Orbigny & Lafresnaye, 1837)",1,2021,2021,"Passeriformes","Thraupidae","Chirigüe Verdoso","Greenish Yellow-Finch","Residente","No Amenazada","Preocupación Menor (LC)","No CITES",FALSE
"L5054377","Represa Chacan","https://ebird.org/hotspot/L5054377/bird-list","Anta","Spinus atratus","Spinus atratus (d'Orbigny & Lafresnaye, 1837)",1,2018,2018,"Passeriformes","Fringillidae","Jilguero Negro","Black Siskin","Residente","No Amenazada","Preocupación Menor (LC)","No CITES",FALSE
"L5054377","Represa Chacan","https://ebird.org/hotspot/L5054377/bird-list","Anta","Tachuris rubrigastra","Tachuris rubrigastra (Vieillot, 1817)",1,2026,2026,"Passeriformes","Tyrannidae","Siete Colores de la Totora","Many-colored Rush Tyrant","Residente","No Amenazada","Preocupación Menor (LC)","No CITES",FALSE
"L33530159","Santuario Historico Machu Picchu - Challacancha a Soraypampa","https://ebird.org/hotspot/L33530159/bird-list","Mollepata","Cranioleuca albicapilla","Cranioleuca albicapilla albigula Zimmer, 1924",29,2011,2026,"Passeriformes","Furnariidae","Cola-Espina de Cresta Cremosa","Creamy-crested Spinetail","Endémico","No Amenazada","Preocupación Menor (LC)","No CITES",TRUE
"L33530159","Santuario Historico Machu Picchu - Challacancha a Soraypampa","https://ebird.org/hotspot/L33530159/bird-list","Mollepata","Scytalopus urubambae","Scytalopus urubambae Zimmer, 1939",26,2011,2024,"Passeriformes","Rhinocryptidae","Tapaculo de Vilcabamba","Vilcabamba Tapaculo","Endémico","No Amenazada","Preocupación Menor (LC)","No CITES",TRUE
"L33530159","Santuario Historico Machu Picchu - Challacancha a Soraypampa","https://ebird.org/hotspot/L33530159/bird-list","Mollepata","Turdus fuscater","Turdus fuscater Orbigny & Lafresnaye, 1837",26,2019,2024,"Passeriformes","Turdidae","Zorzal Grande","Great Thrush","Residente","No Amenazada","Preocupación Menor (LC)","No CITES",FALSE
"L33530159","Santuario Historico Machu Picchu - Challacancha a Soraypampa","https://ebird.org/hotspot/L33530159/bird-list","Mollepata","Aglaeactis cupripennis","Aglaeactis cupripennis (Bourcier, 1843)",24,2018,2025,"Apodiformes","Trochilidae","Rayo-de-Sol Brillante","Shining Sunbeam","Residente","No Amenazada","Preocupación Menor (LC)","No CITES",FALSE
"L33530159","Santuario Historico Machu Picchu - Challacancha a Soraypampa","https://ebird.org/hotspot/L33530159/bird-list","Mollepata","Zonotrichia capensis","Zonotrichia capensis (P.L.S.Müller, 1776)",23,2018,2026,"Passeriformes","Passerellidae","Gorrión de Collar Rufo","Rufous-collared Sparrow","Residente","No Amenazada","Preocupación Menor (LC)","No CITES",FALSE
"L33530159","Santuario Historico Machu Picchu - Challacancha a Soraypampa","https://ebird.org/hotspot/L33530159/bird-list","Mollepata","Turdus chiguanco","Turdus chiguanco Orbigny & Lafresnaye, 1837",20,2018,2024,"Passeriformes","Turdidae","Zorzal Chiguanco","Chiguanco Thrush","Residente","No Amenazada","Preocupación Menor (LC)","No CITES",FALSE
"L33530159","Santuario Historico Machu Picchu - Challacancha a Soraypampa","https://ebird.org/hotspot/L33530159/bird-list","Mollepata","Asthenes ottonis","Asthenes ottonis (Berlepsch, 1901)",17,2021,2024,"Passeriformes","Furnariidae","Canastero de Frente Rojiza","Rusty-fronted Canastero","Endémico","No Amenazada","Preocupación Menor (LC)","No CITES",TRUE
"L33530159","Santuario Historico Machu Picchu - Challacancha a Soraypampa","https://ebird.org/hotspot/L33530159/bird-list","Mollepata","Ochthoeca rufipectoralis","Ochthoeca rufipectoralis (Orbigny & Lafresnaye, 1837)",17,2017,2024,"Passeriformes","Tyrannidae","Pitajo de Pecho Rufo","Rufous-breasted Chat-Tyrant","Residente","No Amenazada","Preocupación Menor (LC)","No CITES",FALSE
"L33530159","Santuario Historico Machu Picchu - Challacancha a Soraypampa","https://ebird.org/hotspot/L33530159/bird-list","Mollepata","Metallura tyrianthina","Metallura tyrianthina (Loddiges, 1832)",16,2017,2024,"Apodiformes","Trochilidae","Colibrí Tirio","Tyrian Metaltail","Residente","No Amenazada","Preocupación Menor (LC)","No CITES",FALSE
"L33530159","Santuario Historico Machu Picchu - Challacancha a Soraypampa","https://ebird.org/hotspot/L33530159/bird-list","Mollepata","Atlapetes forbesi","Atlapetes forbesi Morrison, 1947",15,2011,2024,"Passeriformes","Passerellidae","Matorralero de Apurímac","Apurimac Brushfinch","Endémico","No Amenazada","Preocupación Menor (LC)","No CITES",TRUE
"L33530159","Santuario Historico Machu Picchu - Challacancha a Soraypampa","https://ebird.org/hotspot/L33530159/bird-list","Mollepata","Colibri coruscans","Colibri coruscans (Gould, 1846)",15,2017,2026,"Apodiformes","Trochilidae","Oreja-Violeta de Vientre Azul","Sparkling Violetear","Residente","No Amenazada","Preocupación Menor (LC)","No CITES",FALSE
"L33530159","Santuario Historico Machu Picchu - Challacancha a Soraypampa","https://ebird.org/hotspot/L33530159/bird-list","Mollepata","Diglossa brunneiventris","Diglossa brunneiventris Lafresnaye, 1846",15,2018,2024,"Passeriformes","Thraupidae","Pinchaflor de Garganta Negra","Black-throated Flowerpiercer","Residente","No Amenazada","Preocupación Menor (LC)","No CITES",FALSE
"L33530159","Santuario Historico Machu Picchu - Challacancha a Soraypampa","https://ebird.org/hotspot/L33530159/bird-list","Mollepata","Troglodytes musculus","Troglodytes musculus J.F.Naumann, 1823",15,2021,2024,"Passeriformes","Troglodytidae","Cucarachero Común Sureño","Southern House-Wren","Residente","No Amenazada","Preocupación Menor (LC)","No CITES",FALSE
"L33530159","Santuario Historico Machu Picchu - Challacancha a Soraypampa","https://ebird.org/hotspot/L33530159/bird-list","Mollepata","Ampelion rubrocristatus","Ampelion rubrocristatus (Orbigny & Lafresnaye, 1837)",14,2017,2025,"Passeriformes","Cotingidae","Cotinga de Cresta Roja","Red-crested Cotinga","Residente","No Amenazada","Preocupación Menor (LC)","No CITES",FALSE
"L33530159","Santuario Historico Machu Picchu - Challacancha a Soraypampa","https://ebird.org/hotspot/L33530159/bird-list","Mollepata","Aglaeactis castelnaudii","Aglaeactis castelnaudii (Bourcier & Mulsant, 1848)",13,2018,2024,"Apodiformes","Trochilidae","Rayo-de-Sol Acanelado","White-tufted Sunbeam","Endémico","No Amenazada","Casi Amenazada (NT)","No CITES",TRUE
"L33530159","Santuario Historico Machu Picchu - Challacancha a Soraypampa","https://ebird.org/hotspot/L33530159/bird-list","Mollepata","Conirostrum cinereum","Conirostrum cinereum d'Orbigny & Lafresnaye, 1838",13,2017,2024,"Passeriformes","Thraupidae","Pico-de-Cono Cinéreo","Cinereous Conebill","Residente","No Amenazada","Preocupación Menor (LC)","No CITES",FALSE
"L33530159","Santuario Historico Machu Picchu - Challacancha a Soraypampa","https://ebird.org/hotspot/L33530159/bird-list","Mollepata","Catamenia inornata","Catamenia inornata (Lafresnaye, 1847)",11,2019,2024,"Passeriformes","Thraupidae","Semillero Simple","Plain-colored Seedeater","Residente","No Amenazada","Preocupación Menor (LC)","No CITES",FALSE
"L33530159","Santuario Historico Machu Picchu - Challacancha a Soraypampa","https://ebird.org/hotspot/L33530159/bird-list","Mollepata","Bolborhynchus orbygnesius","Bolborhynchus orbygnesius (Souance, 1856)",9,2022,2024,"Psittaciformes","Psittacidae","Perico Andino","Andean Parakeet","Residente","No Amenazada","Preocupación Menor (LC)","No CITES",FALSE
"L33530159","Santuario Historico Machu Picchu - Challacancha a Soraypampa","https://ebird.org/hotspot/L33530159/bird-list","Mollepata","Cinclodes fuscus","Cinclodes albiventris (Philippi & Landbeck, 1861)",9,2019,2024,NA,NA,NA,NA,NA,"No Amenazada","Preocupación Menor (LC)","No CITES",NA
"L33530159","Santuario Historico Machu Picchu - Challacancha a Soraypampa","https://ebird.org/hotspot/L33530159/bird-list","Mollepata","Geospizopsis plebejus","Geospizopsis plebejus (Tschudi, 1844)",9,2019,2024,"Passeriformes","Thraupidae","Fringilo de Pecho Cenizo","Ash-breasted Sierra Finch","Residente","No Amenazada","Preocupación Menor (LC)","No CITES",FALSE
"L33530159","Santuario Historico Machu Picchu - Challacancha a Soraypampa","https://ebird.org/hotspot/L33530159/bird-list","Mollepata","Saltator aurantiirostris","Saltator aurantiirostris Vieillot, 1817",9,2017,2024,"Passeriformes","Thraupidae","Saltador de Pico Dorado","Golden-billed Saltator","Residente","No Amenazada","Preocupación Menor (LC)","No CITES",FALSE
"L33530159","Santuario Historico Machu Picchu - Challacancha a Soraypampa","https://ebird.org/hotspot/L33530159/bird-list","Mollepata","Geospizopsis unicolor","Geospizopsis unicolor (d'Orbigny & Lafresnaye, 1837)",8,2019,2024,"Passeriformes","Thraupidae","Fringilo Plomizo","Plumbeous Sierra Finch","Residente","No Amenazada","Preocupación Menor (LC)","No CITES",FALSE
"L33530159","Santuario Historico Machu Picchu - Challacancha a Soraypampa","https://ebird.org/hotspot/L33530159/bird-list","Mollepata","Phrygilus punensis","Phrygilus punensis Ridgway, 1887",8,2019,2026,"Passeriformes","Thraupidae","Fringilo Peruano","Peruvian Sierra Finch","Residente","No Amenazada","Preocupación Menor (LC)","No CITES",FALSE
"L33530159","Santuario Historico Machu Picchu - Challacancha a Soraypampa","https://ebird.org/hotspot/L33530159/bird-list","Mollepata","Thlypopsis ruficeps","Thlypopsis ruficeps (d'Orbigny & Lafresnaye, 1837)",8,2018,2021,"Passeriformes","Thraupidae","Tangara Rufa y Amarilla","Rust-and-yellow Tanager","Residente","No Amenazada","Preocupación Menor (LC)","No CITES",FALSE
"L33530159","Santuario Historico Machu Picchu - Challacancha a Soraypampa","https://ebird.org/hotspot/L33530159/bird-list","Mollepata","Buteo polyosoma","Geranoaetus polyosoma (Quoy & Gaimard, 1824)",7,2017,2026,NA,NA,NA,NA,NA,"No Amenazada","Preocupación Menor (LC)","Apéndice II",NA
"L33530159","Santuario Historico Machu Picchu - Challacancha a Soraypampa","https://ebird.org/hotspot/L33530159/bird-list","Mollepata","Ochthoeca leucophrys","Ochthoeca leucophrys (Orbigny & Lafresnaye, 1837)",7,2019,2024,"Passeriformes","Tyrannidae","Pitajo de Ceja Blanca","White-browed Chat-Tyrant","Residente","No Amenazada","Preocupación Menor (LC)","No CITES",FALSE
"L33530159","Santuario Historico Machu Picchu - Challacancha a Soraypampa","https://ebird.org/hotspot/L33530159/bird-list","Mollepata","Pheucticus aureoventris","Pheucticus aureoventris (d'Orbigny & Lafresnaye, 1837)",7,2017,2024,"Passeriformes","Cardinalidae","Picogrueso de Dorso Negro","Black-backed Grosbeak","Residente","No Amenazada","Preocupación Menor (LC)","No CITES",FALSE
"L33530159","Santuario Historico Machu Picchu - Challacancha a Soraypampa","https://ebird.org/hotspot/L33530159/bird-list","Mollepata","Falco sparverius","Falco sparverius Linnaeus, 1758",6,2019,2024,"Falconiformes","Falconidae","Cernícalo Americano","American Kestrel","Residente","No Amenazada","Preocupación Menor (LC)","No CITES",FALSE
"L33530159","Santuario Historico Machu Picchu - Challacancha a Soraypampa","https://ebird.org/hotspot/L33530159/bird-list","Mollepata","Lafresnaya lafresnayi","Lafresnaya lafresnayi (Boissonneau, 1840)",6,2017,2024,"Apodiformes","Trochilidae","Colibrí Aterciopelado","Mountain Velvetbreast","Residente","No Amenazada","Preocupación Menor (LC)","No CITES",FALSE
"L33530159","Santuario Historico Machu Picchu - Challacancha a Soraypampa","https://ebird.org/hotspot/L33530159/bird-list","Mollepata","Poospizopsis caesar","Poospizopsis caesar (P.L.Sclater & Salvin, 1869)",6,2017,2026,"Passeriformes","Thraupidae","Monterita de Pecho Castaño","Chestnut-breasted Mountain Finch","Endémico","No Amenazada","Preocupación Menor (LC)","No CITES",TRUE
"L33530159","Santuario Historico Machu Picchu - Challacancha a Soraypampa","https://ebird.org/hotspot/L33530159/bird-list","Mollepata","Synallaxis courseni","Synallaxis courseni Blake, 1971",6,2019,2024,"Passeriformes","Furnariidae","Cola-Espina de Apurímac","Apurimac Spinetail","Endémico","No Amenazada","Casi Amenazada (NT)","No CITES",TRUE
"L33530159","Santuario Historico Machu Picchu - Challacancha a Soraypampa","https://ebird.org/hotspot/L33530159/bird-list","Mollepata","Vultur gryphus","Vultur gryphus Linnaeus, 1758",6,2016,2024,"Cathartiformes","Cathartidae","Cóndor Andino","Andean Condor","Residente","En Peligro (EN)","Vulnerable (VU)","Apéndice I",FALSE
"L33530159","Santuario Historico Machu Picchu - Challacancha a Soraypampa","https://ebird.org/hotspot/L33530159/bird-list","Mollepata","Xenodacnis parina","Xenodacnis parina parina Cabanis, 1873",6,2011,2024,"Passeriformes","Thraupidae","Azulito Altoandino","Tit-like Dacnis","Residente","No Amenazada","Preocupación Menor (LC)","No CITES",FALSE
"L33530159","Santuario Historico Machu Picchu - Challacancha a Soraypampa","https://ebird.org/hotspot/L33530159/bird-list","Mollepata","Anairetes parulus","Anairetes parulus (Kittlitz, 1830)",5,2007,2023,"Passeriformes","Tyrannidae","Torito Copetón","Tufted Tit-Tyrant","Residente","No Amenazada","Preocupación Menor (LC)","No CITES",FALSE
"L33530159","Santuario Historico Machu Picchu - Challacancha a Soraypampa","https://ebird.org/hotspot/L33530159/bird-list","Mollepata","Anisognathus igniventris","Anisognathus igniventris (d'Orbigny & Lafresnaye, 1837)",5,2017,2021,"Passeriformes","Thraupidae","Tangara de Montaña de Vientre Escarlata","Scarlet-bellied Mountain Tanager","Residente","No Amenazada","Preocupación Menor (LC)","No CITES",FALSE
"L33530159","Santuario Historico Machu Picchu - Challacancha a Soraypampa","https://ebird.org/hotspot/L33530159/bird-list","Mollepata","Catamenia analis","Catamenia analis (d'Orbigny & Lafresnaye, 1837)",5,2019,2024,"Passeriformes","Thraupidae","Semillero de Cola Bandeada","Band-tailed Seedeater","Residente","No Amenazada","Preocupación Menor (LC)","No CITES",FALSE
"L33530159","Santuario Historico Machu Picchu - Challacancha a Soraypampa","https://ebird.org/hotspot/L33530159/bird-list","Mollepata","Elaenia pallatangae","Elaenia pallatangae P.L.Sclater, 1862",5,2017,2024,"Passeriformes","Tyrannidae","Fío-Fío Serrano","Sierran Elaenia","Residente","No Amenazada","Preocupación Menor (LC)","No CITES",FALSE
"L33530159","Santuario Historico Machu Picchu - Challacancha a Soraypampa","https://ebird.org/hotspot/L33530159/bird-list","Mollepata","Falco femoralis","Falco femoralis Temminck, 1822",5,2018,2024,"Falconiformes","Falconidae","Halcón Aplomado","Aplomado Falcon","Residente","No Amenazada","Preocupación Menor (LC)","No CITES",FALSE
"L33530159","Santuario Historico Machu Picchu - Challacancha a Soraypampa","https://ebird.org/hotspot/L33530159/bird-list","Mollepata","Patagioenas fasciata","Patagioenas fasciata (Say, 1822)",5,2021,2024,"Columbiformes","Columbidae","Paloma de Nuca Blanca","Band-tailed Pigeon","Residente","No Amenazada","Preocupación Menor (LC)","No CITES",FALSE
"L33530159","Santuario Historico Machu Picchu - Challacancha a Soraypampa","https://ebird.org/hotspot/L33530159/bird-list","Mollepata","Spinus magellanicus","Spinus magellanicus (Vieillot, 1805)",5,2017,2024,"Passeriformes","Fringillidae","Jilguero Encapuchado","Hooded Siskin","Residente","No Amenazada","Preocupación Menor (LC)","No CITES",FALSE
"L33530159","Santuario Historico Machu Picchu - Challacancha a Soraypampa","https://ebird.org/hotspot/L33530159/bird-list","Mollepata","Vanellus resplendens","Vanellus resplendens (Tschudi, 1843)",5,2019,2026,"Charadriiformes","Charadriidae","Avefría Andina","Andean Lapwing","Residente","No Amenazada","Preocupación Menor (LC)","No CITES",FALSE
"L33530159","Santuario Historico Machu Picchu - Challacancha a Soraypampa","https://ebird.org/hotspot/L33530159/bird-list","Mollepata","Elliotomyia viridicauda","Elliotomyia viridicauda (von Berlepsch, 1883)",4,2021,2023,"Apodiformes","Trochilidae","Colibrí Verde y Blanco","Green-and-white Hummingbird","Endémico","No Amenazada","Preocupación Menor (LC)","No CITES",TRUE
"L33530159","Santuario Historico Machu Picchu - Challacancha a Soraypampa","https://ebird.org/hotspot/L33530159/bird-list","Mollepata","Myiotheretes striaticollis","Myiotheretes striaticollis (P.L.Sclater, 1853)",4,2021,2024,"Passeriformes","Tyrannidae","Ala-Rufa de Garganta Rayada","Streak-throated Bush-Tyrant","Residente","No Amenazada","Preocupación Menor (LC)","No CITES",FALSE
"L33530159","Santuario Historico Machu Picchu - Challacancha a Soraypampa","https://ebird.org/hotspot/L33530159/bird-list","Mollepata","Nystalus chacuru","Nystalus chacuru (Vieillot, 1816)",4,2019,2021,"Galbuliformes","Bucconidae","Buco de Oreja Blanca","White-eared Puffbird","Residente","No Amenazada","Preocupación Menor (LC)","No CITES",FALSE
"L33530159","Santuario Historico Machu Picchu - Challacancha a Soraypampa","https://ebird.org/hotspot/L33530159/bird-list","Mollepata","Zenaida auriculata","Zenaida auriculata (Des Murs, 1847)",4,2017,2024,"Columbiformes","Columbidae","Tórtola Orejuda","Eared Dove","Residente","No Amenazada","Preocupación Menor (LC)","No CITES",FALSE
"L33530159","Santuario Historico Machu Picchu - Challacancha a Soraypampa","https://ebird.org/hotspot/L33530159/bird-list","Mollepata","Aeronautes andecolus","Aeronautes andecolus (d'Orbigny & Lafresnaye, 1837)",3,2019,2021,"Apodiformes","Apodidae","Vencejo Andino","Andean Swift","Residente","No Amenazada","Preocupación Menor (LC)","No CITES",FALSE
"L33530159","Santuario Historico Machu Picchu - Challacancha a Soraypampa","https://ebird.org/hotspot/L33530159/bird-list","Mollepata","Mecocerculus leucophrys","Mecocerculus leucophrys (Orbigny & Lafresnaye, 1837)",3,2022,2022,"Passeriformes","Tyrannidae","Tiranillo de Garganta Blanca","White-throated Tyrannulet","Residente","No Amenazada","Preocupación Menor (LC)","No CITES",FALSE
"L33530159","Santuario Historico Machu Picchu - Challacancha a Soraypampa","https://ebird.org/hotspot/L33530159/bird-list","Mollepata","Metallura aeneocauda","Metallura aeneocauda (Gould, 1846)",3,2024,2024,"Apodiformes","Trochilidae","Colibrí Escamoso","Scaled Metaltail","Residente","No Amenazada","Preocupación Menor (LC)","No CITES",FALSE
"L33530159","Santuario Historico Machu Picchu - Challacancha a Soraypampa","https://ebird.org/hotspot/L33530159/bird-list","Mollepata","Notiochelidon murina","Orochelidon murina (Cassin, 1853)",3,2024,2024,NA,NA,NA,NA,NA,"No Amenazada","Preocupación Menor (LC)","No CITES",NA
"L33530159","Santuario Historico Machu Picchu - Challacancha a Soraypampa","https://ebird.org/hotspot/L33530159/bird-list","Mollepata","Ochthoeca fumicolor","Ochthoeca fumicolor P.L.Sclater, 1856",3,2021,2021,"Passeriformes","Tyrannidae","Pitajo de Dorso Pardo","Brown-backed Chat-Tyrant","Residente","No Amenazada","Preocupación Menor (LC)","No CITES",FALSE
"L33530159","Santuario Historico Machu Picchu - Challacancha a Soraypampa","https://ebird.org/hotspot/L33530159/bird-list","Mollepata","Plegadis ridgwayi","Plegadis ridgwayi (Allen, 1876)",3,2019,2024,"Pelecaniformes","Threskiornithidae","Ibis de la Puna","Puna Ibis","Residente","No Amenazada","Preocupación Menor (LC)","No CITES",FALSE
"L33530159","Santuario Historico Machu Picchu - Challacancha a Soraypampa","https://ebird.org/hotspot/L33530159/bird-list","Mollepata","Pyrrhomyias cinnamomeus","Pyrrhomyias cinnamomeus (Orbigny & Lafresnaye, 1837)",3,2021,2021,"Passeriformes","Tyrannidae","Mosquerito Canela","Cinnamon Flycatcher","Residente","No Amenazada","Preocupación Menor (LC)","No CITES",FALSE
"L33530159","Santuario Historico Machu Picchu - Challacancha a Soraypampa","https://ebird.org/hotspot/L33530159/bird-list","Mollepata","Rauenia bonariensis","Rauenia bonariensis (J.F.Gmelin, 1789)",3,2017,2018,"Passeriformes","Thraupidae","Tangara Azul y Amarilla","Blue-and-yellow Tanager","Residente","No Amenazada","Preocupación Menor (LC)","No CITES",FALSE
"L33530159","Santuario Historico Machu Picchu - Challacancha a Soraypampa","https://ebird.org/hotspot/L33530159/bird-list","Mollepata","Agriornis montanus","Agriornis montanus (Orbigny & Lafresnaye, 1837)",2,2019,2024,"Passeriformes","Tyrannidae","Arriero de Pico Negro","Black-billed Shrike-Tyrant","Residente","No Amenazada","Preocupación Menor (LC)","No CITES",FALSE
"L33530159","Santuario Historico Machu Picchu - Challacancha a Soraypampa","https://ebird.org/hotspot/L33530159/bird-list","Mollepata","Bubulcus ibis","Ardea ibis Linnaeus, 1758",2,2019,2021,NA,NA,NA,NA,NA,"No Amenazada","Preocupación Menor (LC)","No CITES",NA
"L33530159","Santuario Historico Machu Picchu - Challacancha a Soraypampa","https://ebird.org/hotspot/L33530159/bird-list","Mollepata","Campephilus haematogaster","Campephilus haematogaster (Tschudi, 1844)",2,2021,2021,"Piciformes","Picidae","Carpintero de Vientre Rojo","Crimson-bellied Woodpecker","Residente","No Amenazada","Preocupación Menor (LC)","No CITES",FALSE
"L33530159","Santuario Historico Machu Picchu - Challacancha a Soraypampa","https://ebird.org/hotspot/L33530159/bird-list","Mollepata","Chroicocephalus serranus","Chroicocephalus serranus (Tschudi, 1844)",2,2019,2021,"Charadriiformes","Laridae","Gaviota Andina","Andean Gull","Residente","No Amenazada","Preocupación Menor (LC)","No CITES",FALSE
"L33530159","Santuario Historico Machu Picchu - Challacancha a Soraypampa","https://ebird.org/hotspot/L33530159/bird-list","Mollepata","Cinclodes atacamensis","Cinclodes atacamensis (Philippi, 1857)",2,2021,2021,"Passeriformes","Furnariidae","Churrete de Ala Blanca","White-winged Cinclodes","Residente","No Amenazada","Preocupación Menor (LC)","No CITES",FALSE
"L33530159","Santuario Historico Machu Picchu - Challacancha a Soraypampa","https://ebird.org/hotspot/L33530159/bird-list","Mollepata","Cistothorus platensis","Cistothorus platensis (Latham, 1790)",2,2021,2021,"Passeriformes","Troglodytidae","Cucarachero Sabanero","Grass Wren","Residente","No Amenazada","Preocupación Menor (LC)","No CITES",FALSE
"L33530159","Santuario Historico Machu Picchu - Challacancha a Soraypampa","https://ebird.org/hotspot/L33530159/bird-list","Mollepata","Columba livia","Columba livia J.F.Gmelin, 1789",2,2021,2021,"Columbiformes","Columbidae","Paloma Doméstica","Rock Pigeon","Introducido","No Amenazada","Preocupación Menor (LC)","No CITES",FALSE
"L33530159","Santuario Historico Machu Picchu - Challacancha a Soraypampa","https://ebird.org/hotspot/L33530159/bird-list","Mollepata","Elliotomyia chionogaster","Elliotomyia chionogaster (Tschudi, 1846)",2,2017,2019,"Apodiformes","Trochilidae","Colibrí de Vientre Blanco","White-bellied Hummingbird","Residente","No Amenazada","Preocupación Menor (LC)","No CITES",FALSE
"L33530159","Santuario Historico Machu Picchu - Challacancha a Soraypampa","https://ebird.org/hotspot/L33530159/bird-list","Mollepata","Grallaria squamigera","Grallaria squamigera Prevost & Des Murs, 1842",2,2018,2018,"Passeriformes","Grallariidae","Tororoi Ondulado","Undulated Antpitta","Residente","No Amenazada","Preocupación Menor (LC)","No CITES",FALSE
"L33530159","Santuario Historico Machu Picchu - Challacancha a Soraypampa","https://ebird.org/hotspot/L33530159/bird-list","Mollepata","Lesbia nuna","Lesbia nuna (R.Lesson, 1832)",2,2024,2024,"Apodiformes","Trochilidae","Colibrí de Cola Larga Verde","Green-tailed Trainbearer","Residente","No Amenazada","Preocupación Menor (LC)","No CITES",FALSE
"L33530159","Santuario Historico Machu Picchu - Challacancha a Soraypampa","https://ebird.org/hotspot/L33530159/bird-list","Mollepata","Leucopternis albicollis","Pseudastur albicollis (Latham, 1790)",2,2019,2019,NA,NA,NA,NA,NA,"No Amenazada","Preocupación Menor (LC)","No CITES",NA
"L33530159","Santuario Historico Machu Picchu - Challacancha a Soraypampa","https://ebird.org/hotspot/L33530159/bird-list","Mollepata","Muscisaxicola rufivertex","Muscisaxicola rufivertex Orbigny & Lafresnaye, 1837",2,2019,2024,"Passeriformes","Tyrannidae","Dormilona de Nuca Rojiza","Rufous-naped Ground-Tyrant","Residente","No Amenazada","Preocupación Menor (LC)","No CITES",FALSE
"L33530159","Santuario Historico Machu Picchu - Challacancha a Soraypampa","https://ebird.org/hotspot/L33530159/bird-list","Mollepata","Nothoprocta pentlandii","Nothoprocta pentlandii (G.R.Gray, 1867)",2,2017,2023,"Tinamiformes","Tinamidae","Perdiz Andina","Andean Tinamou","Residente","No Amenazada","Preocupación Menor (LC)","No CITES",FALSE
"L33530159","Santuario Historico Machu Picchu - Challacancha a Soraypampa","https://ebird.org/hotspot/L33530159/bird-list","Mollepata","Ochthoeca oenanthoides","Ochthoeca oenanthoides (Orbigny & Lafresnaye, 1837)",2,2024,2024,"Passeriformes","Tyrannidae","Pitajo de d’Orbigny","d'Orbigny's Chat-Tyrant","Residente","No Amenazada","Preocupación Menor (LC)","No CITES",FALSE
"L33530159","Santuario Historico Machu Picchu - Challacancha a Soraypampa","https://ebird.org/hotspot/L33530159/bird-list","Mollepata","Patagioenas maculosa","Patagioenas maculosa (Temminck, 1813)",2,2017,2019,"Columbiformes","Columbidae","Paloma de Ala Moteada","Spot-winged Pigeon","Residente","No Amenazada","Preocupación Menor (LC)","No CITES",FALSE
"L33530159","Santuario Historico Machu Picchu - Challacancha a Soraypampa","https://ebird.org/hotspot/L33530159/bird-list","Mollepata","Spinus crassirostris","Spinus crassirostris (Landbeck, 1877)",2,2021,2021,"Passeriformes","Fringillidae","Jilguero de Pico Grueso","Thick-billed Siskin","Residente","No Amenazada","Preocupación Menor (LC)","No CITES",FALSE
"L33530159","Santuario Historico Machu Picchu - Challacancha a Soraypampa","https://ebird.org/hotspot/L33530159/bird-list","Mollepata","Accipiter striatus","Accipiter striatus Vieillot, 1808",1,2024,2024,"Accipitriformes","Accipitridae","Gavilán Pajarero","Sharp-shinned Hawk","Residente","No Amenazada","Preocupación Menor (LC)","No CITES",FALSE
"L33530159","Santuario Historico Machu Picchu - Challacancha a Soraypampa","https://ebird.org/hotspot/L33530159/bird-list","Mollepata","Agriornis andicola","Agriornis albicauda (Philippi & Landbeck, 1863)",1,2023,2023,NA,NA,NA,NA,NA,"No Amenazada","Preocupación Menor (LC)","No CITES",NA
"L33530159","Santuario Historico Machu Picchu - Challacancha a Soraypampa","https://ebird.org/hotspot/L33530159/bird-list","Mollepata","Aratinga mitrata","Psittacara mitratus (Tschudi, 1844)",1,2017,2017,NA,NA,NA,NA,NA,"No Amenazada","Preocupación Menor (LC)","No CITES",NA
"L33530159","Santuario Historico Machu Picchu - Challacancha a Soraypampa","https://ebird.org/hotspot/L33530159/bird-list","Mollepata","Asthenes dorbignyi","Asthenes dorbignyi (Reichenbach, 1853)",1,2019,2019,"Passeriformes","Furnariidae","Canastero de Pecho Cremoso","Creamy-breasted Canastero","Residente","No Amenazada","Preocupación Menor (LC)","No CITES",FALSE
"L33530159","Santuario Historico Machu Picchu - Challacancha a Soraypampa","https://ebird.org/hotspot/L33530159/bird-list","Mollepata","Atlapetes canigenis","Atlapetes canigenis Chapman, 1919",1,2023,2023,"Passeriformes","Passerellidae","Matorralero de Cusco","Cuzco Brushfinch","Endémico","No Amenazada","Preocupación Menor (LC)","No CITES",TRUE
"L33530159","Santuario Historico Machu Picchu - Challacancha a Soraypampa","https://ebird.org/hotspot/L33530159/bird-list","Mollepata","Buteo albigula","Buteo albigula Philippi, 1899",1,2023,2023,"Accipitriformes","Accipitridae","Aguilucho de Garganta Blanca","White-throated Hawk","Residente","No Amenazada","Preocupación Menor (LC)","No CITES",FALSE
"L33530159","Santuario Historico Machu Picchu - Challacancha a Soraypampa","https://ebird.org/hotspot/L33530159/bird-list","Mollepata","Chaetocercus mulsant","Chaetocercus mulsant (Bourcier, 1843)",1,2017,2017,"Apodiformes","Trochilidae","Estrellita de Vientre Blanco","White-bellied Woodstar","Residente","No Amenazada","Preocupación Menor (LC)","No CITES",FALSE
"L33530159","Santuario Historico Machu Picchu - Challacancha a Soraypampa","https://ebird.org/hotspot/L33530159/bird-list","Mollepata","Chalcostigma stanleyi","Chalcostigma stanleyi (Bourcier, 1851)",1,2023,2023,"Apodiformes","Trochilidae","Pico-Espina de Dorso Azul","Blue-mantled Thornbill","Residente","No Amenazada","Preocupación Menor (LC)","No CITES",FALSE
"L33530159","Santuario Historico Machu Picchu - Challacancha a Soraypampa","https://ebird.org/hotspot/L33530159/bird-list","Mollepata","Chloephaga melanoptera","Oressochen melanopterus (Eyton, 1838)",1,2024,2024,NA,NA,NA,NA,NA,"No Amenazada","Preocupación Menor (LC)","No CITES",NA
"L33530159","Santuario Historico Machu Picchu - Challacancha a Soraypampa","https://ebird.org/hotspot/L33530159/bird-list","Mollepata","Colaptes rivolii","Colaptes rivolii (Boissonneau, 1840)",1,2021,2021,"Piciformes","Picidae","Carpintero de Manto Carmesí","Crimson-mantled Woodpecker","Residente","No Amenazada","Preocupación Menor (LC)","No CITES",FALSE
"L33530159","Santuario Historico Machu Picchu - Challacancha a Soraypampa","https://ebird.org/hotspot/L33530159/bird-list","Mollepata","Colaptes rupicola","Colaptes rupicola d'Orbigny, 1840",1,2024,2024,"Piciformes","Picidae","Carpintero Andino","Andean Flicker","Residente","No Amenazada","Preocupación Menor (LC)","No CITES",FALSE
"L33530159","Santuario Historico Machu Picchu - Challacancha a Soraypampa","https://ebird.org/hotspot/L33530159/bird-list","Mollepata","Colibri cyanotus","Colibri cyanotus (Bourcier, 1843)",1,2024,2024,"Apodiformes","Trochilidae","Oreja-Violeta Menor","Lesser Violetear","Residente","No Amenazada","Preocupación Menor (LC)","No CITES",FALSE
"L33530159","Santuario Historico Machu Picchu - Challacancha a Soraypampa","https://ebird.org/hotspot/L33530159/bird-list","Mollepata","Conirostrum ferrugineiventre","Conirostrum ferrugineiventre P.L.Sclater, 1855",1,2022,2022,"Passeriformes","Thraupidae","Pico-de-Cono de Ceja Blanca","White-browed Conebill","Residente","No Amenazada","Preocupación Menor (LC)","No CITES",FALSE
"L33530159","Santuario Historico Machu Picchu - Challacancha a Soraypampa","https://ebird.org/hotspot/L33530159/bird-list","Mollepata","Diglossa cyanea","Diglossa cyanea (Lafresnaye, 1840)",1,2024,2024,"Passeriformes","Thraupidae","Pinchaflor Enmascarado Canor","Warbling Masked-Flowerpiercer","Residente","No Amenazada","Preocupación Menor (LC)","No CITES",FALSE
"L33530159","Santuario Historico Machu Picchu - Challacancha a Soraypampa","https://ebird.org/hotspot/L33530159/bird-list","Mollepata","Elaenia albiceps","Elaenia albiceps (Orbigny & Lafresnaye, 1837)",1,2017,2017,"Passeriformes","Tyrannidae","Fío-Fío de Cresta Blanca","White-crested Elaenia","Residente","No Amenazada","Preocupación Menor (LC)","No CITES",FALSE
"L33530159","Santuario Historico Machu Picchu - Challacancha a Soraypampa","https://ebird.org/hotspot/L33530159/bird-list","Mollepata","Elaenia obscura","Elaenia obscura (Orbigny & Lafresnaye, 1837)",1,2024,2024,"Passeriformes","Tyrannidae","Fío-Fío Oscuro","Highland Elaenia","Residente","No Amenazada","Preocupación Menor (LC)","No CITES",FALSE
"L33530159","Santuario Historico Machu Picchu - Challacancha a Soraypampa","https://ebird.org/hotspot/L33530159/bird-list","Mollepata","Geranoaetus melanoleucus","Geranoaetus melanoleucus (Vieillot, 1819)",1,2017,2017,"Accipitriformes","Accipitridae","Aguilucho de Pecho Negro","Black-chested Buzzard-Eagle","Residente","No Amenazada","Preocupación Menor (LC)","Apéndice II",FALSE
"L33530159","Santuario Historico Machu Picchu - Challacancha a Soraypampa","https://ebird.org/hotspot/L33530159/bird-list","Mollepata","Haplophaedia assimilis","Haplophaedia assimilis (D.G.Elliot, 1876)",1,2024,2024,"Apodiformes","Trochilidae","Calzadito de Muslo Anteado","Buff-thighed Puffleg","Residente","No Amenazada","Preocupación Menor (LC)","No CITES",FALSE
"L33530159","Santuario Historico Machu Picchu - Challacancha a Soraypampa","https://ebird.org/hotspot/L33530159/bird-list","Mollepata","Heliodoxa branickii","Heliodoxa branickii (Taczanowski, 1874)",1,2024,2024,"Apodiformes","Trochilidae","Brillante de Ala Canela","Rufous-webbed Brilliant","Endémico","No Amenazada","Preocupación Menor (LC)","No CITES",TRUE
"L33530159","Santuario Historico Machu Picchu - Challacancha a Soraypampa","https://ebird.org/hotspot/L33530159/bird-list","Mollepata","Knipolegus aterrimus","Knipolegus aterrimus Kaup, 1853",1,2019,2019,"Passeriformes","Tyrannidae","Viudita-Negra de Ala Blanca","White-winged Black-Tyrant","Residente","No Amenazada","Preocupación Menor (LC)","No CITES",FALSE
"L33530159","Santuario Historico Machu Picchu - Challacancha a Soraypampa","https://ebird.org/hotspot/L33530159/bird-list","Mollepata","Mecocerculus stictopterus","Mecocerculus stictopterus (P.L.Sclater, 1859)",1,2024,2024,"Passeriformes","Tyrannidae","Tiranillo de Ala Bandeada","White-banded Tyrannulet","Residente","No Amenazada","Preocupación Menor (LC)","No CITES",FALSE
"L33530159","Santuario Historico Machu Picchu - Challacancha a Soraypampa","https://ebird.org/hotspot/L33530159/bird-list","Mollepata","Myiotheretes fumigatus","Myiotheretes fumigatus (Boissonneau, 1840)",1,2024,2024,"Passeriformes","Tyrannidae","Ala-Rufa Ahumado","Smoky Bush-Tyrant","Residente","No Amenazada","Preocupación Menor (LC)","No CITES",FALSE
"L33530159","Santuario Historico Machu Picchu - Challacancha a Soraypampa","https://ebird.org/hotspot/L33530159/bird-list","Mollepata","Oreonympha nobilis","Oreonympha nobilis Gould, 1869",1,2021,2021,"Apodiformes","Trochilidae","Montañes Barbudo","Bearded Mountaineer","Endémico","No Amenazada","Preocupación Menor (LC)","No CITES",TRUE
"L33530159","Santuario Historico Machu Picchu - Challacancha a Soraypampa","https://ebird.org/hotspot/L33530159/bird-list","Mollepata","Polioxolmis rufipennis","Cnemarchus rufipennis (Taczanowski, 1874)",1,2024,2024,NA,NA,NA,NA,NA,"No Amenazada","Preocupación Menor (LC)","No CITES",NA
"L33530159","Santuario Historico Machu Picchu - Challacancha a Soraypampa","https://ebird.org/hotspot/L33530159/bird-list","Mollepata","Streptoprocne zonaris","Streptoprocne zonaris (Shaw, 1796)",1,2019,2019,"Apodiformes","Apodidae","Vencejo de Collar Blanco","White-collared Swift","Residente","No Amenazada","Preocupación Menor (LC)","No CITES",FALSE
"L33530159","Santuario Historico Machu Picchu - Challacancha a Soraypampa","https://ebird.org/hotspot/L33530159/bird-list","Mollepata","Vanellus chilensis","Vanellus chilensis (Molina, 1782)",1,2024,2024,"Charadriiformes","Charadriidae","Avefría Tero","Southern Lapwing","Residente","No Amenazada","Preocupación Menor (LC)","No CITES",FALSE
"L33530159","Santuario Historico Machu Picchu - Challacancha a Soraypampa","https://ebird.org/hotspot/L33530159/bird-list","Mollepata","Vanessa carye","Vanessa carye (Hübner, 1812)",1,2021,2021,NA,NA,NA,NA,NA,"No Amenazada","Preocupación Menor (LC)","No CITES",NA
"L8166287","Sitio Arqueologico de Killarumiyoc","https://ebird.org/hotspot/L8166287/bird-list","Ancahuasi","Turdus chiguanco","Turdus chiguanco Orbigny & Lafresnaye, 1837",22,2018,2024,"Passeriformes","Turdidae","Zorzal Chiguanco","Chiguanco Thrush","Residente","No Amenazada","Preocupación Menor (LC)","No CITES",FALSE
"L8166287","Sitio Arqueologico de Killarumiyoc","https://ebird.org/hotspot/L8166287/bird-list","Ancahuasi","Spinus magellanicus","Spinus magellanicus (Vieillot, 1805)",19,2018,2024,"Passeriformes","Fringillidae","Jilguero Encapuchado","Hooded Siskin","Residente","No Amenazada","Preocupación Menor (LC)","No CITES",FALSE
"L8166287","Sitio Arqueologico de Killarumiyoc","https://ebird.org/hotspot/L8166287/bird-list","Ancahuasi","Zonotrichia capensis","Zonotrichia capensis (P.L.S.Müller, 1776)",17,2018,2024,"Passeriformes","Passerellidae","Gorrión de Collar Rufo","Rufous-collared Sparrow","Residente","No Amenazada","Preocupación Menor (LC)","No CITES",FALSE
"L8166287","Sitio Arqueologico de Killarumiyoc","https://ebird.org/hotspot/L8166287/bird-list","Ancahuasi","Colaptes rupicola","Colaptes rupicola d'Orbigny, 1840",15,2018,2024,"Piciformes","Picidae","Carpintero Andino","Andean Flicker","Residente","No Amenazada","Preocupación Menor (LC)","No CITES",FALSE
"L8166287","Sitio Arqueologico de Killarumiyoc","https://ebird.org/hotspot/L8166287/bird-list","Ancahuasi","Catamenia analis","Catamenia analis (d'Orbigny & Lafresnaye, 1837)",14,2018,2024,"Passeriformes","Thraupidae","Semillero de Cola Bandeada","Band-tailed Seedeater","Residente","No Amenazada","Preocupación Menor (LC)","No CITES",FALSE
"L8166287","Sitio Arqueologico de Killarumiyoc","https://ebird.org/hotspot/L8166287/bird-list","Ancahuasi","Phrygilus punensis","Phrygilus punensis Ridgway, 1887",14,2018,2024,"Passeriformes","Thraupidae","Fringilo Peruano","Peruvian Sierra Finch","Residente","No Amenazada","Preocupación Menor (LC)","No CITES",FALSE
"L8166287","Sitio Arqueologico de Killarumiyoc","https://ebird.org/hotspot/L8166287/bird-list","Ancahuasi","Saltator aurantiirostris","Saltator aurantiirostris Vieillot, 1817",14,2018,2024,"Passeriformes","Thraupidae","Saltador de Pico Dorado","Golden-billed Saltator","Residente","No Amenazada","Preocupación Menor (LC)","No CITES",FALSE
"L8166287","Sitio Arqueologico de Killarumiyoc","https://ebird.org/hotspot/L8166287/bird-list","Ancahuasi","Cinclodes fuscus","Cinclodes albiventris (Philippi & Landbeck, 1861)",12,2018,2024,NA,NA,NA,NA,NA,"No Amenazada","Preocupación Menor (LC)","No CITES",NA
"L8166287","Sitio Arqueologico de Killarumiyoc","https://ebird.org/hotspot/L8166287/bird-list","Ancahuasi","Falco sparverius","Falco sparverius Linnaeus, 1758",11,2018,2024,"Falconiformes","Falconidae","Cernícalo Americano","American Kestrel","Residente","No Amenazada","Preocupación Menor (LC)","No CITES",FALSE
"L8166287","Sitio Arqueologico de Killarumiyoc","https://ebird.org/hotspot/L8166287/bird-list","Ancahuasi","Buteo polyosoma","Geranoaetus polyosoma (Quoy & Gaimard, 1824)",10,2018,2024,NA,NA,NA,NA,NA,"No Amenazada","Preocupación Menor (LC)","Apéndice II",NA
"L8166287","Sitio Arqueologico de Killarumiyoc","https://ebird.org/hotspot/L8166287/bird-list","Ancahuasi","Colibri coruscans","Colibri coruscans (Gould, 1846)",8,2018,2024,"Apodiformes","Trochilidae","Oreja-Violeta de Vientre Azul","Sparkling Violetear","Residente","No Amenazada","Preocupación Menor (LC)","No CITES",FALSE
"L8166287","Sitio Arqueologico de Killarumiyoc","https://ebird.org/hotspot/L8166287/bird-list","Ancahuasi","Catamenia inornata","Catamenia inornata (Lafresnaye, 1847)",7,2018,2023,"Passeriformes","Thraupidae","Semillero Simple","Plain-colored Seedeater","Residente","No Amenazada","Preocupación Menor (LC)","No CITES",FALSE
"L8166287","Sitio Arqueologico de Killarumiyoc","https://ebird.org/hotspot/L8166287/bird-list","Ancahuasi","Rhopospina fruticeti","Rhopospina fruticeti (Kittlitz, 1833)",7,2020,2024,"Passeriformes","Thraupidae","Fringilo de Pecho Negro","Mourning Sierra Finch","Residente","No Amenazada","Preocupación Menor (LC)","No CITES",FALSE
"L8166287","Sitio Arqueologico de Killarumiyoc","https://ebird.org/hotspot/L8166287/bird-list","Ancahuasi","Columba livia","Columba livia J.F.Gmelin, 1789",6,2018,2024,"Columbiformes","Columbidae","Paloma Doméstica","Rock Pigeon","Introducido","No Amenazada","Preocupación Menor (LC)","No CITES",FALSE
"L8166287","Sitio Arqueologico de Killarumiyoc","https://ebird.org/hotspot/L8166287/bird-list","Ancahuasi","Diglossa brunneiventris","Diglossa brunneiventris Lafresnaye, 1846",6,2018,2024,"Passeriformes","Thraupidae","Pinchaflor de Garganta Negra","Black-throated Flowerpiercer","Residente","No Amenazada","Preocupación Menor (LC)","No CITES",FALSE
"L8166287","Sitio Arqueologico de Killarumiyoc","https://ebird.org/hotspot/L8166287/bird-list","Ancahuasi","Geospizopsis plebejus","Geospizopsis plebejus (Tschudi, 1844)",6,2018,2024,"Passeriformes","Thraupidae","Fringilo de Pecho Cenizo","Ash-breasted Sierra Finch","Residente","No Amenazada","Preocupación Menor (LC)","No CITES",FALSE
"L8166287","Sitio Arqueologico de Killarumiyoc","https://ebird.org/hotspot/L8166287/bird-list","Ancahuasi","Ochthoeca leucophrys","Ochthoeca leucophrys (Orbigny & Lafresnaye, 1837)",6,2022,2024,"Passeriformes","Tyrannidae","Pitajo de Ceja Blanca","White-browed Chat-Tyrant","Residente","No Amenazada","Preocupación Menor (LC)","No CITES",FALSE
"L8166287","Sitio Arqueologico de Killarumiyoc","https://ebird.org/hotspot/L8166287/bird-list","Ancahuasi","Polioxolmis rufipennis","Cnemarchus rufipennis (Taczanowski, 1874)",5,2023,2024,NA,NA,NA,NA,NA,"No Amenazada","Preocupación Menor (LC)","No CITES",NA
"L8166287","Sitio Arqueologico de Killarumiyoc","https://ebird.org/hotspot/L8166287/bird-list","Ancahuasi","Troglodytes musculus","Troglodytes musculus J.F.Naumann, 1823",5,2018,2024,"Passeriformes","Troglodytidae","Cucarachero Común Sureño","Southern House-Wren","Residente","No Amenazada","Preocupación Menor (LC)","No CITES",FALSE
"L8166287","Sitio Arqueologico de Killarumiyoc","https://ebird.org/hotspot/L8166287/bird-list","Ancahuasi","Zenaida auriculata","Zenaida auriculata (Des Murs, 1847)",5,2022,2024,"Columbiformes","Columbidae","Tórtola Orejuda","Eared Dove","Residente","No Amenazada","Preocupación Menor (LC)","No CITES",FALSE
"L8166287","Sitio Arqueologico de Killarumiyoc","https://ebird.org/hotspot/L8166287/bird-list","Ancahuasi","Agriornis montanus","Agriornis montanus (Orbigny & Lafresnaye, 1837)",4,2018,2024,"Passeriformes","Tyrannidae","Arriero de Pico Negro","Black-billed Shrike-Tyrant","Residente","No Amenazada","Preocupación Menor (LC)","No CITES",FALSE
"L8166287","Sitio Arqueologico de Killarumiyoc","https://ebird.org/hotspot/L8166287/bird-list","Ancahuasi","Cathartes aura","Cathartes aura (Linnaeus, 1758)",4,2022,2024,"Cathartiformes","Cathartidae","Gallinazo de Cabeza Roja","Turkey Vulture","Residente","No Amenazada","Preocupación Menor (LC)","No CITES",FALSE
"L8166287","Sitio Arqueologico de Killarumiyoc","https://ebird.org/hotspot/L8166287/bird-list","Ancahuasi","Falco femoralis","Falco femoralis Temminck, 1822",4,2018,2024,"Falconiformes","Falconidae","Halcón Aplomado","Aplomado Falcon","Residente","No Amenazada","Preocupación Menor (LC)","No CITES",FALSE
"L8166287","Sitio Arqueologico de Killarumiyoc","https://ebird.org/hotspot/L8166287/bird-list","Ancahuasi","Geranoaetus melanoleucus","Geranoaetus melanoleucus (Vieillot, 1819)",4,2023,2024,"Accipitriformes","Accipitridae","Aguilucho de Pecho Negro","Black-chested Buzzard-Eagle","Residente","No Amenazada","Preocupación Menor (LC)","Apéndice II",FALSE
"L8166287","Sitio Arqueologico de Killarumiyoc","https://ebird.org/hotspot/L8166287/bird-list","Ancahuasi","Metallura tyrianthina","Metallura tyrianthina (Loddiges, 1832)",4,2022,2023,"Apodiformes","Trochilidae","Colibrí Tirio","Tyrian Metaltail","Residente","No Amenazada","Preocupación Menor (LC)","No CITES",FALSE
"L8166287","Sitio Arqueologico de Killarumiyoc","https://ebird.org/hotspot/L8166287/bird-list","Ancahuasi","Patagioenas maculosa","Patagioenas maculosa (Temminck, 1813)",4,2019,2024,"Columbiformes","Columbidae","Paloma de Ala Moteada","Spot-winged Pigeon","Residente","No Amenazada","Preocupación Menor (LC)","No CITES",FALSE
"L8166287","Sitio Arqueologico de Killarumiyoc","https://ebird.org/hotspot/L8166287/bird-list","Ancahuasi","Cranioleuca albicapilla","Cranioleuca albicapilla (Cabanis, 1873)",3,2022,2023,"Passeriformes","Furnariidae","Cola-Espina de Cresta Cremosa","Creamy-crested Spinetail","Endémico","No Amenazada","Preocupación Menor (LC)","No CITES",TRUE
"L8166287","Sitio Arqueologico de Killarumiyoc","https://ebird.org/hotspot/L8166287/bird-list","Ancahuasi","Muscisaxicola rufivertex","Muscisaxicola rufivertex Orbigny & Lafresnaye, 1837",3,2024,2024,"Passeriformes","Tyrannidae","Dormilona de Nuca Rojiza","Rufous-naped Ground-Tyrant","Residente","No Amenazada","Preocupación Menor (LC)","No CITES",FALSE
"L8166287","Sitio Arqueologico de Killarumiyoc","https://ebird.org/hotspot/L8166287/bird-list","Ancahuasi","Notiochelidon murina","Orochelidon murina (Cassin, 1853)",3,2018,2024,NA,NA,NA,NA,NA,"No Amenazada","Preocupación Menor (LC)","No CITES",NA
"L8166287","Sitio Arqueologico de Killarumiyoc","https://ebird.org/hotspot/L8166287/bird-list","Ancahuasi","Plegadis ridgwayi","Plegadis ridgwayi (Allen, 1876)",3,2022,2024,"Pelecaniformes","Threskiornithidae","Ibis de la Puna","Puna Ibis","Residente","No Amenazada","Preocupación Menor (LC)","No CITES",FALSE
"L8166287","Sitio Arqueologico de Killarumiyoc","https://ebird.org/hotspot/L8166287/bird-list","Ancahuasi","Poospizopsis caesar","Poospizopsis caesar (P.L.Sclater & Salvin, 1869)",3,2018,2024,"Passeriformes","Thraupidae","Monterita de Pecho Castaño","Chestnut-breasted Mountain Finch","Endémico","No Amenazada","Preocupación Menor (LC)","No CITES",TRUE
"L8166287","Sitio Arqueologico de Killarumiyoc","https://ebird.org/hotspot/L8166287/bird-list","Ancahuasi","Aeronautes andecolus","Aeronautes andecolus (d'Orbigny & Lafresnaye, 1837)",2,2022,2024,"Apodiformes","Apodidae","Vencejo Andino","Andean Swift","Residente","No Amenazada","Preocupación Menor (LC)","No CITES",FALSE
"L8166287","Sitio Arqueologico de Killarumiyoc","https://ebird.org/hotspot/L8166287/bird-list","Ancahuasi","Aglaeactis castelnaudii","Aglaeactis castelnaudii (Bourcier & Mulsant, 1848)",2,2022,2023,"Apodiformes","Trochilidae","Rayo-de-Sol Acanelado","White-tufted Sunbeam","Endémico","No Amenazada","Casi Amenazada (NT)","No CITES",TRUE
"L8166287","Sitio Arqueologico de Killarumiyoc","https://ebird.org/hotspot/L8166287/bird-list","Ancahuasi","Ampelion rubrocristatus","Ampelion rubrocristatus (Orbigny & Lafresnaye, 1837)",2,2022,2023,"Passeriformes","Cotingidae","Cotinga de Cresta Roja","Red-crested Cotinga","Residente","No Amenazada","Preocupación Menor (LC)","No CITES",FALSE
"L8166287","Sitio Arqueologico de Killarumiyoc","https://ebird.org/hotspot/L8166287/bird-list","Ancahuasi","Asthenes ottonis","Asthenes ottonis (Berlepsch, 1901)",2,2023,2023,"Passeriformes","Furnariidae","Canastero de Frente Rojiza","Rusty-fronted Canastero","Endémico","No Amenazada","Preocupación Menor (LC)","No CITES",TRUE
"L8166287","Sitio Arqueologico de Killarumiyoc","https://ebird.org/hotspot/L8166287/bird-list","Ancahuasi","Chroicocephalus serranus","Chroicocephalus serranus (Tschudi, 1844)",2,2023,2024,"Charadriiformes","Laridae","Gaviota Andina","Andean Gull","Residente","No Amenazada","Preocupación Menor (LC)","No CITES",FALSE
"L8166287","Sitio Arqueologico de Killarumiyoc","https://ebird.org/hotspot/L8166287/bird-list","Ancahuasi","Cinclodes atacamensis","Cinclodes atacamensis (Philippi, 1857)",2,2023,2023,"Passeriformes","Furnariidae","Churrete de Ala Blanca","White-winged Cinclodes","Residente","No Amenazada","Preocupación Menor (LC)","No CITES",FALSE
"L8166287","Sitio Arqueologico de Killarumiyoc","https://ebird.org/hotspot/L8166287/bird-list","Ancahuasi","Muscisaxicola maculirostris","Muscisaxicola maculirostris Orbigny & Lafresnaye, 1837",2,2018,2022,"Passeriformes","Tyrannidae","Dormilona Chica","Spot-billed Ground-Tyrant","Residente","No Amenazada","Preocupación Menor (LC)","No CITES",FALSE
"L8166287","Sitio Arqueologico de Killarumiyoc","https://ebird.org/hotspot/L8166287/bird-list","Ancahuasi","Rauenia bonariensis","Rauenia bonariensis (J.F.Gmelin, 1789)",2,2020,2022,"Passeriformes","Thraupidae","Tangara Azul y Amarilla","Blue-and-yellow Tanager","Residente","No Amenazada","Preocupación Menor (LC)","No CITES",FALSE
"L8166287","Sitio Arqueologico de Killarumiyoc","https://ebird.org/hotspot/L8166287/bird-list","Ancahuasi","Turdus fuscater","Turdus fuscater Orbigny & Lafresnaye, 1837",2,2022,2024,"Passeriformes","Turdidae","Zorzal Grande","Great Thrush","Residente","No Amenazada","Preocupación Menor (LC)","No CITES",FALSE
"L8166287","Sitio Arqueologico de Killarumiyoc","https://ebird.org/hotspot/L8166287/bird-list","Ancahuasi","Aglaeactis cupripennis","Aglaeactis cupripennis (Bourcier, 1843)",1,2022,2022,"Apodiformes","Trochilidae","Rayo-de-Sol Brillante","Shining Sunbeam","Residente","No Amenazada","Preocupación Menor (LC)","No CITES",FALSE
"L8166287","Sitio Arqueologico de Killarumiyoc","https://ebird.org/hotspot/L8166287/bird-list","Ancahuasi","Agriornis andicola","Agriornis albicauda (Philippi & Landbeck, 1863)",1,2024,2024,NA,NA,NA,NA,NA,"No Amenazada","Preocupación Menor (LC)","No CITES",NA
"L8166287","Sitio Arqueologico de Killarumiyoc","https://ebird.org/hotspot/L8166287/bird-list","Ancahuasi","Anairetes parulus","Anairetes parulus (Kittlitz, 1830)",1,2022,2022,"Passeriformes","Tyrannidae","Torito Copetón","Tufted Tit-Tyrant","Residente","No Amenazada","Preocupación Menor (LC)","No CITES",FALSE
"L8166287","Sitio Arqueologico de Killarumiyoc","https://ebird.org/hotspot/L8166287/bird-list","Ancahuasi","Anisognathus igniventris","Anisognathus igniventris (d'Orbigny & Lafresnaye, 1837)",1,2022,2022,"Passeriformes","Thraupidae","Tangara de Montaña de Vientre Escarlata","Scarlet-bellied Mountain Tanager","Residente","No Amenazada","Preocupación Menor (LC)","No CITES",FALSE
"L8166287","Sitio Arqueologico de Killarumiyoc","https://ebird.org/hotspot/L8166287/bird-list","Ancahuasi","Bubulcus ibis","Ardea ibis Linnaeus, 1758",1,2024,2024,NA,NA,NA,NA,NA,"No Amenazada","Preocupación Menor (LC)","No CITES",NA
"L8166287","Sitio Arqueologico de Killarumiyoc","https://ebird.org/hotspot/L8166287/bird-list","Ancahuasi","Buteo albonotatus","Buteo albonotatus Kaup, 1847",1,2018,2018,"Accipitriformes","Accipitridae","Aguilucho de Cola Fajeada","Zone-tailed Hawk","Residente","No Amenazada","Preocupación Menor (LC)","No CITES",FALSE
"L8166287","Sitio Arqueologico de Killarumiyoc","https://ebird.org/hotspot/L8166287/bird-list","Ancahuasi","Chloephaga melanoptera","Oressochen melanopterus (Eyton, 1838)",1,2023,2023,NA,NA,NA,NA,NA,"No Amenazada","Preocupación Menor (LC)","No CITES",NA
"L8166287","Sitio Arqueologico de Killarumiyoc","https://ebird.org/hotspot/L8166287/bird-list","Ancahuasi","Circus cinereus","Circus cinereus Vieillot, 1816",1,2023,2023,"Accipitriformes","Accipitridae","Aguilucho Cenizo","Cinereous Harrier","Residente","No Amenazada","Preocupación Menor (LC)","No CITES",FALSE
"L8166287","Sitio Arqueologico de Killarumiyoc","https://ebird.org/hotspot/L8166287/bird-list","Ancahuasi","Colaptes rivolii","Colaptes rivolii (Boissonneau, 1840)",1,2022,2022,"Piciformes","Picidae","Carpintero de Manto Carmesí","Crimson-mantled Woodpecker","Residente","No Amenazada","Preocupación Menor (LC)","No CITES",FALSE
"L8166287","Sitio Arqueologico de Killarumiyoc","https://ebird.org/hotspot/L8166287/bird-list","Ancahuasi","Conirostrum cinereum","Conirostrum cinereum d'Orbigny & Lafresnaye, 1838",1,2024,2024,"Passeriformes","Thraupidae","Pico-de-Cono Cinéreo","Cinereous Conebill","Residente","No Amenazada","Preocupación Menor (LC)","No CITES",FALSE
"L8166287","Sitio Arqueologico de Killarumiyoc","https://ebird.org/hotspot/L8166287/bird-list","Ancahuasi","Diglossa cyanea","Diglossa cyanea (Lafresnaye, 1840)",1,2022,2022,"Passeriformes","Thraupidae","Pinchaflor Enmascarado Canor","Warbling Masked-Flowerpiercer","Residente","No Amenazada","Preocupación Menor (LC)","No CITES",FALSE
"L8166287","Sitio Arqueologico de Killarumiyoc","https://ebird.org/hotspot/L8166287/bird-list","Ancahuasi","Elliotomyia chionogaster","Elliotomyia chionogaster (Tschudi, 1846)",1,2022,2022,"Apodiformes","Trochilidae","Colibrí de Vientre Blanco","White-bellied Hummingbird","Residente","No Amenazada","Preocupación Menor (LC)","No CITES",FALSE
"L8166287","Sitio Arqueologico de Killarumiyoc","https://ebird.org/hotspot/L8166287/bird-list","Ancahuasi","Knipolegus aterrimus","Knipolegus aterrimus Kaup, 1853",1,2022,2022,"Passeriformes","Tyrannidae","Viudita-Negra de Ala Blanca","White-winged Black-Tyrant","Residente","No Amenazada","Preocupación Menor (LC)","No CITES",FALSE
"L8166287","Sitio Arqueologico de Killarumiyoc","https://ebird.org/hotspot/L8166287/bird-list","Ancahuasi","Leptotila verreauxi","Leptotila verreauxi Bonaparte, 1855",1,2022,2022,"Columbiformes","Columbidae","Paloma de Puntas Blancas","White-tipped Dove","Residente","No Amenazada","Preocupación Menor (LC)","No CITES",FALSE
"L8166287","Sitio Arqueologico de Killarumiyoc","https://ebird.org/hotspot/L8166287/bird-list","Ancahuasi","Lesbia nuna","Lesbia nuna (R.Lesson, 1832)",1,2023,2023,"Apodiformes","Trochilidae","Colibrí de Cola Larga Verde","Green-tailed Trainbearer","Residente","No Amenazada","Preocupación Menor (LC)","No CITES",FALSE
"L8166287","Sitio Arqueologico de Killarumiyoc","https://ebird.org/hotspot/L8166287/bird-list","Ancahuasi","Lesbia victoriae","Lesbia victoriae (Bourcier & Mulsant, 1846)",1,2022,2022,"Apodiformes","Trochilidae","Colibrí de Cola Larga Negra","Black-tailed Trainbearer","Residente","No Amenazada","Preocupación Menor (LC)","No CITES",FALSE
"L8166287","Sitio Arqueologico de Killarumiyoc","https://ebird.org/hotspot/L8166287/bird-list","Ancahuasi","Megascops koepckeae","Megascops koepckeae (Hekstra, 1982)",1,2022,2022,"Strigiformes","Strigidae","Lechuza de Koepcke","Koepcke's Screech-Owl","Residente","No Amenazada","Preocupación Menor (LC)","No CITES",FALSE
"L8166287","Sitio Arqueologico de Killarumiyoc","https://ebird.org/hotspot/L8166287/bird-list","Ancahuasi","Metriopelia ceciliae","Metriopelia ceciliae (R.Lesson, 1845)",1,2023,2023,"Columbiformes","Columbidae","Tortolita Moteada","Bare-faced Ground Dove","Residente","No Amenazada","Preocupación Menor (LC)","No CITES",FALSE
"L8166287","Sitio Arqueologico de Killarumiyoc","https://ebird.org/hotspot/L8166287/bird-list","Ancahuasi","Myiotheretes striaticollis","Myiotheretes striaticollis (P.L.Sclater, 1853)",1,2022,2022,"Passeriformes","Tyrannidae","Ala-Rufa de Garganta Rayada","Streak-throated Bush-Tyrant","Residente","No Amenazada","Preocupación Menor (LC)","No CITES",FALSE
"L8166287","Sitio Arqueologico de Killarumiyoc","https://ebird.org/hotspot/L8166287/bird-list","Ancahuasi","Nothoprocta pentlandii","Nothoprocta pentlandii (G.R.Gray, 1867)",1,2022,2022,"Tinamiformes","Tinamidae","Perdiz Andina","Andean Tinamou","Residente","No Amenazada","Preocupación Menor (LC)","No CITES",FALSE
"L8166287","Sitio Arqueologico de Killarumiyoc","https://ebird.org/hotspot/L8166287/bird-list","Ancahuasi","Nothoprocta taczanowskii","Nothoprocta taczanowskii P.L.Sclater & Salvin, 1875",1,2022,2022,"Tinamiformes","Tinamidae","Perdiz de Taczanowski","Taczanowski's Tinamou","Residente","No Amenazada","Vulnerable (VU)","No CITES",FALSE
"L8166287","Sitio Arqueologico de Killarumiyoc","https://ebird.org/hotspot/L8166287/bird-list","Ancahuasi","Ochthoeca oenanthoides","Ochthoeca oenanthoides (Orbigny & Lafresnaye, 1837)",1,2024,2024,"Passeriformes","Tyrannidae","Pitajo de d’Orbigny","d'Orbigny's Chat-Tyrant","Residente","No Amenazada","Preocupación Menor (LC)","No CITES",FALSE
"L8166287","Sitio Arqueologico de Killarumiyoc","https://ebird.org/hotspot/L8166287/bird-list","Ancahuasi","Ochthoeca rufipectoralis","Ochthoeca rufipectoralis (Orbigny & Lafresnaye, 1837)",1,2022,2022,"Passeriformes","Tyrannidae","Pitajo de Pecho Rufo","Rufous-breasted Chat-Tyrant","Residente","No Amenazada","Preocupación Menor (LC)","No CITES",FALSE
"L8166287","Sitio Arqueologico de Killarumiyoc","https://ebird.org/hotspot/L8166287/bird-list","Ancahuasi","Pachyramphus validus","Pachyramphus validus (Lichtenstein, 1823)",1,2022,2022,"Passeriformes","Tityridae","Cabezón Crestado","Crested Becard","Residente","No Amenazada","Preocupación Menor (LC)","No CITES",FALSE
"L8166287","Sitio Arqueologico de Killarumiyoc","https://ebird.org/hotspot/L8166287/bird-list","Ancahuasi","Patagioenas fasciata","Patagioenas fasciata (Say, 1822)",1,2022,2022,"Columbiformes","Columbidae","Paloma de Nuca Blanca","Band-tailed Pigeon","Residente","No Amenazada","Preocupación Menor (LC)","No CITES",FALSE
"L8166287","Sitio Arqueologico de Killarumiyoc","https://ebird.org/hotspot/L8166287/bird-list","Ancahuasi","Phalacrocorax brasilianus","Nannopterum brasilianum (J.F.Gmelin, 1789)",1,2022,2022,"Suliformes","Phalacrocoracidae","Cormorán Neotropical","Neotropic Cormorant","Residente","No Amenazada","Preocupación Menor (LC)","No CITES",FALSE
"L8166287","Sitio Arqueologico de Killarumiyoc","https://ebird.org/hotspot/L8166287/bird-list","Ancahuasi","Pheucticus aureoventris","Pheucticus aureoventris (d'Orbigny & Lafresnaye, 1837)",1,2022,2022,"Passeriformes","Cardinalidae","Picogrueso de Dorso Negro","Black-backed Grosbeak","Residente","No Amenazada","Preocupación Menor (LC)","No CITES",FALSE
"L8166287","Sitio Arqueologico de Killarumiyoc","https://ebird.org/hotspot/L8166287/bird-list","Ancahuasi","Pterophanes cyanopterus","Pterophanes cyanopterus (Fraser, 1840)",1,2023,2023,"Apodiformes","Trochilidae","Ala-Zafiro Grande","Great Sapphirewing","Residente","No Amenazada","Preocupación Menor (LC)","No CITES",FALSE
"L8166287","Sitio Arqueologico de Killarumiyoc","https://ebird.org/hotspot/L8166287/bird-list","Ancahuasi","Ramphomicron microrhynchum","Ramphomicron microrhynchum (Boissonneau, 1840)",1,2022,2022,"Apodiformes","Trochilidae","Pico-Espina de Dorso Púrpura","Purple-backed Thornbill","Residente","No Amenazada","Preocupación Menor (LC)","No CITES",FALSE
"L8166287","Sitio Arqueologico de Killarumiyoc","https://ebird.org/hotspot/L8166287/bird-list","Ancahuasi","Spinus crassirostris","Spinus crassirostris (Landbeck, 1877)",1,2023,2023,"Passeriformes","Fringillidae","Jilguero de Pico Grueso","Thick-billed Siskin","Residente","No Amenazada","Preocupación Menor (LC)","No CITES",FALSE
"L8166287","Sitio Arqueologico de Killarumiyoc","https://ebird.org/hotspot/L8166287/bird-list","Ancahuasi","Streptoprocne zonaris","Streptoprocne zonaris (Shaw, 1796)",1,2020,2020,"Apodiformes","Apodidae","Vencejo de Collar Blanco","White-collared Swift","Residente","No Amenazada","Preocupación Menor (LC)","No CITES",FALSE
"L8166287","Sitio Arqueologico de Killarumiyoc","https://ebird.org/hotspot/L8166287/bird-list","Ancahuasi","Synallaxis courseni","Synallaxis courseni Blake, 1971",1,2022,2022,"Passeriformes","Furnariidae","Cola-Espina de Apurímac","Apurimac Spinetail","Endémico","No Amenazada","Casi Amenazada (NT)","No CITES",TRUE
"L8166287","Sitio Arqueologico de Killarumiyoc","https://ebird.org/hotspot/L8166287/bird-list","Ancahuasi","Tinamus guttatus","Tinamus guttatus Pelzeln, 1863",1,2022,2022,"Tinamiformes","Tinamidae","Perdiz de Garganta Blanca","White-throated Tinamou","Residente","No Amenazada","Casi Amenazada (NT)","No CITES",FALSE
"L8166287","Sitio Arqueologico de Killarumiyoc","https://ebird.org/hotspot/L8166287/bird-list","Ancahuasi","Tinamus major","Tinamus major (J.F.Gmelin, 1789)",1,2022,2022,"Tinamiformes","Tinamidae","Perdiz Grande","Great Tinamou","Residente","No Amenazada","Preocupación Menor (LC)","No CITES",FALSE
"L8166287","Sitio Arqueologico de Killarumiyoc","https://ebird.org/hotspot/L8166287/bird-list","Ancahuasi","Vireo olivaceus","Vireo chivi (Vieillot, 1817)",1,2022,2022,"Passeriformes","Vireonidae","Víreo de Ojo Rojo","Red-eyed Vireo","Migratorio","No Amenazada","Preocupación Menor (LC)","No CITES",FALSE
"L3483388","Soraypampa","https://ebird.org/hotspot/L3483388/bird-list","Mollepata","Zonotrichia capensis","Zonotrichia capensis (P.L.S.Müller, 1776)",286,2004,2026,"Passeriformes","Passerellidae","Gorrión de Collar Rufo","Rufous-collared Sparrow","Residente","No Amenazada","Preocupación Menor (LC)","No CITES",FALSE
"L3483388","Soraypampa","https://ebird.org/hotspot/L3483388/bird-list","Mollepata","Cinclodes fuscus","Cinclodes albiventris (Philippi & Landbeck, 1861)",253,2011,2026,NA,NA,NA,NA,NA,"No Amenazada","Preocupación Menor (LC)","No CITES",NA
"L3483388","Soraypampa","https://ebird.org/hotspot/L3483388/bird-list","Mollepata","Geospizopsis unicolor","Geospizopsis unicolor (d'Orbigny & Lafresnaye, 1837)",219,2013,2026,"Passeriformes","Thraupidae","Fringilo Plomizo","Plumbeous Sierra Finch","Residente","No Amenazada","Preocupación Menor (LC)","No CITES",FALSE
"L3483388","Soraypampa","https://ebird.org/hotspot/L3483388/bird-list","Mollepata","Phrygilus punensis","Phrygilus punensis Ridgway, 1887",206,2013,2026,"Passeriformes","Thraupidae","Fringilo Peruano","Peruvian Sierra Finch","Residente","No Amenazada","Preocupación Menor (LC)","No CITES",FALSE
"L3483388","Soraypampa","https://ebird.org/hotspot/L3483388/bird-list","Mollepata","Turdus chiguanco","Turdus chiguanco Orbigny & Lafresnaye, 1837",188,2004,2025,"Passeriformes","Turdidae","Zorzal Chiguanco","Chiguanco Thrush","Residente","No Amenazada","Preocupación Menor (LC)","No CITES",FALSE
"L3483388","Soraypampa","https://ebird.org/hotspot/L3483388/bird-list","Mollepata","Geospizopsis plebejus","Geospizopsis plebejus (Tschudi, 1844)",187,2011,2026,"Passeriformes","Thraupidae","Fringilo de Pecho Cenizo","Ash-breasted Sierra Finch","Residente","No Amenazada","Preocupación Menor (LC)","No CITES",FALSE
"L3483388","Soraypampa","https://ebird.org/hotspot/L3483388/bird-list","Mollepata","Vanellus resplendens","Vanellus resplendens (Tschudi, 1843)",187,2008,2025,"Charadriiformes","Charadriidae","Avefría Andina","Andean Lapwing","Residente","No Amenazada","Preocupación Menor (LC)","No CITES",FALSE
"L3483388","Soraypampa","https://ebird.org/hotspot/L3483388/bird-list","Mollepata","Troglodytes musculus","Troglodytes musculus J.F.Naumann, 1823",164,2014,2024,"Passeriformes","Troglodytidae","Cucarachero Común Sureño","Southern House-Wren","Residente","No Amenazada","Preocupación Menor (LC)","No CITES",FALSE
"L3483388","Soraypampa","https://ebird.org/hotspot/L3483388/bird-list","Mollepata","Xenodacnis parina","Xenodacnis parina parina Cabanis, 1873",161,2011,2025,"Passeriformes","Thraupidae","Azulito Altoandino","Tit-like Dacnis","Residente","No Amenazada","Preocupación Menor (LC)","No CITES",FALSE
"L3483388","Soraypampa","https://ebird.org/hotspot/L3483388/bird-list","Mollepata","Cranioleuca albicapilla","Cranioleuca albicapilla albigula Zimmer, 1924",160,2011,2026,"Passeriformes","Furnariidae","Cola-Espina de Cresta Cremosa","Creamy-crested Spinetail","Endémico","No Amenazada","Preocupación Menor (LC)","No CITES",TRUE
"L3483388","Soraypampa","https://ebird.org/hotspot/L3483388/bird-list","Mollepata","Diglossa brunneiventris","Diglossa brunneiventris Lafresnaye, 1846",156,2013,2025,"Passeriformes","Thraupidae","Pinchaflor de Garganta Negra","Black-throated Flowerpiercer","Residente","No Amenazada","Preocupación Menor (LC)","No CITES",FALSE
"L3483388","Soraypampa","https://ebird.org/hotspot/L3483388/bird-list","Mollepata","Scytalopus urubambae","Scytalopus urubambae Zimmer, 1939",139,2011,2025,"Passeriformes","Rhinocryptidae","Tapaculo de Vilcabamba","Vilcabamba Tapaculo","Endémico","No Amenazada","Preocupación Menor (LC)","No CITES",TRUE
"L3483388","Soraypampa","https://ebird.org/hotspot/L3483388/bird-list","Mollepata","Conirostrum cinereum","Conirostrum cinereum d'Orbigny & Lafresnaye, 1838",129,2011,2025,"Passeriformes","Thraupidae","Pico-de-Cono Cinéreo","Cinereous Conebill","Residente","No Amenazada","Preocupación Menor (LC)","No CITES",FALSE
"L3483388","Soraypampa","https://ebird.org/hotspot/L3483388/bird-list","Mollepata","Ochthoeca rufipectoralis","Ochthoeca rufipectoralis (Orbigny & Lafresnaye, 1837)",127,2004,2025,"Passeriformes","Tyrannidae","Pitajo de Pecho Rufo","Rufous-breasted Chat-Tyrant","Residente","No Amenazada","Preocupación Menor (LC)","No CITES",FALSE
"L3483388","Soraypampa","https://ebird.org/hotspot/L3483388/bird-list","Mollepata","Aglaeactis castelnaudii","Aglaeactis castelnaudii (Bourcier & Mulsant, 1848)",126,2004,2024,"Apodiformes","Trochilidae","Rayo-de-Sol Acanelado","White-tufted Sunbeam","Endémico","No Amenazada","Casi Amenazada (NT)","No CITES",TRUE
"L3483388","Soraypampa","https://ebird.org/hotspot/L3483388/bird-list","Mollepata","Ampelion rubrocristatus","Ampelion rubrocristatus (Orbigny & Lafresnaye, 1837)",123,2004,2025,"Passeriformes","Cotingidae","Cotinga de Cresta Roja","Red-crested Cotinga","Residente","No Amenazada","Preocupación Menor (LC)","No CITES",FALSE
"L3483388","Soraypampa","https://ebird.org/hotspot/L3483388/bird-list","Mollepata","Metallura tyrianthina","Metallura tyrianthina (Loddiges, 1832)",121,2011,2025,"Apodiformes","Trochilidae","Colibrí Tirio","Tyrian Metaltail","Residente","No Amenazada","Preocupación Menor (LC)","No CITES",FALSE
"L3483388","Soraypampa","https://ebird.org/hotspot/L3483388/bird-list","Mollepata","Turdus fuscater","Turdus fuscater Orbigny & Lafresnaye, 1837",109,2013,2024,"Passeriformes","Turdidae","Zorzal Grande","Great Thrush","Residente","No Amenazada","Preocupación Menor (LC)","No CITES",FALSE
"L3483388","Soraypampa","https://ebird.org/hotspot/L3483388/bird-list","Mollepata","Aglaeactis cupripennis","Aglaeactis cupripennis (Bourcier, 1843)",103,2011,2025,"Apodiformes","Trochilidae","Rayo-de-Sol Brillante","Shining Sunbeam","Residente","No Amenazada","Preocupación Menor (LC)","No CITES",FALSE
"L3483388","Soraypampa","https://ebird.org/hotspot/L3483388/bird-list","Mollepata","Ochthoeca leucophrys","Ochthoeca leucophrys (Orbigny & Lafresnaye, 1837)",101,2013,2025,"Passeriformes","Tyrannidae","Pitajo de Ceja Blanca","White-browed Chat-Tyrant","Residente","No Amenazada","Preocupación Menor (LC)","No CITES",FALSE
"L3483388","Soraypampa","https://ebird.org/hotspot/L3483388/bird-list","Mollepata","Spinus magellanicus","Spinus magellanicus (Vieillot, 1805)",99,2014,2026,"Passeriformes","Fringillidae","Jilguero Encapuchado","Hooded Siskin","Residente","No Amenazada","Preocupación Menor (LC)","No CITES",FALSE
"L3483388","Soraypampa","https://ebird.org/hotspot/L3483388/bird-list","Mollepata","Vultur gryphus","Vultur gryphus Linnaeus, 1758",99,2007,2024,"Cathartiformes","Cathartidae","Cóndor Andino","Andean Condor","Residente","En Peligro (EN)","Vulnerable (VU)","Apéndice I",FALSE
"L3483388","Soraypampa","https://ebird.org/hotspot/L3483388/bird-list","Mollepata","Colaptes rupicola","Colaptes rupicola d'Orbigny, 1840",87,2013,2026,"Piciformes","Picidae","Carpintero Andino","Andean Flicker","Residente","No Amenazada","Preocupación Menor (LC)","No CITES",FALSE
"L3483388","Soraypampa","https://ebird.org/hotspot/L3483388/bird-list","Mollepata","Poospizopsis caesar","Poospizopsis caesar (P.L.Sclater & Salvin, 1869)",84,2011,2026,"Passeriformes","Thraupidae","Monterita de Pecho Castaño","Chestnut-breasted Mountain Finch","Endémico","No Amenazada","Preocupación Menor (LC)","No CITES",TRUE
"L3483388","Soraypampa","https://ebird.org/hotspot/L3483388/bird-list","Mollepata","Catamenia inornata","Catamenia inornata (Lafresnaye, 1847)",83,2011,2024,"Passeriformes","Thraupidae","Semillero Simple","Plain-colored Seedeater","Residente","No Amenazada","Preocupación Menor (LC)","No CITES",FALSE
"L3483388","Soraypampa","https://ebird.org/hotspot/L3483388/bird-list","Mollepata","Saltator aurantiirostris","Saltator aurantiirostris Vieillot, 1817",78,2004,2024,"Passeriformes","Thraupidae","Saltador de Pico Dorado","Golden-billed Saltator","Residente","No Amenazada","Preocupación Menor (LC)","No CITES",FALSE
"L3483388","Soraypampa","https://ebird.org/hotspot/L3483388/bird-list","Mollepata","Anairetes parulus","Anairetes parulus (Kittlitz, 1830)",75,2014,2024,"Passeriformes","Tyrannidae","Torito Copetón","Tufted Tit-Tyrant","Residente","No Amenazada","Preocupación Menor (LC)","No CITES",FALSE
"L3483388","Soraypampa","https://ebird.org/hotspot/L3483388/bird-list","Mollepata","Muscisaxicola rufivertex","Muscisaxicola rufivertex Orbigny & Lafresnaye, 1837",73,2013,2025,"Passeriformes","Tyrannidae","Dormilona de Nuca Rojiza","Rufous-naped Ground-Tyrant","Residente","No Amenazada","Preocupación Menor (LC)","No CITES",FALSE
"L3483388","Soraypampa","https://ebird.org/hotspot/L3483388/bird-list","Mollepata","Catamenia analis","Catamenia analis (d'Orbigny & Lafresnaye, 1837)",69,2011,2024,"Passeriformes","Thraupidae","Semillero de Cola Bandeada","Band-tailed Seedeater","Residente","No Amenazada","Preocupación Menor (LC)","No CITES",FALSE
"L3483388","Soraypampa","https://ebird.org/hotspot/L3483388/bird-list","Mollepata","Notiochelidon murina","Orochelidon murina (Cassin, 1853)",68,2011,2024,NA,NA,NA,NA,NA,"No Amenazada","Preocupación Menor (LC)","No CITES",NA
"L3483388","Soraypampa","https://ebird.org/hotspot/L3483388/bird-list","Mollepata","Colibri coruscans","Colibri coruscans (Gould, 1846)",61,2004,2024,"Apodiformes","Trochilidae","Oreja-Violeta de Vientre Azul","Sparkling Violetear","Residente","No Amenazada","Preocupación Menor (LC)","No CITES",FALSE
"L3483388","Soraypampa","https://ebird.org/hotspot/L3483388/bird-list","Mollepata","Chloephaga melanoptera","Oressochen melanopterus (Eyton, 1838)",60,2013,2025,NA,NA,NA,NA,NA,"No Amenazada","Preocupación Menor (LC)","No CITES",NA
"L3483388","Soraypampa","https://ebird.org/hotspot/L3483388/bird-list","Mollepata","Atlapetes forbesi","Atlapetes forbesi Morrison, 1947",54,2011,2025,"Passeriformes","Passerellidae","Matorralero de Apurímac","Apurimac Brushfinch","Endémico","No Amenazada","Preocupación Menor (LC)","No CITES",TRUE
"L3483388","Soraypampa","https://ebird.org/hotspot/L3483388/bird-list","Mollepata","Asthenes ottonis","Asthenes ottonis (Berlepsch, 1901)",53,2014,2024,"Passeriformes","Furnariidae","Canastero de Frente Rojiza","Rusty-fronted Canastero","Endémico","No Amenazada","Preocupación Menor (LC)","No CITES",TRUE
"L3483388","Soraypampa","https://ebird.org/hotspot/L3483388/bird-list","Mollepata","Cinclodes atacamensis","Cinclodes atacamensis (Philippi, 1857)",52,2013,2025,"Passeriformes","Furnariidae","Churrete de Ala Blanca","White-winged Cinclodes","Residente","No Amenazada","Preocupación Menor (LC)","No CITES",FALSE
"L3483388","Soraypampa","https://ebird.org/hotspot/L3483388/bird-list","Mollepata","Rauenia bonariensis","Rauenia bonariensis (J.F.Gmelin, 1789)",49,2011,2024,"Passeriformes","Thraupidae","Tangara Azul y Amarilla","Blue-and-yellow Tanager","Residente","No Amenazada","Preocupación Menor (LC)","No CITES",FALSE
"L3483388","Soraypampa","https://ebird.org/hotspot/L3483388/bird-list","Mollepata","Falco sparverius","Falco sparverius Linnaeus, 1758",47,2004,2024,"Falconiformes","Falconidae","Cernícalo Americano","American Kestrel","Residente","No Amenazada","Preocupación Menor (LC)","No CITES",FALSE
"L3483388","Soraypampa","https://ebird.org/hotspot/L3483388/bird-list","Mollepata","Spinus atratus","Spinus atratus (d'Orbigny & Lafresnaye, 1837)",45,2011,2025,"Passeriformes","Fringillidae","Jilguero Negro","Black Siskin","Residente","No Amenazada","Preocupación Menor (LC)","No CITES",FALSE
"L3483388","Soraypampa","https://ebird.org/hotspot/L3483388/bird-list","Mollepata","Agriornis montanus","Agriornis montanus (Orbigny & Lafresnaye, 1837)",43,2014,2024,"Passeriformes","Tyrannidae","Arriero de Pico Negro","Black-billed Shrike-Tyrant","Residente","No Amenazada","Preocupación Menor (LC)","No CITES",FALSE
"L3483388","Soraypampa","https://ebird.org/hotspot/L3483388/bird-list","Mollepata","Buteo polyosoma","Geranoaetus polyosoma (Quoy & Gaimard, 1824)",43,2014,2024,NA,NA,NA,NA,NA,"No Amenazada","Preocupación Menor (LC)","Apéndice II",NA
"L3483388","Soraypampa","https://ebird.org/hotspot/L3483388/bird-list","Mollepata","Synallaxis courseni","Synallaxis courseni Blake, 1971",41,2014,2023,"Passeriformes","Furnariidae","Cola-Espina de Apurímac","Apurimac Spinetail","Endémico","No Amenazada","Casi Amenazada (NT)","No CITES",TRUE
"L3483388","Soraypampa","https://ebird.org/hotspot/L3483388/bird-list","Mollepata","Zenaida auriculata","Zenaida auriculata (Des Murs, 1847)",38,2015,2023,"Columbiformes","Columbidae","Tórtola Orejuda","Eared Dove","Residente","No Amenazada","Preocupación Menor (LC)","No CITES",FALSE
"L3483388","Soraypampa","https://ebird.org/hotspot/L3483388/bird-list","Mollepata","Plegadis ridgwayi","Plegadis ridgwayi (Allen, 1876)",36,2013,2025,"Pelecaniformes","Threskiornithidae","Ibis de la Puna","Puna Ibis","Residente","No Amenazada","Preocupación Menor (LC)","No CITES",FALSE
"L3483388","Soraypampa","https://ebird.org/hotspot/L3483388/bird-list","Mollepata","Patagona gigas","Patagona gigas (Vieillot, 1824)",35,2014,2024,"Apodiformes","Trochilidae","Colibrí Gigante Sureño","Southern Giant-Hummingbird","Migratorio","No Amenazada","Preocupación Menor (LC)","No CITES",FALSE
"L3483388","Soraypampa","https://ebird.org/hotspot/L3483388/bird-list","Mollepata","Knipolegus aterrimus","Knipolegus aterrimus Kaup, 1853",34,2011,2024,"Passeriformes","Tyrannidae","Viudita-Negra de Ala Blanca","White-winged Black-Tyrant","Residente","No Amenazada","Preocupación Menor (LC)","No CITES",FALSE
"L3483388","Soraypampa","https://ebird.org/hotspot/L3483388/bird-list","Mollepata","Pheucticus aureoventris","Pheucticus aureoventris (d'Orbigny & Lafresnaye, 1837)",34,2011,2024,"Passeriformes","Cardinalidae","Picogrueso de Dorso Negro","Black-backed Grosbeak","Residente","No Amenazada","Preocupación Menor (LC)","No CITES",FALSE
"L3483388","Soraypampa","https://ebird.org/hotspot/L3483388/bird-list","Mollepata","Ochthoeca oenanthoides","Ochthoeca oenanthoides (Orbigny & Lafresnaye, 1837)",31,2014,2025,"Passeriformes","Tyrannidae","Pitajo de d’Orbigny","d'Orbigny's Chat-Tyrant","Residente","No Amenazada","Preocupación Menor (LC)","No CITES",FALSE
"L3483388","Soraypampa","https://ebird.org/hotspot/L3483388/bird-list","Mollepata","Thlypopsis ruficeps","Thlypopsis ruficeps (d'Orbigny & Lafresnaye, 1837)",31,2014,2023,"Passeriformes","Thraupidae","Tangara Rufa y Amarilla","Rust-and-yellow Tanager","Residente","No Amenazada","Preocupación Menor (LC)","No CITES",FALSE
"L3483388","Soraypampa","https://ebird.org/hotspot/L3483388/bird-list","Mollepata","Patagioenas maculosa","Patagioenas maculosa albipennis (P.L.Sclater & Salvin, 1876)",30,2014,2025,"Columbiformes","Columbidae","Paloma de Ala Moteada","Spot-winged Pigeon","Residente","No Amenazada","Preocupación Menor (LC)","No CITES",FALSE
"L3483388","Soraypampa","https://ebird.org/hotspot/L3483388/bird-list","Mollepata","Metallura aeneocauda","Metallura aeneocauda (Gould, 1846)",28,2011,2024,"Apodiformes","Trochilidae","Colibrí Escamoso","Scaled Metaltail","Residente","No Amenazada","Preocupación Menor (LC)","No CITES",FALSE
"L3483388","Soraypampa","https://ebird.org/hotspot/L3483388/bird-list","Mollepata","Geranoaetus melanoleucus","Geranoaetus melanoleucus (Vieillot, 1819)",27,2014,2024,"Accipitriformes","Accipitridae","Aguilucho de Pecho Negro","Black-chested Buzzard-Eagle","Residente","No Amenazada","Preocupación Menor (LC)","Apéndice II",FALSE
"L3483388","Soraypampa","https://ebird.org/hotspot/L3483388/bird-list","Mollepata","Lophonetta specularioides","Lophonetta specularioides (P.P.King, 1828)",26,2018,2025,"Anseriformes","Anatidae","Pato Crestón","Crested Duck","Residente","No Amenazada","Preocupación Menor (LC)","No CITES",FALSE
"L3483388","Soraypampa","https://ebird.org/hotspot/L3483388/bird-list","Mollepata","Grallaria andicolus","Grallaria andicolus (Cabanis, 1873)",25,2017,2024,"Passeriformes","Grallariidae","Tororoi de Cabeza Listada","Stripe-headed Antpitta","Residente","No Amenazada","Preocupación Menor (LC)","No CITES",FALSE
"L3483388","Soraypampa","https://ebird.org/hotspot/L3483388/bird-list","Mollepata","Bolborhynchus orbygnesius","Bolborhynchus orbygnesius (Souance, 1856)",23,2014,2024,"Psittaciformes","Psittacidae","Perico Andino","Andean Parakeet","Residente","No Amenazada","Preocupación Menor (LC)","No CITES",FALSE
"L3483388","Soraypampa","https://ebird.org/hotspot/L3483388/bird-list","Mollepata","Chroicocephalus serranus","Chroicocephalus serranus (Tschudi, 1844)",23,2013,2024,"Charadriiformes","Laridae","Gaviota Andina","Andean Gull","Residente","No Amenazada","Preocupación Menor (LC)","No CITES",FALSE
"L3483388","Soraypampa","https://ebird.org/hotspot/L3483388/bird-list","Mollepata","Ochthoeca fumicolor","Ochthoeca fumicolor P.L.Sclater, 1856",23,2011,2024,"Passeriformes","Tyrannidae","Pitajo de Dorso Pardo","Brown-backed Chat-Tyrant","Residente","No Amenazada","Preocupación Menor (LC)","No CITES",FALSE
"L3483388","Soraypampa","https://ebird.org/hotspot/L3483388/bird-list","Mollepata","Colaptes rivolii","Colaptes rivolii (Boissonneau, 1840)",22,2011,2022,"Piciformes","Picidae","Carpintero de Manto Carmesí","Crimson-mantled Woodpecker","Residente","No Amenazada","Preocupación Menor (LC)","No CITES",FALSE
"L3483388","Soraypampa","https://ebird.org/hotspot/L3483388/bird-list","Mollepata","Falco femoralis","Falco femoralis Temminck, 1822",22,2013,2024,"Falconiformes","Falconidae","Halcón Aplomado","Aplomado Falcon","Residente","No Amenazada","Preocupación Menor (LC)","No CITES",FALSE
"L3483388","Soraypampa","https://ebird.org/hotspot/L3483388/bird-list","Mollepata","Lafresnaya lafresnayi","Lafresnaya lafresnayi (Boissonneau, 1840)",21,2015,2023,"Apodiformes","Trochilidae","Colibrí Aterciopelado","Mountain Velvetbreast","Residente","No Amenazada","Preocupación Menor (LC)","No CITES",FALSE
"L3483388","Soraypampa","https://ebird.org/hotspot/L3483388/bird-list","Mollepata","Chalcostigma stanleyi","Chalcostigma stanleyi (Bourcier, 1851)",20,2013,2024,"Apodiformes","Trochilidae","Pico-Espina de Dorso Azul","Blue-mantled Thornbill","Residente","No Amenazada","Preocupación Menor (LC)","No CITES",FALSE
"L3483388","Soraypampa","https://ebird.org/hotspot/L3483388/bird-list","Mollepata","Columba livia","Columba livia J.F.Gmelin, 1789",20,2014,2024,"Columbiformes","Columbidae","Paloma Doméstica","Rock Pigeon","Introducido","No Amenazada","Preocupación Menor (LC)","No CITES",FALSE
"L3483388","Soraypampa","https://ebird.org/hotspot/L3483388/bird-list","Mollepata","Pterophanes cyanopterus","Pterophanes cyanopterus (Fraser, 1840)",20,2013,2024,"Apodiformes","Trochilidae","Ala-Zafiro Grande","Great Sapphirewing","Residente","No Amenazada","Preocupación Menor (LC)","No CITES",FALSE
"L3483388","Soraypampa","https://ebird.org/hotspot/L3483388/bird-list","Mollepata","Aratinga mitrata","Psittacara mitratus (Tschudi, 1844)",19,2014,2024,NA,NA,NA,NA,NA,"No Amenazada","Preocupación Menor (LC)","No CITES",NA
"L3483388","Soraypampa","https://ebird.org/hotspot/L3483388/bird-list","Mollepata","Crotophaga ani","Crotophaga ani Linnaeus, 1758",19,2014,2023,"Cuculiformes","Cuculidae","Garrapatero de Pico Liso","Smooth-billed Ani","Residente","No Amenazada","Preocupación Menor (LC)","No CITES",FALSE
"L3483388","Soraypampa","https://ebird.org/hotspot/L3483388/bird-list","Mollepata","Haplochelidon andecola","Orochelidon andecola (d'Orbigny & Lafresnaye, 1837)",19,2013,2024,NA,NA,NA,NA,NA,"No Amenazada","Preocupación Menor (LC)","No CITES",NA
"L3483388","Soraypampa","https://ebird.org/hotspot/L3483388/bird-list","Mollepata","Lesbia victoriae","Lesbia victoriae (Bourcier & Mulsant, 1846)",19,2014,2024,"Apodiformes","Trochilidae","Colibrí de Cola Larga Negra","Black-tailed Trainbearer","Residente","No Amenazada","Preocupación Menor (LC)","No CITES",FALSE
"L3483388","Soraypampa","https://ebird.org/hotspot/L3483388/bird-list","Mollepata","Conirostrum ferrugineiventre","Conirostrum ferrugineiventre P.L.Sclater, 1855",18,2011,2023,"Passeriformes","Thraupidae","Pico-de-Cono de Ceja Blanca","White-browed Conebill","Residente","No Amenazada","Preocupación Menor (LC)","No CITES",FALSE
"L3483388","Soraypampa","https://ebird.org/hotspot/L3483388/bird-list","Mollepata","Ensifera ensifera","Ensifera ensifera (Boissonneau, 1840)",18,2012,2024,"Apodiformes","Trochilidae","Colibrí Pico-Espada","Sword-billed Hummingbird","Residente","No Amenazada","Preocupación Menor (LC)","No CITES",FALSE
"L3483388","Soraypampa","https://ebird.org/hotspot/L3483388/bird-list","Mollepata","Ramphomicron microrhynchum","Ramphomicron microrhynchum (Boissonneau, 1840)",18,2011,2023,"Apodiformes","Trochilidae","Pico-Espina de Dorso Púrpura","Purple-backed Thornbill","Residente","No Amenazada","Preocupación Menor (LC)","No CITES",FALSE
"L3483388","Soraypampa","https://ebird.org/hotspot/L3483388/bird-list","Mollepata","Elliotomyia chionogaster","Elliotomyia chionogaster (Tschudi, 1846)",17,2016,2024,"Apodiformes","Trochilidae","Colibrí de Vientre Blanco","White-bellied Hummingbird","Residente","No Amenazada","Preocupación Menor (LC)","No CITES",FALSE
"L3483388","Soraypampa","https://ebird.org/hotspot/L3483388/bird-list","Mollepata","Asthenes humilis","Asthenes humilis (Cabanis, 1873)",16,2014,2024,"Passeriformes","Furnariidae","Canastero de Garganta Rayada","Streak-throated Canastero","Residente","No Amenazada","Preocupación Menor (LC)","No CITES",FALSE
"L3483388","Soraypampa","https://ebird.org/hotspot/L3483388/bird-list","Mollepata","Diglossa sittoides","Diglossa sittoides (d'Orbigny & Lafresnaye, 1838)",16,2014,2022,"Passeriformes","Thraupidae","Pinchaflor de Pecho Canela","Rusty Flowerpiercer","Residente","No Amenazada","Preocupación Menor (LC)","No CITES",FALSE
"L3483388","Soraypampa","https://ebird.org/hotspot/L3483388/bird-list","Mollepata","Idiopsar speculifer","Idiopsar speculifer (d'Orbigny & Lafresnaye, 1837)",16,2017,2024,"Passeriformes","Thraupidae","Fringilo Glaciar","Glacier Finch","Residente","No Amenazada","Preocupación Menor (LC)","No CITES",FALSE
"L3483388","Soraypampa","https://ebird.org/hotspot/L3483388/bird-list","Mollepata","Patagioenas fasciata","Patagioenas fasciata (Say, 1822)",16,2014,2022,"Columbiformes","Columbidae","Paloma de Nuca Blanca","Band-tailed Pigeon","Residente","No Amenazada","Preocupación Menor (LC)","No CITES",FALSE
"L3483388","Soraypampa","https://ebird.org/hotspot/L3483388/bird-list","Mollepata","Polioxolmis rufipennis","Cnemarchus rufipennis (Taczanowski, 1874)",16,2014,2024,NA,NA,NA,NA,NA,"No Amenazada","Preocupación Menor (LC)","No CITES",NA
"L3483388","Soraypampa","https://ebird.org/hotspot/L3483388/bird-list","Mollepata","Anisognathus igniventris","Anisognathus igniventris (d'Orbigny & Lafresnaye, 1837)",15,2014,2023,"Passeriformes","Thraupidae","Tangara de Montaña de Vientre Escarlata","Scarlet-bellied Mountain Tanager","Residente","No Amenazada","Preocupación Menor (LC)","No CITES",FALSE
"L3483388","Soraypampa","https://ebird.org/hotspot/L3483388/bird-list","Mollepata","Myiotheretes striaticollis","Myiotheretes striaticollis (P.L.Sclater, 1853)",15,2011,2024,"Passeriformes","Tyrannidae","Ala-Rufa de Garganta Rayada","Streak-throated Bush-Tyrant","Residente","No Amenazada","Preocupación Menor (LC)","No CITES",FALSE
"L3483388","Soraypampa","https://ebird.org/hotspot/L3483388/bird-list","Mollepata","Oreotrochilus estella","Oreotrochilus estella (d'Orbigny, 1838)",15,2017,2026,"Apodiformes","Trochilidae","Estrella Andina","Andean Hillstar","Residente","No Amenazada","Preocupación Menor (LC)","No CITES",FALSE
"L3483388","Soraypampa","https://ebird.org/hotspot/L3483388/bird-list","Mollepata","Mecocerculus leucophrys","Mecocerculus leucophrys (Orbigny & Lafresnaye, 1837)",14,2011,2022,"Passeriformes","Tyrannidae","Tiranillo de Garganta Blanca","White-throated Tyrannulet","Residente","No Amenazada","Preocupación Menor (LC)","No CITES",FALSE
"L3483388","Soraypampa","https://ebird.org/hotspot/L3483388/bird-list","Mollepata","Nystalus chacuru","Nystalus chacuru (Vieillot, 1816)",14,2014,2022,"Galbuliformes","Bucconidae","Buco de Oreja Blanca","White-eared Puffbird","Residente","No Amenazada","Preocupación Menor (LC)","No CITES",FALSE
"L3483388","Soraypampa","https://ebird.org/hotspot/L3483388/bird-list","Mollepata","Scytalopus simonsi","Scytalopus simonsi Chubb, 1917",14,2014,2023,"Passeriformes","Rhinocryptidae","Tapaculo de la Puna","Puna Tapaculo","Residente","No Amenazada","Preocupación Menor (LC)","No CITES",FALSE
"L3483388","Soraypampa","https://ebird.org/hotspot/L3483388/bird-list","Mollepata","Aeronautes andecolus","Aeronautes andecolus (d'Orbigny & Lafresnaye, 1837)",13,2014,2021,"Apodiformes","Apodidae","Vencejo Andino","Andean Swift","Residente","No Amenazada","Preocupación Menor (LC)","No CITES",FALSE
"L3483388","Soraypampa","https://ebird.org/hotspot/L3483388/bird-list","Mollepata","Elaenia pallatangae","Elaenia pallatangae P.L.Sclater, 1862",13,2016,2022,"Passeriformes","Tyrannidae","Fío-Fío Serrano","Sierran Elaenia","Residente","No Amenazada","Preocupación Menor (LC)","No CITES",FALSE
"L3483388","Soraypampa","https://ebird.org/hotspot/L3483388/bird-list","Mollepata","Muscisaxicola juninensis","Muscisaxicola juninensis Taczanowski, 1884",13,2014,2024,"Passeriformes","Tyrannidae","Dormilona de la Puna","Puna Ground-Tyrant","Residente","No Amenazada","Preocupación Menor (LC)","No CITES",FALSE
"L3483388","Soraypampa","https://ebird.org/hotspot/L3483388/bird-list","Mollepata","Grallaria squamigera","Grallaria squamigera Prevost & Des Murs, 1842",12,2014,2023,"Passeriformes","Grallariidae","Tororoi Ondulado","Undulated Antpitta","Residente","No Amenazada","Preocupación Menor (LC)","No CITES",FALSE
"L3483388","Soraypampa","https://ebird.org/hotspot/L3483388/bird-list","Mollepata","Mecocerculus stictopterus","Mecocerculus stictopterus (P.L.Sclater, 1859)",12,2016,2022,"Passeriformes","Tyrannidae","Tiranillo de Ala Bandeada","White-banded Tyrannulet","Residente","No Amenazada","Preocupación Menor (LC)","No CITES",FALSE
"L3483388","Soraypampa","https://ebird.org/hotspot/L3483388/bird-list","Mollepata","Pyrrhomyias cinnamomeus","Pyrrhomyias cinnamomeus (Orbigny & Lafresnaye, 1837)",11,2011,2021,"Passeriformes","Tyrannidae","Mosquerito Canela","Cinnamon Flycatcher","Residente","No Amenazada","Preocupación Menor (LC)","No CITES",FALSE
"L3483388","Soraypampa","https://ebird.org/hotspot/L3483388/bird-list","Mollepata","Asthenes wyatti","Asthenes wyatti (P.L.Sclater & Salvin, 1871)",10,2014,2023,"Passeriformes","Furnariidae","Canastero de Dorso Rayado","Streak-backed Canastero","Residente","No Amenazada","Preocupación Menor (LC)","No CITES",FALSE
"L3483388","Soraypampa","https://ebird.org/hotspot/L3483388/bird-list","Mollepata","Muscisaxicola cinereus","Muscisaxicola cinereus Philippi & Landbeck, 1864",10,2014,2024,"Passeriformes","Tyrannidae","Dormilona Cinérea","Cinereous Ground-Tyrant","Migratorio","No Amenazada","Preocupación Menor (LC)","No CITES",FALSE
"L3483388","Soraypampa","https://ebird.org/hotspot/L3483388/bird-list","Mollepata","Porphyrospiza alaudina","Rhopospina alaudina (Kittlitz, 1833)",10,2017,2024,NA,NA,NA,NA,NA,"No Amenazada","Preocupación Menor (LC)","No CITES",NA
"L3483388","Soraypampa","https://ebird.org/hotspot/L3483388/bird-list","Mollepata","Anairetes flavirostris","Anairetes flavirostris P.L.Sclater & Salvin, 1876",9,2018,2023,"Passeriformes","Tyrannidae","Torito de Pico Amarillo","Yellow-billed Tit-Tyrant","Residente","No Amenazada","Preocupación Menor (LC)","No CITES",FALSE
"L3483388","Soraypampa","https://ebird.org/hotspot/L3483388/bird-list","Mollepata","Asthenes dorbignyi","Asthenes dorbignyi (Reichenbach, 1853)",9,2017,2023,"Passeriformes","Furnariidae","Canastero de Pecho Cremoso","Creamy-breasted Canastero","Residente","No Amenazada","Preocupación Menor (LC)","No CITES",FALSE
"L3483388","Soraypampa","https://ebird.org/hotspot/L3483388/bird-list","Mollepata","Elaenia albiceps","Elaenia albiceps (Orbigny & Lafresnaye, 1837)",9,2014,2024,"Passeriformes","Tyrannidae","Fío-Fío de Cresta Blanca","White-crested Elaenia","Residente","No Amenazada","Preocupación Menor (LC)","No CITES",FALSE
"L3483388","Soraypampa","https://ebird.org/hotspot/L3483388/bird-list","Mollepata","Eriocnemis luciani","Eriocnemis luciani (Bourcier, 1847)",9,2019,2024,"Apodiformes","Trochilidae","Calzadito de Cola Larga","Sapphire-vented Puffleg","Residente","No Amenazada","Preocupación Menor (LC)","No CITES",FALSE
"L3483388","Soraypampa","https://ebird.org/hotspot/L3483388/bird-list","Mollepata","Leptotila verreauxi","Leptotila verreauxi Bonaparte, 1855",9,2017,2021,"Columbiformes","Columbidae","Paloma de Puntas Blancas","White-tipped Dove","Residente","No Amenazada","Preocupación Menor (LC)","No CITES",FALSE
"L3483388","Soraypampa","https://ebird.org/hotspot/L3483388/bird-list","Mollepata","Nothoprocta pentlandii","Nothoprocta pentlandii (G.R.Gray, 1867)",9,2014,2019,"Tinamiformes","Tinamidae","Perdiz Andina","Andean Tinamou","Residente","No Amenazada","Preocupación Menor (LC)","No CITES",FALSE
"L3483388","Soraypampa","https://ebird.org/hotspot/L3483388/bird-list","Mollepata","Asthenes modesta","Asthenes modesta (Eyton, 1851)",8,2014,2024,"Passeriformes","Furnariidae","Canastero Cordillerano","Cordilleran Canastero","Residente","No Amenazada","Preocupación Menor (LC)","No CITES",FALSE
"L3483388","Soraypampa","https://ebird.org/hotspot/L3483388/bird-list","Mollepata","Bubulcus ibis","Ardea ibis Linnaeus, 1758",8,2018,2021,NA,NA,NA,NA,NA,"No Amenazada","Preocupación Menor (LC)","No CITES",NA
"L3483388","Soraypampa","https://ebird.org/hotspot/L3483388/bird-list","Mollepata","Catamenia homochroa","Catamenia homochroa P.L.Sclater, 1859",8,2014,2023,"Passeriformes","Thraupidae","Semillero Paramero","Paramo Seedeater","Residente","No Amenazada","Preocupación Menor (LC)","No CITES",FALSE
"L3483388","Soraypampa","https://ebird.org/hotspot/L3483388/bird-list","Mollepata","Megascops koepckeae","Megascops koepckeae (Hekstra, 1982)",8,2015,2019,"Strigiformes","Strigidae","Lechuza de Koepcke","Koepcke's Screech-Owl","Residente","No Amenazada","Preocupación Menor (LC)","No CITES",FALSE
"L3483388","Soraypampa","https://ebird.org/hotspot/L3483388/bird-list","Mollepata","Muscisaxicola griseus","Muscisaxicola griseus Taczanowski, 1884",7,2014,2023,"Passeriformes","Tyrannidae","Dormilona de Taczanowski","Taczanowski's Ground-Tyrant","Residente","No Amenazada","Preocupación Menor (LC)","No CITES",FALSE
"L3483388","Soraypampa","https://ebird.org/hotspot/L3483388/bird-list","Mollepata","Notiochelidon cyanoleuca","Pygochelidon cyanoleuca (Vieillot, 1817)",7,2018,2024,NA,NA,NA,NA,NA,"No Amenazada","Preocupación Menor (LC)","No CITES",NA
"L3483388","Soraypampa","https://ebird.org/hotspot/L3483388/bird-list","Mollepata","Theristicus melanopis","Theristicus branickii Berlepsch & Stolzmann, 1894",7,2017,2024,"Pelecaniformes","Threskiornithidae","Bandurria de Cara Negra","Black-faced Ibis","Residente","No Amenazada","Preocupación Menor (LC)","No CITES",FALSE
"L3483388","Soraypampa","https://ebird.org/hotspot/L3483388/bird-list","Mollepata","Cacicus chrysonotus","Cacicus chrysonotus (Lafresnaye & Orbigny, 1838)",6,2014,2022,"Passeriformes","Icteridae","Cacique Montañes","Mountain Cacique","Residente","No Amenazada","Preocupación Menor (LC)","No CITES",FALSE
"L3483388","Soraypampa","https://ebird.org/hotspot/L3483388/bird-list","Mollepata","Elliotomyia viridicauda","Elliotomyia viridicauda (von Berlepsch, 1883)",6,2017,2023,"Apodiformes","Trochilidae","Colibrí Verde y Blanco","Green-and-white Hummingbird","Endémico","No Amenazada","Preocupación Menor (LC)","No CITES",TRUE
"L3483388","Soraypampa","https://ebird.org/hotspot/L3483388/bird-list","Mollepata","Notiochelidon flavipes","Orochelidon flavipes (Chapman, 1922)",6,2023,2024,NA,NA,NA,NA,NA,"No Amenazada","Preocupación Menor (LC)","No CITES",NA
"L3483388","Soraypampa","https://ebird.org/hotspot/L3483388/bird-list","Mollepata","Spinus crassirostris","Spinus crassirostris (Landbeck, 1877)",6,2018,2023,"Passeriformes","Fringillidae","Jilguero de Pico Grueso","Thick-billed Siskin","Residente","No Amenazada","Preocupación Menor (LC)","No CITES",FALSE
"L3483388","Soraypampa","https://ebird.org/hotspot/L3483388/bird-list","Mollepata","Streptoprocne zonaris","Streptoprocne zonaris (Shaw, 1796)",6,2014,2023,"Apodiformes","Apodidae","Vencejo de Collar Blanco","White-collared Swift","Residente","No Amenazada","Preocupación Menor (LC)","No CITES",FALSE
"L3483388","Soraypampa","https://ebird.org/hotspot/L3483388/bird-list","Mollepata","Troglodytes solstitialis","Troglodytes solstitialis P.L.Sclater, 1859",6,2018,2024,"Passeriformes","Troglodytidae","Cucarachero Montañes","Mountain Wren","Residente","No Amenazada","Preocupación Menor (LC)","No CITES",FALSE
"L3483388","Soraypampa","https://ebird.org/hotspot/L3483388/bird-list","Mollepata","Buteo albigula","Buteo albigula Philippi, 1899",5,2017,2024,"Accipitriformes","Accipitridae","Aguilucho de Garganta Blanca","White-throated Hawk","Residente","No Amenazada","Preocupación Menor (LC)","No CITES",FALSE
"L3483388","Soraypampa","https://ebird.org/hotspot/L3483388/bird-list","Mollepata","Diglossa mystacalis","Diglossa mystacalis Lafresnaye, 1846",5,2011,2024,"Passeriformes","Thraupidae","Pinchaflor Bigotudo","Moustached Flowerpiercer","Residente","No Amenazada","Preocupación Menor (LC)","No CITES",FALSE
"L3483388","Soraypampa","https://ebird.org/hotspot/L3483388/bird-list","Mollepata","Glaucidium peruanum","Glaucidium peruanum C.König, 1991",5,2017,2021,"Strigiformes","Strigidae","Lechucita Peruana","Peruvian Pygmy-Owl","Residente","No Amenazada","Preocupación Menor (LC)","No CITES",FALSE
"L3483388","Soraypampa","https://ebird.org/hotspot/L3483388/bird-list","Mollepata","Lesbia nuna","Lesbia nuna (R.Lesson, 1832)",5,2015,2023,"Apodiformes","Trochilidae","Colibrí de Cola Larga Verde","Green-tailed Trainbearer","Residente","No Amenazada","Preocupación Menor (LC)","No CITES",FALSE
"L3483388","Soraypampa","https://ebird.org/hotspot/L3483388/bird-list","Mollepata","Merganetta armata","Merganetta armata Gould, 1842",5,2019,2022,"Anseriformes","Anatidae","Pato de los Torrentes","Torrent Duck","Residente","No Amenazada","Preocupación Menor (LC)","No CITES",FALSE
"L3483388","Soraypampa","https://ebird.org/hotspot/L3483388/bird-list","Mollepata","Metriopelia ceciliae","Metriopelia ceciliae (R.Lesson, 1845)",5,2014,2020,"Columbiformes","Columbidae","Tortolita Moteada","Bare-faced Ground Dove","Residente","No Amenazada","Preocupación Menor (LC)","No CITES",FALSE
"L3483388","Soraypampa","https://ebird.org/hotspot/L3483388/bird-list","Mollepata","Muscisaxicola albifrons","Muscisaxicola albifrons (Tschudi, 1844)",5,2014,2019,"Passeriformes","Tyrannidae","Dormilona de Frente Blanca","White-fronted Ground-Tyrant","Residente","No Amenazada","Preocupación Menor (LC)","No CITES",FALSE
"L3483388","Soraypampa","https://ebird.org/hotspot/L3483388/bird-list","Mollepata","Muscisaxicola albilora","Muscisaxicola albilora Lafresnaye, 1855",5,2017,2023,"Passeriformes","Tyrannidae","Dormilona de Ceja Blanca","White-browed Ground-Tyrant","Migratorio","No Amenazada","Preocupación Menor (LC)","No CITES",FALSE
"L3483388","Soraypampa","https://ebird.org/hotspot/L3483388/bird-list","Mollepata","Oreonympha nobilis","Oreonympha nobilis Gould, 1869",5,2014,2023,"Apodiformes","Trochilidae","Montañes Barbudo","Bearded Mountaineer","Endémico","No Amenazada","Preocupación Menor (LC)","No CITES",TRUE
"L3483388","Soraypampa","https://ebird.org/hotspot/L3483388/bird-list","Mollepata","Phalacrocorax brasilianus","Nannopterum brasilianum (J.F.Gmelin, 1789)",5,2020,2022,"Suliformes","Phalacrocoracidae","Cormorán Neotropical","Neotropic Cormorant","Residente","No Amenazada","Preocupación Menor (LC)","No CITES",FALSE
"L3483388","Soraypampa","https://ebird.org/hotspot/L3483388/bird-list","Mollepata","Sicalis olivascens","Sicalis olivascens (d'Orbigny & Lafresnaye, 1837)",5,2016,2022,"Passeriformes","Thraupidae","Chirigüe Verdoso","Greenish Yellow-Finch","Residente","No Amenazada","Preocupación Menor (LC)","No CITES",FALSE
"L3483388","Soraypampa","https://ebird.org/hotspot/L3483388/bird-list","Mollepata","Accipiter striatus","Accipiter striatus Vieillot, 1808",4,2014,2022,"Accipitriformes","Accipitridae","Gavilán Pajarero","Sharp-shinned Hawk","Residente","No Amenazada","Preocupación Menor (LC)","No CITES",FALSE
"L3483388","Soraypampa","https://ebird.org/hotspot/L3483388/bird-list","Mollepata","Anairetes alpinus","Anairetes alpinus (Carriker, 1933)",4,2023,2024,"Passeriformes","Tyrannidae","Torito de Pecho Cenizo","Ash-breasted Tit-Tyrant","Residente","En Peligro Crítico (CR)","Vulnerable (VU)","No CITES",FALSE
"L3483388","Soraypampa","https://ebird.org/hotspot/L3483388/bird-list","Mollepata","Conirostrum binghami","Conirostrum binghami (Chapman, 1919)",4,2011,2022,"Passeriformes","Thraupidae","Pico-de-Cono Gigante","Giant Conebill","Residente","No Amenazada","Casi Amenazada (NT)","No CITES",FALSE
"L3483388","Soraypampa","https://ebird.org/hotspot/L3483388/bird-list","Mollepata","Leptasthenura yanacensis","Sylviorthorhynchus yanacensis (Carriker, 1933)",4,2023,2024,NA,NA,NA,NA,NA,"No Amenazada","Preocupación Menor (LC)","No CITES",NA
"L3483388","Soraypampa","https://ebird.org/hotspot/L3483388/bird-list","Mollepata","Margarornis squamiger","Margarornis squamiger (Orbigny & Lafresnaye, 1838)",4,2011,2023,"Passeriformes","Furnariidae","Subepalo Perlado","Pearled Treerunner","Residente","No Amenazada","Preocupación Menor (LC)","No CITES",FALSE
"L3483388","Soraypampa","https://ebird.org/hotspot/L3483388/bird-list","Mollepata","Muscisaxicola flavinucha","Muscisaxicola flavinucha Lafresnaye, 1855",4,2017,2023,"Passeriformes","Tyrannidae","Dormilona de Nuca Ocrácea","Ochre-naped Ground-Tyrant","Migratorio","No Amenazada","Preocupación Menor (LC)","No CITES",FALSE
"L3483388","Soraypampa","https://ebird.org/hotspot/L3483388/bird-list","Mollepata","Rhopospina fruticeti","Rhopospina fruticeti (Kittlitz, 1833)",4,2015,2022,"Passeriformes","Thraupidae","Fringilo de Pecho Negro","Mourning Sierra Finch","Residente","No Amenazada","Preocupación Menor (LC)","No CITES",FALSE
"L3483388","Soraypampa","https://ebird.org/hotspot/L3483388/bird-list","Mollepata","Sicalis uropigyalis","Sicalis uropigyalis (d'Orbigny & Lafresnaye, 1837)",4,2019,2024,NA,NA,NA,NA,NA,"No Amenazada","Preocupación Menor (LC)","No CITES",NA
"L3483388","Soraypampa","https://ebird.org/hotspot/L3483388/bird-list","Mollepata","Spinus olivaceus","Spinus olivaceus von Berlepsch & Stolzmann, 1894",4,2017,2018,"Passeriformes","Fringillidae","Jilguero Oliváceo","Olivaceous Siskin","Residente","No Amenazada","Preocupación Menor (LC)","No CITES",FALSE
"L3483388","Soraypampa","https://ebird.org/hotspot/L3483388/bird-list","Mollepata","Synallaxis azarae","Synallaxis azarae Orbigny, 1835",4,2019,2024,"Passeriformes","Furnariidae","Cola-Espina de Azara","Azara's Spinetail","Residente","No Amenazada","Preocupación Menor (LC)","No CITES",FALSE
"L3483388","Soraypampa","https://ebird.org/hotspot/L3483388/bird-list","Mollepata","Systellura longirostris","Systellura longirostris (Bonaparte, 1825)",4,2014,2022,"Caprimulgiformes","Caprimulgidae","Chotacabras de Ala Bandeada","Band-winged Nightjar","Residente","No Amenazada","Preocupación Menor (LC)","No CITES",FALSE
"L3483388","Soraypampa","https://ebird.org/hotspot/L3483388/bird-list","Mollepata","Turdus serranus","Turdus serranus Tschudi, 1844",4,2019,2023,"Passeriformes","Turdidae","Zorzal Negro-Brilloso","Glossy-black Thrush","Residente","No Amenazada","Preocupación Menor (LC)","No CITES",FALSE
"L3483388","Soraypampa","https://ebird.org/hotspot/L3483388/bird-list","Mollepata","Asthenes urubambensis","Asthenes urubambensis (Chapman, 1919)",3,2019,2019,"Passeriformes","Furnariidae","Canastero de Frente Listada","Line-fronted Canastero","Residente","No Amenazada","Casi Amenazada (NT)","No CITES",FALSE
"L3483388","Soraypampa","https://ebird.org/hotspot/L3483388/bird-list","Mollepata","Bombus funebris","Bombus funebris Smith, 1854",3,2022,2025,NA,NA,NA,NA,NA,"No Amenazada","Preocupación Menor (LC)","No CITES",NA
"L3483388","Soraypampa","https://ebird.org/hotspot/L3483388/bird-list","Mollepata","Cistothorus platensis","Cistothorus platensis (Latham, 1790)",3,2021,2024,"Passeriformes","Troglodytidae","Cucarachero Sabanero","Grass Wren","Residente","No Amenazada","Preocupación Menor (LC)","No CITES",FALSE
"L3483388","Soraypampa","https://ebird.org/hotspot/L3483388/bird-list","Mollepata","Falco peregrinus","Falco peregrinus Tunstall, 1771",3,2016,2018,"Falconiformes","Falconidae","Halcón Peregrino","Peregrine Falcon","Residente","Casi Amenazado (NT)","Preocupación Menor (LC)","Apéndice I",FALSE
"L3483388","Soraypampa","https://ebird.org/hotspot/L3483388/bird-list","Mollepata","Haplophaedia assimilis","Haplophaedia assimilis (D.G.Elliot, 1876)",3,2014,2023,"Apodiformes","Trochilidae","Calzadito de Muslo Anteado","Buff-thighed Puffleg","Residente","No Amenazada","Preocupación Menor (LC)","No CITES",FALSE
"L3483388","Soraypampa","https://ebird.org/hotspot/L3483388/bird-list","Mollepata","Haplospiza rustica","Haplospiza rustica (Tschudi, 1844)",3,2018,2024,"Passeriformes","Thraupidae","Fringilo Pizarroso","Slaty Finch","Residente","No Amenazada","Preocupación Menor (LC)","No CITES",FALSE
"L3483388","Soraypampa","https://ebird.org/hotspot/L3483388/bird-list","Mollepata","Lessonia oreas","Lessonia oreas (P.L.Sclater & Salvin, 1869)",3,2018,2018,"Passeriformes","Tyrannidae","Negrito Andino","Andean Negrito","Residente","No Amenazada","Preocupación Menor (LC)","No CITES",FALSE
"L3483388","Soraypampa","https://ebird.org/hotspot/L3483388/bird-list","Mollepata","Muscisaxicola maculirostris","Muscisaxicola maculirostris Orbigny & Lafresnaye, 1837",3,2014,2021,"Passeriformes","Tyrannidae","Dormilona Chica","Spot-billed Ground-Tyrant","Residente","No Amenazada","Preocupación Menor (LC)","No CITES",FALSE
"L3483388","Soraypampa","https://ebird.org/hotspot/L3483388/bird-list","Mollepata","Myioborus melanocephalus","Myioborus melanocephalus (Tschudi, 1844)",3,2011,2023,"Passeriformes","Parulidae","Candelita de Anteojos","Spectacled Redstart","Residente","No Amenazada","Preocupación Menor (LC)","No CITES",FALSE
"L3483388","Soraypampa","https://ebird.org/hotspot/L3483388/bird-list","Mollepata","Myiotheretes fumigatus","Myiotheretes fumigatus (Boissonneau, 1840)",3,2023,2024,"Passeriformes","Tyrannidae","Ala-Rufa Ahumado","Smoky Bush-Tyrant","Residente","No Amenazada","Preocupación Menor (LC)","No CITES",FALSE
"L3483388","Soraypampa","https://ebird.org/hotspot/L3483388/bird-list","Mollepata","Myiotheretes fuscorufus","Myiotheretes fuscorufus (P.L.Sclater & Salvin, 1876)",3,2021,2023,"Passeriformes","Tyrannidae","Ala-Rufa de Vientre Rufo","Rufous-bellied Bush-Tyrant","Residente","No Amenazada","Preocupación Menor (LC)","No CITES",FALSE
"L3483388","Soraypampa","https://ebird.org/hotspot/L3483388/bird-list","Mollepata","Penelope montagnii","Penelope montagnii (Bonaparte, 1856)",3,2014,2021,"Galliformes","Cracidae","Pava Andina","Andean Guan","Residente","No Amenazada","Preocupación Menor (LC)","No CITES",FALSE
"L3483388","Soraypampa","https://ebird.org/hotspot/L3483388/bird-list","Mollepata","Schizoeaca helleri","Asthenes helleri (Chapman, 1923)",3,2018,2019,NA,NA,NA,NA,NA,"No Amenazada","Preocupación Menor (LC)","No CITES",NA
"L3483388","Soraypampa","https://ebird.org/hotspot/L3483388/bird-list","Mollepata","Spatula puna","Spatula puna (Tschudi, 1844)",3,2013,2022,"Anseriformes","Anatidae","Pato de la Puna","Puna Teal","Residente","No Amenazada","Preocupación Menor (LC)","No CITES",FALSE
"L3483388","Soraypampa","https://ebird.org/hotspot/L3483388/bird-list","Mollepata","Sporathraupis cyanocephala","Sporathraupis cyanocephala (d'Orbigny & Lafresnaye, 1837)",3,2019,2023,"Passeriformes","Thraupidae","Tangara de Gorro Azul","Blue-capped Tanager","Residente","No Amenazada","Preocupación Menor (LC)","No CITES",FALSE
"L3483388","Soraypampa","https://ebird.org/hotspot/L3483388/bird-list","Mollepata","Tangara vassorii","Tangara vassorii (Boissonneau, 1840)",3,2022,2023,"Passeriformes","Thraupidae","Tangara Azul y Negra","Blue-and-black Tanager","Residente","No Amenazada","Preocupación Menor (LC)","No CITES",FALSE
"L3483388","Soraypampa","https://ebird.org/hotspot/L3483388/bird-list","Mollepata","Veniliornis nigriceps","Dryobates nigriceps (d'Orbigny, 1841)",3,2015,2019,NA,NA,NA,NA,NA,"No Amenazada","Preocupación Menor (LC)","No CITES",NA
"L3483388","Soraypampa","https://ebird.org/hotspot/L3483388/bird-list","Mollepata","Vireo olivaceus","Vireo chivi (Vieillot, 1817)",3,2019,2022,"Passeriformes","Vireonidae","Víreo de Ojo Rojo","Red-eyed Vireo","Migratorio","No Amenazada","Preocupación Menor (LC)","No CITES",FALSE
"L3483388","Soraypampa","https://ebird.org/hotspot/L3483388/bird-list","Mollepata","Anairetes agraphia","Uromyias agraphia (Chapman, 1919)",2,2023,2023,NA,NA,NA,NA,NA,"No Amenazada","Preocupación Menor (LC)","No CITES",NA
"L3483388","Soraypampa","https://ebird.org/hotspot/L3483388/bird-list","Mollepata","Boissonneaua matthewsii","Boissonneaua matthewsii (Bourcier, 1847)",2,2019,2019,"Apodiformes","Trochilidae","Colibrí de Pecho Castaño","Chestnut-breasted Coronet","Residente","No Amenazada","Preocupación Menor (LC)","No CITES",FALSE
"L3483388","Soraypampa","https://ebird.org/hotspot/L3483388/bird-list","Mollepata","Bubo magellanicus","Bubo magellanicus (R.Lesson, 1828)",2,2022,2022,"Strigiformes","Strigidae","Búho de Magallanes","Magellanic Horned Owl","Residente","No Amenazada","Preocupación Menor (LC)","No CITES",FALSE
"L3483388","Soraypampa","https://ebird.org/hotspot/L3483388/bird-list","Mollepata","Buthraupis montana","Buthraupis montana (d'Orbigny & Lafresnaye, 1837)",2,2021,2021,"Passeriformes","Thraupidae","Tangara de Montaña Encapuchada","Hooded Mountain Tanager","Residente","No Amenazada","Preocupación Menor (LC)","No CITES",FALSE
"L3483388","Soraypampa","https://ebird.org/hotspot/L3483388/bird-list","Mollepata","Campephilus haematogaster","Campephilus haematogaster (Tschudi, 1844)",2,2021,2021,"Piciformes","Picidae","Carpintero de Vientre Rojo","Crimson-bellied Woodpecker","Residente","No Amenazada","Preocupación Menor (LC)","No CITES",FALSE
"L3483388","Soraypampa","https://ebird.org/hotspot/L3483388/bird-list","Mollepata","Chaetocercus mulsant","Chaetocercus mulsant (Bourcier, 1843)",2,2023,2024,"Apodiformes","Trochilidae","Estrellita de Vientre Blanco","White-bellied Woodstar","Residente","No Amenazada","Preocupación Menor (LC)","No CITES",FALSE
"L3483388","Soraypampa","https://ebird.org/hotspot/L3483388/bird-list","Mollepata","Coeligena torquata","Coeligena torquata (Boissonneau, 1840)",2,2019,2022,"Apodiformes","Trochilidae","Inca Acollarado","Collared Inca","Residente","No Amenazada","Preocupación Menor (LC)","No CITES",FALSE
"L3483388","Soraypampa","https://ebird.org/hotspot/L3483388/bird-list","Mollepata","Diglossa cyanea","Diglossa cyanea (Lafresnaye, 1840)",2,2022,2023,"Passeriformes","Thraupidae","Pinchaflor Enmascarado Canor","Warbling Masked-Flowerpiercer","Residente","No Amenazada","Preocupación Menor (LC)","No CITES",FALSE
"L3483388","Soraypampa","https://ebird.org/hotspot/L3483388/bird-list","Mollepata","Elaenia obscura","Elaenia obscura (Orbigny & Lafresnaye, 1837)",2,2019,2019,"Passeriformes","Tyrannidae","Fío-Fío Oscuro","Highland Elaenia","Residente","No Amenazada","Preocupación Menor (LC)","No CITES",FALSE
"L3483388","Soraypampa","https://ebird.org/hotspot/L3483388/bird-list","Mollepata","Lepidocolaptes lacrymiger","Lepidocolaptes lacrymiger (Des Murs, 1849)",2,2014,2019,"Passeriformes","Furnariidae","Trepador Montano","Montane Woodcreeper","Residente","No Amenazada","Preocupación Menor (LC)","No CITES",FALSE
"L3483388","Soraypampa","https://ebird.org/hotspot/L3483388/bird-list","Mollepata","Nothoprocta taczanowskii","Nothoprocta taczanowskii P.L.Sclater & Salvin, 1875",2,2021,2022,"Tinamiformes","Tinamidae","Perdiz de Taczanowski","Taczanowski's Tinamou","Residente","No Amenazada","Vulnerable (VU)","No CITES",FALSE
"L3483388","Soraypampa","https://ebird.org/hotspot/L3483388/bird-list","Mollepata","Pachyramphus validus","Pachyramphus validus (Lichtenstein, 1823)",2,2016,2019,"Passeriformes","Tityridae","Cabezón Crestado","Crested Becard","Residente","No Amenazada","Preocupación Menor (LC)","No CITES",FALSE
"L3483388","Soraypampa","https://ebird.org/hotspot/L3483388/bird-list","Mollepata","Sporophila luctuosa","Sporophila luctuosa (Lafresnaye, 1843)",2,2019,2019,"Passeriformes","Thraupidae","Espiguero Negro y Blanco","Black-and-white Seedeater","Residente","No Amenazada","Preocupación Menor (LC)","No CITES",FALSE
"L3483388","Soraypampa","https://ebird.org/hotspot/L3483388/bird-list","Mollepata","Xenops genibarbis","Xenops genibarbis Illiger, 1811",2,2015,2015,"Passeriformes","Furnariidae","Pico-Lezna Amazónico","Amazonian Plain-Xenops","Residente","No Amenazada","Preocupación Menor (LC)","No CITES",FALSE
"L3483388","Soraypampa","https://ebird.org/hotspot/L3483388/bird-list","Mollepata","Agriornis andicola","Agriornis albicauda (Philippi & Landbeck, 1863)",1,2018,2018,NA,NA,NA,NA,NA,"No Amenazada","Preocupación Menor (LC)","No CITES",NA
"L3483388","Soraypampa","https://ebird.org/hotspot/L3483388/bird-list","Mollepata","Ancognatha scarabaeoides","Ancognatha scarabaeoides Erichson, 1847",1,2026,2026,NA,NA,NA,NA,NA,"No Amenazada","Preocupación Menor (LC)","No CITES",NA
"L3483388","Soraypampa","https://ebird.org/hotspot/L3483388/bird-list","Mollepata","Anthus bogotensis","Anthus bogotensis P.L.Sclater, 1855",1,2023,2023,"Passeriformes","Motacillidae","Cachirla del Páramo","Paramo Pipit","Residente","No Amenazada","Preocupación Menor (LC)","No CITES",FALSE
"L3483388","Soraypampa","https://ebird.org/hotspot/L3483388/bird-list","Mollepata","Arremon brunneinucha","Arremon brunneinucha (Lafresnaye, 1839)",1,2021,2021,"Passeriformes","Passerellidae","Matorralero de Gorro Castaño","Chestnut-capped Brushfinch","Residente","No Amenazada","Preocupación Menor (LC)","No CITES",FALSE
"L3483388","Soraypampa","https://ebird.org/hotspot/L3483388/bird-list","Mollepata","Asemospiza obscura","Asemospiza obscura (d'Orbigny & Lafresnaye, 1837)",1,2024,2024,"Passeriformes","Thraupidae","Semillero Pardo","Dull-colored Grassquit","Residente","No Amenazada","Preocupación Menor (LC)","No CITES",FALSE
"L3483388","Soraypampa","https://ebird.org/hotspot/L3483388/bird-list","Mollepata","Caracara plancus","Caracara plancus (J.F.Miller, 1777)",1,2018,2018,"Falconiformes","Falconidae","Caracara Crestado","Crested Caracara","Residente","No Amenazada","Preocupación Menor (LC)","No CITES",FALSE
"L3483388","Soraypampa","https://ebird.org/hotspot/L3483388/bird-list","Mollepata","Catamblyrhynchus diadema","Catamblyrhynchus diadema Lafresnaye, 1842",1,2021,2021,"Passeriformes","Thraupidae","Gorro Afelpado","Plushcap","Residente","No Amenazada","Preocupación Menor (LC)","No CITES",FALSE
"L3483388","Soraypampa","https://ebird.org/hotspot/L3483388/bird-list","Mollepata","Cathartes aura","Cathartes aura (Linnaeus, 1758)",1,2018,2018,"Cathartiformes","Cathartidae","Gallinazo de Cabeza Roja","Turkey Vulture","Residente","No Amenazada","Preocupación Menor (LC)","No CITES",FALSE
"L3483388","Soraypampa","https://ebird.org/hotspot/L3483388/bird-list","Mollepata","Catharus ustulatus","Catharus ustulatus (Nuttall, 1840)",1,2018,2018,"Passeriformes","Turdidae","Zorzal de Swainson","Swainson's Thrush","Migratorio","No Amenazada","Preocupación Menor (LC)","No CITES",FALSE
"L3483388","Soraypampa","https://ebird.org/hotspot/L3483388/bird-list","Mollepata","Cinclodes aricomae","Cinclodes aricomae (Carriker, 1932)",1,2023,2023,"Passeriformes","Furnariidae","Churrete Real","Royal Cinclodes","Residente","En Peligro Crítico (CR)","En Peligro (EN)","No CITES",FALSE
"L3483388","Soraypampa","https://ebird.org/hotspot/L3483388/bird-list","Mollepata","Coeligena coeligena","Coeligena coeligena (R.Lesson, 1833)",1,2019,2019,"Apodiformes","Trochilidae","Inca Bronceado","Bronzy Inca","Residente","No Amenazada","Preocupación Menor (LC)","No CITES",FALSE
"L3483388","Soraypampa","https://ebird.org/hotspot/L3483388/bird-list","Mollepata","Conirostrum albifrons","Conirostrum albifrons Lafresnaye, 1842",1,2023,2023,"Passeriformes","Thraupidae","Pico-de-Cono Coronado","Capped Conebill","Residente","No Amenazada","Preocupación Menor (LC)","No CITES",FALSE
"L3483388","Soraypampa","https://ebird.org/hotspot/L3483388/bird-list","Mollepata","Conirostrum sitticolor","Conirostrum sitticolor Lafresnaye, 1840",1,2023,2023,"Passeriformes","Thraupidae","Pico-de-Cono de Dorso Azul","Blue-backed Conebill","Residente","No Amenazada","Preocupación Menor (LC)","No CITES",FALSE
"L3483388","Soraypampa","https://ebird.org/hotspot/L3483388/bird-list","Mollepata","Conirostrum speciosum","Conirostrum speciosum (Temminck, 1824)",1,2024,2024,"Passeriformes","Thraupidae","Pico-de-Cono de Subcaudales Castañas","Chestnut-vented Conebill","Residente","No Amenazada","Preocupación Menor (LC)","No CITES",FALSE
"L3483388","Soraypampa","https://ebird.org/hotspot/L3483388/bird-list","Mollepata","Coragyps atratus","Coragyps atratus (Bechstein, 1793)",1,2014,2014,"Cathartiformes","Cathartidae","Gallinazo de Cabeza Negra","Black Vulture","Residente","No Amenazada","Preocupación Menor (LC)","No CITES",FALSE
"L3483388","Soraypampa","https://ebird.org/hotspot/L3483388/bird-list","Mollepata","Cranioleuca marcapatae","Cranioleuca marcapatae Zimmer, 1935",1,2019,2019,"Passeriformes","Furnariidae","Cola-Espina de Marcapata","Marcapata Spinetail","Endémico","No Amenazada","Preocupación Menor (LC)","No CITES",TRUE
"L3483388","Soraypampa","https://ebird.org/hotspot/L3483388/bird-list","Mollepata","Creurgops dentatus","Creurgops dentatus (P.L.Sclater & Salvin, 1876)",1,2021,2021,"Passeriformes","Thraupidae","Tangara Pizarrosa","Slaty Tanager","Residente","No Amenazada","Preocupación Menor (LC)","No CITES",FALSE
"L3483388","Soraypampa","https://ebird.org/hotspot/L3483388/bird-list","Mollepata","Dacnis cayana","Dacnis cayana (Linnaeus, 1766)",1,2022,2022,"Passeriformes","Thraupidae","Dacnis Azul","Blue Dacnis","Residente","No Amenazada","Preocupación Menor (LC)","No CITES",FALSE
"L3483388","Soraypampa","https://ebird.org/hotspot/L3483388/bird-list","Mollepata","Diglossa caerulescens","Diglossa caerulescens (P.L.Sclater, 1856)",1,2022,2022,"Passeriformes","Thraupidae","Pinchaflor Azulado","Bluish Flowerpiercer","Residente","No Amenazada","Preocupación Menor (LC)","No CITES",FALSE
"L3483388","Soraypampa","https://ebird.org/hotspot/L3483388/bird-list","Mollepata","Drymophila striaticeps","Drymophila striaticeps Chapman, 1912",1,2021,2021,"Passeriformes","Thamnophilidae","Hormiguero de Cabeza Rayada","Streak-headed Antbird","Residente","No Amenazada","Preocupación Menor (LC)","No CITES",FALSE
"L3483388","Soraypampa","https://ebird.org/hotspot/L3483388/bird-list","Mollepata","Dubusia castaneoventris","Dubusia castaneoventris (P.L.Sclater, 1851)",1,2023,2023,"Passeriformes","Thraupidae","Tangara de Montaña de Vientre Castaño","Chestnut-bellied Mountain Tanager","Residente","No Amenazada","Preocupación Menor (LC)","No CITES",FALSE
"L3483388","Soraypampa","https://ebird.org/hotspot/L3483388/bird-list","Mollepata","Empidonomus aurantioatrocristatus","Empidonomus aurantioatrocristatus (Orbigny & Lafresnaye, 1837)",1,2018,2018,"Passeriformes","Tyrannidae","Mosquero-Pizarroso Coronado","Crowned Slaty Flycatcher","Migratorio","No Amenazada","Preocupación Menor (LC)","No CITES",FALSE
"L3483388","Soraypampa","https://ebird.org/hotspot/L3483388/bird-list","Mollepata","Falco rufigularis","Falco rufigularis Daudin, 1800",1,2024,2024,"Falconiformes","Falconidae","Halcón Caza Murciélagos","Bat Falcon","Residente","No Amenazada","Preocupación Menor (LC)","No CITES",FALSE
"L3483388","Soraypampa","https://ebird.org/hotspot/L3483388/bird-list","Mollepata","Gallinago andina","Gallinago andina Taczanowski, 1875",1,2013,2013,"Charadriiformes","Scolopacidae","Becasina de la Puna","Puna Snipe","Residente","No Amenazada","Preocupación Menor (LC)","No CITES",FALSE
"L3483388","Soraypampa","https://ebird.org/hotspot/L3483388/bird-list","Mollepata","Geositta cunicularia","Geositta cunicularia (Vieillot, 1816)",1,2014,2014,"Passeriformes","Furnariidae","Minero Común","Common Miner","Residente","No Amenazada","Preocupación Menor (LC)","No CITES",FALSE
"L3483388","Soraypampa","https://ebird.org/hotspot/L3483388/bird-list","Mollepata","Henicorhina leucophrys","Henicorhina leucophrys (Tschudi, 1844)",1,2014,2014,"Passeriformes","Troglodytidae","Cucarachero-Montés de Pecho Gris","Gray-breasted Wood-Wren","Residente","No Amenazada","Preocupación Menor (LC)","No CITES",FALSE
"L3483388","Soraypampa","https://ebird.org/hotspot/L3483388/bird-list","Mollepata","Hirundo rustica","Hirundo rustica Linnaeus, 1758",1,2018,2018,"Passeriformes","Hirundinidae","Golondrina Tijereta","Barn Swallow","Migratorio","No Amenazada","Preocupación Menor (LC)","No CITES",FALSE
"L3483388","Soraypampa","https://ebird.org/hotspot/L3483388/bird-list","Mollepata","Junonia vestina","Junonia vestina",1,2024,2024,NA,NA,NA,NA,NA,"No Amenazada","Preocupación Menor (LC)","No CITES",NA
"L3483388","Soraypampa","https://ebird.org/hotspot/L3483388/bird-list","Mollepata","Kleinothraupis parodii","Kleinothraupis parodii (Weske & Terborgh, 1974)",1,2014,2014,"Passeriformes","Thraupidae","Hemispingo de Parodi","Parodi's Hemispingus","Endémico","No Amenazada","Casi Amenazada (NT)","No CITES",TRUE
"L3483388","Soraypampa","https://ebird.org/hotspot/L3483388/bird-list","Mollepata","Lagidium viscacia","Lagidium viscacia (Molina, 1782)",1,2026,2026,NA,NA,NA,NA,NA,"No Amenazada","Preocupación Menor (LC)","No CITES",NA
"L3483388","Soraypampa","https://ebird.org/hotspot/L3483388/bird-list","Mollepata","Myioborus miniatus","Myioborus miniatus (Swainson, 1827)",1,2023,2023,"Passeriformes","Parulidae","Candelita de Garganta Plomiza","Slate-throated Redstart","Residente","No Amenazada","Preocupación Menor (LC)","No CITES",FALSE
"L3483388","Soraypampa","https://ebird.org/hotspot/L3483388/bird-list","Mollepata","Myiophobus fasciatus","Myiophobus fasciatus (Statius Muller, 1776)",1,2018,2018,"Passeriformes","Tyrannidae","Mosquerito de Pecho Rayado","Bran-colored Flycatcher","Residente","No Amenazada","Preocupación Menor (LC)","No CITES",FALSE
"L3483388","Soraypampa","https://ebird.org/hotspot/L3483388/bird-list","Mollepata","Myiothlypis luteoviridis","Myiothlypis luteoviridis (Bonaparte, 1845)",1,2023,2023,"Passeriformes","Parulidae","Reinita Citrina","Citrine Warbler","Residente","No Amenazada","Preocupación Menor (LC)","No CITES",FALSE
"L3483388","Soraypampa","https://ebird.org/hotspot/L3483388/bird-list","Mollepata","Myiothlypis signata","Myiothlypis signata (von Berlepsch & Stolzmann, 1906)",1,2018,2018,"Passeriformes","Parulidae","Reinita de Pata Pálida","Pale-legged Warbler","Residente","No Amenazada","Preocupación Menor (LC)","No CITES",FALSE
"L3483388","Soraypampa","https://ebird.org/hotspot/L3483388/bird-list","Mollepata","Odocoileus virginianus","Odocoileus virginianus peruvianus (Gray, 1874)",1,2022,2022,NA,NA,NA,NA,NA,"No Amenazada","Preocupación Menor (LC)","No CITES",NA
"L3483388","Soraypampa","https://ebird.org/hotspot/L3483388/bird-list","Mollepata","Phacellodomus striaticeps","Phacellodomus striaticeps (Orbigny & Lafresnaye, 1838)",1,2014,2014,"Passeriformes","Furnariidae","Espinero de Frente Rayada","Streak-fronted Thornbird","Residente","No Amenazada","Preocupación Menor (LC)","No CITES",FALSE
"L3483388","Soraypampa","https://ebird.org/hotspot/L3483388/bird-list","Mollepata","Riparia riparia","Riparia riparia (Linnaeus, 1758)",1,2018,2018,"Passeriformes","Hirundinidae","Golondrina Ribereña","Bank Swallow","Migratorio","No Amenazada","Preocupación Menor (LC)","No CITES",FALSE
"L3483388","Soraypampa","https://ebird.org/hotspot/L3483388/bird-list","Mollepata","Rupornis magnirostris","Rupornis magnirostris (Gmelin, 1788)",1,2024,2024,"Accipitriformes","Accipitridae","Aguilucho Caminero","Roadside Hawk","Residente","No Amenazada","Preocupación Menor (LC)","No CITES",FALSE
"L3483388","Soraypampa","https://ebird.org/hotspot/L3483388/bird-list","Mollepata","Sayornis nigricans","Sayornis nigricans (Swainson, 1827)",1,2015,2015,"Passeriformes","Tyrannidae","Mosquero de Agua","Black Phoebe","Residente","No Amenazada","Preocupación Menor (LC)","No CITES",FALSE
"L3483388","Soraypampa","https://ebird.org/hotspot/L3483388/bird-list","Mollepata","Scytalopus atratus","Scytalopus atratus Hellmayr, 1922",1,2019,2019,"Passeriformes","Rhinocryptidae","Tapaculo de Corona Blanca","White-crowned Tapaculo","Residente","No Amenazada","Preocupación Menor (LC)","No CITES",FALSE
"L3483388","Soraypampa","https://ebird.org/hotspot/L3483388/bird-list","Mollepata","Scytalopus schulenbergi","Scytalopus schulenbergi B.M.Whitney, 1994",1,2023,2023,"Passeriformes","Rhinocryptidae","Tapaculo Diademado","Diademed Tapaculo","Residente","No Amenazada","Preocupación Menor (LC)","No CITES",FALSE
"L3483388","Soraypampa","https://ebird.org/hotspot/L3483388/bird-list","Mollepata","Spatula cyanoptera","Spatula cyanoptera (Vieillot, 1816)",1,2023,2023,"Anseriformes","Anatidae","Pato Colorado","Cinnamon Teal","Residente","No Amenazada","Preocupación Menor (LC)","No CITES",FALSE
"L3483388","Soraypampa","https://ebird.org/hotspot/L3483388/bird-list","Mollepata","Sporophila caerulescens","Sporophila caerulescens (Vieillot, 1823)",1,2023,2023,"Passeriformes","Thraupidae","Espiguero Doble Acollarado","Double-collared Seedeater","Migratorio","No Amenazada","Preocupación Menor (LC)","No CITES",FALSE
"L3483388","Soraypampa","https://ebird.org/hotspot/L3483388/bird-list","Mollepata","Sporophila nigricollis","Sporophila nigricollis (Vieillot, 1823)",1,2023,2023,"Passeriformes","Thraupidae","Espiguero de Vientre Amarillo","Yellow-bellied Seedeater","Residente","No Amenazada","Preocupación Menor (LC)","No CITES",FALSE
"L3483388","Soraypampa","https://ebird.org/hotspot/L3483388/bird-list","Mollepata","Streptoprocne rutila","Streptoprocne rutila (Vieillot, 1817)",1,2014,2014,"Apodiformes","Apodidae","Vencejo de Cuello Castaño","Chestnut-collared Swift","Residente","No Amenazada","Preocupación Menor (LC)","No CITES",FALSE
"L3483388","Soraypampa","https://ebird.org/hotspot/L3483388/bird-list","Mollepata","Tapera naevia","Tapera naevia (Linnaeus, 1766)",1,2023,2023,"Cuculiformes","Cuculidae","Cuclillo Listado","Striped Cuckoo","Residente","No Amenazada","Preocupación Menor (LC)","No CITES",FALSE
"L3483388","Soraypampa","https://ebird.org/hotspot/L3483388/bird-list","Mollepata","Tremarctos ornatus","Tremarctos ornatus (F.G.Cuvier, 1825)",1,2017,2017,NA,NA,NA,NA,NA,"No Amenazada","Vulnerable (VU)","No CITES",NA
"L3483388","Soraypampa","https://ebird.org/hotspot/L3483388/bird-list","Mollepata","Tyrannus melancholicus","Tyrannus melancholicus Vieillot, 1819",1,2014,2014,"Passeriformes","Tyrannidae","Tirano Tropical","Tropical Kingbird","Residente","No Amenazada","Preocupación Menor (LC)","No CITES",FALSE
"L3483388","Soraypampa","https://ebird.org/hotspot/L3483388/bird-list","Mollepata","Vanellus chilensis","Vanellus chilensis (Molina, 1782)",1,2024,2024,"Charadriiformes","Charadriidae","Avefría Tero","Southern Lapwing","Residente","No Amenazada","Preocupación Menor (LC)","No CITES",FALSE
"L3483388","Soraypampa","https://ebird.org/hotspot/L3483388/bird-list","Mollepata","Vanessa braziliensis","Vanessa braziliensis (Moore, 1883)",1,2022,2022,NA,NA,NA,NA,NA,"No Amenazada","Preocupación Menor (LC)","No CITES",NA
"L3483388","Soraypampa","https://ebird.org/hotspot/L3483388/bird-list","Mollepata","Vicugna pacos","Lama pacos (Linnaeus, 1758)",1,2025,2025,NA,NA,NA,NA,NA,"No Amenazada","Preocupación Menor (LC)","No CITES",NA
"L3483388","Soraypampa","https://ebird.org/hotspot/L3483388/bird-list","Mollepata","Xenops rutilans","Xenops rutilans Temminck, 1821",1,2019,2019,"Passeriformes","Furnariidae","Pico-Lezna Rayado","Streaked Xenops","Residente","No Amenazada","Preocupación Menor (LC)","No CITES",FALSE
"L5065724","Yoga Limatambo Hotel","https://ebird.org/hotspot/L5065724/bird-list","Limatambo","Leptotila verreauxi","Leptotila verreauxi Bonaparte, 1855",60,2016,2024,"Columbiformes","Columbidae","Paloma de Puntas Blancas","White-tipped Dove","Residente","No Amenazada","Preocupación Menor (LC)","No CITES",FALSE
"L5065724","Yoga Limatambo Hotel","https://ebird.org/hotspot/L5065724/bird-list","Limatambo","Megascops koepckeae","Megascops koepckeae (Hekstra, 1982)",59,2016,2024,"Strigiformes","Strigidae","Lechuza de Koepcke","Koepcke's Screech-Owl","Residente","No Amenazada","Preocupación Menor (LC)","No CITES",FALSE
"L5065724","Yoga Limatambo Hotel","https://ebird.org/hotspot/L5065724/bird-list","Limatambo","Pheucticus aureoventris","Pheucticus aureoventris (d'Orbigny & Lafresnaye, 1837)",54,2013,2024,"Passeriformes","Cardinalidae","Picogrueso de Dorso Negro","Black-backed Grosbeak","Residente","No Amenazada","Preocupación Menor (LC)","No CITES",FALSE
"L5065724","Yoga Limatambo Hotel","https://ebird.org/hotspot/L5065724/bird-list","Limatambo","Elliotomyia chionogaster","Elliotomyia chionogaster (Tschudi, 1846)",43,2016,2024,"Apodiformes","Trochilidae","Colibrí de Vientre Blanco","White-bellied Hummingbird","Residente","No Amenazada","Preocupación Menor (LC)","No CITES",FALSE
"L5065724","Yoga Limatambo Hotel","https://ebird.org/hotspot/L5065724/bird-list","Limatambo","Falco sparverius","Falco sparverius Linnaeus, 1758",41,2016,2024,"Falconiformes","Falconidae","Cernícalo Americano","American Kestrel","Residente","No Amenazada","Preocupación Menor (LC)","No CITES",FALSE
"L5065724","Yoga Limatambo Hotel","https://ebird.org/hotspot/L5065724/bird-list","Limatambo","Glaucidium peruanum","Glaucidium peruanum C.König, 1991",38,2016,2024,"Strigiformes","Strigidae","Lechucita Peruana","Peruvian Pygmy-Owl","Residente","No Amenazada","Preocupación Menor (LC)","No CITES",FALSE
"L5065724","Yoga Limatambo Hotel","https://ebird.org/hotspot/L5065724/bird-list","Limatambo","Aratinga mitrata","Psittacara mitratus (Tschudi, 1844)",37,2016,2024,NA,NA,NA,NA,NA,"No Amenazada","Preocupación Menor (LC)","No CITES",NA
"L5065724","Yoga Limatambo Hotel","https://ebird.org/hotspot/L5065724/bird-list","Limatambo","Nystalus chacuru","Nystalus chacuru (Vieillot, 1816)",37,2016,2024,"Galbuliformes","Bucconidae","Buco de Oreja Blanca","White-eared Puffbird","Residente","No Amenazada","Preocupación Menor (LC)","No CITES",FALSE
"L5065724","Yoga Limatambo Hotel","https://ebird.org/hotspot/L5065724/bird-list","Limatambo","Aeronautes andecolus","Aeronautes andecolus (d'Orbigny & Lafresnaye, 1837)",36,2016,2024,"Apodiformes","Apodidae","Vencejo Andino","Andean Swift","Residente","No Amenazada","Preocupación Menor (LC)","No CITES",FALSE
"L5065724","Yoga Limatambo Hotel","https://ebird.org/hotspot/L5065724/bird-list","Limatambo","Patagioenas maculosa","Patagioenas maculosa (Temminck, 1813)",33,2016,2024,"Columbiformes","Columbidae","Paloma de Ala Moteada","Spot-winged Pigeon","Residente","No Amenazada","Preocupación Menor (LC)","No CITES",FALSE
"L5065724","Yoga Limatambo Hotel","https://ebird.org/hotspot/L5065724/bird-list","Limatambo","Crotophaga ani","Crotophaga ani Linnaeus, 1758",30,2016,2024,"Cuculiformes","Cuculidae","Garrapatero de Pico Liso","Smooth-billed Ani","Residente","No Amenazada","Preocupación Menor (LC)","No CITES",FALSE
"L5065724","Yoga Limatambo Hotel","https://ebird.org/hotspot/L5065724/bird-list","Limatambo","Zenaida auriculata","Zenaida auriculata (Des Murs, 1847)",29,2015,2024,"Columbiformes","Columbidae","Tórtola Orejuda","Eared Dove","Residente","No Amenazada","Preocupación Menor (LC)","No CITES",FALSE
"L5065724","Yoga Limatambo Hotel","https://ebird.org/hotspot/L5065724/bird-list","Limatambo","Zonotrichia capensis","Zonotrichia capensis (P.L.S.Müller, 1776)",28,2017,2024,"Passeriformes","Passerellidae","Gorrión de Collar Rufo","Rufous-collared Sparrow","Residente","No Amenazada","Preocupación Menor (LC)","No CITES",FALSE
"L5065724","Yoga Limatambo Hotel","https://ebird.org/hotspot/L5065724/bird-list","Limatambo","Asthenes dorbignyi","Asthenes dorbignyi (Reichenbach, 1853)",27,2016,2024,"Passeriformes","Furnariidae","Canastero de Pecho Cremoso","Creamy-breasted Canastero","Residente","No Amenazada","Preocupación Menor (LC)","No CITES",FALSE
"L5065724","Yoga Limatambo Hotel","https://ebird.org/hotspot/L5065724/bird-list","Limatambo","Geranoaetus melanoleucus","Geranoaetus melanoleucus (Vieillot, 1819)",24,2016,2024,"Accipitriformes","Accipitridae","Aguilucho de Pecho Negro","Black-chested Buzzard-Eagle","Residente","No Amenazada","Preocupación Menor (LC)","Apéndice II",FALSE
"L5065724","Yoga Limatambo Hotel","https://ebird.org/hotspot/L5065724/bird-list","Limatambo","Turdus chiguanco","Turdus chiguanco Orbigny & Lafresnaye, 1837",24,2016,2024,"Passeriformes","Turdidae","Zorzal Chiguanco","Chiguanco Thrush","Residente","No Amenazada","Preocupación Menor (LC)","No CITES",FALSE
"L5065724","Yoga Limatambo Hotel","https://ebird.org/hotspot/L5065724/bird-list","Limatambo","Vireo olivaceus","Vireo chivi (Vieillot, 1817)",24,2018,2024,"Passeriformes","Vireonidae","Víreo de Ojo Rojo","Red-eyed Vireo","Migratorio","No Amenazada","Preocupación Menor (LC)","No CITES",FALSE
"L5065724","Yoga Limatambo Hotel","https://ebird.org/hotspot/L5065724/bird-list","Limatambo","Knipolegus aterrimus","Knipolegus aterrimus Kaup, 1853",19,1970,2024,"Passeriformes","Tyrannidae","Viudita-Negra de Ala Blanca","White-winged Black-Tyrant","Residente","No Amenazada","Preocupación Menor (LC)","No CITES",FALSE
"L5065724","Yoga Limatambo Hotel","https://ebird.org/hotspot/L5065724/bird-list","Limatambo","Rauenia bonariensis","Rauenia bonariensis (J.F.Gmelin, 1789)",16,2016,2023,"Passeriformes","Thraupidae","Tangara Azul y Amarilla","Blue-and-yellow Tanager","Residente","No Amenazada","Preocupación Menor (LC)","No CITES",FALSE
"L5065724","Yoga Limatambo Hotel","https://ebird.org/hotspot/L5065724/bird-list","Limatambo","Cacicus chrysonotus","Cacicus chrysonotus (Lafresnaye & Orbigny, 1838)",15,2016,2024,"Passeriformes","Icteridae","Cacique Montañes","Mountain Cacique","Residente","No Amenazada","Preocupación Menor (LC)","No CITES",FALSE
"L5065724","Yoga Limatambo Hotel","https://ebird.org/hotspot/L5065724/bird-list","Limatambo","Elliotomyia viridicauda","Elliotomyia viridicauda (von Berlepsch, 1883)",15,2019,2024,"Apodiformes","Trochilidae","Colibrí Verde y Blanco","Green-and-white Hummingbird","Endémico","No Amenazada","Preocupación Menor (LC)","No CITES",TRUE
"L5065724","Yoga Limatambo Hotel","https://ebird.org/hotspot/L5065724/bird-list","Limatambo","Aegolius harrisii","Aegolius harrisii (Cassin, 1849)",13,2018,2022,"Strigiformes","Strigidae","Lechucita de Frente Anteada","Buff-fronted Owl","Residente","No Amenazada","Preocupación Menor (LC)","No CITES",FALSE
"L5065724","Yoga Limatambo Hotel","https://ebird.org/hotspot/L5065724/bird-list","Limatambo","Sporophila nigricollis","Sporophila nigricollis (Vieillot, 1823)",11,1970,2024,"Passeriformes","Thraupidae","Espiguero de Vientre Amarillo","Yellow-bellied Seedeater","Residente","No Amenazada","Preocupación Menor (LC)","No CITES",FALSE
"L5065724","Yoga Limatambo Hotel","https://ebird.org/hotspot/L5065724/bird-list","Limatambo","Spinus magellanicus","Spinus magellanicus (Vieillot, 1805)",9,2016,2024,"Passeriformes","Fringillidae","Jilguero Encapuchado","Hooded Siskin","Residente","No Amenazada","Preocupación Menor (LC)","No CITES",FALSE
"L5065724","Yoga Limatambo Hotel","https://ebird.org/hotspot/L5065724/bird-list","Limatambo","Colaptes rivolii","Colaptes rivolii (Boissonneau, 1840)",8,2017,2021,"Piciformes","Picidae","Carpintero de Manto Carmesí","Crimson-mantled Woodpecker","Residente","No Amenazada","Preocupación Menor (LC)","No CITES",FALSE
"L5065724","Yoga Limatambo Hotel","https://ebird.org/hotspot/L5065724/bird-list","Limatambo","Cranioleuca albicapilla","Cranioleuca albicapilla (Cabanis, 1873)",8,2016,2024,"Passeriformes","Furnariidae","Cola-Espina de Cresta Cremosa","Creamy-crested Spinetail","Endémico","No Amenazada","Preocupación Menor (LC)","No CITES",TRUE
"L5065724","Yoga Limatambo Hotel","https://ebird.org/hotspot/L5065724/bird-list","Limatambo","Saltator aurantiirostris","Saltator aurantiirostris Vieillot, 1817",8,2016,2024,"Passeriformes","Thraupidae","Saltador de Pico Dorado","Golden-billed Saltator","Residente","No Amenazada","Preocupación Menor (LC)","No CITES",FALSE
"L5065724","Yoga Limatambo Hotel","https://ebird.org/hotspot/L5065724/bird-list","Limatambo","Colibri coruscans","Colibri coruscans (Gould, 1846)",7,2018,2024,"Apodiformes","Trochilidae","Oreja-Violeta de Vientre Azul","Sparkling Violetear","Residente","No Amenazada","Preocupación Menor (LC)","No CITES",FALSE
"L5065724","Yoga Limatambo Hotel","https://ebird.org/hotspot/L5065724/bird-list","Limatambo","Pachyramphus validus","Pachyramphus validus (Lichtenstein, 1823)",7,2019,2022,"Passeriformes","Tityridae","Cabezón Crestado","Crested Becard","Residente","No Amenazada","Preocupación Menor (LC)","No CITES",FALSE
"L5065724","Yoga Limatambo Hotel","https://ebird.org/hotspot/L5065724/bird-list","Limatambo","Troglodytes musculus","Troglodytes musculus J.F.Naumann, 1823",7,2018,2024,"Passeriformes","Troglodytidae","Cucarachero Común Sureño","Southern House-Wren","Residente","No Amenazada","Preocupación Menor (LC)","No CITES",FALSE
"L5065724","Yoga Limatambo Hotel","https://ebird.org/hotspot/L5065724/bird-list","Limatambo","Colaptes rupicola","Colaptes rupicola d'Orbigny, 1840",5,2016,2022,"Piciformes","Picidae","Carpintero Andino","Andean Flicker","Residente","No Amenazada","Preocupación Menor (LC)","No CITES",FALSE
"L5065724","Yoga Limatambo Hotel","https://ebird.org/hotspot/L5065724/bird-list","Limatambo","Merganetta armata","Merganetta armata Gould, 1842",5,2016,2016,"Anseriformes","Anatidae","Pato de los Torrentes","Torrent Duck","Residente","No Amenazada","Preocupación Menor (LC)","No CITES",FALSE
"L5065724","Yoga Limatambo Hotel","https://ebird.org/hotspot/L5065724/bird-list","Limatambo","Pedaliodes porina","Pedaliodes palaepolis Hewitson, 1878",5,2021,2021,NA,NA,NA,NA,NA,"No Amenazada","Preocupación Menor (LC)","No CITES",NA
"L5065724","Yoga Limatambo Hotel","https://ebird.org/hotspot/L5065724/bird-list","Limatambo","Streptoprocne zonaris","Streptoprocne zonaris (Shaw, 1796)",5,2018,2022,"Apodiformes","Apodidae","Vencejo de Collar Blanco","White-collared Swift","Residente","No Amenazada","Preocupación Menor (LC)","No CITES",FALSE
"L5065724","Yoga Limatambo Hotel","https://ebird.org/hotspot/L5065724/bird-list","Limatambo","Yphthimoides leguialimai","Yphthimoides leguialimai",5,2021,2022,NA,NA,NA,NA,NA,"No Amenazada","Preocupación Menor (LC)","No CITES",NA
"L5065724","Yoga Limatambo Hotel","https://ebird.org/hotspot/L5065724/bird-list","Limatambo","Chlorostilbon mellisugus","Chlorostilbon mellisugus (Linnaeus, 1758)",4,2018,2019,"Apodiformes","Trochilidae","Esmeralda de Cola Azul","Blue-tailed Emerald","Residente","No Amenazada","Preocupación Menor (LC)","No CITES",FALSE
"L5065724","Yoga Limatambo Hotel","https://ebird.org/hotspot/L5065724/bird-list","Limatambo","Conirostrum cinereum","Conirostrum cinereum d'Orbigny & Lafresnaye, 1838",4,2018,2024,"Passeriformes","Thraupidae","Pico-de-Cono Cinéreo","Cinereous Conebill","Residente","No Amenazada","Preocupación Menor (LC)","No CITES",FALSE
"L5065724","Yoga Limatambo Hotel","https://ebird.org/hotspot/L5065724/bird-list","Limatambo","Diglossa brunneiventris","Diglossa brunneiventris Lafresnaye, 1846",4,1982,2018,"Passeriformes","Thraupidae","Pinchaflor de Garganta Negra","Black-throated Flowerpiercer","Residente","No Amenazada","Preocupación Menor (LC)","No CITES",FALSE
"L5065724","Yoga Limatambo Hotel","https://ebird.org/hotspot/L5065724/bird-list","Limatambo","Empidonax alnorum","Empidonax alnorum Brewster, 1895",4,2018,2020,"Passeriformes","Tyrannidae","Mosquerito de Alisos","Alder Flycatcher","Migratorio","No Amenazada","Preocupación Menor (LC)","No CITES",FALSE
"L5065724","Yoga Limatambo Hotel","https://ebird.org/hotspot/L5065724/bird-list","Limatambo","Metriopelia ceciliae","Metriopelia ceciliae (R.Lesson, 1845)",4,2018,2023,"Columbiformes","Columbidae","Tortolita Moteada","Bare-faced Ground Dove","Residente","No Amenazada","Preocupación Menor (LC)","No CITES",FALSE
"L5065724","Yoga Limatambo Hotel","https://ebird.org/hotspot/L5065724/bird-list","Limatambo","Nothura darwinii","Nothura darwinii G.R.Gray, 1867",4,2023,2023,"Tinamiformes","Tinamidae","Perdiz de Darwin","Darwin's Nothura","Residente","No Amenazada","Preocupación Menor (LC)","No CITES",FALSE
"L5065724","Yoga Limatambo Hotel","https://ebird.org/hotspot/L5065724/bird-list","Limatambo","Patagona gigas","Patagona gigas (Vieillot, 1824)",4,2016,2024,"Apodiformes","Trochilidae","Colibrí Gigante Sureño","Southern Giant-Hummingbird","Migratorio","No Amenazada","Preocupación Menor (LC)","No CITES",FALSE
"L5065724","Yoga Limatambo Hotel","https://ebird.org/hotspot/L5065724/bird-list","Limatambo","Pyrrhomyias cinnamomeus","Pyrrhomyias cinnamomeus (Orbigny & Lafresnaye, 1837)",4,2018,2024,"Passeriformes","Tyrannidae","Mosquerito Canela","Cinnamon Flycatcher","Residente","No Amenazada","Preocupación Menor (LC)","No CITES",FALSE
"L5065724","Yoga Limatambo Hotel","https://ebird.org/hotspot/L5065724/bird-list","Limatambo","Sayornis nigricans","Sayornis nigricans (Swainson, 1827)",4,2015,2017,"Passeriformes","Tyrannidae","Mosquero de Agua","Black Phoebe","Residente","No Amenazada","Preocupación Menor (LC)","No CITES",FALSE
"L5065724","Yoga Limatambo Hotel","https://ebird.org/hotspot/L5065724/bird-list","Limatambo","Turdus fuscater","Turdus fuscater Orbigny & Lafresnaye, 1837",4,2018,2024,"Passeriformes","Turdidae","Zorzal Grande","Great Thrush","Residente","No Amenazada","Preocupación Menor (LC)","No CITES",FALSE
"L5065724","Yoga Limatambo Hotel","https://ebird.org/hotspot/L5065724/bird-list","Limatambo","Asthenes modesta","Asthenes modesta (Eyton, 1851)",3,2018,2021,"Passeriformes","Furnariidae","Canastero Cordillerano","Cordilleran Canastero","Residente","No Amenazada","Preocupación Menor (LC)","No CITES",FALSE
"L5065724","Yoga Limatambo Hotel","https://ebird.org/hotspot/L5065724/bird-list","Limatambo","Bubulcus ibis","Ardea ibis Linnaeus, 1758",3,2019,2019,NA,NA,NA,NA,NA,"No Amenazada","Preocupación Menor (LC)","No CITES",NA
"L5065724","Yoga Limatambo Hotel","https://ebird.org/hotspot/L5065724/bird-list","Limatambo","Catamenia analis","Catamenia analis (d'Orbigny & Lafresnaye, 1837)",3,2022,2024,"Passeriformes","Thraupidae","Semillero de Cola Bandeada","Band-tailed Seedeater","Residente","No Amenazada","Preocupación Menor (LC)","No CITES",FALSE
"L5065724","Yoga Limatambo Hotel","https://ebird.org/hotspot/L5065724/bird-list","Limatambo","Coccyzus americanus","Coccyzus americanus (Linnaeus, 1758)",3,2021,2021,"Cuculiformes","Cuculidae","Cuclillo de Pico Amarillo","Yellow-billed Cuckoo","Migratorio","No Amenazada","Preocupación Menor (LC)","No CITES",FALSE
"L5065724","Yoga Limatambo Hotel","https://ebird.org/hotspot/L5065724/bird-list","Limatambo","Columba livia","Columba livia J.F.Gmelin, 1789",3,2018,2023,"Columbiformes","Columbidae","Paloma Doméstica","Rock Pigeon","Introducido","No Amenazada","Preocupación Menor (LC)","No CITES",FALSE
"L5065724","Yoga Limatambo Hotel","https://ebird.org/hotspot/L5065724/bird-list","Limatambo","Dione vanillae","Dione vanillae maculosa Stichel, 1907",3,2021,2023,NA,NA,NA,NA,NA,"No Amenazada","Preocupación Menor (LC)","No CITES",NA
"L5065724","Yoga Limatambo Hotel","https://ebird.org/hotspot/L5065724/bird-list","Limatambo","Elaenia pallatangae","Elaenia pallatangae P.L.Sclater, 1862",3,2018,2024,"Passeriformes","Tyrannidae","Fío-Fío Serrano","Sierran Elaenia","Residente","No Amenazada","Preocupación Menor (LC)","No CITES",FALSE
"L5065724","Yoga Limatambo Hotel","https://ebird.org/hotspot/L5065724/bird-list","Limatambo","Hemiargus hanno","Hemiargus hanno (Stoll, 1790)",3,2021,2023,NA,NA,NA,NA,NA,"No Amenazada","Preocupación Menor (LC)","No CITES",NA
"L5065724","Yoga Limatambo Hotel","https://ebird.org/hotspot/L5065724/bird-list","Limatambo","Melipotis cellaris","Melipotis bisinuata Felder, 1874",3,2022,2022,NA,NA,NA,NA,NA,"No Amenazada","Preocupación Menor (LC)","No CITES",NA
"L5065724","Yoga Limatambo Hotel","https://ebird.org/hotspot/L5065724/bird-list","Limatambo","Myiophobus fasciatus","Myiophobus fasciatus (Statius Muller, 1776)",3,2018,2023,"Passeriformes","Tyrannidae","Mosquerito de Pecho Rayado","Bran-colored Flycatcher","Residente","No Amenazada","Preocupación Menor (LC)","No CITES",FALSE
"L5065724","Yoga Limatambo Hotel","https://ebird.org/hotspot/L5065724/bird-list","Limatambo","Myiotheretes striaticollis","Myiotheretes striaticollis (P.L.Sclater, 1853)",3,2016,2020,"Passeriformes","Tyrannidae","Ala-Rufa de Garganta Rayada","Streak-throated Bush-Tyrant","Residente","No Amenazada","Preocupación Menor (LC)","No CITES",FALSE
"L5065724","Yoga Limatambo Hotel","https://ebird.org/hotspot/L5065724/bird-list","Limatambo","Spinus crassirostris","Spinus crassirostris (Landbeck, 1877)",3,2021,2021,"Passeriformes","Fringillidae","Jilguero de Pico Grueso","Thick-billed Siskin","Residente","No Amenazada","Preocupación Menor (LC)","No CITES",FALSE
"L5065724","Yoga Limatambo Hotel","https://ebird.org/hotspot/L5065724/bird-list","Limatambo","Thecla rufofusca","Strymon rufofusca (Hewitson, 1877)",3,2021,2021,NA,NA,NA,NA,NA,"No Amenazada","Preocupación Menor (LC)","No CITES",NA
"L5065724","Yoga Limatambo Hotel","https://ebird.org/hotspot/L5065724/bird-list","Limatambo","Asemospiza obscura","Asemospiza obscura (d'Orbigny & Lafresnaye, 1837)",2,2018,2020,"Passeriformes","Thraupidae","Semillero Pardo","Dull-colored Grassquit","Residente","No Amenazada","Preocupación Menor (LC)","No CITES",FALSE
"L5065724","Yoga Limatambo Hotel","https://ebird.org/hotspot/L5065724/bird-list","Limatambo","Chaetocercus mulsant","Chaetocercus mulsant (Bourcier, 1843)",2,2023,2023,"Apodiformes","Trochilidae","Estrellita de Vientre Blanco","White-bellied Woodstar","Residente","No Amenazada","Preocupación Menor (LC)","No CITES",FALSE
"L5065724","Yoga Limatambo Hotel","https://ebird.org/hotspot/L5065724/bird-list","Limatambo","Cinclus leucocephalus","Cinclus leucocephalus Tschudi, 1844",2,2017,2017,"Passeriformes","Cinclidae","Mirlo Acuático de Gorro Blanco","White-capped Dipper","Residente","No Amenazada","Preocupación Menor (LC)","No CITES",FALSE
"L5065724","Yoga Limatambo Hotel","https://ebird.org/hotspot/L5065724/bird-list","Limatambo","Danaus gilippus","Danaus gilippus (Cramer, 1775)",2,2022,2023,NA,NA,NA,NA,NA,"No Amenazada","Preocupación Menor (LC)","No CITES",NA
"L5065724","Yoga Limatambo Hotel","https://ebird.org/hotspot/L5065724/bird-list","Limatambo","Danaus plexippus","Danaus plexippus nigrippus Haensch, 1909",2,2021,2023,NA,NA,NA,NA,NA,"No Amenazada","Preocupación Menor (LC)","No CITES",NA
"L5065724","Yoga Limatambo Hotel","https://ebird.org/hotspot/L5065724/bird-list","Limatambo","Dione juno","Dione juno Cramer, 1779",2,2021,2023,NA,NA,NA,NA,NA,"No Amenazada","Preocupación Menor (LC)","No CITES",NA
"L5065724","Yoga Limatambo Hotel","https://ebird.org/hotspot/L5065724/bird-list","Limatambo","Hamadryas februa","Hamadryas februa (Hübner)",2,2021,2023,NA,NA,NA,NA,NA,"No Amenazada","Preocupación Menor (LC)","No CITES",NA
"L5065724","Yoga Limatambo Hotel","https://ebird.org/hotspot/L5065724/bird-list","Limatambo","Hypanartia bella","Hypanartia bella Fabricius, 1793",2,2021,2021,NA,NA,NA,NA,NA,"No Amenazada","Preocupación Menor (LC)","No CITES",NA
"L5065724","Yoga Limatambo Hotel","https://ebird.org/hotspot/L5065724/bird-list","Limatambo","Leptotila rufaxilla","Leptotila rufaxilla (Richard & Bernard, 1792)",2,2022,2022,"Columbiformes","Columbidae","Paloma de Frente Gris","Gray-fronted Dove","Residente","No Amenazada","Preocupación Menor (LC)","No CITES",FALSE
"L5065724","Yoga Limatambo Hotel","https://ebird.org/hotspot/L5065724/bird-list","Limatambo","Nothoprocta taczanowskii","Nothoprocta taczanowskii P.L.Sclater & Salvin, 1875",2,2018,2018,"Tinamiformes","Tinamidae","Perdiz de Taczanowski","Taczanowski's Tinamou","Residente","No Amenazada","Vulnerable (VU)","No CITES",FALSE
"L5065724","Yoga Limatambo Hotel","https://ebird.org/hotspot/L5065724/bird-list","Limatambo","Phrygilus punensis","Phrygilus punensis Ridgway, 1887",2,2016,2020,"Passeriformes","Thraupidae","Fringilo Peruano","Peruvian Sierra Finch","Residente","No Amenazada","Preocupación Menor (LC)","No CITES",FALSE
"L5065724","Yoga Limatambo Hotel","https://ebird.org/hotspot/L5065724/bird-list","Limatambo","Pyrgus oileus","Burnsius orcus (Stoll, 1780)",2,2021,2021,NA,NA,NA,NA,NA,"No Amenazada","Preocupación Menor (LC)","No CITES",NA
"L5065724","Yoga Limatambo Hotel","https://ebird.org/hotspot/L5065724/bird-list","Limatambo","Pyrisitia nise","Eurema nise (Cramer, 1775)",2,2021,2021,NA,NA,NA,NA,NA,"No Amenazada","Preocupación Menor (LC)","No CITES",NA
"L5065724","Yoga Limatambo Hotel","https://ebird.org/hotspot/L5065724/bird-list","Limatambo","Rekoa palegon","Rekoa palegon (Cramer, 1780)",2,2021,2023,NA,NA,NA,NA,NA,"No Amenazada","Preocupación Menor (LC)","No CITES",NA
"L5065724","Yoga Limatambo Hotel","https://ebird.org/hotspot/L5065724/bird-list","Limatambo","Sporophila luctuosa","Sporophila luctuosa (Lafresnaye, 1843)",2,2020,2022,"Passeriformes","Thraupidae","Espiguero Negro y Blanco","Black-and-white Seedeater","Residente","No Amenazada","Preocupación Menor (LC)","No CITES",FALSE
"L5065724","Yoga Limatambo Hotel","https://ebird.org/hotspot/L5065724/bird-list","Limatambo","Telenassa berenice","Telenassa berenice (Felder, 1862)",2,2021,2021,NA,NA,NA,NA,NA,"No Amenazada","Preocupación Menor (LC)","No CITES",NA
"L5065724","Yoga Limatambo Hotel","https://ebird.org/hotspot/L5065724/bird-list","Limatambo","Thlypopsis ruficeps","Thlypopsis ruficeps (d'Orbigny & Lafresnaye, 1837)",2,2022,2024,"Passeriformes","Thraupidae","Tangara Rufa y Amarilla","Rust-and-yellow Tanager","Residente","No Amenazada","Preocupación Menor (LC)","No CITES",FALSE
"L5065724","Yoga Limatambo Hotel","https://ebird.org/hotspot/L5065724/bird-list","Limatambo","Urbanus elmina","Urbanus elmina Evans, 1952",2,2021,2021,NA,NA,NA,NA,NA,"No Amenazada","Preocupación Menor (LC)","No CITES",NA
"L5065724","Yoga Limatambo Hotel","https://ebird.org/hotspot/L5065724/bird-list","Limatambo","Vultur gryphus","Vultur gryphus Linnaeus, 1758",2,2022,2023,"Cathartiformes","Cathartidae","Cóndor Andino","Andean Condor","Residente","En Peligro (EN)","Vulnerable (VU)","Apéndice I",FALSE
"L5065724","Yoga Limatambo Hotel","https://ebird.org/hotspot/L5065724/bird-list","Limatambo","Aglaeactis cupripennis","Aglaeactis cupripennis (Bourcier, 1843)",1,2018,2018,"Apodiformes","Trochilidae","Rayo-de-Sol Brillante","Shining Sunbeam","Residente","No Amenazada","Preocupación Menor (LC)","No CITES",FALSE
"L5065724","Yoga Limatambo Hotel","https://ebird.org/hotspot/L5065724/bird-list","Limatambo","Agrius cingulata","Agrius cingulata Fabricius, 1775",1,2022,2022,NA,NA,NA,NA,NA,"No Amenazada","Preocupación Menor (LC)","No CITES",NA
"L5065724","Yoga Limatambo Hotel","https://ebird.org/hotspot/L5065724/bird-list","Limatambo","Ambonus interrogationis","Ambonus interrogationis (Blanchard, 1847)",1,2022,2022,NA,NA,NA,NA,NA,"No Amenazada","Preocupación Menor (LC)","No CITES",NA
"L5065724","Yoga Limatambo Hotel","https://ebird.org/hotspot/L5065724/bird-list","Limatambo","Anairetes parulus","Anairetes parulus (Kittlitz, 1830)",1,1982,1982,"Passeriformes","Tyrannidae","Torito Copetón","Tufted Tit-Tyrant","Residente","No Amenazada","Preocupación Menor (LC)","No CITES",FALSE
"L5065724","Yoga Limatambo Hotel","https://ebird.org/hotspot/L5065724/bird-list","Limatambo","Anas flavirostris","Anas flavirostris Vieillot, 1816",1,2020,2020,"Anseriformes","Anatidae","Pato Barcino","Yellow-billed Teal","Residente","No Amenazada","Preocupación Menor (LC)","No CITES",FALSE
"L5065724","Yoga Limatambo Hotel","https://ebird.org/hotspot/L5065724/bird-list","Limatambo","Anas georgica","Anas georgica J.F.Gmelin, 1789",1,2016,2016,"Anseriformes","Anatidae","Pato Jergón","Yellow-billed Pintail","Residente","No Amenazada","Preocupación Menor (LC)","No CITES",FALSE
"L5065724","Yoga Limatambo Hotel","https://ebird.org/hotspot/L5065724/bird-list","Limatambo","Anisognathus igniventris","Anisognathus igniventris (d'Orbigny & Lafresnaye, 1837)",1,1982,1982,"Passeriformes","Thraupidae","Tangara de Montaña de Vientre Escarlata","Scarlet-bellied Mountain Tanager","Residente","No Amenazada","Preocupación Menor (LC)","No CITES",FALSE
"L5065724","Yoga Limatambo Hotel","https://ebird.org/hotspot/L5065724/bird-list","Limatambo","Aratinga wagleri","Aratinga wagleri minor Carriker, 1933",1,1970,1970,NA,NA,NA,NA,NA,"No Amenazada","Preocupación Menor (LC)","No CITES",NA
"L5065724","Yoga Limatambo Hotel","https://ebird.org/hotspot/L5065724/bird-list","Limatambo","Argiope argentata","Argiope argentata (Fabricius, 1775)",1,2022,2022,NA,NA,NA,NA,NA,"No Amenazada","Preocupación Menor (LC)","No CITES",NA
"L5065724","Yoga Limatambo Hotel","https://ebird.org/hotspot/L5065724/bird-list","Limatambo","Buteo polyosoma","Geranoaetus polyosoma (Quoy & Gaimard, 1824)",1,2018,2018,NA,NA,NA,NA,NA,"No Amenazada","Preocupación Menor (LC)","Apéndice II",NA
"L5065724","Yoga Limatambo Hotel","https://ebird.org/hotspot/L5065724/bird-list","Limatambo","Cacicus cela","Cacicus cela (Linnaeus, 1758)",1,2020,2020,"Passeriformes","Icteridae","Cacique de Lomo Amarillo","Yellow-rumped Cacique","Residente","No Amenazada","Preocupación Menor (LC)","No CITES",FALSE
"L5065724","Yoga Limatambo Hotel","https://ebird.org/hotspot/L5065724/bird-list","Limatambo","Catasticta cora","Catasticta cora (Lucas, 1852)",1,2021,2021,NA,NA,NA,NA,NA,"No Amenazada","Preocupación Menor (LC)","No CITES",NA
"L5065724","Yoga Limatambo Hotel","https://ebird.org/hotspot/L5065724/bird-list","Limatambo","Chirgus bocchoris","Chirgus bocchoris trisignatus",1,2021,2021,NA,NA,NA,NA,NA,"No Amenazada","Preocupación Menor (LC)","No CITES",NA
"L5065724","Yoga Limatambo Hotel","https://ebird.org/hotspot/L5065724/bird-list","Limatambo","Cranioleuca marcapatae","Cranioleuca marcapatae Zimmer, 1935",1,1982,1982,"Passeriformes","Furnariidae","Cola-Espina de Marcapata","Marcapata Spinetail","Endémico","No Amenazada","Preocupación Menor (LC)","No CITES",TRUE
"L5065724","Yoga Limatambo Hotel","https://ebird.org/hotspot/L5065724/bird-list","Limatambo","Diglossa sittoides","Diglossa sittoides (d'Orbigny & Lafresnaye, 1838)",1,2022,2022,"Passeriformes","Thraupidae","Pinchaflor de Pecho Canela","Rusty Flowerpiercer","Residente","No Amenazada","Preocupación Menor (LC)","No CITES",FALSE
"L5065724","Yoga Limatambo Hotel","https://ebird.org/hotspot/L5065724/bird-list","Limatambo","Dynamine tithia","Dynamine tithia Hübner, 1823",1,2021,2021,NA,NA,NA,NA,NA,"No Amenazada","Preocupación Menor (LC)","No CITES",NA
"L5065724","Yoga Limatambo Hotel","https://ebird.org/hotspot/L5065724/bird-list","Limatambo","Elaenia albiceps","Elaenia albiceps (Orbigny & Lafresnaye, 1837)",1,2022,2022,"Passeriformes","Tyrannidae","Fío-Fío de Cresta Blanca","White-crested Elaenia","Residente","No Amenazada","Preocupación Menor (LC)","No CITES",FALSE
"L5065724","Yoga Limatambo Hotel","https://ebird.org/hotspot/L5065724/bird-list","Limatambo","Elaenia flavogaster","Elaenia flavogaster (Thunberg, 1822)",1,2022,2022,"Passeriformes","Tyrannidae","Fío-Fío de Vientre Amarillo","Yellow-bellied Elaenia","Residente","No Amenazada","Preocupación Menor (LC)","No CITES",FALSE
"L5065724","Yoga Limatambo Hotel","https://ebird.org/hotspot/L5065724/bird-list","Limatambo","Emesis mandana","Emesis mandana (Cramer, 1780)",1,2021,2021,NA,NA,NA,NA,NA,"No Amenazada","Preocupación Menor (LC)","No CITES",NA
"L5065724","Yoga Limatambo Hotel","https://ebird.org/hotspot/L5065724/bird-list","Limatambo","Falco femoralis","Falco femoralis Temminck, 1822",1,2022,2022,"Falconiformes","Falconidae","Halcón Aplomado","Aplomado Falcon","Residente","No Amenazada","Preocupación Menor (LC)","No CITES",FALSE
"L5065724","Yoga Limatambo Hotel","https://ebird.org/hotspot/L5065724/bird-list","Limatambo","Falco peregrinus","Falco peregrinus Tunstall, 1771",1,2022,2022,"Falconiformes","Falconidae","Halcón Peregrino","Peregrine Falcon","Residente","Casi Amenazado (NT)","Preocupación Menor (LC)","Apéndice I",FALSE
"L5065724","Yoga Limatambo Hotel","https://ebird.org/hotspot/L5065724/bird-list","Limatambo","Felis catus","Felis catus Linnaeus, 1758",1,2025,2025,NA,NA,NA,NA,NA,"No Amenazada","Preocupación Menor (LC)","No CITES",NA
"L5065724","Yoga Limatambo Hotel","https://ebird.org/hotspot/L5065724/bird-list","Limatambo","Geospizopsis plebejus","Geospizopsis plebejus (Tschudi, 1844)",1,2001,2001,"Passeriformes","Thraupidae","Fringilo de Pecho Cenizo","Ash-breasted Sierra Finch","Residente","No Amenazada","Preocupación Menor (LC)","No CITES",FALSE
"L5065724","Yoga Limatambo Hotel","https://ebird.org/hotspot/L5065724/bird-list","Limatambo","Glaucidium bolivianum","Glaucidium bolivianum C.König, 1991",1,2024,2024,"Strigiformes","Strigidae","Lechucita de las Yungas","Yungas Pygmy-Owl","Residente","No Amenazada","Preocupación Menor (LC)","No CITES",FALSE
"L5065724","Yoga Limatambo Hotel","https://ebird.org/hotspot/L5065724/bird-list","Limatambo","Hedone vibex","Hedone vibex",1,2021,2021,NA,NA,NA,NA,NA,"No Amenazada","Preocupación Menor (LC)","No CITES",NA
"L5065724","Yoga Limatambo Hotel","https://ebird.org/hotspot/L5065724/bird-list","Limatambo","Hirundinea ferruginea","Hirundinea ferruginea (Gmelin, 1788)",1,2018,2018,"Passeriformes","Tyrannidae","Tirano de Riscos","Cliff Flycatcher","Residente","No Amenazada","Preocupación Menor (LC)","No CITES",FALSE
"L5065724","Yoga Limatambo Hotel","https://ebird.org/hotspot/L5065724/bird-list","Limatambo","Hylephila phyleus","Hylephila phyleus (Drury, 1773)",1,2023,2023,NA,NA,NA,NA,NA,"No Amenazada","Preocupación Menor (LC)","No CITES",NA
"L5065724","Yoga Limatambo Hotel","https://ebird.org/hotspot/L5065724/bird-list","Limatambo","Hyles lineata","Hyles lineata Fabricius, 1775",1,2022,2022,NA,NA,NA,NA,NA,"No Amenazada","Preocupación Menor (LC)","No CITES",NA
"L5065724","Yoga Limatambo Hotel","https://ebird.org/hotspot/L5065724/bird-list","Limatambo","Leptophobia aripa","Leptophobia aripa (Boisduval, 1836)",1,2021,2021,NA,NA,NA,NA,NA,"No Amenazada","Preocupación Menor (LC)","No CITES",NA
"L5065724","Yoga Limatambo Hotel","https://ebird.org/hotspot/L5065724/bird-list","Limatambo","Leptotes callanga","Leptotes callanga (Dyar, 1913)",1,2021,2021,NA,NA,NA,NA,NA,"No Amenazada","Preocupación Menor (LC)","No CITES",NA
"L5065724","Yoga Limatambo Hotel","https://ebird.org/hotspot/L5065724/bird-list","Limatambo","Lesbia victoriae","Lesbia victoriae (Bourcier & Mulsant, 1846)",1,2022,2022,"Apodiformes","Trochilidae","Colibrí de Cola Larga Negra","Black-tailed Trainbearer","Residente","No Amenazada","Preocupación Menor (LC)","No CITES",FALSE
"L5065724","Yoga Limatambo Hotel","https://ebird.org/hotspot/L5065724/bird-list","Limatambo","Lieinix nemesis","Lieinix nemesis (Latreille, 1813)",1,2021,2021,NA,NA,NA,NA,NA,"No Amenazada","Preocupación Menor (LC)","No CITES",NA
"L5065724","Yoga Limatambo Hotel","https://ebird.org/hotspot/L5065724/bird-list","Limatambo","Lycaena cyna","Zizula cyna (W.H.Edwards, 1881)",1,2021,2021,NA,NA,NA,NA,NA,"No Amenazada","Preocupación Menor (LC)","No CITES",NA
"L5065724","Yoga Limatambo Hotel","https://ebird.org/hotspot/L5065724/bird-list","Limatambo","Manduca afflicta","Manduca paphus Herrich-Schäffer, 1865",1,2022,2022,NA,NA,NA,NA,NA,"No Amenazada","Preocupación Menor (LC)","No CITES",NA
"L5065724","Yoga Limatambo Hotel","https://ebird.org/hotspot/L5065724/bird-list","Limatambo","Melipotis trujillensis","Melipotis trujillensis Dognin, 1912",1,2022,2022,NA,NA,NA,NA,NA,"No Amenazada","Preocupación Menor (LC)","No CITES",NA
"L5065724","Yoga Limatambo Hotel","https://ebird.org/hotspot/L5065724/bird-list","Limatambo","Metallura tyrianthina","Metallura tyrianthina (Loddiges, 1832)",1,2024,2024,"Apodiformes","Trochilidae","Colibrí Tirio","Tyrian Metaltail","Residente","No Amenazada","Preocupación Menor (LC)","No CITES",FALSE
"L5065724","Yoga Limatambo Hotel","https://ebird.org/hotspot/L5065724/bird-list","Limatambo","Nothoprocta pentlandii","Nothoprocta pentlandii (G.R.Gray, 1867)",1,2016,2016,"Tinamiformes","Tinamidae","Perdiz Andina","Andean Tinamou","Residente","No Amenazada","Preocupación Menor (LC)","No CITES",FALSE
"L5065724","Yoga Limatambo Hotel","https://ebird.org/hotspot/L5065724/bird-list","Limatambo","Notiochelidon cyanoleuca","Pygochelidon cyanoleuca (Vieillot, 1817)",1,2018,2018,NA,NA,NA,NA,NA,"No Amenazada","Preocupación Menor (LC)","No CITES",NA
"L5065724","Yoga Limatambo Hotel","https://ebird.org/hotspot/L5065724/bird-list","Limatambo","Notiochelidon flavipes","Orochelidon flavipes (Chapman, 1922)",1,1982,1982,NA,NA,NA,NA,NA,"No Amenazada","Preocupación Menor (LC)","No CITES",NA
"L5065724","Yoga Limatambo Hotel","https://ebird.org/hotspot/L5065724/bird-list","Limatambo","Ochthoeca leucophrys","Ochthoeca leucophrys (Orbigny & Lafresnaye, 1837)",1,2024,2024,"Passeriformes","Tyrannidae","Pitajo de Ceja Blanca","White-browed Chat-Tyrant","Residente","No Amenazada","Preocupación Menor (LC)","No CITES",FALSE
"L5065724","Yoga Limatambo Hotel","https://ebird.org/hotspot/L5065724/bird-list","Limatambo","Ochthoeca rufipectoralis","Ochthoeca rufipectoralis (Orbigny & Lafresnaye, 1837)",1,2024,2024,"Passeriformes","Tyrannidae","Pitajo de Pecho Rufo","Rufous-breasted Chat-Tyrant","Residente","No Amenazada","Preocupación Menor (LC)","No CITES",FALSE
"L5065724","Yoga Limatambo Hotel","https://ebird.org/hotspot/L5065724/bird-list","Limatambo","Papilio anchisiades","Heraclides anchisiades (Esper, 1788)",1,2022,2022,NA,NA,NA,NA,NA,"No Amenazada","Preocupación Menor (LC)","No CITES",NA
"L5065724","Yoga Limatambo Hotel","https://ebird.org/hotspot/L5065724/bird-list","Limatambo","Patagioenas fasciata","Patagioenas fasciata (Say, 1822)",1,2022,2022,"Columbiformes","Columbidae","Paloma de Nuca Blanca","Band-tailed Pigeon","Residente","No Amenazada","Preocupación Menor (LC)","No CITES",FALSE
"L5065724","Yoga Limatambo Hotel","https://ebird.org/hotspot/L5065724/bird-list","Limatambo","Phalacrocorax brasilianus","Nannopterum brasilianum (J.F.Gmelin, 1789)",1,2020,2020,"Suliformes","Phalacrocoracidae","Cormorán Neotropical","Neotropic Cormorant","Residente","No Amenazada","Preocupación Menor (LC)","No CITES",FALSE
"L5065724","Yoga Limatambo Hotel","https://ebird.org/hotspot/L5065724/bird-list","Limatambo","Phyllomyias uropygialis","Phyllomyias uropygialis (Lawrence, 1869)",1,1982,1982,NA,NA,NA,NA,NA,"No Amenazada","Preocupación Menor (LC)","No CITES",NA
"L5065724","Yoga Limatambo Hotel","https://ebird.org/hotspot/L5065724/bird-list","Limatambo","Plegadis ridgwayi","Plegadis ridgwayi (Allen, 1876)",1,2019,2019,"Pelecaniformes","Threskiornithidae","Ibis de la Puna","Puna Ibis","Residente","No Amenazada","Preocupación Menor (LC)","No CITES",FALSE
"L5065724","Yoga Limatambo Hotel","https://ebird.org/hotspot/L5065724/bird-list","Limatambo","Polistes xanthogaster","Polistes xanthogaster Bequard, 1940",1,2022,2022,NA,NA,NA,NA,NA,"No Amenazada","Preocupación Menor (LC)","No CITES",NA
"L5065724","Yoga Limatambo Hotel","https://ebird.org/hotspot/L5065724/bird-list","Limatambo","Serpophaga cinerea","Serpophaga cinerea (Tschudi, 1844)",1,2022,2022,"Passeriformes","Tyrannidae","Moscareta de los Torrentes","Torrent Tyrannulet","Residente","No Amenazada","Preocupación Menor (LC)","No CITES",FALSE
"L5065724","Yoga Limatambo Hotel","https://ebird.org/hotspot/L5065724/bird-list","Limatambo","Sicalis uropigyalis","Sicalis uropigyalis (d'Orbigny & Lafresnaye, 1837)",1,2001,2001,NA,NA,NA,NA,NA,"No Amenazada","Preocupación Menor (LC)","No CITES",NA
"L5065724","Yoga Limatambo Hotel","https://ebird.org/hotspot/L5065724/bird-list","Limatambo","Strymon bazochii","Strymon bazochii bazochii",1,2021,2021,NA,NA,NA,NA,NA,"No Amenazada","Preocupación Menor (LC)","No CITES",NA
"L5065724","Yoga Limatambo Hotel","https://ebird.org/hotspot/L5065724/bird-list","Limatambo","Strymon bubastus","Strymon bubastus (Stoll, 1780)",1,2021,2021,NA,NA,NA,NA,NA,"No Amenazada","Preocupación Menor (LC)","No CITES",NA
"L5065724","Yoga Limatambo Hotel","https://ebird.org/hotspot/L5065724/bird-list","Limatambo","Thespieus argentina","Thespieus argentina Draudt, 1924",1,2021,2021,NA,NA,NA,NA,NA,"No Amenazada","Preocupación Menor (LC)","No CITES",NA
"L5065724","Yoga Limatambo Hotel","https://ebird.org/hotspot/L5065724/bird-list","Limatambo","Troglodytes aedon","Troglodytes aedon Vieillot, 1809",1,1982,1982,NA,NA,NA,NA,NA,"No Amenazada","Preocupación Menor (LC)","No CITES",NA
"L5065724","Yoga Limatambo Hotel","https://ebird.org/hotspot/L5065724/bird-list","Limatambo","Tyto furcata","Tyto furcata (Temminck, 1827)",1,2018,2018,"Strigiformes","Tytonidae","Lechuza de Campanario Americana","American Barn Owl","Residente","No Amenazada","Preocupación Menor (LC)","No CITES",FALSE
"L5065724","Yoga Limatambo Hotel","https://ebird.org/hotspot/L5065724/bird-list","Limatambo","Urbanus dorantes","Cecropterus dorantes (Stoll, 1790)",1,2023,2023,NA,NA,NA,NA,NA,"No Amenazada","Preocupación Menor (LC)","No CITES",NA
"L5065724","Yoga Limatambo Hotel","https://ebird.org/hotspot/L5065724/bird-list","Limatambo","Vanellus resplendens","Vanellus resplendens (Tschudi, 1843)",1,2001,2001,"Charadriiformes","Charadriidae","Avefría Andina","Andean Lapwing","Residente","No Amenazada","Preocupación Menor (LC)","No CITES",FALSE
"L5065724","Yoga Limatambo Hotel","https://ebird.org/hotspot/L5065724/bird-list","Limatambo","Volatinia jacarina","Volatinia jacarina (Linnaeus, 1766)",1,2018,2018,"Passeriformes","Thraupidae","Semillerito Negro Azulado","Blue-black Grassquit","Residente","No Amenazada","Preocupación Menor (LC)","No CITES",FALSE
"L16831267","Zurite Qente Qentiyoc","https://ebird.org/hotspot/L16831267/bird-list","Zurite","Spinus magellanicus","Spinus magellanicus (Vieillot, 1805)",87,2021,2024,"Passeriformes","Fringillidae","Jilguero Encapuchado","Hooded Siskin","Residente","No Amenazada","Preocupación Menor (LC)","No CITES",FALSE
"L16831267","Zurite Qente Qentiyoc","https://ebird.org/hotspot/L16831267/bird-list","Zurite","Phrygilus punensis","Phrygilus punensis Ridgway, 1887",85,2021,2024,"Passeriformes","Thraupidae","Fringilo Peruano","Peruvian Sierra Finch","Residente","No Amenazada","Preocupación Menor (LC)","No CITES",FALSE
"L16831267","Zurite Qente Qentiyoc","https://ebird.org/hotspot/L16831267/bird-list","Zurite","Ochthoeca leucophrys","Ochthoeca leucophrys (Orbigny & Lafresnaye, 1837)",82,2021,2024,"Passeriformes","Tyrannidae","Pitajo de Ceja Blanca","White-browed Chat-Tyrant","Residente","No Amenazada","Preocupación Menor (LC)","No CITES",FALSE
"L16831267","Zurite Qente Qentiyoc","https://ebird.org/hotspot/L16831267/bird-list","Zurite","Patagioenas maculosa","Patagioenas maculosa (Temminck, 1813)",82,2021,2024,"Columbiformes","Columbidae","Paloma de Ala Moteada","Spot-winged Pigeon","Residente","No Amenazada","Preocupación Menor (LC)","No CITES",FALSE
"L16831267","Zurite Qente Qentiyoc","https://ebird.org/hotspot/L16831267/bird-list","Zurite","Metallura tyrianthina","Metallura tyrianthina (Loddiges, 1832)",81,2021,2024,"Apodiformes","Trochilidae","Colibrí Tirio","Tyrian Metaltail","Residente","No Amenazada","Preocupación Menor (LC)","No CITES",FALSE
"L16831267","Zurite Qente Qentiyoc","https://ebird.org/hotspot/L16831267/bird-list","Zurite","Asthenes ottonis","Asthenes ottonis (Berlepsch, 1901)",80,2021,2024,"Passeriformes","Furnariidae","Canastero de Frente Rojiza","Rusty-fronted Canastero","Endémico","No Amenazada","Preocupación Menor (LC)","No CITES",TRUE
"L16831267","Zurite Qente Qentiyoc","https://ebird.org/hotspot/L16831267/bird-list","Zurite","Aglaeactis cupripennis","Aglaeactis cupripennis (Bourcier, 1843)",79,2021,2024,"Apodiformes","Trochilidae","Rayo-de-Sol Brillante","Shining Sunbeam","Residente","No Amenazada","Preocupación Menor (LC)","No CITES",FALSE
"L16831267","Zurite Qente Qentiyoc","https://ebird.org/hotspot/L16831267/bird-list","Zurite","Xenodacnis parina","Xenodacnis parina Cabanis, 1873",79,2021,2024,"Passeriformes","Thraupidae","Azulito Altoandino","Tit-like Dacnis","Residente","No Amenazada","Preocupación Menor (LC)","No CITES",FALSE
"L16831267","Zurite Qente Qentiyoc","https://ebird.org/hotspot/L16831267/bird-list","Zurite","Zonotrichia capensis","Zonotrichia capensis (P.L.S.Müller, 1776)",75,2021,2024,"Passeriformes","Passerellidae","Gorrión de Collar Rufo","Rufous-collared Sparrow","Residente","No Amenazada","Preocupación Menor (LC)","No CITES",FALSE
"L16831267","Zurite Qente Qentiyoc","https://ebird.org/hotspot/L16831267/bird-list","Zurite","Aglaeactis castelnaudii","Aglaeactis castelnaudii (Bourcier & Mulsant, 1848)",73,2021,2024,"Apodiformes","Trochilidae","Rayo-de-Sol Acanelado","White-tufted Sunbeam","Endémico","No Amenazada","Casi Amenazada (NT)","No CITES",TRUE
"L16831267","Zurite Qente Qentiyoc","https://ebird.org/hotspot/L16831267/bird-list","Zurite","Cranioleuca albicapilla","Cranioleuca albicapilla (Cabanis, 1873)",72,2021,2024,"Passeriformes","Furnariidae","Cola-Espina de Cresta Cremosa","Creamy-crested Spinetail","Endémico","No Amenazada","Preocupación Menor (LC)","No CITES",TRUE
"L16831267","Zurite Qente Qentiyoc","https://ebird.org/hotspot/L16831267/bird-list","Zurite","Troglodytes musculus","Troglodytes musculus J.F.Naumann, 1823",72,2021,2024,"Passeriformes","Troglodytidae","Cucarachero Común Sureño","Southern House-Wren","Residente","No Amenazada","Preocupación Menor (LC)","No CITES",FALSE
"L16831267","Zurite Qente Qentiyoc","https://ebird.org/hotspot/L16831267/bird-list","Zurite","Turdus chiguanco","Turdus chiguanco Orbigny & Lafresnaye, 1837",71,2021,2024,"Passeriformes","Turdidae","Zorzal Chiguanco","Chiguanco Thrush","Residente","No Amenazada","Preocupación Menor (LC)","No CITES",FALSE
"L16831267","Zurite Qente Qentiyoc","https://ebird.org/hotspot/L16831267/bird-list","Zurite","Conirostrum cinereum","Conirostrum cinereum d'Orbigny & Lafresnaye, 1838",70,2021,2024,"Passeriformes","Thraupidae","Pico-de-Cono Cinéreo","Cinereous Conebill","Residente","No Amenazada","Preocupación Menor (LC)","No CITES",FALSE
"L16831267","Zurite Qente Qentiyoc","https://ebird.org/hotspot/L16831267/bird-list","Zurite","Saltator aurantiirostris","Saltator aurantiirostris Vieillot, 1817",70,2021,2024,"Passeriformes","Thraupidae","Saltador de Pico Dorado","Golden-billed Saltator","Residente","No Amenazada","Preocupación Menor (LC)","No CITES",FALSE
"L16831267","Zurite Qente Qentiyoc","https://ebird.org/hotspot/L16831267/bird-list","Zurite","Colaptes rupicola","Colaptes rupicola d'Orbigny, 1840",68,2021,2024,"Piciformes","Picidae","Carpintero Andino","Andean Flicker","Residente","No Amenazada","Preocupación Menor (LC)","No CITES",FALSE
"L16831267","Zurite Qente Qentiyoc","https://ebird.org/hotspot/L16831267/bird-list","Zurite","Colibri coruscans","Colibri coruscans (Gould, 1846)",63,2022,2024,"Apodiformes","Trochilidae","Oreja-Violeta de Vientre Azul","Sparkling Violetear","Residente","No Amenazada","Preocupación Menor (LC)","No CITES",FALSE
"L16831267","Zurite Qente Qentiyoc","https://ebird.org/hotspot/L16831267/bird-list","Zurite","Zenaida auriculata","Zenaida auriculata (Des Murs, 1847)",63,2021,2024,"Columbiformes","Columbidae","Tórtola Orejuda","Eared Dove","Residente","No Amenazada","Preocupación Menor (LC)","No CITES",FALSE
"L16831267","Zurite Qente Qentiyoc","https://ebird.org/hotspot/L16831267/bird-list","Zurite","Diglossa brunneiventris","Diglossa brunneiventris Lafresnaye, 1846",61,2021,2024,"Passeriformes","Thraupidae","Pinchaflor de Garganta Negra","Black-throated Flowerpiercer","Residente","No Amenazada","Preocupación Menor (LC)","No CITES",FALSE
"L16831267","Zurite Qente Qentiyoc","https://ebird.org/hotspot/L16831267/bird-list","Zurite","Cinclodes fuscus","Cinclodes albiventris (Philippi & Landbeck, 1861)",58,2021,2024,NA,NA,NA,NA,NA,"No Amenazada","Preocupación Menor (LC)","No CITES",NA
"L16831267","Zurite Qente Qentiyoc","https://ebird.org/hotspot/L16831267/bird-list","Zurite","Scytalopus urubambae","Scytalopus urubambae Zimmer, 1939",57,2021,2024,"Passeriformes","Rhinocryptidae","Tapaculo de Vilcabamba","Vilcabamba Tapaculo","Endémico","No Amenazada","Preocupación Menor (LC)","No CITES",TRUE
"L16831267","Zurite Qente Qentiyoc","https://ebird.org/hotspot/L16831267/bird-list","Zurite","Catamenia analis","Catamenia analis (d'Orbigny & Lafresnaye, 1837)",55,2021,2024,"Passeriformes","Thraupidae","Semillero de Cola Bandeada","Band-tailed Seedeater","Residente","No Amenazada","Preocupación Menor (LC)","No CITES",FALSE
"L16831267","Zurite Qente Qentiyoc","https://ebird.org/hotspot/L16831267/bird-list","Zurite","Catamenia inornata","Catamenia inornata (Lafresnaye, 1847)",51,2021,2024,"Passeriformes","Thraupidae","Semillero Simple","Plain-colored Seedeater","Residente","No Amenazada","Preocupación Menor (LC)","No CITES",FALSE
"L16831267","Zurite Qente Qentiyoc","https://ebird.org/hotspot/L16831267/bird-list","Zurite","Rauenia bonariensis","Rauenia bonariensis (J.F.Gmelin, 1789)",50,2021,2024,"Passeriformes","Thraupidae","Tangara Azul y Amarilla","Blue-and-yellow Tanager","Residente","No Amenazada","Preocupación Menor (LC)","No CITES",FALSE
"L16831267","Zurite Qente Qentiyoc","https://ebird.org/hotspot/L16831267/bird-list","Zurite","Poospizopsis caesar","Poospizopsis caesar (P.L.Sclater & Salvin, 1869)",49,2021,2024,"Passeriformes","Thraupidae","Monterita de Pecho Castaño","Chestnut-breasted Mountain Finch","Endémico","No Amenazada","Preocupación Menor (LC)","No CITES",TRUE
"L16831267","Zurite Qente Qentiyoc","https://ebird.org/hotspot/L16831267/bird-list","Zurite","Buteo polyosoma","Geranoaetus polyosoma (Quoy & Gaimard, 1824)",43,2021,2024,NA,NA,NA,NA,NA,"No Amenazada","Preocupación Menor (LC)","Apéndice II",NA
"L16831267","Zurite Qente Qentiyoc","https://ebird.org/hotspot/L16831267/bird-list","Zurite","Oreonympha nobilis","Oreonympha nobilis Gould, 1869",40,2022,2024,"Apodiformes","Trochilidae","Montañes Barbudo","Bearded Mountaineer","Endémico","No Amenazada","Preocupación Menor (LC)","No CITES",TRUE
"L16831267","Zurite Qente Qentiyoc","https://ebird.org/hotspot/L16831267/bird-list","Zurite","Notiochelidon murina","Orochelidon murina (Cassin, 1853)",38,2021,2024,NA,NA,NA,NA,NA,"No Amenazada","Preocupación Menor (LC)","No CITES",NA
"L16831267","Zurite Qente Qentiyoc","https://ebird.org/hotspot/L16831267/bird-list","Zurite","Metriopelia ceciliae","Metriopelia ceciliae (R.Lesson, 1845)",36,2021,2024,"Columbiformes","Columbidae","Tortolita Moteada","Bare-faced Ground Dove","Residente","No Amenazada","Preocupación Menor (LC)","No CITES",FALSE
"L16831267","Zurite Qente Qentiyoc","https://ebird.org/hotspot/L16831267/bird-list","Zurite","Ochthoeca rufipectoralis","Ochthoeca rufipectoralis (Orbigny & Lafresnaye, 1837)",35,2021,2024,"Passeriformes","Tyrannidae","Pitajo de Pecho Rufo","Rufous-breasted Chat-Tyrant","Residente","No Amenazada","Preocupación Menor (LC)","No CITES",FALSE
"L16831267","Zurite Qente Qentiyoc","https://ebird.org/hotspot/L16831267/bird-list","Zurite","Bolborhynchus orbygnesius","Bolborhynchus orbygnesius (Souance, 1856)",33,2021,2024,"Psittaciformes","Psittacidae","Perico Andino","Andean Parakeet","Residente","No Amenazada","Preocupación Menor (LC)","No CITES",FALSE
"L16831267","Zurite Qente Qentiyoc","https://ebird.org/hotspot/L16831267/bird-list","Zurite","Lesbia nuna","Lesbia nuna (R.Lesson, 1832)",32,2021,2024,"Apodiformes","Trochilidae","Colibrí de Cola Larga Verde","Green-tailed Trainbearer","Residente","No Amenazada","Preocupación Menor (LC)","No CITES",FALSE
"L16831267","Zurite Qente Qentiyoc","https://ebird.org/hotspot/L16831267/bird-list","Zurite","Patagona gigas","Patagona gigas (Vieillot, 1824)",32,2021,2024,"Apodiformes","Trochilidae","Colibrí Gigante Sureño","Southern Giant-Hummingbird","Migratorio","No Amenazada","Preocupación Menor (LC)","No CITES",FALSE
"L16831267","Zurite Qente Qentiyoc","https://ebird.org/hotspot/L16831267/bird-list","Zurite","Geospizopsis plebejus","Geospizopsis plebejus (Tschudi, 1844)",29,2022,2023,"Passeriformes","Thraupidae","Fringilo de Pecho Cenizo","Ash-breasted Sierra Finch","Residente","No Amenazada","Preocupación Menor (LC)","No CITES",FALSE
"L16831267","Zurite Qente Qentiyoc","https://ebird.org/hotspot/L16831267/bird-list","Zurite","Columba livia","Columba livia J.F.Gmelin, 1789",24,2022,2023,"Columbiformes","Columbidae","Paloma Doméstica","Rock Pigeon","Introducido","No Amenazada","Preocupación Menor (LC)","No CITES",FALSE
"L16831267","Zurite Qente Qentiyoc","https://ebird.org/hotspot/L16831267/bird-list","Zurite","Lesbia victoriae","Lesbia victoriae (Bourcier & Mulsant, 1846)",24,2021,2024,"Apodiformes","Trochilidae","Colibrí de Cola Larga Negra","Black-tailed Trainbearer","Residente","No Amenazada","Preocupación Menor (LC)","No CITES",FALSE
"L16831267","Zurite Qente Qentiyoc","https://ebird.org/hotspot/L16831267/bird-list","Zurite","Falco peregrinus","Falco peregrinus Tunstall, 1771",23,2021,2024,"Falconiformes","Falconidae","Halcón Peregrino","Peregrine Falcon","Residente","Casi Amenazado (NT)","Preocupación Menor (LC)","Apéndice I",FALSE
"L16831267","Zurite Qente Qentiyoc","https://ebird.org/hotspot/L16831267/bird-list","Zurite","Anairetes flavirostris","Anairetes flavirostris P.L.Sclater & Salvin, 1876",20,2022,2024,"Passeriformes","Tyrannidae","Torito de Pico Amarillo","Yellow-billed Tit-Tyrant","Residente","No Amenazada","Preocupación Menor (LC)","No CITES",FALSE
"L16831267","Zurite Qente Qentiyoc","https://ebird.org/hotspot/L16831267/bird-list","Zurite","Muscisaxicola rufivertex","Muscisaxicola rufivertex Orbigny & Lafresnaye, 1837",20,2021,2024,"Passeriformes","Tyrannidae","Dormilona de Nuca Rojiza","Rufous-naped Ground-Tyrant","Residente","No Amenazada","Preocupación Menor (LC)","No CITES",FALSE
"L16831267","Zurite Qente Qentiyoc","https://ebird.org/hotspot/L16831267/bird-list","Zurite","Phacellodomus striaticeps","Phacellodomus striaticeps (Orbigny & Lafresnaye, 1838)",20,2022,2023,"Passeriformes","Furnariidae","Espinero de Frente Rayada","Streak-fronted Thornbird","Residente","No Amenazada","Preocupación Menor (LC)","No CITES",FALSE
"L16831267","Zurite Qente Qentiyoc","https://ebird.org/hotspot/L16831267/bird-list","Zurite","Thlypopsis ruficeps","Thlypopsis ruficeps (d'Orbigny & Lafresnaye, 1837)",19,2022,2024,"Passeriformes","Thraupidae","Tangara Rufa y Amarilla","Rust-and-yellow Tanager","Residente","No Amenazada","Preocupación Menor (LC)","No CITES",FALSE
"L16831267","Zurite Qente Qentiyoc","https://ebird.org/hotspot/L16831267/bird-list","Zurite","Falco sparverius","Falco sparverius Linnaeus, 1758",18,2022,2024,"Falconiformes","Falconidae","Cernícalo Americano","American Kestrel","Residente","No Amenazada","Preocupación Menor (LC)","No CITES",FALSE
"L16831267","Zurite Qente Qentiyoc","https://ebird.org/hotspot/L16831267/bird-list","Zurite","Nothoprocta pentlandii","Nothoprocta pentlandii (G.R.Gray, 1867)",18,2021,2024,"Tinamiformes","Tinamidae","Perdiz Andina","Andean Tinamou","Residente","No Amenazada","Preocupación Menor (LC)","No CITES",FALSE
"L16831267","Zurite Qente Qentiyoc","https://ebird.org/hotspot/L16831267/bird-list","Zurite","Agriornis montanus","Agriornis montanus (Orbigny & Lafresnaye, 1837)",17,2021,2024,"Passeriformes","Tyrannidae","Arriero de Pico Negro","Black-billed Shrike-Tyrant","Residente","No Amenazada","Preocupación Menor (LC)","No CITES",FALSE
"L16831267","Zurite Qente Qentiyoc","https://ebird.org/hotspot/L16831267/bird-list","Zurite","Nothoprocta taczanowskii","Nothoprocta taczanowskii P.L.Sclater & Salvin, 1875",17,2021,2023,"Tinamiformes","Tinamidae","Perdiz de Taczanowski","Taczanowski's Tinamou","Residente","No Amenazada","Vulnerable (VU)","No CITES",FALSE
"L16831267","Zurite Qente Qentiyoc","https://ebird.org/hotspot/L16831267/bird-list","Zurite","Rhopospina fruticeti","Rhopospina fruticeti (Kittlitz, 1833)",16,2022,2023,"Passeriformes","Thraupidae","Fringilo de Pecho Negro","Mourning Sierra Finch","Residente","No Amenazada","Preocupación Menor (LC)","No CITES",FALSE
"L16831267","Zurite Qente Qentiyoc","https://ebird.org/hotspot/L16831267/bird-list","Zurite","Myiotheretes striaticollis","Myiotheretes striaticollis (P.L.Sclater, 1853)",15,2021,2024,"Passeriformes","Tyrannidae","Ala-Rufa de Garganta Rayada","Streak-throated Bush-Tyrant","Residente","No Amenazada","Preocupación Menor (LC)","No CITES",FALSE
"L16831267","Zurite Qente Qentiyoc","https://ebird.org/hotspot/L16831267/bird-list","Zurite","Chaetocercus mulsant","Chaetocercus mulsant (Bourcier, 1843)",13,2022,2024,"Apodiformes","Trochilidae","Estrellita de Vientre Blanco","White-bellied Woodstar","Residente","No Amenazada","Preocupación Menor (LC)","No CITES",FALSE
"L16831267","Zurite Qente Qentiyoc","https://ebird.org/hotspot/L16831267/bird-list","Zurite","Nothoprocta ornata","Nothoprocta ornata (G.R.Gray, 1867)",12,2022,2024,"Tinamiformes","Tinamidae","Perdiz Cordillerana","Ornate Tinamou","Residente","No Amenazada","Preocupación Menor (LC)","No CITES",FALSE
"L16831267","Zurite Qente Qentiyoc","https://ebird.org/hotspot/L16831267/bird-list","Zurite","Ampelion rubrocristatus","Ampelion rubrocristatus (Orbigny & Lafresnaye, 1837)",11,2023,2023,"Passeriformes","Cotingidae","Cotinga de Cresta Roja","Red-crested Cotinga","Residente","No Amenazada","Preocupación Menor (LC)","No CITES",FALSE
"L16831267","Zurite Qente Qentiyoc","https://ebird.org/hotspot/L16831267/bird-list","Zurite","Geranoaetus melanoleucus","Geranoaetus melanoleucus (Vieillot, 1819)",11,2021,2024,"Accipitriformes","Accipitridae","Aguilucho de Pecho Negro","Black-chested Buzzard-Eagle","Residente","No Amenazada","Preocupación Menor (LC)","Apéndice II",FALSE
"L16831267","Zurite Qente Qentiyoc","https://ebird.org/hotspot/L16831267/bird-list","Zurite","Diglossa sittoides","Diglossa sittoides (d'Orbigny & Lafresnaye, 1838)",10,2023,2024,"Passeriformes","Thraupidae","Pinchaflor de Pecho Canela","Rusty Flowerpiercer","Residente","No Amenazada","Preocupación Menor (LC)","No CITES",FALSE
"L16831267","Zurite Qente Qentiyoc","https://ebird.org/hotspot/L16831267/bird-list","Zurite","Grallaria andicolus","Grallaria andicolus (Cabanis, 1873)",10,2023,2024,"Passeriformes","Grallariidae","Tororoi de Cabeza Listada","Stripe-headed Antpitta","Residente","No Amenazada","Preocupación Menor (LC)","No CITES",FALSE
"L16831267","Zurite Qente Qentiyoc","https://ebird.org/hotspot/L16831267/bird-list","Zurite","Muscisaxicola maculirostris","Muscisaxicola maculirostris Orbigny & Lafresnaye, 1837",10,2022,2023,"Passeriformes","Tyrannidae","Dormilona Chica","Spot-billed Ground-Tyrant","Residente","No Amenazada","Preocupación Menor (LC)","No CITES",FALSE
"L16831267","Zurite Qente Qentiyoc","https://ebird.org/hotspot/L16831267/bird-list","Zurite","Metriopelia melanoptera","Metriopelia melanoptera (Molina, 1782)",9,2022,2023,"Columbiformes","Columbidae","Tortolita de Ala Negra","Black-winged Ground Dove","Residente","No Amenazada","Preocupación Menor (LC)","No CITES",FALSE
"L16831267","Zurite Qente Qentiyoc","https://ebird.org/hotspot/L16831267/bird-list","Zurite","Ochthoeca oenanthoides","Ochthoeca oenanthoides (Orbigny & Lafresnaye, 1837)",9,2022,2023,"Passeriformes","Tyrannidae","Pitajo de d’Orbigny","d'Orbigny's Chat-Tyrant","Residente","No Amenazada","Preocupación Menor (LC)","No CITES",FALSE
"L16831267","Zurite Qente Qentiyoc","https://ebird.org/hotspot/L16831267/bird-list","Zurite","Elaenia albiceps","Elaenia albiceps (Orbigny & Lafresnaye, 1837)",8,2023,2024,"Passeriformes","Tyrannidae","Fío-Fío de Cresta Blanca","White-crested Elaenia","Residente","No Amenazada","Preocupación Menor (LC)","No CITES",FALSE
"L16831267","Zurite Qente Qentiyoc","https://ebird.org/hotspot/L16831267/bird-list","Zurite","Muscisaxicola juninensis","Muscisaxicola juninensis Taczanowski, 1884",8,2023,2023,"Passeriformes","Tyrannidae","Dormilona de la Puna","Puna Ground-Tyrant","Residente","No Amenazada","Preocupación Menor (LC)","No CITES",FALSE
"L16831267","Zurite Qente Qentiyoc","https://ebird.org/hotspot/L16831267/bird-list","Zurite","Ochthoeca fumicolor","Ochthoeca fumicolor P.L.Sclater, 1856",8,2021,2022,"Passeriformes","Tyrannidae","Pitajo de Dorso Pardo","Brown-backed Chat-Tyrant","Residente","No Amenazada","Preocupación Menor (LC)","No CITES",FALSE
"L16831267","Zurite Qente Qentiyoc","https://ebird.org/hotspot/L16831267/bird-list","Zurite","Plegadis ridgwayi","Plegadis ridgwayi (Allen, 1876)",8,2022,2023,"Pelecaniformes","Threskiornithidae","Ibis de la Puna","Puna Ibis","Residente","No Amenazada","Preocupación Menor (LC)","No CITES",FALSE
"L16831267","Zurite Qente Qentiyoc","https://ebird.org/hotspot/L16831267/bird-list","Zurite","Turdus fuscater","Turdus fuscater Orbigny & Lafresnaye, 1837",8,2022,2024,"Passeriformes","Turdidae","Zorzal Grande","Great Thrush","Residente","No Amenazada","Preocupación Menor (LC)","No CITES",FALSE
"L16831267","Zurite Qente Qentiyoc","https://ebird.org/hotspot/L16831267/bird-list","Zurite","Asthenes humilis","Asthenes humilis (Cabanis, 1873)",7,2022,2023,"Passeriformes","Furnariidae","Canastero de Garganta Rayada","Streak-throated Canastero","Residente","No Amenazada","Preocupación Menor (LC)","No CITES",FALSE
"L16831267","Zurite Qente Qentiyoc","https://ebird.org/hotspot/L16831267/bird-list","Zurite","Atlapetes forbesi","Atlapetes forbesi Morrison, 1947",7,2022,2024,"Passeriformes","Passerellidae","Matorralero de Apurímac","Apurimac Brushfinch","Endémico","No Amenazada","Preocupación Menor (LC)","No CITES",TRUE
"L16831267","Zurite Qente Qentiyoc","https://ebird.org/hotspot/L16831267/bird-list","Zurite","Bubo magellanicus","Bubo magellanicus (R.Lesson, 1828)",7,2021,2024,"Strigiformes","Strigidae","Búho de Magallanes","Magellanic Horned Owl","Residente","No Amenazada","Preocupación Menor (LC)","No CITES",FALSE
"L16831267","Zurite Qente Qentiyoc","https://ebird.org/hotspot/L16831267/bird-list","Zurite","Chroicocephalus serranus","Chroicocephalus serranus (Tschudi, 1844)",7,2022,2024,"Charadriiformes","Laridae","Gaviota Andina","Andean Gull","Residente","No Amenazada","Preocupación Menor (LC)","No CITES",FALSE
"L16831267","Zurite Qente Qentiyoc","https://ebird.org/hotspot/L16831267/bird-list","Zurite","Pachyramphus validus","Pachyramphus validus (Lichtenstein, 1823)",7,2022,2024,"Passeriformes","Tityridae","Cabezón Crestado","Crested Becard","Residente","No Amenazada","Preocupación Menor (LC)","No CITES",FALSE
"L16831267","Zurite Qente Qentiyoc","https://ebird.org/hotspot/L16831267/bird-list","Zurite","Porphyrospiza alaudina","Rhopospina alaudina (Kittlitz, 1833)",7,2022,2024,NA,NA,NA,NA,NA,"No Amenazada","Preocupación Menor (LC)","No CITES",NA
"L16831267","Zurite Qente Qentiyoc","https://ebird.org/hotspot/L16831267/bird-list","Zurite","Vanellus resplendens","Vanellus resplendens (Tschudi, 1843)",7,2022,2023,"Charadriiformes","Charadriidae","Avefría Andina","Andean Lapwing","Residente","No Amenazada","Preocupación Menor (LC)","No CITES",FALSE
"L16831267","Zurite Qente Qentiyoc","https://ebird.org/hotspot/L16831267/bird-list","Zurite","Asthenes virgata","Asthenes virgata (P.L.Sclater, 1874)",6,2022,2022,"Passeriformes","Furnariidae","Canastero de Junín","Junin Canastero","Endémico","No Amenazada","Preocupación Menor (LC)","No CITES",TRUE
"L16831267","Zurite Qente Qentiyoc","https://ebird.org/hotspot/L16831267/bird-list","Zurite","Cinclodes atacamensis","Cinclodes atacamensis (Philippi, 1857)",6,2022,2024,"Passeriformes","Furnariidae","Churrete de Ala Blanca","White-winged Cinclodes","Residente","No Amenazada","Preocupación Menor (LC)","No CITES",FALSE
"L16831267","Zurite Qente Qentiyoc","https://ebird.org/hotspot/L16831267/bird-list","Zurite","Glaucidium peruanum","Glaucidium peruanum C.König, 1991",6,2022,2024,"Strigiformes","Strigidae","Lechucita Peruana","Peruvian Pygmy-Owl","Residente","No Amenazada","Preocupación Menor (LC)","No CITES",FALSE
"L16831267","Zurite Qente Qentiyoc","https://ebird.org/hotspot/L16831267/bird-list","Zurite","Pheucticus aureoventris","Pheucticus aureoventris (d'Orbigny & Lafresnaye, 1837)",6,2022,2024,"Passeriformes","Cardinalidae","Picogrueso de Dorso Negro","Black-backed Grosbeak","Residente","No Amenazada","Preocupación Menor (LC)","No CITES",FALSE
"L16831267","Zurite Qente Qentiyoc","https://ebird.org/hotspot/L16831267/bird-list","Zurite","Anairetes parulus","Anairetes parulus (Kittlitz, 1830)",5,2022,2024,"Passeriformes","Tyrannidae","Torito Copetón","Tufted Tit-Tyrant","Residente","No Amenazada","Preocupación Menor (LC)","No CITES",FALSE
"L16831267","Zurite Qente Qentiyoc","https://ebird.org/hotspot/L16831267/bird-list","Zurite","Asthenes wyatti","Asthenes wyatti (P.L.Sclater & Salvin, 1871)",5,2022,2024,"Passeriformes","Furnariidae","Canastero de Dorso Rayado","Streak-backed Canastero","Residente","No Amenazada","Preocupación Menor (LC)","No CITES",FALSE
"L16831267","Zurite Qente Qentiyoc","https://ebird.org/hotspot/L16831267/bird-list","Zurite","Bubulcus ibis","Ardea ibis Linnaeus, 1758",5,2022,2023,NA,NA,NA,NA,NA,"No Amenazada","Preocupación Menor (LC)","No CITES",NA
"L16831267","Zurite Qente Qentiyoc","https://ebird.org/hotspot/L16831267/bird-list","Zurite","Cathartes aura","Cathartes aura (Linnaeus, 1758)",5,2022,2023,"Cathartiformes","Cathartidae","Gallinazo de Cabeza Roja","Turkey Vulture","Residente","No Amenazada","Preocupación Menor (LC)","No CITES",FALSE
"L16831267","Zurite Qente Qentiyoc","https://ebird.org/hotspot/L16831267/bird-list","Zurite","Scytalopus simonsi","Scytalopus simonsi Chubb, 1917",5,2022,2024,"Passeriformes","Rhinocryptidae","Tapaculo de la Puna","Puna Tapaculo","Residente","No Amenazada","Preocupación Menor (LC)","No CITES",FALSE
"L16831267","Zurite Qente Qentiyoc","https://ebird.org/hotspot/L16831267/bird-list","Zurite","Spinus crassirostris","Spinus crassirostris (Landbeck, 1877)",5,2022,2023,"Passeriformes","Fringillidae","Jilguero de Pico Grueso","Thick-billed Siskin","Residente","No Amenazada","Preocupación Menor (LC)","No CITES",FALSE
"L16831267","Zurite Qente Qentiyoc","https://ebird.org/hotspot/L16831267/bird-list","Zurite","Coragyps atratus","Coragyps atratus (Bechstein, 1793)",4,2022,2022,"Cathartiformes","Cathartidae","Gallinazo de Cabeza Negra","Black Vulture","Residente","No Amenazada","Preocupación Menor (LC)","No CITES",FALSE
"L16831267","Zurite Qente Qentiyoc","https://ebird.org/hotspot/L16831267/bird-list","Zurite","Falco femoralis","Falco femoralis Temminck, 1822",4,2022,2024,"Falconiformes","Falconidae","Halcón Aplomado","Aplomado Falcon","Residente","No Amenazada","Preocupación Menor (LC)","No CITES",FALSE
"L16831267","Zurite Qente Qentiyoc","https://ebird.org/hotspot/L16831267/bird-list","Zurite","Geospizopsis unicolor","Geospizopsis unicolor (d'Orbigny & Lafresnaye, 1837)",4,2022,2024,"Passeriformes","Thraupidae","Fringilo Plomizo","Plumbeous Sierra Finch","Residente","No Amenazada","Preocupación Menor (LC)","No CITES",FALSE
"L16831267","Zurite Qente Qentiyoc","https://ebird.org/hotspot/L16831267/bird-list","Zurite","Polioxolmis rufipennis","Cnemarchus rufipennis (Taczanowski, 1874)",4,2022,2022,NA,NA,NA,NA,NA,"No Amenazada","Preocupación Menor (LC)","No CITES",NA
"L16831267","Zurite Qente Qentiyoc","https://ebird.org/hotspot/L16831267/bird-list","Zurite","Sicalis olivascens","Sicalis olivascens (d'Orbigny & Lafresnaye, 1837)",4,2022,2022,"Passeriformes","Thraupidae","Chirigüe Verdoso","Greenish Yellow-Finch","Residente","No Amenazada","Preocupación Menor (LC)","No CITES",FALSE
"L16831267","Zurite Qente Qentiyoc","https://ebird.org/hotspot/L16831267/bird-list","Zurite","Empidonax alnorum","Empidonax alnorum Brewster, 1895",3,2021,2021,"Passeriformes","Tyrannidae","Mosquerito de Alisos","Alder Flycatcher","Migratorio","No Amenazada","Preocupación Menor (LC)","No CITES",FALSE
"L16831267","Zurite Qente Qentiyoc","https://ebird.org/hotspot/L16831267/bird-list","Zurite","Hirundinea ferruginea","Hirundinea ferruginea (Gmelin, 1788)",3,2023,2024,"Passeriformes","Tyrannidae","Tirano de Riscos","Cliff Flycatcher","Residente","No Amenazada","Preocupación Menor (LC)","No CITES",FALSE
"L16831267","Zurite Qente Qentiyoc","https://ebird.org/hotspot/L16831267/bird-list","Zurite","Streptoprocne zonaris","Streptoprocne zonaris (Shaw, 1796)",3,2022,2022,"Apodiformes","Apodidae","Vencejo de Collar Blanco","White-collared Swift","Residente","No Amenazada","Preocupación Menor (LC)","No CITES",FALSE
"L16831267","Zurite Qente Qentiyoc","https://ebird.org/hotspot/L16831267/bird-list","Zurite","Buteo albigula","Buteo albigula Philippi, 1899",2,2022,2022,"Accipitriformes","Accipitridae","Aguilucho de Garganta Blanca","White-throated Hawk","Residente","No Amenazada","Preocupación Menor (LC)","No CITES",FALSE
"L16831267","Zurite Qente Qentiyoc","https://ebird.org/hotspot/L16831267/bird-list","Zurite","Catharus ustulatus","Catharus ustulatus (Nuttall, 1840)",2,2022,2022,"Passeriformes","Turdidae","Zorzal de Swainson","Swainson's Thrush","Migratorio","No Amenazada","Preocupación Menor (LC)","No CITES",FALSE
"L16831267","Zurite Qente Qentiyoc","https://ebird.org/hotspot/L16831267/bird-list","Zurite","Conirostrum ferrugineiventre","Conirostrum ferrugineiventre P.L.Sclater, 1855",2,2024,2024,"Passeriformes","Thraupidae","Pico-de-Cono de Ceja Blanca","White-browed Conebill","Residente","No Amenazada","Preocupación Menor (LC)","No CITES",FALSE
"L16831267","Zurite Qente Qentiyoc","https://ebird.org/hotspot/L16831267/bird-list","Zurite","Haplochelidon andecola","Orochelidon andecola (d'Orbigny & Lafresnaye, 1837)",2,2024,2024,NA,NA,NA,NA,NA,"No Amenazada","Preocupación Menor (LC)","No CITES",NA
"L16831267","Zurite Qente Qentiyoc","https://ebird.org/hotspot/L16831267/bird-list","Zurite","Aeronautes andecolus","Aeronautes andecolus (d'Orbigny & Lafresnaye, 1837)",1,2024,2024,"Apodiformes","Apodidae","Vencejo Andino","Andean Swift","Residente","No Amenazada","Preocupación Menor (LC)","No CITES",FALSE
"L16831267","Zurite Qente Qentiyoc","https://ebird.org/hotspot/L16831267/bird-list","Zurite","Aeronautes montivagus","Aeronautes montivagus (d'Orbigny & Lafresnaye, 1837)",1,2024,2024,"Apodiformes","Apodidae","Vencejo Montañés","White-tipped Swift","Residente","No Amenazada","Preocupación Menor (LC)","No CITES",FALSE
"L16831267","Zurite Qente Qentiyoc","https://ebird.org/hotspot/L16831267/bird-list","Zurite","Agriornis andicola","Agriornis albicauda (Philippi & Landbeck, 1863)",1,2024,2024,NA,NA,NA,NA,NA,"No Amenazada","Preocupación Menor (LC)","No CITES",NA
"L16831267","Zurite Qente Qentiyoc","https://ebird.org/hotspot/L16831267/bird-list","Zurite","Anairetes alpinus","Anairetes alpinus (Carriker, 1933)",1,2023,2023,"Passeriformes","Tyrannidae","Torito de Pecho Cenizo","Ash-breasted Tit-Tyrant","Residente","En Peligro Crítico (CR)","Vulnerable (VU)","No CITES",FALSE
"L16831267","Zurite Qente Qentiyoc","https://ebird.org/hotspot/L16831267/bird-list","Zurite","Anas flavirostris","Anas flavirostris Vieillot, 1816",1,2023,2023,"Anseriformes","Anatidae","Pato Barcino","Yellow-billed Teal","Residente","No Amenazada","Preocupación Menor (LC)","No CITES",FALSE
"L16831267","Zurite Qente Qentiyoc","https://ebird.org/hotspot/L16831267/bird-list","Zurite","Ardea alba","Ardea alba Linnaeus, 1758",1,2022,2022,"Pelecaniformes","Ardeidae","Garza Grande","Great Egret","Residente","No Amenazada","Preocupación Menor (LC)","No CITES",FALSE
"L16831267","Zurite Qente Qentiyoc","https://ebird.org/hotspot/L16831267/bird-list","Zurite","Boissonneaua matthewsii","Boissonneaua matthewsii (Bourcier, 1847)",1,2024,2024,"Apodiformes","Trochilidae","Colibrí de Pecho Castaño","Chestnut-breasted Coronet","Residente","No Amenazada","Preocupación Menor (LC)","No CITES",FALSE
"L16831267","Zurite Qente Qentiyoc","https://ebird.org/hotspot/L16831267/bird-list","Zurite","Conirostrum binghami","Conirostrum binghami (Chapman, 1919)",1,2024,2024,"Passeriformes","Thraupidae","Pico-de-Cono Gigante","Giant Conebill","Residente","No Amenazada","Casi Amenazada (NT)","No CITES",FALSE
"L16831267","Zurite Qente Qentiyoc","https://ebird.org/hotspot/L16831267/bird-list","Zurite","Crypturellus cinereus","Crypturellus cinereus (J.F.Gmelin, 1789)",1,2023,2023,"Tinamiformes","Tinamidae","Perdiz Cinérea","Cinereous Tinamou","Residente","No Amenazada","Preocupación Menor (LC)","No CITES",FALSE
"L16831267","Zurite Qente Qentiyoc","https://ebird.org/hotspot/L16831267/bird-list","Zurite","Dacnis cayana","Dacnis cayana (Linnaeus, 1766)",1,2024,2024,"Passeriformes","Thraupidae","Dacnis Azul","Blue Dacnis","Residente","No Amenazada","Preocupación Menor (LC)","No CITES",FALSE
"L16831267","Zurite Qente Qentiyoc","https://ebird.org/hotspot/L16831267/bird-list","Zurite","Leptasthenura xenothorax","Leptasthenura xenothorax Chapman, 1921",1,2024,2024,"Passeriformes","Furnariidae","Tijeral de Ceja Blanca","White-browed Tit-Spinetail","Endémico","No Amenazada","Casi Amenazada (NT)","No CITES",TRUE
"L16831267","Zurite Qente Qentiyoc","https://ebird.org/hotspot/L16831267/bird-list","Zurite","Muscisaxicola griseus","Muscisaxicola griseus Taczanowski, 1884",1,2023,2023,"Passeriformes","Tyrannidae","Dormilona de Taczanowski","Taczanowski's Ground-Tyrant","Residente","No Amenazada","Preocupación Menor (LC)","No CITES",FALSE
"L16831267","Zurite Qente Qentiyoc","https://ebird.org/hotspot/L16831267/bird-list","Zurite","Oreotrochilus estella","Oreotrochilus estella (d'Orbigny, 1838)",1,2022,2022,"Apodiformes","Trochilidae","Estrella Andina","Andean Hillstar","Residente","No Amenazada","Preocupación Menor (LC)","No CITES",FALSE
"L16831267","Zurite Qente Qentiyoc","https://ebird.org/hotspot/L16831267/bird-list","Zurite","Patagioenas fasciata","Patagioenas fasciata (Say, 1822)",1,2024,2024,"Columbiformes","Columbidae","Paloma de Nuca Blanca","Band-tailed Pigeon","Residente","No Amenazada","Preocupación Menor (LC)","No CITES",FALSE
"L16831267","Zurite Qente Qentiyoc","https://ebird.org/hotspot/L16831267/bird-list","Zurite","Rollandia rolland","Rollandia rolland (Quoy & Gaimard, 1824)",1,2023,2023,"Podicipediformes","Podicipedidae","Zambullidor Pimpollo","White-tufted Grebe","Residente","No Amenazada","Preocupación Menor (LC)","No CITES",FALSE
"L16831267","Zurite Qente Qentiyoc","https://ebird.org/hotspot/L16831267/bird-list","Zurite","Spatula puna","Spatula puna (Tschudi, 1844)",1,2023,2023,"Anseriformes","Anatidae","Pato de la Puna","Puna Teal","Residente","No Amenazada","Preocupación Menor (LC)","No CITES",FALSE
"L16831267","Zurite Qente Qentiyoc","https://ebird.org/hotspot/L16831267/bird-list","Zurite","Systellura longirostris","Systellura longirostris (Bonaparte, 1825)",1,2023,2023,"Caprimulgiformes","Caprimulgidae","Chotacabras de Ala Bandeada","Band-winged Nightjar","Residente","No Amenazada","Preocupación Menor (LC)","No CITES",FALSE
"L16831267","Zurite Qente Qentiyoc","https://ebird.org/hotspot/L16831267/bird-list","Zurite","Tinamus osgoodi","Tinamus osgoodi Conover, 1949",1,2023,2023,"Tinamiformes","Tinamidae","Perdiz Negra","Black Tinamou","Residente","No Amenazada","Vulnerable (VU)","No CITES",FALSE
"L16831267","Zurite Qente Qentiyoc","https://ebird.org/hotspot/L16831267/bird-list","Zurite","Tringa solitaria","Tringa solitaria A.Wilson, 1813",1,2023,2023,"Charadriiformes","Scolopacidae","Playero Solitario","Solitary Sandpiper","Migratorio","No Amenazada","Preocupación Menor (LC)","No CITES",FALSE
"L16831267","Zurite Qente Qentiyoc","https://ebird.org/hotspot/L16831267/bird-list","Zurite","Veniliornis nigriceps","Dryobates nigriceps (d'Orbigny, 1841)",1,2022,2022,NA,NA,NA,NA,NA,"No Amenazada","Preocupación Menor (LC)","No CITES",NA
