"distrito","species","reino","nombre_cientifico","clase","orden","familia","genero","n_registros","fuentes","plataformas","primer_anio","ultimo_anio","n_distritos_total","es_exclusiva","iucn_match_name","iucn_categoria_raw","iucn_id","iucn_categoria","es_amenazada_iucn"
"Ancahuasi","Zonotrichia capensis","Fauna","Zonotrichia capensis (P.L.S.Müller, 1776)","Aves","Passeriformes","Passerellidae","Zonotrichia",48,"GBIF","eBird",2014,2024,9,FALSE,"Zonotrichia capensis","Least Concern","22721079","Preocupación Menor (LC)",FALSE
"Ancahuasi","Turdus chiguanco","Fauna","Turdus chiguanco Orbigny & Lafresnaye, 1837","Aves","Passeriformes","Turdidae","Turdus",47,"GBIF / iNaturalist","eBird / iNaturalist",2014,2024,9,FALSE,"Turdus chiguanco","Least Concern","103889964","Preocupación Menor (LC)",FALSE
"Ancahuasi","Spinus magellanicus","Fauna","Spinus magellanicus (Vieillot, 1805)","Aves","Passeriformes","Fringillidae","Spinus",41,"GBIF","eBird",2018,2024,9,FALSE,"Spinus magellanicus","Least Concern","22720383","Preocupación Menor (LC)",FALSE
"Ancahuasi","Phrygilus punensis","Fauna","Phrygilus punensis Ridgway, 1887","Aves","Passeriformes","Thraupidae","Phrygilus",28,"GBIF","eBird",2018,2024,8,FALSE,"Phrygilus punensis","Least Concern","22723064","Preocupación Menor (LC)",FALSE
"Ancahuasi","Saltator aurantiirostris","Fauna","Saltator aurantiirostris Vieillot, 1817","Aves","Passeriformes","Thraupidae","Saltator",26,"GBIF","eBird",2018,2024,9,FALSE,"Saltator aurantiirostris","Least Concern","22723892","Preocupación Menor (LC)",FALSE
"Ancahuasi","Colaptes rupicola","Fauna","Colaptes rupicola d'Orbigny, 1840","Aves","Piciformes","Picidae","Colaptes",23,"GBIF / iNaturalist","eBird / iNaturalist",2018,2024,9,FALSE,"Colaptes rupicola","Least Concern","22726426","Preocupación Menor (LC)",FALSE
"Ancahuasi","Catamenia analis","Fauna","Catamenia analis (d'Orbigny & Lafresnaye, 1837)","Aves","Passeriformes","Thraupidae","Catamenia",21,"GBIF","eBird",2018,2024,9,FALSE,"Catamenia analis","Least Concern","22723570","Preocupación Menor (LC)",FALSE
"Ancahuasi","Diglossa brunneiventris","Fauna","Diglossa brunneiventris Lafresnaye, 1846","Aves","Passeriformes","Thraupidae","Diglossa",20,"GBIF / iNaturalist","eBird / iNaturalist",2012,2024,7,FALSE,"Diglossa brunneiventris","Least Concern","22723677","Preocupación Menor (LC)",FALSE
"Ancahuasi","Patagioenas maculosa","Fauna","Patagioenas maculosa (Temminck, 1813)","Aves","Columbiformes","Columbidae","Patagioenas",20,"GBIF","eBird",2018,2024,9,FALSE,"Patagioenas maculosa","Least Concern","22728285","Preocupación Menor (LC)",FALSE
"Ancahuasi","Falco sparverius","Fauna","Falco sparverius Linnaeus, 1758","Aves","Falconiformes","Falconidae","Falco",19,"GBIF / iNaturalist","eBird / iNaturalist",2018,2024,9,FALSE,"Falco sparverius","Least Concern","22696395","Preocupación Menor (LC)",FALSE
"Ancahuasi","Zenaida auriculata","Fauna","Zenaida auriculata (Des Murs, 1847)","Aves","Columbiformes","Columbidae","Zenaida",19,"GBIF","eBird",2017,2024,8,FALSE,"Zenaida auriculata","Least Concern","22690747","Preocupación Menor (LC)",FALSE
"Ancahuasi","Colibri coruscans","Fauna","Colibri coruscans (Gould, 1846)","Aves","Apodiformes","Trochilidae","Colibri",18,"GBIF","eBird",2018,2024,9,FALSE,"Colibri coruscans","Least Concern","22687114","Preocupación Menor (LC)",FALSE
"Ancahuasi","Buteo polyosoma","Fauna","Geranoaetus polyosoma (Quoy & Gaimard, 1824)","Aves","Accipitriformes","Accipitridae","Buteo",17,"GBIF / iNaturalist","eBird / iNaturalist",2018,2024,7,FALSE,"---","---",NA,"No Evaluada (NE)",FALSE
"Ancahuasi","Cinclodes fuscus","Fauna","Cinclodes albiventris (Philippi & Landbeck, 1861)","Aves","Passeriformes","Furnariidae","Cinclodes",17,"GBIF","eBird",2018,2024,8,FALSE,"Cinclodes fuscus","---","22736220_1","No Evaluada (NE)",FALSE
"Ancahuasi","Troglodytes musculus","Fauna","Troglodytes musculus J.F.Naumann, 1823","Aves","Passeriformes","Troglodytidae","Troglodytes",16,"GBIF","eBird",2018,2024,8,FALSE,"---","---",NA,"No Evaluada (NE)",FALSE
"Ancahuasi","Columba livia","Fauna","Columba livia J.F.Gmelin, 1789","Aves","Columbiformes","Columbidae","Columba",15,"GBIF","eBird",2018,2024,9,FALSE,"Columba livia","Least Concern","22690066","Preocupación Menor (LC)",FALSE
"Ancahuasi","Rhopospina fruticeti","Fauna","Rhopospina fruticeti (Kittlitz, 1833)","Aves","Passeriformes","Thraupidae","Rhopospina",15,"GBIF","eBird",2018,2024,8,FALSE,"Rhopospina fruticeti","Least Concern","22723080","Preocupación Menor (LC)",FALSE
"Ancahuasi","Poospizopsis caesar","Fauna","Poospizopsis caesar (P.L.Sclater & Salvin, 1869)","Aves","Passeriformes","Thraupidae","Poospizopsis",14,"GBIF","eBird",2018,2024,9,FALSE,"Poospizopsis caesar","Least Concern","22723282","Preocupación Menor (LC)",FALSE
"Ancahuasi","Catamenia inornata","Fauna","Catamenia inornata (Lafresnaye, 1847)","Aves","Passeriformes","Thraupidae","Catamenia",13,"GBIF / iNaturalist","eBird / iNaturalist",2018,2023,7,FALSE,"Catamenia inornata","Least Concern","22723573","Preocupación Menor (LC)",FALSE
"Ancahuasi","Plegadis ridgwayi","Fauna","Plegadis ridgwayi (Allen, 1876)","Aves","Pelecaniformes","Threskiornithidae","Plegadis",12,"GBIF","eBird",2017,2024,9,FALSE,"Plegadis ridgwayi","Least Concern","22697429","Preocupación Menor (LC)",FALSE
"Ancahuasi","Falco femoralis","Fauna","Falco femoralis Temminck, 1822","Aves","Falconiformes","Falconidae","Falco",11,"GBIF","eBird / Observation.org",2018,2024,8,FALSE,"Falco femoralis","Least Concern","22696450","Preocupación Menor (LC)",FALSE
"Ancahuasi","Geospizopsis plebejus","Fauna","Geospizopsis plebejus (Tschudi, 1844)","Aves","Passeriformes","Thraupidae","Geospizopsis",11,"GBIF","eBird",2018,2024,8,FALSE,"Geospizopsis plebejus","Least Concern","22723100","Preocupación Menor (LC)",FALSE
"Ancahuasi","Notiochelidon murina","Fauna","Orochelidon murina (Cassin, 1853)","Aves","Passeriformes","Hirundinidae","Notiochelidon",10,"GBIF","eBird",2018,2024,8,FALSE,"---","---",NA,"No Evaluada (NE)",FALSE
"Ancahuasi","Solanum candolleanum","Flora","Solanum candolleanum Berthault","Magnoliopsida","Solanales","Solanaceae","Solanum",10,"GBIF","Otros conjuntos mediados por GBIF",1980,1980,7,FALSE,"---","---",NA,"No Evaluada (NE)",FALSE
"Ancahuasi","Chroicocephalus serranus","Fauna","Chroicocephalus serranus (Tschudi, 1844)","Aves","Charadriiformes","Laridae","Chroicocephalus",9,"GBIF","eBird",2017,2024,9,FALSE,"---","---",NA,"No Evaluada (NE)",FALSE
"Ancahuasi","Conirostrum cinereum","Fauna","Conirostrum cinereum d'Orbigny & Lafresnaye, 1838","Aves","Passeriformes","Thraupidae","Conirostrum",9,"GBIF","eBird",2018,2024,7,FALSE,"Conirostrum cinereum","Least Concern","22722096","Preocupación Menor (LC)",FALSE
"Ancahuasi","Metallura tyrianthina","Fauna","Metallura tyrianthina (Loddiges, 1832)","Aves","Apodiformes","Trochilidae","Metallura",9,"GBIF","eBird",2020,2024,8,FALSE,"Metallura tyrianthina","Least Concern","22688015","Preocupación Menor (LC)",FALSE
"Ancahuasi","Ochthoeca leucophrys","Fauna","Ochthoeca leucophrys (Orbigny & Lafresnaye, 1837)","Aves","Passeriformes","Tyrannidae","Ochthoeca",9,"GBIF","eBird",2018,2024,8,FALSE,"Ochthoeca leucophrys","Least Concern","22699943","Preocupación Menor (LC)",FALSE
"Ancahuasi","Polioxolmis rufipennis","Fauna","Cnemarchus rufipennis (Taczanowski, 1874)","Aves","Passeriformes","Tyrannidae","Polioxolmis",9,"GBIF","eBird",2018,2024,6,FALSE,"Polioxolmis rufipennis","Least Concern","22700123","Preocupación Menor (LC)",FALSE
"Ancahuasi","Agriornis montanus","Fauna","Agriornis montanus (Orbigny & Lafresnaye, 1837)","Aves","Passeriformes","Tyrannidae","Agriornis",8,"GBIF","eBird / Otros conjuntos mediados por GBIF",1899,2024,6,FALSE,"Agriornis montanus","Least Concern","22700072","Preocupación Menor (LC)",FALSE
"Ancahuasi","Asthenes ottonis","Fauna","Asthenes ottonis (Berlepsch, 1901)","Aves","Passeriformes","Furnariidae","Asthenes",8,"GBIF","eBird",2018,2024,8,FALSE,"Asthenes ottonis","Least Concern","22702497","Preocupación Menor (LC)",FALSE
"Ancahuasi","Cranioleuca albicapilla","Fauna","Cranioleuca albicapilla (Cabanis, 1873)","Aves","Passeriformes","Furnariidae","Cranioleuca",8,"GBIF","eBird",2018,2023,8,FALSE,"Cranioleuca albicapilla","Least Concern","22702448","Preocupación Menor (LC)",FALSE
"Ancahuasi","Bubulcus ibis","Fauna","Ardea ibis Linnaeus, 1758","Aves","Pelecaniformes","Ardeidae","Bubulcus",7,"GBIF","eBird",2017,2024,8,FALSE,"Bubulcus ibis","Least Concern","22697109","Preocupación Menor (LC)",FALSE
"Ancahuasi","Begonia glabra","Flora","Begonia glabra Aubl.","Magnoliopsida","Cucurbitales","Begoniaceae","Begonia",6,"GBIF","Otros conjuntos mediados por GBIF",2005,2005,1,TRUE,"---","---",NA,"No Evaluada (NE)",FALSE
"Ancahuasi","Geranoaetus melanoleucus","Fauna","Geranoaetus melanoleucus (Vieillot, 1819)","Aves","Accipitriformes","Accipitridae","Geranoaetus",6,"GBIF","eBird",2017,2024,8,FALSE,"Geranoaetus melanoleucus","Least Concern","22695845","Preocupación Menor (LC)",FALSE
"Ancahuasi","Lesbia victoriae","Fauna","Lesbia victoriae (Bourcier & Mulsant, 1846)","Aves","Apodiformes","Trochilidae","Lesbia",6,"GBIF","eBird",2022,2023,8,FALSE,"Lesbia victoriae","Least Concern","22687971","Preocupación Menor (LC)",FALSE
"Ancahuasi","Macropharynx gigantea","Flora","Peltastes giganteus Woodson","Magnoliopsida","Gentianales","Apocynaceae","Macropharynx",6,"GBIF","Otros conjuntos mediados por GBIF",2005,2005,1,TRUE,"---","---",NA,"No Evaluada (NE)",FALSE
"Ancahuasi","Prumnopitys harmsiana","Flora","Prumnopitys harmsiana (Pilg.) de Laub.","Pinopsida","Pinales","Podocarpaceae","Prumnopitys",6,"GBIF","Otros conjuntos mediados por GBIF",2005,2005,1,TRUE,"Prumnopitys harmsiana","Near Threatened","32287","Casi Amenazada (NT)",FALSE
"Ancahuasi","Quechualia fulta","Flora","Quechualia fulta (Griseb.) H.Rob.","Magnoliopsida","Asterales","Asteraceae","Quechualia",6,"GBIF","Otros conjuntos mediados por GBIF",2005,2005,1,TRUE,"---","---",NA,"No Evaluada (NE)",FALSE
"Ancahuasi","Solanum albidum","Flora","Solanum albidum Dunal","Magnoliopsida","Solanales","Solanaceae","Solanum",6,"GBIF","Otros conjuntos mediados por GBIF",2005,2005,1,TRUE,"Solanum albidum","Least Concern","146118804","Preocupación Menor (LC)",FALSE
"Ancahuasi","Styrax pavonii","Flora","Styrax cordatus (Ruiz & Pav.) A.DC.","Magnoliopsida","Ericales","Styracaceae","Styrax",6,"GBIF","Otros conjuntos mediados por GBIF",2005,2005,1,TRUE,"Styrax pavonii","Least Concern","193925464","Preocupación Menor (LC)",FALSE
"Ancahuasi","Xenodacnis parina","Fauna","Xenodacnis parina Cabanis, 1873","Aves","Passeriformes","Thraupidae","Xenodacnis",6,"GBIF","eBird",2018,2018,8,FALSE,"Xenodacnis parina","Least Concern","103839796","Preocupación Menor (LC)",FALSE
"Ancahuasi","Cathartes aura","Fauna","Cathartes aura (Linnaeus, 1758)","Aves","Accipitriformes","Cathartidae","Cathartes",5,"GBIF","eBird",2019,2024,7,FALSE,"Cathartes aura","Least Concern","22697627","Preocupación Menor (LC)",FALSE
"Ancahuasi","Cestrum racemosum","Flora","Cestrum racemosum Ruiz & Pav.","Magnoliopsida","Solanales","Solanaceae","Cestrum",5,"GBIF","Otros conjuntos mediados por GBIF",2005,2005,1,TRUE,"Cestrum racemosum","Least Concern","146779005","Preocupación Menor (LC)",FALSE
"Ancahuasi","Diplopterys lucida","Flora","Diplopterys lucida (Rich.) W.R.Anderson & C.Davis","Magnoliopsida","Malpighiales","Malpighiaceae","Diplopterys",5,"GBIF","Otros conjuntos mediados por GBIF",2005,2005,1,TRUE,"---","---",NA,"No Evaluada (NE)",FALSE
"Ancahuasi","Nycticorax nycticorax","Fauna","Nycticorax nycticorax (Linnaeus, 1758)","Aves","Pelecaniformes","Ardeidae","Nycticorax",5,"GBIF","eBird",2018,2022,6,FALSE,"Nycticorax nycticorax","Least Concern","22697211","Preocupación Menor (LC)",FALSE
"Ancahuasi","Paspalum saccharoides","Flora","Paspalum saccharoides Nees ex Trin.","Liliopsida","Poales","Poaceae","Paspalum",5,"GBIF","Otros conjuntos mediados por GBIF",2005,2005,1,TRUE,"---","---",NA,"No Evaluada (NE)",FALSE
"Ancahuasi","Aglaeactis cupripennis","Fauna","Aglaeactis cupripennis (Bourcier, 1843)","Aves","Apodiformes","Trochilidae","Aglaeactis",4,"GBIF","eBird",2020,2023,8,FALSE,"Aglaeactis cupripennis","Least Concern","22687788","Preocupación Menor (LC)",FALSE
"Ancahuasi","Blechnum gracile","Flora","Blechnum gracile Kaulf.","Polypodiopsida","Polypodiales","Blechnaceae","Blechnum",4,"GBIF","Otros conjuntos mediados por GBIF",2005,2005,1,TRUE,"---","---",NA,"No Evaluada (NE)",FALSE
"Ancahuasi","Cissus obliqua","Flora","Cissus obliqua Ruiz & Pav.","Magnoliopsida","Vitales","Vitaceae","Cissus",4,"GBIF","Otros conjuntos mediados por GBIF",2005,2005,2,FALSE,"---","---",NA,"No Evaluada (NE)",FALSE
"Ancahuasi","Gouania polygama","Flora","Gouania polygama (Jacq.) Urb.","Magnoliopsida","Rosales","Rhamnaceae","Gouania",4,"GBIF","Otros conjuntos mediados por GBIF",2005,2005,1,TRUE,"---","---",NA,"No Evaluada (NE)",FALSE
"Ancahuasi","Muscisaxicola rufivertex","Fauna","Muscisaxicola rufivertex Orbigny & Lafresnaye, 1837","Aves","Passeriformes","Tyrannidae","Muscisaxicola",4,"GBIF","eBird",2018,2024,8,FALSE,"Muscisaxicola rufivertex","Least Concern","103683296","Preocupación Menor (LC)",FALSE
"Ancahuasi","Pheucticus aureoventris","Fauna","Pheucticus aureoventris (d'Orbigny & Lafresnaye, 1837)","Aves","Passeriformes","Cardinalidae","Pheucticus",4,"GBIF","eBird",2019,2023,7,FALSE,"Pheucticus aureoventris","Least Concern","22723810","Preocupación Menor (LC)",FALSE
"Ancahuasi","Piper umbellatum","Flora","Piper umbellatum L.","Magnoliopsida","Piperales","Piperaceae","Piper",4,"GBIF","Otros conjuntos mediados por GBIF",2005,2005,1,TRUE,"---","---",NA,"No Evaluada (NE)",FALSE
"Ancahuasi","Psychotria trivialis","Flora","Psychotria trivialis Rusby","Magnoliopsida","Gentianales","Rubiaceae","Psychotria",4,"GBIF","Otros conjuntos mediados por GBIF",2005,2005,1,TRUE,"Psychotria trivialis","Least Concern","194012578","Preocupación Menor (LC)",FALSE
"Ancahuasi","Ruellia haenkeana","Flora","Ruellia haenkeana (Nees) Wassh.","Magnoliopsida","Lamiales","Acanthaceae","Ruellia",4,"GBIF","Otros conjuntos mediados por GBIF",2005,2005,1,TRUE,"---","---",NA,"No Evaluada (NE)",FALSE
"Ancahuasi","Solanum bukasovii","Flora","Solanum bukasovii Juz.","Magnoliopsida","Solanales","Solanaceae","Solanum",4,"GBIF","Otros conjuntos mediados por GBIF",NA,NA,3,FALSE,"---","---",NA,"No Evaluada (NE)",FALSE
"Ancahuasi","Solanum iltisii","Flora","Solanum iltisii K.E.Roe","Magnoliopsida","Solanales","Solanaceae","Solanum",4,"GBIF","Otros conjuntos mediados por GBIF",2005,2005,2,FALSE,"Solanum iltisii","Least Concern","171586273","Preocupación Menor (LC)",FALSE
"Ancahuasi","Upucerthia validirostris","Fauna","Upucerthia validirostris (Burmeister, 1861)","Aves","Passeriformes","Furnariidae","Upucerthia",4,"GBIF","eBird",2018,2018,4,FALSE,"Upucerthia validirostris","Least Concern","103670909","Preocupación Menor (LC)",FALSE
"Ancahuasi","Aeronautes andecolus","Fauna","Aeronautes andecolus (d'Orbigny & Lafresnaye, 1837)","Aves","Apodiformes","Apodidae","Aeronautes",3,"GBIF","eBird",2019,2024,7,FALSE,"Aeronautes andecolus","Least Concern","22686739","Preocupación Menor (LC)",FALSE
"Ancahuasi","Amphidium tortuosum","Flora","Amphidium tortuosum (Hornsch.) Cufod.","Bryopsida","Dicranales","Amphidiaceae","Amphidium",3,"GBIF","Otros conjuntos mediados por GBIF",1977,1977,1,TRUE,"---","---",NA,"No Evaluada (NE)",FALSE
"Ancahuasi","Asthenes wyatti","Fauna","Asthenes wyatti (P.L.Sclater & Salvin, 1871)","Aves","Passeriformes","Furnariidae","Asthenes",3,"GBIF","eBird",2018,2021,5,FALSE,"Asthenes wyatti","Least Concern","103673405","Preocupación Menor (LC)",FALSE
"Ancahuasi","Baccharis latifolia","Flora","Baccharis latifolia (Ruiz & Pav.) Pers.","Magnoliopsida","Asterales","Asteraceae","Baccharis",3,"GBIF","Otros conjuntos mediados por GBIF",2005,2005,5,FALSE,"Baccharis latifolia","Least Concern","42532611","Preocupación Menor (LC)",FALSE
"Ancahuasi","Baccharis saliens","Flora","Baccharis solomonii H.Rob.","Magnoliopsida","Asterales","Asteraceae","Baccharis",3,"GBIF","Otros conjuntos mediados por GBIF",2005,2005,2,FALSE,"---","---",NA,"No Evaluada (NE)",FALSE
"Ancahuasi","Boehmeria caudata","Flora","Boehmeria caudata Sw.","Magnoliopsida","Rosales","Urticaceae","Boehmeria",3,"GBIF","Otros conjuntos mediados por GBIF",2005,2005,1,TRUE,"Boehmeria caudata","Least Concern","136778747","Preocupación Menor (LC)",FALSE
"Ancahuasi","Cestrum conglomeratum","Flora","Cestrum conglomeratum Ruiz & Pav.","Magnoliopsida","Solanales","Solanaceae","Cestrum",3,"GBIF","Otros conjuntos mediados por GBIF",2005,2005,1,TRUE,"Cestrum conglomeratum","Least Concern","146073304","Preocupación Menor (LC)",FALSE
"Ancahuasi","Circus cinereus","Fauna","Circus cinereus Vieillot, 1816","Aves","Accipitriformes","Accipitridae","Circus",3,"GBIF","eBird",2018,2023,5,FALSE,"Circus cinereus","Least Concern","22695393","Preocupación Menor (LC)",FALSE
"Ancahuasi","Clematis haenkeana","Flora","Clematis haenkeana C.Presl","Magnoliopsida","Ranunculales","Ranunculaceae","Clematis",3,"GBIF","Otros conjuntos mediados por GBIF",2005,2005,2,FALSE,"---","---",NA,"No Evaluada (NE)",FALSE
"Ancahuasi","Gentiana sedifolia","Flora","Gentiana sedifolia","Magnoliopsida","Gentianales","Gentianaceae","Gentiana",3,"iNaturalist","iNaturalist",2022,2023,5,FALSE,"---","---",NA,"No Evaluada (NE)",FALSE
"Ancahuasi","Hiraea crassipes","Flora","Hiraea crassipes A.Juss.","Magnoliopsida","Malpighiales","Malpighiaceae","Hiraea",3,"GBIF","Otros conjuntos mediados por GBIF",2005,2005,1,TRUE,"---","---",NA,"No Evaluada (NE)",FALSE
"Ancahuasi","Hyptis odorata","Flora","Hyptis odorata Benth.","Magnoliopsida","Lamiales","Lamiaceae","Hyptis",3,"GBIF","Otros conjuntos mediados por GBIF",2005,2005,1,TRUE,"Hyptis odorata","Least Concern","135732946","Preocupación Menor (LC)",FALSE
"Ancahuasi","Inga yacoana","Flora","Inga yacoana J.F.Macbr.","Magnoliopsida","Fabales","Fabaceae","Inga",3,"GBIF","Otros conjuntos mediados por GBIF",2005,2005,1,TRUE,"Inga yacoana","Least Concern","142674759","Preocupación Menor (LC)",FALSE
"Ancahuasi","Lepidaploa costata","Flora","Lepidaploa costata (Rusby) H.Rob.","Magnoliopsida","Asterales","Asteraceae","Lepidaploa",3,"GBIF","Otros conjuntos mediados por GBIF",2005,2005,1,TRUE,"---","---",NA,"No Evaluada (NE)",FALSE
"Ancahuasi","Metriopelia ceciliae","Fauna","Metriopelia ceciliae (R.Lesson, 1845)","Aves","Columbiformes","Columbidae","Metriopelia",3,"GBIF","eBird",2022,2023,6,FALSE,"Metriopelia ceciliae","Least Concern","22690829","Preocupación Menor (LC)",FALSE
"Ancahuasi","Mikania tambillensis","Flora","Mikania tambillensis Hieron.","Magnoliopsida","Asterales","Asteraceae","Mikania",3,"GBIF","Otros conjuntos mediados por GBIF",2005,2005,1,TRUE,"---","---",NA,"No Evaluada (NE)",FALSE
"Ancahuasi","Myrsine latifolia","Flora","Myrsine latifolia (Ruiz & Pav.) Spreng.","Magnoliopsida","Ericales","Primulaceae","Myrsine",3,"GBIF","Otros conjuntos mediados por GBIF",2005,2005,1,TRUE,"Myrsine latifolia","Least Concern","215062175","Preocupación Menor (LC)",FALSE
"Ancahuasi","Nectandra villosa","Flora","Nectandra reticulata (Ruiz & Pav.) Mez","Magnoliopsida","Laurales","Lauraceae","Nectandra",3,"GBIF","Otros conjuntos mediados por GBIF",2005,2005,1,TRUE,"---","---",NA,"No Evaluada (NE)",FALSE
"Ancahuasi","Nystalus chacuru","Fauna","Nystalus chacuru (Vieillot, 1816)","Aves","Piciformes","Bucconidae","Nystalus",3,"GBIF","eBird",2018,2019,4,FALSE,"Nystalus chacuru","Least Concern","22682264","Preocupación Menor (LC)",FALSE
"Ancahuasi","Ochthoeca oenanthoides","Fauna","Ochthoeca oenanthoides (Orbigny & Lafresnaye, 1837)","Aves","Passeriformes","Tyrannidae","Ochthoeca",3,"GBIF","eBird",2018,2024,6,FALSE,"Ochthoeca oenanthoides","Least Concern","22699938","Preocupación Menor (LC)",FALSE
"Ancahuasi","Rauenia bonariensis","Fauna","Rauenia bonariensis (J.F.Gmelin, 1789)","Aves","Passeriformes","Thraupidae","Rauenia",3,"GBIF","eBird",2020,2022,8,FALSE,"---","---",NA,"No Evaluada (NE)",FALSE
"Ancahuasi","Salvia occidentalis","Flora","Salvia occidentalis Sw.","Magnoliopsida","Lamiales","Lamiaceae","Salvia",3,"GBIF","Otros conjuntos mediados por GBIF",2005,2005,1,TRUE,"---","---",NA,"No Evaluada (NE)",FALSE
"Ancahuasi","Siparuna thecaphora","Flora","Siparuna thecaphora (Poepp. & Endl.) A.DC.","Magnoliopsida","Laurales","Siparunaceae","Siparuna",3,"GBIF","Otros conjuntos mediados por GBIF",2005,2005,1,TRUE,"Siparuna thecaphora","Least Concern","136786251","Preocupación Menor (LC)",FALSE
"Ancahuasi","Solanum nitidum","Flora","Solanum nitidum Ruiz & Pav.","Magnoliopsida","Solanales","Solanaceae","Solanum",3,"GBIF / iNaturalist","iNaturalist / Otros conjuntos mediados por GBIF",1962,2019,4,FALSE,"Solanum nitidum","Least Concern","146118081","Preocupación Menor (LC)",FALSE
"Ancahuasi","Turdus fuscater","Fauna","Turdus fuscater Orbigny & Lafresnaye, 1837","Aves","Passeriformes","Turdidae","Turdus",3,"GBIF","eBird",2022,2024,7,FALSE,"Turdus fuscater","Least Concern","22708848","Preocupación Menor (LC)",FALSE
"Ancahuasi","Ullucus tuberosus","Flora","Ullucus tuberosus Caldas","Magnoliopsida","Caryophyllales","Basellaceae","Ullucus",3,"GBIF","Otros conjuntos mediados por GBIF",1987,1987,3,FALSE,"---","---",NA,"No Evaluada (NE)",FALSE
"Ancahuasi","Aglaeactis castelnaudii","Fauna","Aglaeactis castelnaudii (Bourcier & Mulsant, 1848)","Aves","Apodiformes","Trochilidae","Aglaeactis",2,"GBIF","eBird",2022,2023,6,FALSE,"Aglaeactis castelnaudii","Near Threatened","22687791","Casi Amenazada (NT)",FALSE
"Ancahuasi","Alleniella andina","Flora","Neckera andina Mitt.","Bryopsida","Hypnales","Neckeraceae","Alleniella",2,"GBIF","Otros conjuntos mediados por GBIF",1977,1977,3,FALSE,"---","---",NA,"No Evaluada (NE)",FALSE
"Ancahuasi","Ampelion rubrocristatus","Fauna","Ampelion rubrocristatus (Orbigny & Lafresnaye, 1837)","Aves","Passeriformes","Cotingidae","Ampelion",2,"GBIF","eBird",2022,2023,8,FALSE,"Ampelion rubrocristatus","Least Concern","22700753","Preocupación Menor (LC)",FALSE
"Ancahuasi","Anas flavirostris","Fauna","Anas flavirostris Vieillot, 1816","Aves","Anseriformes","Anatidae","Anas",2,"GBIF","eBird",2021,2022,9,FALSE,"Anas flavirostris","---","22735557_1","No Evaluada (NE)",FALSE
"Ancahuasi","Aratinga mitrata","Fauna","Psittacara mitratus (Tschudi, 1844)","Aves","Psittaciformes","Psittacidae","Aratinga",2,"GBIF","eBird",2019,2024,7,FALSE,"---","---",NA,"No Evaluada (NE)",FALSE
"Ancahuasi","Asplenium alatum","Flora","Asplenium alatum Humb. & Bonpl. ex Willd.","Polypodiopsida","Polypodiales","Aspleniaceae","Asplenium",2,"GBIF","Otros conjuntos mediados por GBIF",2005,2005,1,TRUE,"---","---",NA,"No Evaluada (NE)",FALSE
"Ancahuasi","Asthenes modesta","Fauna","Asthenes modesta (Eyton, 1851)","Aves","Passeriformes","Furnariidae","Asthenes",2,"GBIF","eBird",2018,2018,4,FALSE,"Asthenes modesta","Least Concern","22702511","Preocupación Menor (LC)",FALSE
"Ancahuasi","Asthenes virgata","Fauna","Asthenes virgata (P.L.Sclater, 1874)","Aves","Passeriformes","Furnariidae","Asthenes",2,"GBIF","eBird",2018,2018,5,FALSE,"Asthenes virgata","Least Concern","22702575","Preocupación Menor (LC)",FALSE
"Ancahuasi","Austroeupatorium inulifolium","Flora","Austroeupatorium inulifolium (Kunth) R.M.King & H.Rob.","Magnoliopsida","Asterales","Asteraceae","Austroeupatorium",2,"GBIF","Otros conjuntos mediados por GBIF",2005,2005,2,FALSE,"---","---",NA,"No Evaluada (NE)",FALSE
"Ancahuasi","Bartramia mathewsii","Flora","Bartramia mathewsii Mitt.","Bryopsida","Bartramiales","Bartramiaceae","Bartramia",2,"GBIF","Otros conjuntos mediados por GBIF",1977,1977,2,FALSE,"---","---",NA,"No Evaluada (NE)",FALSE
"Ancahuasi","Campyloneurum ophiocaulon","Flora","Campyloneurum ophiocaulon (Klotzsch) Fée","Polypodiopsida","Polypodiales","Polypodiaceae","Campyloneurum",2,"GBIF","Otros conjuntos mediados por GBIF",2005,2005,1,TRUE,"---","---",NA,"No Evaluada (NE)",FALSE
"Ancahuasi","Cenchrus purpureus","Flora","Cenchrus purpureus (Schumach.) Morrone","Liliopsida","Poales","Poaceae","Cenchrus",2,"GBIF","Otros conjuntos mediados por GBIF",2005,2005,1,TRUE,"Cenchrus purpureus","Least Concern","18963209","Preocupación Menor (LC)",FALSE
"Ancahuasi","Centropogon reflexus","Flora","Centropogon reflexus C.Presl","Magnoliopsida","Asterales","Campanulaceae","Centropogon",2,"GBIF","Otros conjuntos mediados por GBIF",2005,2005,1,TRUE,"---","---",NA,"No Evaluada (NE)",FALSE
"Ancahuasi","Cestrum schlechtendalii","Flora","Cestrum schlechtendalii G.Don","Magnoliopsida","Solanales","Solanaceae","Cestrum",2,"GBIF","Otros conjuntos mediados por GBIF",2005,2005,1,TRUE,"Cestrum schlechtendalii","Least Concern","176095530","Preocupación Menor (LC)",FALSE
"Ancahuasi","Cinclodes atacamensis","Fauna","Cinclodes atacamensis (Philippi, 1857)","Aves","Passeriformes","Furnariidae","Cinclodes",2,"GBIF","eBird",2023,2023,8,FALSE,"Cinclodes atacamensis","Least Concern","22702114","Preocupación Menor (LC)",FALSE
"Ancahuasi","Ctenitis sloanei","Flora","Ctenitis ampla (Humb. & Bonpl. ex Willd.) Ching","Polypodiopsida","Polypodiales","Dryopteridaceae","Ctenitis",2,"GBIF","Otros conjuntos mediados por GBIF",2005,2005,1,TRUE,"---","---",NA,"No Evaluada (NE)",FALSE
"Ancahuasi","Cyathea conjugata","Flora","Cyathea conjugata (Spruce ex Hook.) Domin","Polypodiopsida","Cyatheales","Cyatheaceae","Cyathea",2,"GBIF","Otros conjuntos mediados por GBIF",2005,2005,1,TRUE,"---","---",NA,"No Evaluada (NE)",FALSE
"Ancahuasi","Cyathea ruiziana","Flora","Cyathea ruiziana Klotzsch","Polypodiopsida","Cyatheales","Cyatheaceae","Cyathea",2,"GBIF","Otros conjuntos mediados por GBIF",2005,2005,1,TRUE,"---","---",NA,"No Evaluada (NE)",FALSE
"Ancahuasi","Cyrtocymura scorpioides","Flora","Cyrtocymura scorpioides (Lam.) H.Rob.","Magnoliopsida","Asterales","Asteraceae","Cyrtocymura",2,"GBIF","Otros conjuntos mediados por GBIF",2005,2005,1,TRUE,"---","---",NA,"No Evaluada (NE)",FALSE
"Ancahuasi","Grallaria andicolus","Fauna","Grallaria andicolus (Cabanis, 1873)","Aves","Passeriformes","Grallariidae","Grallaria",2,"GBIF","eBird",2018,2018,5,FALSE,"Grallaria andicolus","Least Concern","22703281","Preocupación Menor (LC)",FALSE
"Ancahuasi","Gurania lobata","Flora","Gurania lobata (L.) Pruski","Magnoliopsida","Cucurbitales","Cucurbitaceae","Gurania",2,"GBIF","Otros conjuntos mediados por GBIF",2005,2005,1,TRUE,"---","---",NA,"No Evaluada (NE)",FALSE
"Ancahuasi","Haplochelidon andecola","Fauna","Orochelidon andecola (d'Orbigny & Lafresnaye, 1837)","Aves","Passeriformes","Hirundinidae","Haplochelidon",2,"GBIF","eBird",2018,2018,7,FALSE,"---","---",NA,"No Evaluada (NE)",FALSE
"Ancahuasi","Lesbia nuna","Fauna","Lesbia nuna (R.Lesson, 1832)","Aves","Apodiformes","Trochilidae","Lesbia",2,"GBIF","eBird",2021,2023,8,FALSE,"Lesbia nuna","Least Concern","22687974","Preocupación Menor (LC)",FALSE
"Ancahuasi","Lewinskya elongata","Flora","Orthotrichum elongatum Taylor","Bryopsida","Orthotrichales","Orthotrichaceae","Lewinskya",2,"GBIF","Otros conjuntos mediados por GBIF",1977,1977,1,TRUE,"---","---",NA,"No Evaluada (NE)",FALSE
"Ancahuasi","Microchilus cuscoensis","Flora","Microchilus cuscoensis Kolan. & Szlach.","Liliopsida","Asparagales","Orchidaceae","Microchilus",2,"GBIF","Otros conjuntos mediados por GBIF",2005,2005,1,TRUE,"---","---",NA,"No Evaluada (NE)",FALSE
"Ancahuasi","Muscisaxicola maculirostris","Fauna","Muscisaxicola maculirostris Orbigny & Lafresnaye, 1837","Aves","Passeriformes","Tyrannidae","Muscisaxicola",2,"GBIF","eBird",2018,2022,6,FALSE,"Muscisaxicola maculirostris","Least Concern","22700132","Preocupación Menor (LC)",FALSE
"Ancahuasi","Myiotheretes striaticollis","Fauna","Myiotheretes striaticollis (P.L.Sclater, 1853)","Aves","Passeriformes","Tyrannidae","Myiotheretes",2,"GBIF","eBird",2021,2022,6,FALSE,"Myiotheretes striaticollis","Least Concern","22699987","Preocupación Menor (LC)",FALSE
"Ancahuasi","Nothoprocta ornata","Fauna","Nothoprocta ornata (G.R.Gray, 1867)","Aves","Tinamiformes","Tinamidae","Nothoprocta",2,"GBIF","eBird",2018,2018,7,FALSE,"Nothoprocta ornata","Least Concern","22678254","Preocupación Menor (LC)",FALSE
"Ancahuasi","Nothoprocta pentlandii","Fauna","Nothoprocta pentlandii (G.R.Gray, 1867)","Aves","Tinamiformes","Tinamidae","Nothoprocta",2,"GBIF","eBird",2019,2022,6,FALSE,"Nothoprocta pentlandii","Least Concern","22678259","Preocupación Menor (LC)",FALSE
"Ancahuasi","Nothura darwinii","Fauna","Nothura darwinii G.R.Gray, 1867","Aves","Tinamiformes","Tinamidae","Nothura",2,"GBIF","eBird",2018,2018,4,FALSE,"Nothura darwinii","Least Concern","22678271","Preocupación Menor (LC)",FALSE
"Ancahuasi","Palicourea thyrsiflora","Flora","Palicourea thyrsiflora (Ruiz & Pav.) DC.","Magnoliopsida","Gentianales","Rubiaceae","Palicourea",2,"GBIF","Otros conjuntos mediados por GBIF",2005,2005,1,TRUE,"Palicourea thyrsiflora","Least Concern","189176700","Preocupación Menor (LC)",FALSE
"Ancahuasi","Phalacrocorax brasilianus","Fauna","Nannopterum brasilianum (J.F.Gmelin, 1789)","Aves","Suliformes","Phalacrocoracidae","Phalacrocorax",2,"GBIF","eBird",2019,2022,7,FALSE,"---","---",NA,"No Evaluada (NE)",FALSE
"Ancahuasi","Pityrogramma ochracea","Flora","Pityrogramma ochracea (C.Presl) Domin","Polypodiopsida","Polypodiales","Pteridaceae","Pityrogramma",2,"GBIF","Otros conjuntos mediados por GBIF",2005,2005,1,TRUE,"---","---",NA,"No Evaluada (NE)",FALSE
"Ancahuasi","Pteris quadriaurita","Flora","Pteris quadriaurita Retz.","Polypodiopsida","Polypodiales","Pteridaceae","Pteris",2,"GBIF","Otros conjuntos mediados por GBIF",2005,2005,1,TRUE,"---","---",NA,"No Evaluada (NE)",FALSE
"Ancahuasi","Sanchezia oblonga","Flora","Sanchezia oblonga Ruiz & Pav.","Magnoliopsida","Lamiales","Acanthaceae","Sanchezia",2,"GBIF","Otros conjuntos mediados por GBIF",2005,2005,1,TRUE,"---","---",NA,"No Evaluada (NE)",FALSE
"Ancahuasi","Solanum brevicaule","Flora","Solanum brevicaule Bitter","Magnoliopsida","Solanales","Solanaceae","Solanum",2,"GBIF","Otros conjuntos mediados por GBIF",NA,NA,8,FALSE,"Solanum brevicaule","Least Concern","71779365","Preocupación Menor (LC)",FALSE
"Ancahuasi","Sphyrospermum cordifolium","Flora","Sphyrospermum cordifolium Benth.","Magnoliopsida","Ericales","Ericaceae","Sphyrospermum",2,"GBIF","Otros conjuntos mediados por GBIF",2005,2005,1,TRUE,"---","---",NA,"No Evaluada (NE)",FALSE
"Ancahuasi","Sporophila luctuosa","Fauna","Sporophila luctuosa (Lafresnaye, 1843)","Aves","Passeriformes","Thraupidae","Sporophila",2,"GBIF","eBird",2023,2023,4,FALSE,"Sporophila luctuosa","Least Concern","22723437","Preocupación Menor (LC)",FALSE
"Ancahuasi","Agelasticus thilius","Fauna","Agelasticus thilius (Molina, 1782)","Aves","Passeriformes","Icteridae","Agelasticus",1,"GBIF","eBird",2021,2021,4,FALSE,"Agelasticus thilius","Least Concern","22724178","Preocupación Menor (LC)",FALSE
"Ancahuasi","Agriornis andicola","Fauna","Agriornis albicauda (Philippi & Landbeck, 1863)","Aves","Passeriformes","Tyrannidae","Agriornis",1,"GBIF","eBird",2024,2024,4,FALSE,"---","---",NA,"No Evaluada (NE)",FALSE
"Ancahuasi","Anairetes flavirostris","Fauna","Anairetes flavirostris P.L.Sclater & Salvin, 1876","Aves","Passeriformes","Tyrannidae","Anairetes",1,"GBIF","eBird",2018,2018,8,FALSE,"Anairetes flavirostris","Least Concern","22699397","Preocupación Menor (LC)",FALSE
"Ancahuasi","Anairetes parulus","Fauna","Anairetes parulus (Kittlitz, 1830)","Aves","Passeriformes","Tyrannidae","Anairetes",1,"GBIF","eBird",2022,2022,7,FALSE,"Anairetes parulus","Least Concern","22699406","Preocupación Menor (LC)",FALSE
"Ancahuasi","Anas georgica","Fauna","Anas georgica J.F.Gmelin, 1789","Aves","Anseriformes","Anatidae","Anas",1,"GBIF","eBird",2021,2021,8,FALSE,"Anas georgica","Least Concern","22680310","Preocupación Menor (LC)",FALSE
"Ancahuasi","Anisognathus igniventris","Fauna","Anisognathus igniventris (d'Orbigny & Lafresnaye, 1837)","Aves","Passeriformes","Thraupidae","Anisognathus",1,"GBIF","eBird",2022,2022,4,FALSE,"Anisognathus igniventris","Least Concern","103845767","Preocupación Menor (LC)",FALSE
"Ancahuasi","Ardea alba","Fauna","Ardea alba Linnaeus, 1758","Aves","Pelecaniformes","Ardeidae","Ardea",1,"GBIF","eBird",2021,2021,7,FALSE,"Ardea alba","Least Concern","22697043","Preocupación Menor (LC)",FALSE
"Ancahuasi","Arenaria lanuginosa","Flora","Arenaria lanuginosa (Michx.) Rohrb.","Magnoliopsida","Caryophyllales","Caryophyllaceae","Arenaria",1,"GBIF","Otros conjuntos mediados por GBIF",1987,1987,1,TRUE,"Arenaria lanuginosa","Least Concern","126376321","Preocupación Menor (LC)",FALSE
"Ancahuasi","Bidens andicola","Flora","Bidens andicola","Magnoliopsida","Asterales","Asteraceae","Bidens",1,"iNaturalist","iNaturalist",2022,2022,3,FALSE,"---","---",NA,"No Evaluada (NE)",FALSE
"Ancahuasi","Bomarea ovata","Flora","Bomarea ovata (Cav.) Mirb.","Liliopsida","Liliales","Alstroemeriaceae","Bomarea",1,"GBIF","Otros conjuntos mediados por GBIF",1987,1987,2,FALSE,"---","---",NA,"No Evaluada (NE)",FALSE
"Ancahuasi","Brachiolejeunea laxifolia","Flora","Brachiolejeunea laxifolia (Taylor) Schiffn.","Jungermanniopsida","Porellales","Lejeuneaceae","Brachiolejeunea",1,"GBIF","Otros conjuntos mediados por GBIF",1977,1977,1,TRUE,"---","---",NA,"No Evaluada (NE)",FALSE
"Ancahuasi","Breutelia austroarcuata","Flora","Breutelia austroarcuata (Müll.Hal.) Paris","Bryopsida","Bartramiales","Bartramiaceae","Breutelia",1,"GBIF","Otros conjuntos mediados por GBIF",1977,1977,1,TRUE,"---","---",NA,"No Evaluada (NE)",FALSE
"Ancahuasi","Breutelia polygastrica","Flora","Breutelia polygastrica (Müll.Hal.) Broth.","Bryopsida","Bartramiales","Bartramiaceae","Breutelia",1,"GBIF","Otros conjuntos mediados por GBIF",1977,1977,1,TRUE,"---","---",NA,"No Evaluada (NE)",FALSE
"Ancahuasi","Bryum argenteum","Flora","Bryum argenteum Hedw.","Bryopsida","Bryales","Bryaceae","Bryum",1,"GBIF","Otros conjuntos mediados por GBIF",1977,1977,1,TRUE,"---","---",NA,"No Evaluada (NE)",FALSE
"Ancahuasi","Bubo magellanicus","Fauna","Bubo magellanicus (R.Lesson, 1828)","Aves","Strigiformes","Strigidae","Bubo",1,"GBIF","eBird",2023,2023,6,FALSE,"Bubo magellanicus","Least Concern","61752097","Preocupación Menor (LC)",FALSE
"Ancahuasi","Buteo albigula","Fauna","Buteo albigula Philippi, 1899","Aves","Accipitriformes","Accipitridae","Buteo",1,"GBIF","eBird",2019,2019,5,FALSE,"Buteo albigula","Least Concern","22695900","Preocupación Menor (LC)",FALSE
"Ancahuasi","Buteo albonotatus","Fauna","Buteo albonotatus Kaup, 1847","Aves","Accipitriformes","Accipitridae","Buteo",1,"GBIF","eBird",2018,2018,1,TRUE,"Buteo albonotatus","Least Concern","22695926","Preocupación Menor (LC)",FALSE
"Ancahuasi","Caiophora madrequisa","Flora","Caiophora madrequisa Killip","Magnoliopsida","Cornales","Loasaceae","Caiophora",1,"GBIF","Otros conjuntos mediados por GBIF",NA,NA,1,TRUE,"---","---",NA,"No Evaluada (NE)",FALSE
"Ancahuasi","Calceolaria virgata","Flora","Calceolaria virgata Ruiz & Pav.","Magnoliopsida","Lamiales","Calceolariaceae","Calceolaria",1,"GBIF","Otros conjuntos mediados por GBIF",1987,1987,2,FALSE,"---","---",NA,"No Evaluada (NE)",FALSE
"Ancahuasi","Calohypnum amabile","Flora","Hypnum amabile (Mitt.) Hampe","Bryopsida","Hypnales","Pylaisiaceae","Calohypnum",1,"GBIF","Otros conjuntos mediados por GBIF",1977,1977,2,FALSE,"---","---",NA,"No Evaluada (NE)",FALSE
"Ancahuasi","Cantua buxifolia","Flora","Cantua buxifolia","Magnoliopsida","Ericales","Polemoniaceae","Cantua",1,"iNaturalist","iNaturalist",2023,2023,5,FALSE,"Cantua buxifolia","Least Concern","146078128","Preocupación Menor (LC)",FALSE
"Ancahuasi","Castilleja pumila","Flora","Castilleja pumila","Magnoliopsida","Lamiales","Orobanchaceae","Castilleja",1,"iNaturalist","iNaturalist",2012,2012,3,FALSE,"---","---",NA,"No Evaluada (NE)",FALSE
"Ancahuasi","Cecropia tacuna","Flora","Cecropia tacuna C.C.Berg & P.Franco","Magnoliopsida","Rosales","Urticaceae","Cecropia",1,"GBIF","Otros conjuntos mediados por GBIF",2005,2005,1,TRUE,"Cecropia tacuna","Least Concern","237733522","Preocupación Menor (LC)",FALSE
"Ancahuasi","Chionoloma tenuirostre","Flora","Oxystegus tenuirostris (Hook. & Taylor) A.J.E.Sm.","Bryopsida","Pottiales","Pottiaceae","Chionoloma",1,"GBIF","Otros conjuntos mediados por GBIF",1977,1977,1,TRUE,"---","---",NA,"No Evaluada (NE)",FALSE
"Ancahuasi","Chloephaga melanoptera","Fauna","Oressochen melanopterus (Eyton, 1838)","Aves","Anseriformes","Anatidae","Chloephaga",1,"GBIF","eBird",2023,2023,7,FALSE,"Chloephaga melanoptera","Least Concern","22679972","Preocupación Menor (LC)",FALSE
"Ancahuasi","Chromolaena odorata","Flora","Chromolaena odorata","Magnoliopsida","Asterales","Asteraceae","Chromolaena",1,"iNaturalist","iNaturalist",2023,2023,1,TRUE,"Chromolaena odorata","Least Concern","13534842","Preocupación Menor (LC)",FALSE
"Ancahuasi","Colaptes rivolii","Fauna","Colaptes rivolii (Boissonneau, 1840)","Aves","Piciformes","Picidae","Colaptes",1,"GBIF","eBird",2022,2022,3,FALSE,"Colaptes rivolii","Least Concern","22726390","Preocupación Menor (LC)",FALSE
"Ancahuasi","Dacnis cayana","Fauna","Dacnis cayana (Linnaeus, 1766)","Aves","Passeriformes","Thraupidae","Dacnis",1,"GBIF","eBird",2021,2021,3,FALSE,"Dacnis cayana","Least Concern","22722991","Preocupación Menor (LC)",FALSE
"Ancahuasi","Daltonia pulvinata","Flora","Daltonia pulvinata Mitt.","Bryopsida","Hookeriales","Daltoniaceae","Daltonia",1,"GBIF","Otros conjuntos mediados por GBIF",1977,1977,1,TRUE,"---","---",NA,"No Evaluada (NE)",FALSE
"Ancahuasi","Descurainia myriophylla","Flora","Descurainia myriophylla (Willd. ex DC.) R.E.Fr.","Magnoliopsida","Brassicales","Brassicaceae","Descurainia",1,"GBIF","Otros conjuntos mediados por GBIF",1987,1987,3,FALSE,"---","---",NA,"No Evaluada (NE)",FALSE
"Ancahuasi","Diglossa cyanea","Fauna","Diglossa cyanea (Lafresnaye, 1840)","Aves","Passeriformes","Thraupidae","Diglossa",1,"GBIF","eBird",2022,2022,3,FALSE,"Diglossa cyanea","Least Concern","22723715","Preocupación Menor (LC)",FALSE
"Ancahuasi","Diglossa sittoides","Fauna","Diglossa sittoides (d'Orbigny & Lafresnaye, 1838)","Aves","Passeriformes","Thraupidae","Diglossa",1,"GBIF","eBird",2023,2023,6,FALSE,"Diglossa sittoides","Least Concern","22723644","Preocupación Menor (LC)",FALSE
"Ancahuasi","Echeandia herrerae","Flora","Echeandia herrerae (Killip) Cruden","Liliopsida","Asparagales","Asparagaceae","Echeandia",1,"GBIF","Otros conjuntos mediados por GBIF",1987,1987,1,TRUE,"---","---",NA,"No Evaluada (NE)",FALSE
"Ancahuasi","Egretta thula","Fauna","Egretta thula (Molina, 1782)","Aves","Pelecaniformes","Ardeidae","Egretta",1,"GBIF","eBird",2021,2021,4,FALSE,"Egretta thula","Least Concern","22696974","Preocupación Menor (LC)",FALSE
"Ancahuasi","Elaenia pallatangae","Fauna","Elaenia pallatangae P.L.Sclater, 1862","Aves","Passeriformes","Tyrannidae","Elaenia",1,"GBIF","eBird",2018,2018,5,FALSE,"Elaenia pallatangae","Least Concern","103681315","Preocupación Menor (LC)",FALSE
"Ancahuasi","Elliotomyia chionogaster","Fauna","Elliotomyia chionogaster (Tschudi, 1846)","Aves","Apodiformes","Trochilidae","Elliotomyia",1,"GBIF","eBird",2022,2022,7,FALSE,"Elliotomyia chionogaster","Least Concern","22687509","Preocupación Menor (LC)",FALSE
"Ancahuasi","Escallonia resinosa","Flora","Escallonia resinosa","Magnoliopsida","Escalloniales","Escalloniaceae","Escallonia",1,"iNaturalist","iNaturalist",2025,2025,5,FALSE,"Escallonia resinosa","Near Threatened","42532740","Casi Amenazada (NT)",FALSE
"Ancahuasi","Eschscholzia californica","Flora","Eschscholzia californica","Magnoliopsida","Ranunculales","Papaveraceae","Eschscholzia",1,"iNaturalist","iNaturalist",2022,2022,1,TRUE,"---","---",NA,"No Evaluada (NE)",FALSE
"Ancahuasi","Eustephia coccinea","Flora","Eustephia coccinea","Liliopsida","Asparagales","Amaryllidaceae","Eustephia",1,"iNaturalist","iNaturalist",2022,2022,2,FALSE,"---","---",NA,"No Evaluada (NE)",FALSE
"Ancahuasi","Fissidens crispus","Flora","Fissidens crispus Mont.","Bryopsida","Dicranales","Fissidentaceae","Fissidens",1,"GBIF","Otros conjuntos mediados por GBIF",1977,1977,1,TRUE,"---","---",NA,"No Evaluada (NE)",FALSE
"Ancahuasi","Fulica ardesiaca","Fauna","Fulica ardesiaca Tschudi, 1843","Aves","Gruiformes","Rallidae","Fulica",1,"GBIF","eBird",2021,2021,8,FALSE,"Fulica ardesiaca","Least Concern","22692932","Preocupación Menor (LC)",FALSE
"Ancahuasi","Galium corymbosum","Flora","Galium corymbosum Ruiz & Pav.","Magnoliopsida","Gentianales","Rubiaceae","Galium",1,"GBIF","Otros conjuntos mediados por GBIF",1987,1987,1,TRUE,"---","---",NA,"No Evaluada (NE)",FALSE
"Ancahuasi","Gallinula chloropus","Fauna","Gallinula galeata (Lichtenstein & Mhc, 1818)","Aves","Gruiformes","Rallidae","Gallinula",1,"GBIF","eBird",2021,2021,8,FALSE,"Gallinula chloropus","Least Concern","62120190","Preocupación Menor (LC)",FALSE
"Ancahuasi","Geositta cunicularia","Fauna","Geositta cunicularia (Vieillot, 1816)","Aves","Passeriformes","Furnariidae","Geositta",1,"GBIF","eBird",2019,2019,3,FALSE,"Geositta cunicularia","Least Concern","22701981","Preocupación Menor (LC)",FALSE
"Ancahuasi","Geranium sessiliflorum","Flora","Geranium sessiliflorum Cav.","Magnoliopsida","Geraniales","Geraniaceae","Geranium",1,"GBIF","Otros conjuntos mediados por GBIF",1987,1987,4,FALSE,"---","---",NA,"No Evaluada (NE)",FALSE
"Ancahuasi","Glaucidium peruanum","Fauna","Glaucidium peruanum C.König, 1991","Aves","Strigiformes","Strigidae","Glaucidium",1,"GBIF","eBird",2019,2019,7,FALSE,"Glaucidium peruanum","Least Concern","22689253","Preocupación Menor (LC)",FALSE
"Ancahuasi","Hypochaeris sessiliflora","Flora","Hypochaeris sessiliflora","Magnoliopsida","Asterales","Asteraceae","Hypochaeris",1,"iNaturalist","iNaturalist",2022,2022,1,TRUE,"---","---",NA,"No Evaluada (NE)",FALSE
"Ancahuasi","Hypoxis decumbens","Flora","Hypoxis decumbens L.","Liliopsida","Asparagales","Hypoxidaceae","Hypoxis",1,"GBIF","Otros conjuntos mediados por GBIF",1987,1987,1,TRUE,"---","---",NA,"No Evaluada (NE)",FALSE
"Ancahuasi","Knipolegus aterrimus","Fauna","Knipolegus aterrimus Kaup, 1853","Aves","Passeriformes","Tyrannidae","Knipolegus",1,"GBIF","eBird",2022,2022,5,FALSE,"Knipolegus aterrimus","Least Concern","103683052","Preocupación Menor (LC)",FALSE
"Ancahuasi","Lagidium viscacia","Fauna","Lagidium viscacia (Molina, 1782)","Mammalia","Rodentia","Chinchillidae","Lagidium",1,"GBIF","Observation.org",2012,2012,3,FALSE,"Lagidium viscacia","Least Concern","11148","Preocupación Menor (LC)",FALSE
"Ancahuasi","Lathyrus oleraceus","Flora","Pisum sativum L.","Magnoliopsida","Fabales","Fabaceae","Lathyrus",1,"GBIF","Otros conjuntos mediados por GBIF",1987,1987,1,TRUE,"---","---",NA,"No Evaluada (NE)",FALSE
"Ancahuasi","Lepidium chichicara","Flora","Lepidium chichicara Desv.","Magnoliopsida","Brassicales","Brassicaceae","Lepidium",1,"GBIF","Otros conjuntos mediados por GBIF",1991,1991,1,TRUE,"---","---",NA,"No Evaluada (NE)",FALSE
"Ancahuasi","Lepidium chichieara","Flora","Lepidium chichieara Desv.","Magnoliopsida","Brassicales","Brassicaceae","Lepidium",1,"GBIF","Otros conjuntos mediados por GBIF",1991,1991,1,TRUE,"---","---",NA,"No Evaluada (NE)",FALSE
"Ancahuasi","Leptopterigynandrum tenuicaule","Flora","Leptopterigynandrum tenuicaule (R.S.Williams) S.He","Bryopsida","Hypnales","Taxiphyllaceae","Leptopterigynandrum",1,"GBIF","Otros conjuntos mediados por GBIF",1977,1977,1,TRUE,"---","---",NA,"No Evaluada (NE)",FALSE
"Ancahuasi","Leptotila verreauxi","Fauna","Leptotila verreauxi Bonaparte, 1855","Aves","Columbiformes","Columbidae","Leptotila",1,"GBIF","eBird",2022,2022,5,FALSE,"Leptotila verreauxi","Least Concern","22690854","Preocupación Menor (LC)",FALSE
"Ancahuasi","Lessonia oreas","Fauna","Lessonia oreas (P.L.Sclater & Salvin, 1869)","Aves","Passeriformes","Tyrannidae","Lessonia",1,"GBIF","Otros conjuntos mediados por GBIF",NA,NA,3,FALSE,"Lessonia oreas","Least Concern","22700213","Preocupación Menor (LC)",FALSE
"Ancahuasi","Lobivia maximiliana","Flora","Lobivia maximiliana","Magnoliopsida","Caryophyllales","Cactaceae","Lobivia",1,"iNaturalist","iNaturalist",2026,2026,1,TRUE,"---","---",NA,"No Evaluada (NE)",FALSE
"Ancahuasi","Lupinus ballianus","Flora","Lupinus ballianus C.P.Sm.","Magnoliopsida","Fabales","Fabaceae","Lupinus",1,"GBIF","Otros conjuntos mediados por GBIF",1987,1987,1,TRUE,"Lupinus ballianus","Least Concern","100512475","Preocupación Menor (LC)",FALSE
"Ancahuasi","Lupinus mutabilis","Flora","Lupinus mutabilis Sweet","Magnoliopsida","Fabales","Fabaceae","Lupinus",1,"GBIF","Otros conjuntos mediados por GBIF",1987,1987,1,TRUE,"---","---",NA,"No Evaluada (NE)",FALSE
"Ancahuasi","Luzula racemosa","Flora","Luzula racemosa Desv.","Liliopsida","Poales","Juncaceae","Luzula",1,"GBIF","Otros conjuntos mediados por GBIF",1987,1987,2,FALSE,"---","---",NA,"No Evaluada (NE)",FALSE
"Ancahuasi","Megascops koepckeae","Fauna","Megascops koepckeae (Hekstra, 1982)","Aves","Strigiformes","Strigidae","Megascops",1,"GBIF","eBird",2022,2022,4,FALSE,"Megascops koepckeae","Least Concern","22688782","Preocupación Menor (LC)",FALSE
"Ancahuasi","Metzgeria pulvinata","Flora","Metzgeria pulvinata Steph.","Jungermanniopsida","Metzgeriales","Metzgeriaceae","Metzgeria",1,"GBIF","Otros conjuntos mediados por GBIF",1977,1977,1,TRUE,"---","---",NA,"No Evaluada (NE)",FALSE
"Ancahuasi","Muscisaxicola cinereus","Fauna","Muscisaxicola cinereus Philippi & Landbeck, 1864","Aves","Passeriformes","Tyrannidae","Muscisaxicola",1,"GBIF","eBird",2018,2018,5,FALSE,"Muscisaxicola cinereus","Least Concern","22700183","Preocupación Menor (LC)",FALSE
"Ancahuasi","Muscisaxicola griseus","Fauna","Muscisaxicola griseus Taczanowski, 1884","Aves","Passeriformes","Tyrannidae","Muscisaxicola",1,"GBIF","Observation.org",1988,1988,5,FALSE,"Muscisaxicola griseus","Least Concern","22733765","Preocupación Menor (LC)",FALSE
"Ancahuasi","Neobartsia bartsioides","Flora","Bartsia bartsioides (Hook.) Edwin","Magnoliopsida","Lamiales","Orobanchaceae","Neobartsia",1,"GBIF","Otros conjuntos mediados por GBIF",1987,1987,1,TRUE,"---","---",NA,"No Evaluada (NE)",FALSE
"Ancahuasi","Nothoprocta taczanowskii","Fauna","Nothoprocta taczanowskii P.L.Sclater & Salvin, 1875","Aves","Tinamiformes","Tinamidae","Nothoprocta",1,"GBIF","eBird",2022,2022,5,FALSE,"Nothoprocta taczanowskii","Vulnerable","22678246","Vulnerable (VU)",TRUE
"Ancahuasi","Nothoscordum andicola","Flora","Nothoscordum andicola Kunth","Liliopsida","Asparagales","Amaryllidaceae","Nothoscordum",1,"GBIF","Otros conjuntos mediados por GBIF",1987,1987,2,FALSE,"---","---",NA,"No Evaluada (NE)",FALSE
"Ancahuasi","Ochthoeca rufipectoralis","Fauna","Ochthoeca rufipectoralis (Orbigny & Lafresnaye, 1837)","Aves","Passeriformes","Tyrannidae","Ochthoeca",1,"GBIF","eBird",2022,2022,6,FALSE,"Ochthoeca rufipectoralis","Least Concern","22699930","Preocupación Menor (LC)",FALSE
"Ancahuasi","Oreotrochilus estella","Fauna","Oreotrochilus estella (d'Orbigny, 1838)","Aves","Apodiformes","Trochilidae","Oreotrochilus",1,"GBIF","eBird",2017,2017,6,FALSE,"Oreotrochilus estella","Least Concern","60946163","Preocupación Menor (LC)",FALSE
"Ancahuasi","Oxalis tuberosa","Flora","Oxalis tuberosa Molina","Magnoliopsida","Oxalidales","Oxalidaceae","Oxalis",1,"GBIF","Otros conjuntos mediados por GBIF",1987,1987,2,FALSE,"---","---",NA,"No Evaluada (NE)",FALSE
"Ancahuasi","Pachyramphus validus","Fauna","Pachyramphus validus (Lichtenstein, 1823)","Aves","Passeriformes","Cotingidae","Pachyramphus",1,"GBIF","eBird",2022,2022,5,FALSE,"Pachyramphus validus","Least Concern","22700683","Preocupación Menor (LC)",FALSE
"Ancahuasi","Paspalum pilgerianum","Flora","Paspalum pilgerianum Chase","Liliopsida","Poales","Poaceae","Paspalum",1,"GBIF","Otros conjuntos mediados por GBIF",1987,1987,1,TRUE,"---","---",NA,"No Evaluada (NE)",FALSE
"Ancahuasi","Patagioenas fasciata","Fauna","Patagioenas fasciata (Say, 1822)","Aves","Columbiformes","Columbidae","Patagioenas",1,"GBIF","eBird",2022,2022,5,FALSE,"Patagioenas fasciata","Least Concern","22725264","Preocupación Menor (LC)",FALSE
"Ancahuasi","Patagona gigas","Fauna","Patagona gigas (Vieillot, 1824)","Aves","Apodiformes","Trochilidae","Patagona",1,"GBIF","eBird",2021,2021,8,FALSE,"Patagona gigas","Least Concern","22687785","Preocupación Menor (LC)",FALSE
"Ancahuasi","Peperomia minuta","Flora","Peperomia minuta A.W.Hill","Magnoliopsida","Piperales","Piperaceae","Peperomia",1,"GBIF","Otros conjuntos mediados por GBIF",1987,1987,1,TRUE,"---","---",NA,"No Evaluada (NE)",FALSE
"Ancahuasi","Phacellodomus striaticeps","Fauna","Phacellodomus striaticeps (Orbigny & Lafresnaye, 1838)","Aves","Passeriformes","Furnariidae","Phacellodomus",1,"GBIF","eBird",2021,2021,6,FALSE,"Phacellodomus striaticeps","Least Concern","22702613","Preocupación Menor (LC)",FALSE
"Ancahuasi","Philibertia lysimachioides","Flora","Philibertia lysimachioides (Wedd.) T.Mey.","Magnoliopsida","Gentianales","Apocynaceae","Philibertia",1,"GBIF","Otros conjuntos mediados por GBIF",1987,1987,2,FALSE,"---","---",NA,"No Evaluada (NE)",FALSE
"Ancahuasi","Philodendron deltoideum","Flora","Philodendron deltoideum Poepp.","Liliopsida","Alismatales","Araceae","Philodendron",1,"GBIF","Otros conjuntos mediados por GBIF",2005,2005,1,TRUE,"---","---",NA,"No Evaluada (NE)",FALSE
"Ancahuasi","Plantago lamprophylla","Flora","Plantago lamprophylla Pilg.","Magnoliopsida","Lamiales","Plantaginaceae","Plantago",1,"GBIF","Otros conjuntos mediados por GBIF",1987,1987,1,TRUE,"---","---",NA,"No Evaluada (NE)",FALSE
"Ancahuasi","Plantago tubulosa","Flora","Plantago tubulosa","Magnoliopsida","Lamiales","Plantaginaceae","Plantago",1,"iNaturalist","iNaturalist",2021,2021,2,FALSE,"---","---",NA,"No Evaluada (NE)",FALSE
"Ancahuasi","Polypogon interruptus","Flora","Polypogon interruptus Kunth","Liliopsida","Poales","Poaceae","Polypogon",1,"GBIF","Otros conjuntos mediados por GBIF",1987,1987,1,TRUE,"---","---",NA,"No Evaluada (NE)",FALSE
"Ancahuasi","Pseudocolopteryx acutipennis","Fauna","Pseudocolopteryx acutipennis (P.L.Sclater & Salvin, 1873)","Aves","Passeriformes","Tyrannidae","Pseudocolopteryx",1,"GBIF","eBird",2024,2024,3,FALSE,"Pseudocolopteryx acutipennis","Least Concern","22699430","Preocupación Menor (LC)",FALSE
"Ancahuasi","Pterophanes cyanopterus","Fauna","Pterophanes cyanopterus (Fraser, 1840)","Aves","Apodiformes","Trochilidae","Pterophanes",1,"GBIF","eBird",2023,2023,3,FALSE,"Pterophanes cyanopterus","Least Concern","22687804","Preocupación Menor (LC)",FALSE
"Ancahuasi","Pylaisia falcata","Flora","Pylaisia falcata Schimp.","Bryopsida","Hypnales","Pylaisiaceae","Pylaisia",1,"GBIF","Otros conjuntos mediados por GBIF",1977,1977,1,TRUE,"---","---",NA,"No Evaluada (NE)",FALSE
"Ancahuasi","Ramphomicron microrhynchum","Fauna","Ramphomicron microrhynchum (Boissonneau, 1840)","Aves","Apodiformes","Trochilidae","Ramphomicron",1,"GBIF","eBird",2022,2022,2,FALSE,"Ramphomicron microrhynchum","Least Concern","22687984","Preocupación Menor (LC)",FALSE
"Ancahuasi","Rollandia rolland","Fauna","Rollandia rolland (Quoy & Gaimard, 1824)","Aves","Podicipediformes","Podicipedidae","Rollandia",1,"GBIF","eBird",2023,2023,7,FALSE,"Rollandia rolland","Least Concern","22696530","Preocupación Menor (LC)",FALSE
"Ancahuasi","Senecio condimentarius","Flora","Senecio condimentarius","Magnoliopsida","Asterales","Asteraceae","Senecio",1,"iNaturalist","iNaturalist",2022,2022,1,TRUE,"Senecio condimentarius","Least Concern","133252885","Preocupación Menor (LC)",FALSE
"Ancahuasi","Solanum caripense","Flora","Solanum caripense","Magnoliopsida","Solanales","Solanaceae","Solanum",1,"iNaturalist","iNaturalist",2018,2018,2,FALSE,"---","---",NA,"No Evaluada (NE)",FALSE
"Ancahuasi","Solanum hutchisonii","Flora","Solanum hutchisonii (J.F.Macbr.) Bohs","Magnoliopsida","Solanales","Solanaceae","Solanum",1,"GBIF","Otros conjuntos mediados por GBIF",NA,NA,1,TRUE,"Solanum hutchisonii","Near Threatened","212623060","Casi Amenazada (NT)",FALSE
"Ancahuasi","Spatula cyanoptera","Fauna","Spatula cyanoptera (Vieillot, 1816)","Aves","Anseriformes","Anatidae","Spatula",1,"GBIF","eBird",2021,2021,7,FALSE,"Spatula cyanoptera","Least Concern","22680233","Preocupación Menor (LC)",FALSE
"Ancahuasi","Spatula puna","Fauna","Spatula puna (Tschudi, 1844)","Aves","Anseriformes","Anatidae","Spatula",1,"GBIF","eBird",2021,2021,6,FALSE,"Spatula puna","Least Concern","22680326","Preocupación Menor (LC)",FALSE
"Ancahuasi","Spinus crassirostris","Fauna","Spinus crassirostris (Landbeck, 1877)","Aves","Passeriformes","Fringillidae","Spinus",1,"GBIF","eBird",2023,2023,5,FALSE,"Spinus crassirostris","Least Concern","22720380","Preocupación Menor (LC)",FALSE
"Ancahuasi","Streptopogon erythrodontus","Flora","Streptopogon erythrodontus (Taylor) Wilson ex Mitt.","Bryopsida","Pottiales","Pottiaceae","Streptopogon",1,"GBIF","Otros conjuntos mediados por GBIF",1977,1977,2,FALSE,"---","---",NA,"No Evaluada (NE)",FALSE
"Ancahuasi","Streptoprocne zonaris","Fauna","Streptoprocne zonaris (Shaw, 1796)","Aves","Apodiformes","Apodidae","Streptoprocne",1,"GBIF","eBird",2020,2020,6,FALSE,"Streptoprocne zonaris","Least Concern","22686476","Preocupación Menor (LC)",FALSE
"Ancahuasi","Synallaxis courseni","Fauna","Synallaxis courseni Blake, 1971","Aves","Passeriformes","Furnariidae","Synallaxis",1,"GBIF","eBird",2022,2022,3,FALSE,"Synallaxis courseni","Near Threatened","22702295","Casi Amenazada (NT)",FALSE
"Ancahuasi","Theristicus melanopis","Fauna","Theristicus branickii","Aves","Pelecaniformes","Threskiornithidae","Theristicus",1,"iNaturalist","iNaturalist",2026,2026,7,FALSE,"Theristicus melanopis","Least Concern","22734000","Preocupación Menor (LC)",FALSE
"Ancahuasi","Tinamus guttatus","Fauna","Tinamus guttatus Pelzeln, 1863","Aves","Tinamiformes","Tinamidae","Tinamus",1,"GBIF","eBird",2022,2022,2,FALSE,"Tinamus guttatus","Near Threatened","22678151","Casi Amenazada (NT)",FALSE
"Ancahuasi","Tinamus major","Fauna","Tinamus major (J.F.Gmelin, 1789)","Aves","Tinamiformes","Tinamidae","Tinamus",1,"GBIF","eBird",2022,2022,1,TRUE,"Tinamus major","Least Concern","22678148","Preocupación Menor (LC)",FALSE
"Ancahuasi","Tringa melanoleuca","Fauna","Tringa melanoleuca (J.F.Gmelin, 1789)","Aves","Charadriiformes","Scolopacidae","Tringa",1,"GBIF","eBird",2021,2021,5,FALSE,"Tringa melanoleuca","Near Threatened","22693231","Casi Amenazada (NT)",FALSE
"Ancahuasi","Tropaeolum tuberosum","Flora","Tropaeolum tuberosum Ruiz & Pav.","Magnoliopsida","Brassicales","Tropaeolaceae","Tropaeolum",1,"GBIF","Otros conjuntos mediados por GBIF",1987,1987,1,TRUE,"---","---",NA,"No Evaluada (NE)",FALSE
"Ancahuasi","Urtica leptophylla","Flora","Urtica leptophylla","Magnoliopsida","Rosales","Urticaceae","Urtica",1,"iNaturalist","iNaturalist",2023,2023,3,FALSE,"---","---",NA,"No Evaluada (NE)",FALSE
"Ancahuasi","Veronica persica","Flora","Veronica persica","Magnoliopsida","Lamiales","Plantaginaceae","Veronica",1,"iNaturalist","iNaturalist",2023,2023,2,FALSE,"---","---",NA,"No Evaluada (NE)",FALSE
"Ancahuasi","Veronica serpyllifolia","Flora","Veronica serpyllifolia L.","Magnoliopsida","Lamiales","Plantaginaceae","Veronica",1,"GBIF","Otros conjuntos mediados por GBIF",1987,1987,2,FALSE,"Veronica serpyllifolia","Least Concern","19620739","Preocupación Menor (LC)",FALSE
"Ancahuasi","Vireo olivaceus","Fauna","Vireo chivi (Vieillot, 1817)","Aves","Passeriformes","Vireonidae","Vireo",1,"GBIF","eBird",2022,2022,3,FALSE,"Vireo olivaceus","Least Concern","155115462","Preocupación Menor (LC)",FALSE
"Anta","Chroicocephalus serranus","Fauna","Chroicocephalus serranus (Tschudi, 1844)","Aves","Charadriiformes","Laridae","Chroicocephalus",1139,"GBIF / iNaturalist","eBird / iNaturalist",1984,2026,9,FALSE,"---","---",NA,"No Evaluada (NE)",FALSE
"Anta","Fulica ardesiaca","Fauna","Fulica ardesiaca Tschudi, 1843","Aves","Gruiformes","Rallidae","Fulica",1089,"GBIF / iNaturalist","eBird / iNaturalist",1984,2026,8,FALSE,"Fulica ardesiaca","Least Concern","22692932","Preocupación Menor (LC)",FALSE
"Anta","Anas flavirostris","Fauna","Anas flavirostris Vieillot, 1816","Aves","Anseriformes","Anatidae","Anas",1067,"GBIF / iNaturalist","eBird / iNaturalist",1984,2025,9,FALSE,"Anas flavirostris","---","22735557_1","No Evaluada (NE)",FALSE
"Anta","Spatula cyanoptera","Fauna","Spatula cyanoptera (Vieillot, 1816)","Aves","Anseriformes","Anatidae","Spatula",1009,"GBIF / iNaturalist","eBird / iNaturalist / Otros conjuntos mediados por GBIF",1987,2026,7,FALSE,"Spatula cyanoptera","Least Concern","22680233","Preocupación Menor (LC)",FALSE
"Anta","Plegadis ridgwayi","Fauna","Plegadis ridgwayi (Allen, 1876)","Aves","Pelecaniformes","Threskiornithidae","Plegadis",1000,"GBIF / iNaturalist","eBird / iNaturalist",1984,2025,9,FALSE,"Plegadis ridgwayi","Least Concern","22697429","Preocupación Menor (LC)",FALSE
"Anta","Anas georgica","Fauna","Anas georgica J.F.Gmelin, 1789","Aves","Anseriformes","Anatidae","Anas",910,"GBIF / iNaturalist","eBird / iNaturalist / Observation.org",1984,2026,8,FALSE,"Anas georgica","Least Concern","22680310","Preocupación Menor (LC)",FALSE
"Anta","Spatula puna","Fauna","Spatula puna (Tschudi, 1844)","Aves","Anseriformes","Anatidae","Spatula",866,"GBIF / iNaturalist","eBird / iNaturalist / Otros conjuntos mediados por GBIF",1984,2025,6,FALSE,"Spatula puna","Least Concern","22680326","Preocupación Menor (LC)",FALSE
"Anta","Zonotrichia capensis","Fauna","Zonotrichia capensis (P.L.S.Müller, 1776)","Aves","Passeriformes","Passerellidae","Zonotrichia",864,"GBIF / iNaturalist","eBird / iNaturalist",1987,2025,9,FALSE,"Zonotrichia capensis","Least Concern","22721079","Preocupación Menor (LC)",FALSE
"Anta","Patagioenas maculosa","Fauna","Patagioenas maculosa (Temminck, 1813)","Aves","Columbiformes","Columbidae","Patagioenas",835,"GBIF","eBird",1984,2024,9,FALSE,"Patagioenas maculosa","Least Concern","22728285","Preocupación Menor (LC)",FALSE
"Anta","Rollandia rolland","Fauna","Rollandia rolland (Quoy & Gaimard, 1824)","Aves","Podicipediformes","Podicipedidae","Rollandia",793,"GBIF / iNaturalist","eBird / iNaturalist / Observation.org",1984,2026,7,FALSE,"Rollandia rolland","Least Concern","22696530","Preocupación Menor (LC)",FALSE
"Anta","Oxyura ferruginea","Fauna","Oxyura ferruginea (Eyton, 1838)","Aves","Anseriformes","Anatidae","Oxyura",777,"GBIF / iNaturalist","eBird / iNaturalist",1984,2026,4,FALSE,"Oxyura ferruginea","Least Concern","22727757","Preocupación Menor (LC)",FALSE
"Anta","Gallinula chloropus","Fauna","Gallinula galeata (Lichtenstein & Mhc, 1818)","Aves","Gruiformes","Rallidae","Gallinula",753,"GBIF","eBird",1984,2024,8,FALSE,"Gallinula chloropus","Least Concern","62120190","Preocupación Menor (LC)",FALSE
"Anta","Agelasticus thilius","Fauna","Agelasticus thilius (Molina, 1782)","Aves","Passeriformes","Icteridae","Agelasticus",686,"GBIF / iNaturalist","eBird / iNaturalist",1984,2024,4,FALSE,"Agelasticus thilius","Least Concern","22724178","Preocupación Menor (LC)",FALSE
"Anta","Spinus magellanicus","Fauna","Spinus magellanicus (Vieillot, 1805)","Aves","Passeriformes","Fringillidae","Spinus",636,"GBIF / iNaturalist","eBird / iNaturalist",2004,2024,9,FALSE,"Spinus magellanicus","Least Concern","22720383","Preocupación Menor (LC)",FALSE
"Anta","Tringa flavipes","Fauna","Tringa flavipes (J.F.Gmelin, 1789)","Aves","Charadriiformes","Scolopacidae","Tringa",619,"GBIF","eBird",2000,2024,6,FALSE,"Tringa flavipes","Vulnerable","22693235","Vulnerable (VU)",TRUE
"Anta","Bubulcus ibis","Fauna","Ardea ibis Linnaeus, 1758","Aves","Pelecaniformes","Ardeidae","Bubulcus",574,"GBIF / iNaturalist","eBird / iNaturalist",2004,2026,8,FALSE,"Bubulcus ibis","Least Concern","22697109","Preocupación Menor (LC)",FALSE
"Anta","Ardea alba","Fauna","Ardea alba Linnaeus, 1758","Aves","Pelecaniformes","Ardeidae","Ardea",550,"GBIF / iNaturalist","eBird / iNaturalist",2000,2025,7,FALSE,"Ardea alba","Least Concern","22697043","Preocupación Menor (LC)",FALSE
"Anta","Falco sparverius","Fauna","Falco sparverius Linnaeus, 1758","Aves","Falconiformes","Falconidae","Falco",550,"GBIF / iNaturalist","eBird / iNaturalist",1998,2024,9,FALSE,"Falco sparverius","Least Concern","22696395","Preocupación Menor (LC)",FALSE
"Anta","Tringa melanoleuca","Fauna","Tringa melanoleuca (J.F.Gmelin, 1789)","Aves","Charadriiformes","Scolopacidae","Tringa",548,"GBIF","eBird",1995,2024,5,FALSE,"Tringa melanoleuca","Near Threatened","22693231","Casi Amenazada (NT)",FALSE
"Anta","Vanellus resplendens","Fauna","Vanellus resplendens (Tschudi, 1843)","Aves","Charadriiformes","Charadriidae","Vanellus",525,"GBIF / iNaturalist","eBird / iNaturalist",1984,2024,8,FALSE,"Vanellus resplendens","Least Concern","22694078","Preocupación Menor (LC)",FALSE
"Anta","Columba livia","Fauna","Columba livia J.F.Gmelin, 1789","Aves","Columbiformes","Columbidae","Columba",491,"GBIF","eBird",2004,2024,9,FALSE,"Columba livia","Least Concern","22690066","Preocupación Menor (LC)",FALSE
"Anta","Turdus chiguanco","Fauna","Turdus chiguanco Orbigny & Lafresnaye, 1837","Aves","Passeriformes","Turdidae","Turdus",460,"GBIF","eBird / Observation.org",1984,2024,9,FALSE,"Turdus chiguanco","Least Concern","103889964","Preocupación Menor (LC)",FALSE
"Anta","Zenaida auriculata","Fauna","Zenaida auriculata (Des Murs, 1847)","Aves","Columbiformes","Columbidae","Zenaida",394,"GBIF","eBird",1984,2024,8,FALSE,"Zenaida auriculata","Least Concern","22690747","Preocupación Menor (LC)",FALSE
"Anta","Tachuris rubrigastra","Fauna","Tachuris rubrigastra (Vieillot, 1817)","Aves","Passeriformes","Tyrannidae","Tachuris",365,"GBIF / iNaturalist","eBird / iNaturalist",1997,2026,3,FALSE,"Tachuris rubrigastra","Least Concern","22699410","Preocupación Menor (LC)",FALSE
"Anta","Egretta thula","Fauna","Egretta thula (Molina, 1782)","Aves","Pelecaniformes","Ardeidae","Egretta",356,"GBIF","eBird",1987,2024,4,FALSE,"Egretta thula","Least Concern","22696974","Preocupación Menor (LC)",FALSE
"Anta","Phleocryptes melanops","Fauna","Phleocryptes melanops (Vieillot, 1817)","Aves","Passeriformes","Furnariidae","Phleocryptes",353,"GBIF","eBird",1997,2024,2,FALSE,"Phleocryptes melanops","Least Concern","22702646","Preocupación Menor (LC)",FALSE
"Anta","Notiochelidon murina","Fauna","Orochelidon murina (Cassin, 1853)","Aves","Passeriformes","Hirundinidae","Notiochelidon",351,"GBIF","eBird",2004,2024,8,FALSE,"---","---",NA,"No Evaluada (NE)",FALSE
"Anta","Himantopus mexicanus","Fauna","Himantopus mexicanus (P.L.S.Müller, 1776)","Aves","Charadriiformes","Recurvirostridae","Himantopus",349,"GBIF","eBird",1997,2024,1,TRUE,"---","---",NA,"No Evaluada (NE)",FALSE
"Anta","Chloephaga melanoptera","Fauna","Oressochen melanopterus (Eyton, 1838)","Aves","Anseriformes","Anatidae","Chloephaga",334,"GBIF / iNaturalist","eBird / iNaturalist",1987,2026,7,FALSE,"Chloephaga melanoptera","Least Concern","22679972","Preocupación Menor (LC)",FALSE
"Anta","Calidris melanotos","Fauna","Calidris melanotos (Vieillot, 1819)","Aves","Charadriiformes","Scolopacidae","Calidris",287,"GBIF","eBird",1995,2024,3,FALSE,"Calidris melanotos","Least Concern","22693408","Preocupación Menor (LC)",FALSE
"Anta","Phoenicopterus chilensis","Fauna","Phoenicopterus chilensis Molina, 1782","Aves","Phoenicopteriformes","Phoenicopteridae","Phoenicopterus",281,"GBIF / iNaturalist","eBird / iNaturalist",2015,2024,3,FALSE,"Phoenicopterus chilensis","Near Threatened","22697365","Casi Amenazada (NT)",FALSE
"Anta","Nycticorax nycticorax","Fauna","Nycticorax nycticorax (Linnaeus, 1758)","Aves","Pelecaniformes","Ardeidae","Nycticorax",277,"GBIF / iNaturalist","eBird / iNaturalist",2004,2026,6,FALSE,"Nycticorax nycticorax","Least Concern","22697211","Preocupación Menor (LC)",FALSE
"Anta","Phalaropus tricolor","Fauna","Phalaropus tricolor (Vieillot, 1819)","Aves","Charadriiformes","Scolopacidae","Phalaropus",270,"GBIF","eBird",2004,2024,3,FALSE,"---","---",NA,"No Evaluada (NE)",FALSE
"Anta","Phalacrocorax brasilianus","Fauna","Nannopterum brasilianum (J.F.Gmelin, 1789)","Aves","Suliformes","Phalacrocoracidae","Phalacrocorax",259,"GBIF","eBird",2000,2024,7,FALSE,"---","---",NA,"No Evaluada (NE)",FALSE
"Anta","Catamenia analis","Fauna","Catamenia analis (d'Orbigny & Lafresnaye, 1837)","Aves","Passeriformes","Thraupidae","Catamenia",258,"GBIF","eBird",1984,2024,9,FALSE,"Catamenia analis","Least Concern","22723570","Preocupación Menor (LC)",FALSE
"Anta","Sicalis luteola","Fauna","Sicalis luteola (Sparrman, 1789)","Aves","Passeriformes","Thraupidae","Sicalis",242,"GBIF","eBird",1997,2024,3,FALSE,"Sicalis luteola","Least Concern","22735428","Preocupación Menor (LC)",FALSE
"Anta","Actitis macularius","Fauna","Actitis macularius (Linnaeus, 1766)","Aves","Charadriiformes","Scolopacidae","Actitis",238,"GBIF / iNaturalist","eBird / iNaturalist",2000,2024,4,FALSE,"Actitis macularius","Least Concern","22693277","Preocupación Menor (LC)",FALSE
"Anta","Pardirallus sanguinolentus","Fauna","Pardirallus sanguinolentus (Swainson, 1838)","Aves","Gruiformes","Rallidae","Pardirallus",238,"GBIF / iNaturalist","eBird / iNaturalist",1998,2024,4,FALSE,"Pardirallus sanguinolentus","Least Concern","22692772","Preocupación Menor (LC)",FALSE
"Anta","Hirundo rustica","Fauna","Hirundo rustica Linnaeus, 1758","Aves","Passeriformes","Hirundinidae","Hirundo",189,"GBIF","eBird",2014,2024,4,FALSE,"Hirundo rustica","Least Concern","22712252","Preocupación Menor (LC)",FALSE
"Anta","Egretta caerulea","Fauna","Egretta caerulea (Linnaeus, 1758)","Aves","Pelecaniformes","Ardeidae","Egretta",185,"GBIF","eBird",2004,2024,1,TRUE,"Egretta caerulea","Least Concern","22696944","Preocupación Menor (LC)",FALSE
"Anta","Calidris himantopus","Fauna","Calidris himantopus (Bonaparte, 1826)","Aves","Charadriiformes","Scolopacidae","Calidris",182,"GBIF / iNaturalist","eBird / iNaturalist",2014,2024,1,TRUE,"Calidris himantopus","Near Threatened","22693437","Casi Amenazada (NT)",FALSE
"Anta","Metriopelia ceciliae","Fauna","Metriopelia ceciliae (R.Lesson, 1845)","Aves","Columbiformes","Columbidae","Metriopelia",178,"GBIF","eBird",1984,2024,6,FALSE,"Metriopelia ceciliae","Least Concern","22690829","Preocupación Menor (LC)",FALSE
"Anta","Falco femoralis","Fauna","Falco femoralis Temminck, 1822","Aves","Falconiformes","Falconidae","Falco",173,"GBIF","eBird",1987,2024,8,FALSE,"Falco femoralis","Least Concern","22696450","Preocupación Menor (LC)",FALSE
"Anta","Phrygilus punensis","Fauna","Phrygilus punensis Ridgway, 1887","Aves","Passeriformes","Thraupidae","Phrygilus",166,"GBIF / iNaturalist","eBird / iNaturalist",2007,2024,8,FALSE,"Phrygilus punensis","Least Concern","22723064","Preocupación Menor (LC)",FALSE
"Anta","Podiceps occipitalis","Fauna","Podiceps occipitalis Garnot, 1826","Aves","Podicipediformes","Podicipedidae","Podiceps",163,"GBIF / iNaturalist","eBird / iNaturalist",1984,2024,3,FALSE,"Podiceps occipitalis","Least Concern","62114375","Preocupación Menor (LC)",FALSE
"Anta","Saltator aurantiirostris","Fauna","Saltator aurantiirostris Vieillot, 1817","Aves","Passeriformes","Thraupidae","Saltator",157,"GBIF","eBird / Otros conjuntos mediados por GBIF",1899,2024,9,FALSE,"Saltator aurantiirostris","Least Concern","22723892","Preocupación Menor (LC)",FALSE
"Anta","Athene cunicularia","Fauna","Athene cunicularia (Molina, 1782)","Aves","Strigiformes","Strigidae","Athene",154,"GBIF / iNaturalist","eBird / iNaturalist",1997,2024,5,FALSE,"Athene cunicularia","Least Concern","22689353","Preocupación Menor (LC)",FALSE
"Anta","Colibri coruscans","Fauna","Colibri coruscans (Gould, 1846)","Aves","Apodiformes","Trochilidae","Colibri",152,"GBIF","eBird",1987,2024,9,FALSE,"Colibri coruscans","Least Concern","22687114","Preocupación Menor (LC)",FALSE
"Anta","Pluvialis dominica","Fauna","Pluvialis dominica (P.L.S.Müller, 1776)","Aves","Charadriiformes","Charadriidae","Pluvialis",152,"GBIF / iNaturalist","eBird / iNaturalist",1995,2024,1,TRUE,"Pluvialis dominica","Least Concern","22693740","Preocupación Menor (LC)",FALSE
"Anta","Calidris bairdii","Fauna","Calidris bairdii (Coues, 1861)","Aves","Charadriiformes","Scolopacidae","Calidris",151,"GBIF","eBird",1995,2024,1,TRUE,"Calidris bairdii","Least Concern","22693404","Preocupación Menor (LC)",FALSE
"Anta","Conirostrum cinereum","Fauna","Conirostrum cinereum d'Orbigny & Lafresnaye, 1838","Aves","Passeriformes","Thraupidae","Conirostrum",150,"GBIF","eBird",1987,2024,7,FALSE,"Conirostrum cinereum","Least Concern","22722096","Preocupación Menor (LC)",FALSE
"Anta","Circus cinereus","Fauna","Circus cinereus Vieillot, 1816","Aves","Accipitriformes","Accipitridae","Circus",144,"GBIF","eBird",1984,2024,5,FALSE,"Circus cinereus","Least Concern","22695393","Preocupación Menor (LC)",FALSE
"Anta","Buteo polyosoma","Fauna","Geranoaetus polyosoma (Quoy & Gaimard, 1824)","Aves","Accipitriformes","Accipitridae","Buteo",137,"GBIF / iNaturalist","eBird / iNaturalist",2004,2024,7,FALSE,"---","---",NA,"No Evaluada (NE)",FALSE
"Anta","Troglodytes musculus","Fauna","Troglodytes musculus J.F.Naumann, 1823","Aves","Passeriformes","Troglodytidae","Troglodytes",135,"GBIF","eBird",2004,2024,8,FALSE,"---","---",NA,"No Evaluada (NE)",FALSE
"Anta","Colaptes rupicola","Fauna","Colaptes rupicola d'Orbigny, 1840","Aves","Piciformes","Picidae","Colaptes",114,"GBIF / iNaturalist","eBird / iNaturalist",1984,2024,9,FALSE,"Colaptes rupicola","Least Concern","22726426","Preocupación Menor (LC)",FALSE
"Anta","Asio flammeus","Fauna","Asio flammeus (Pontoppidan, 1763)","Aves","Strigiformes","Strigidae","Asio",113,"GBIF / iNaturalist","eBird / iNaturalist",2019,2024,3,FALSE,"Asio flammeus","Least Concern","22689531","Preocupación Menor (LC)",FALSE
"Anta","Diglossa brunneiventris","Fauna","Diglossa brunneiventris Lafresnaye, 1846","Aves","Passeriformes","Thraupidae","Diglossa",113,"GBIF","eBird",2009,2024,7,FALSE,"Diglossa brunneiventris","Least Concern","22723677","Preocupación Menor (LC)",FALSE
"Anta","Sporophila luctuosa","Fauna","Sporophila luctuosa (Lafresnaye, 1843)","Aves","Passeriformes","Thraupidae","Sporophila",113,"GBIF","eBird",2017,2024,4,FALSE,"Sporophila luctuosa","Least Concern","22723437","Preocupación Menor (LC)",FALSE
"Anta","Cathartes aura","Fauna","Cathartes aura (Linnaeus, 1758)","Aves","Accipitriformes","Cathartidae","Cathartes",110,"GBIF","eBird",2012,2024,7,FALSE,"Cathartes aura","Least Concern","22697627","Preocupación Menor (LC)",FALSE
"Anta","Spatula discors","Fauna","Spatula discors (Linnaeus, 1766)","Aves","Anseriformes","Anatidae","Spatula",91,"GBIF","eBird",2004,2024,1,TRUE,"Spatula discors","Least Concern","22680229","Preocupación Menor (LC)",FALSE
"Anta","Theristicus melanopis","Fauna","Theristicus branickii Berlepsch & Stolzmann, 1894","Aves","Pelecaniformes","Threskiornithidae","Theristicus",85,"GBIF / iNaturalist","eBird / iNaturalist",2006,2026,7,FALSE,"Theristicus melanopis","Least Concern","22734000","Preocupación Menor (LC)",FALSE
"Anta","Riparia riparia","Fauna","Riparia riparia (Linnaeus, 1758)","Aves","Passeriformes","Hirundinidae","Riparia",84,"GBIF","eBird",2014,2024,2,FALSE,"Riparia riparia","Least Concern","103815961","Preocupación Menor (LC)",FALSE
"Anta","Sicalis olivascens","Fauna","Sicalis olivascens (d'Orbigny & Lafresnaye, 1837)","Aves","Passeriformes","Thraupidae","Sicalis",72,"GBIF","eBird",1984,2024,4,FALSE,"Sicalis olivascens","Least Concern","103838515","Preocupación Menor (LC)",FALSE
"Anta","Rauenia bonariensis","Fauna","Rauenia bonariensis (J.F.Gmelin, 1789)","Aves","Passeriformes","Thraupidae","Rauenia",69,"GBIF","eBird",1987,2024,8,FALSE,"---","---",NA,"No Evaluada (NE)",FALSE
"Anta","Haplochelidon andecola","Fauna","Orochelidon andecola (d'Orbigny & Lafresnaye, 1837)","Aves","Passeriformes","Hirundinidae","Haplochelidon",67,"GBIF","eBird",2009,2024,7,FALSE,"---","---",NA,"No Evaluada (NE)",FALSE
"Anta","Ochthoeca leucophrys","Fauna","Ochthoeca leucophrys (Orbigny & Lafresnaye, 1837)","Aves","Passeriformes","Tyrannidae","Ochthoeca",63,"GBIF","eBird",1984,2024,8,FALSE,"Ochthoeca leucophrys","Least Concern","22699943","Preocupación Menor (LC)",FALSE
"Anta","Rhopospina fruticeti","Fauna","Rhopospina fruticeti (Kittlitz, 1833)","Aves","Passeriformes","Thraupidae","Rhopospina",58,"GBIF","eBird",1987,2024,8,FALSE,"Rhopospina fruticeti","Least Concern","22723080","Preocupación Menor (LC)",FALSE
"Anta","Anas bahamensis","Fauna","Anas bahamensis Linnaeus, 1758","Aves","Anseriformes","Anatidae","Anas",56,"GBIF","eBird",2007,2024,1,TRUE,"Anas bahamensis","Least Concern","22680287","Preocupación Menor (LC)",FALSE
"Anta","Geranoaetus melanoleucus","Fauna","Geranoaetus melanoleucus (Vieillot, 1819)","Aves","Accipitriformes","Accipitridae","Geranoaetus",55,"GBIF","eBird",1984,2024,8,FALSE,"Geranoaetus melanoleucus","Least Concern","22695845","Preocupación Menor (LC)",FALSE
"Anta","Lesbia nuna","Fauna","Lesbia nuna (R.Lesson, 1832)","Aves","Apodiformes","Trochilidae","Lesbia",49,"GBIF","eBird / Observation.org",1984,2024,8,FALSE,"Lesbia nuna","Least Concern","22687974","Preocupación Menor (LC)",FALSE
"Anta","Vanellus chilensis","Fauna","Vanellus chilensis (Molina, 1782)","Aves","Charadriiformes","Charadriidae","Vanellus",45,"GBIF","eBird",2020,2024,2,FALSE,"Vanellus chilensis","Least Concern","22694075","Preocupación Menor (LC)",FALSE
"Anta","Anthus brevirostris","Fauna","Anthus brevirostris Taczanowski, 1875","Aves","Passeriformes","Motacillidae","Anthus",44,"GBIF / iNaturalist","eBird / iNaturalist",1995,2024,3,FALSE,"Anthus brevirostris","Least Concern","232638555","Preocupación Menor (LC)",FALSE
"Anta","Porphyrospiza alaudina","Fauna","Rhopospina alaudina (Kittlitz, 1833)","Aves","Passeriformes","Thraupidae","Porphyrospiza",41,"GBIF","eBird",2013,2024,5,FALSE,"---","---",NA,"No Evaluada (NE)",FALSE
"Anta","Patagona gigas","Fauna","Patagona gigas (Vieillot, 1824)","Aves","Apodiformes","Trochilidae","Patagona",39,"GBIF","eBird",1984,2024,8,FALSE,"Patagona gigas","Least Concern","22687785","Preocupación Menor (LC)",FALSE
"Anta","Streptoprocne zonaris","Fauna","Streptoprocne zonaris (Shaw, 1796)","Aves","Apodiformes","Apodidae","Streptoprocne",39,"GBIF / iNaturalist","eBird / iNaturalist",2007,2025,6,FALSE,"Streptoprocne zonaris","Least Concern","22686476","Preocupación Menor (LC)",FALSE
"Anta","Tringa solitaria","Fauna","Tringa solitaria A.Wilson, 1813","Aves","Charadriiformes","Scolopacidae","Tringa",36,"GBIF","eBird",1997,2024,3,FALSE,"Tringa solitaria","Least Concern","22693239","Preocupación Menor (LC)",FALSE
"Anta","Lessonia oreas","Fauna","Lessonia oreas (P.L.Sclater & Salvin, 1869)","Aves","Passeriformes","Tyrannidae","Lessonia",34,"GBIF / iNaturalist","eBird / iNaturalist",1984,2024,3,FALSE,"Lessonia oreas","Least Concern","22700213","Preocupación Menor (LC)",FALSE
"Anta","Caracara plancus","Fauna","Caracara plancus (J.F.Miller, 1777)","Aves","Falconiformes","Falconidae","Caracara",29,"GBIF / iNaturalist","eBird / iNaturalist",2021,2025,2,FALSE,"Caracara plancus","Least Concern","22729784","Preocupación Menor (LC)",FALSE
"Anta","Lesbia victoriae","Fauna","Lesbia victoriae (Bourcier & Mulsant, 1846)","Aves","Apodiformes","Trochilidae","Lesbia",28,"GBIF","eBird",2014,2024,8,FALSE,"Lesbia victoriae","Least Concern","22687971","Preocupación Menor (LC)",FALSE
"Anta","Metallura tyrianthina","Fauna","Metallura tyrianthina (Loddiges, 1832)","Aves","Apodiformes","Trochilidae","Metallura",28,"GBIF","eBird",2016,2024,8,FALSE,"Metallura tyrianthina","Least Concern","22688015","Preocupación Menor (LC)",FALSE
"Anta","Buteo albigula","Fauna","Buteo albigula Philippi, 1899","Aves","Accipitriformes","Accipitridae","Buteo",27,"GBIF","eBird",2018,2024,5,FALSE,"Buteo albigula","Least Concern","22695900","Preocupación Menor (LC)",FALSE
"Anta","Dendrocygna autumnalis","Fauna","Dendrocygna autumnalis (Linnaeus, 1758)","Aves","Anseriformes","Anatidae","Dendrocygna",27,"GBIF","eBird",2019,2022,1,TRUE,"Dendrocygna autumnalis","Least Concern","22679780","Preocupación Menor (LC)",FALSE
"Anta","Asthenes ottonis","Fauna","Asthenes ottonis (Berlepsch, 1901)","Aves","Passeriformes","Furnariidae","Asthenes",26,"GBIF","eBird",1984,2024,8,FALSE,"Asthenes ottonis","Least Concern","22702497","Preocupación Menor (LC)",FALSE
"Anta","Geospizopsis plebejus","Fauna","Geospizopsis plebejus (Tschudi, 1844)","Aves","Passeriformes","Thraupidae","Geospizopsis",26,"GBIF","eBird",1987,2024,8,FALSE,"Geospizopsis plebejus","Least Concern","22723100","Preocupación Menor (LC)",FALSE
"Anta","Pseudocolopteryx acutipennis","Fauna","Pseudocolopteryx acutipennis (P.L.Sclater & Salvin, 1873)","Aves","Passeriformes","Tyrannidae","Pseudocolopteryx",22,"GBIF","eBird",2020,2024,3,FALSE,"Pseudocolopteryx acutipennis","Least Concern","22699430","Preocupación Menor (LC)",FALSE
"Anta","Aglaeactis cupripennis","Fauna","Aglaeactis cupripennis (Bourcier, 1843)","Aves","Apodiformes","Trochilidae","Aglaeactis",21,"GBIF","eBird / Otros conjuntos mediados por GBIF",1899,2024,8,FALSE,"Aglaeactis cupripennis","Least Concern","22687788","Preocupación Menor (LC)",FALSE
"Anta","Petrochelidon pyrrhonota","Fauna","Petrochelidon pyrrhonota (Vieillot, 1817)","Aves","Passeriformes","Hirundinidae","Petrochelidon",21,"GBIF","eBird",2016,2024,1,TRUE,"Petrochelidon pyrrhonota","Least Concern","22712427","Preocupación Menor (LC)",FALSE
"Anta","Ardea cocoi","Fauna","Ardea cocoi Linnaeus, 1766","Aves","Pelecaniformes","Ardeidae","Ardea",20,"GBIF","eBird",2016,2024,4,FALSE,"Ardea cocoi","Least Concern","22697001","Preocupación Menor (LC)",FALSE
"Anta","Aglaeactis castelnaudii","Fauna","Aglaeactis castelnaudii (Bourcier & Mulsant, 1848)","Aves","Apodiformes","Trochilidae","Aglaeactis",17,"GBIF","eBird / Otros conjuntos mediados por GBIF",1899,2023,6,FALSE,"Aglaeactis castelnaudii","Near Threatened","22687791","Casi Amenazada (NT)",FALSE
"Anta","Fulica gigantea","Fauna","Fulica gigantea Eydoux & Souleyet, 1841","Aves","Gruiformes","Rallidae","Fulica",17,"GBIF","eBird",2004,2024,2,FALSE,"Fulica gigantea","Least Concern","22692943","Preocupación Menor (LC)",FALSE
"Anta","Calidris fuscicollis","Fauna","Calidris fuscicollis (Vieillot, 1819)","Aves","Charadriiformes","Scolopacidae","Calidris",16,"GBIF","eBird",2013,2021,1,TRUE,"Calidris fuscicollis","Vulnerable","22693399","Vulnerable (VU)",TRUE
"Anta","Elaenia albiceps","Fauna","Elaenia albiceps (Orbigny & Lafresnaye, 1837)","Aves","Passeriformes","Tyrannidae","Elaenia",16,"GBIF","eBird",2006,2024,5,FALSE,"Elaenia albiceps","Least Concern","22699271","Preocupación Menor (LC)",FALSE
"Anta","Turdus fuscater","Fauna","Turdus fuscater Orbigny & Lafresnaye, 1837","Aves","Passeriformes","Turdidae","Turdus",16,"GBIF","eBird",1987,2024,7,FALSE,"Turdus fuscater","Least Concern","22708848","Preocupación Menor (LC)",FALSE
"Anta","Aeronautes andecolus","Fauna","Aeronautes andecolus (d'Orbigny & Lafresnaye, 1837)","Aves","Apodiformes","Apodidae","Aeronautes",14,"GBIF","eBird",1987,2024,7,FALSE,"Aeronautes andecolus","Least Concern","22686739","Preocupación Menor (LC)",FALSE
"Anta","Calidris minutilla","Fauna","Calidris minutilla (Vieillot, 1819)","Aves","Charadriiformes","Scolopacidae","Calidris",14,"GBIF","eBird",2021,2021,1,TRUE,"Calidris minutilla","Near Threatened","22693396","Casi Amenazada (NT)",FALSE
"Anta","Catamenia inornata","Fauna","Catamenia inornata (Lafresnaye, 1847)","Aves","Passeriformes","Thraupidae","Catamenia",14,"GBIF","eBird",2007,2024,7,FALSE,"Catamenia inornata","Least Concern","22723573","Preocupación Menor (LC)",FALSE
"Anta","Muscisaxicola maculirostris","Fauna","Muscisaxicola maculirostris Orbigny & Lafresnaye, 1837","Aves","Passeriformes","Tyrannidae","Muscisaxicola",14,"GBIF","eBird",1984,2023,6,FALSE,"Muscisaxicola maculirostris","Least Concern","22700132","Preocupación Menor (LC)",FALSE
"Anta","Falco peregrinus","Fauna","Falco peregrinus Tunstall, 1771","Aves","Falconiformes","Falconidae","Falco",13,"GBIF","eBird",2016,2024,4,FALSE,"Falco peregrinus","Least Concern","45354964","Preocupación Menor (LC)",FALSE
"Anta","Anairetes flavirostris","Fauna","Anairetes flavirostris P.L.Sclater & Salvin, 1876","Aves","Passeriformes","Tyrannidae","Anairetes",12,"GBIF","eBird",1984,2024,8,FALSE,"Anairetes flavirostris","Least Concern","22699397","Preocupación Menor (LC)",FALSE
"Anta","Limosa haemastica","Fauna","Limosa haemastica (Linnaeus, 1758)","Aves","Charadriiformes","Scolopacidae","Limosa",12,"GBIF","eBird",2016,2024,1,TRUE,"Limosa haemastica","Vulnerable","22693154","Vulnerable (VU)",TRUE
"Anta","Lophonetta specularioides","Fauna","Lophonetta specularioides (P.P.King, 1828)","Aves","Anseriformes","Anatidae","Lophonetta",12,"GBIF","eBird",2010,2024,4,FALSE,"Lophonetta specularioides","Least Concern","22680130","Preocupación Menor (LC)",FALSE
"Anta","Notiochelidon cyanoleuca","Fauna","Pygochelidon cyanoleuca (Vieillot, 1817)","Aves","Passeriformes","Hirundinidae","Notiochelidon",12,"GBIF","eBird",2007,2024,4,FALSE,"---","---",NA,"No Evaluada (NE)",FALSE
"Anta","Charadrius semipalmatus","Fauna","Charadrius semipalmatus Bonaparte, 1825","Aves","Charadriiformes","Charadriidae","Charadrius",11,"GBIF","eBird",2016,2023,1,TRUE,"Charadrius semipalmatus","Least Concern","22693764","Preocupación Menor (LC)",FALSE
"Anta","Cinclodes fuscus","Fauna","Cinclodes albiventris (Philippi & Landbeck, 1861)","Aves","Passeriformes","Furnariidae","Cinclodes",10,"GBIF","eBird / Observation.org",2008,2024,8,FALSE,"Cinclodes fuscus","---","22736220_1","No Evaluada (NE)",FALSE
"Anta","Crotophaga ani","Fauna","Crotophaga ani Linnaeus, 1758","Aves","Cuculiformes","Cuculidae","Crotophaga",10,"GBIF / iNaturalist","eBird / iNaturalist",2016,2018,4,FALSE,"Crotophaga ani","Least Concern","22684434","Preocupación Menor (LC)",FALSE
"Anta","Progne subis","Fauna","Progne subis (Linnaeus, 1758)","Aves","Passeriformes","Hirundinidae","Progne",10,"GBIF","eBird",2019,2021,1,TRUE,"Progne subis","Least Concern","22712098","Preocupación Menor (LC)",FALSE
"Anta","Aratinga mitrata","Fauna","Psittacara mitratus (Tschudi, 1844)","Aves","Psittaciformes","Psittacidae","Aratinga",9,"GBIF","eBird",2016,2022,7,FALSE,"---","---",NA,"No Evaluada (NE)",FALSE
"Anta","Cinclus leucocephalus","Fauna","Cinclus leucocephalus Tschudi, 1844","Aves","Passeriformes","Cinclidae","Cinclus",9,"GBIF","eBird",2021,2024,5,FALSE,"Cinclus leucocephalus","Least Concern","22708166","Preocupación Menor (LC)",FALSE
"Anta","Muscisaxicola rufivertex","Fauna","Muscisaxicola rufivertex Orbigny & Lafresnaye, 1837","Aves","Passeriformes","Tyrannidae","Muscisaxicola",9,"GBIF","eBird",1984,2020,8,FALSE,"Muscisaxicola rufivertex","Least Concern","103683296","Preocupación Menor (LC)",FALSE
"Anta","Nothoprocta pentlandii","Fauna","Nothoprocta pentlandii (G.R.Gray, 1867)","Aves","Tinamiformes","Tinamidae","Nothoprocta",9,"GBIF","eBird",2017,2024,6,FALSE,"Nothoprocta pentlandii","Least Concern","22678259","Preocupación Menor (LC)",FALSE
"Anta","Pheucticus aureoventris","Fauna","Pheucticus aureoventris (d'Orbigny & Lafresnaye, 1837)","Aves","Passeriformes","Cardinalidae","Pheucticus",9,"GBIF","eBird",2004,2023,7,FALSE,"Pheucticus aureoventris","Least Concern","22723810","Preocupación Menor (LC)",FALSE
"Anta","Solanum candolleanum","Flora","Solanum candolleanum Berthault","Magnoliopsida","Solanales","Solanaceae","Solanum",9,"GBIF","Otros conjuntos mediados por GBIF",1936,1980,7,FALSE,"---","---",NA,"No Evaluada (NE)",FALSE
"Anta","Zea mays","Flora","Zea mays subsp. mays","Liliopsida","Poales","Poaceae","Zea",9,"GBIF","Otros conjuntos mediados por GBIF",1954,1954,2,FALSE,"Zea mays","Least Concern","107674457","Preocupación Menor (LC)",FALSE
"Anta","Butorides striata","Fauna","Butorides striata (Linnaeus, 1758)","Aves","Pelecaniformes","Ardeidae","Butorides",8,"GBIF","eBird",2021,2024,1,TRUE,"Butorides striata","Least Concern","22728182","Preocupación Menor (LC)",FALSE
"Anta","Geospizopsis unicolor","Fauna","Geospizopsis unicolor (d'Orbigny & Lafresnaye, 1837)","Aves","Passeriformes","Thraupidae","Geospizopsis",8,"GBIF","eBird",2012,2023,5,FALSE,"Geospizopsis unicolor","Least Concern","22723085","Preocupación Menor (LC)",FALSE
"Anta","Glaucidium peruanum","Fauna","Glaucidium peruanum C.König, 1991","Aves","Strigiformes","Strigidae","Glaucidium",8,"GBIF","eBird",2021,2024,7,FALSE,"Glaucidium peruanum","Least Concern","22689253","Preocupación Menor (LC)",FALSE
"Anta","Notiochelidon flavipes","Fauna","Orochelidon flavipes (Chapman, 1922)","Aves","Passeriformes","Hirundinidae","Notiochelidon",8,"GBIF","eBird",2007,2022,3,FALSE,"---","---",NA,"No Evaluada (NE)",FALSE
"Anta","Accipiter striatus","Fauna","Accipiter striatus Vieillot, 1808","Aves","Accipitriformes","Accipitridae","Accipiter",7,"GBIF","eBird",2020,2021,3,FALSE,"Accipiter striatus","Least Concern","22734130","Preocupación Menor (LC)",FALSE
"Anta","Chlidonias niger","Fauna","Chlidonias niger (Linnaeus, 1758)","Aves","Charadriiformes","Laridae","Chlidonias",7,"GBIF","eBird",2021,2021,1,TRUE,"Chlidonias niger","Least Concern","22694787","Preocupación Menor (LC)",FALSE
"Anta","Elliotomyia chionogaster","Fauna","Elliotomyia chionogaster (Tschudi, 1846)","Aves","Apodiformes","Trochilidae","Elliotomyia",7,"GBIF","eBird",2012,2024,7,FALSE,"Elliotomyia chionogaster","Least Concern","22687509","Preocupación Menor (LC)",FALSE
"Anta","Progne tapera","Fauna","Progne tapera (Linnaeus, 1766)","Aves","Passeriformes","Hirundinidae","Progne",7,"GBIF","eBird",2017,2024,1,TRUE,"Progne tapera","Least Concern","22712092","Preocupación Menor (LC)",FALSE
"Anta","Sicalis uropigyalis","Fauna","Sicalis uropigyalis (d'Orbigny & Lafresnaye, 1837)","Aves","Passeriformes","Thraupidae","Sicalis",7,"GBIF","eBird",2016,2024,3,FALSE,"Sicalis uropigyalis","Least Concern","22723316","Preocupación Menor (LC)",FALSE
"Anta","Spinus olivaceus","Fauna","Spinus olivaceus von Berlepsch & Stolzmann, 1894","Aves","Passeriformes","Fringillidae","Spinus",7,"GBIF","eBird",2013,2018,2,FALSE,"Spinus olivaceus","Least Concern","22720389","Preocupación Menor (LC)",FALSE
"Anta","Myiotheretes striaticollis","Fauna","Myiotheretes striaticollis (P.L.Sclater, 1853)","Aves","Passeriformes","Tyrannidae","Myiotheretes",6,"GBIF","eBird",2020,2024,6,FALSE,"Myiotheretes striaticollis","Least Concern","22699987","Preocupación Menor (LC)",FALSE
"Anta","Poospizopsis caesar","Fauna","Poospizopsis caesar (P.L.Sclater & Salvin, 1869)","Aves","Passeriformes","Thraupidae","Poospizopsis",6,"GBIF","eBird",2004,2022,9,FALSE,"Poospizopsis caesar","Least Concern","22723282","Preocupación Menor (LC)",FALSE
"Anta","Solanum raphanifolium","Flora","Solanum raphanifolium Cárdenas & Hawkes","Magnoliopsida","Solanales","Solanaceae","Solanum",6,"GBIF","Otros conjuntos mediados por GBIF",1953,1963,5,FALSE,"---","---",NA,"No Evaluada (NE)",FALSE
"Anta","Cirsium vulgare","Flora","Cirsium vulgare","Magnoliopsida","Asterales","Asteraceae","Cirsium",5,"iNaturalist","iNaturalist",2019,2025,4,FALSE,"---","---",NA,"No Evaluada (NE)",FALSE
"Anta","Cotula coronopifolia","Flora","Cotula coronopifolia L.","Magnoliopsida","Asterales","Asteraceae","Cotula",5,"GBIF / iNaturalist","iNaturalist / Otros conjuntos mediados por GBIF",2019,2025,1,TRUE,"---","---",NA,"No Evaluada (NE)",FALSE
"Anta","Gallinago andina","Fauna","Gallinago andina Taczanowski, 1875","Aves","Charadriiformes","Scolopacidae","Gallinago",5,"GBIF","eBird",2016,2024,2,FALSE,"Gallinago andina","Least Concern","22693115","Preocupación Menor (LC)",FALSE
"Anta","Gastrotheca marsupiata","Fauna","Gastrotheca marsupiata (Duméril & Bibron, 1841)","Amphibia","Anura","Hemiphractidae","Gastrotheca",5,"GBIF / iNaturalist","iNaturalist / Otros conjuntos mediados por GBIF",1975,2025,3,FALSE,"Gastrotheca marsupiata","Least Concern","55344","Preocupación Menor (LC)",FALSE
"Anta","Nothoprocta ornata","Fauna","Nothoprocta ornata (G.R.Gray, 1867)","Aves","Tinamiformes","Tinamidae","Nothoprocta",5,"GBIF","eBird",2022,2023,7,FALSE,"Nothoprocta ornata","Least Concern","22678254","Preocupación Menor (LC)",FALSE
"Anta","Ochthoeca rufipectoralis","Fauna","Ochthoeca rufipectoralis (Orbigny & Lafresnaye, 1837)","Aves","Passeriformes","Tyrannidae","Ochthoeca",5,"GBIF","eBird",2016,2020,6,FALSE,"Ochthoeca rufipectoralis","Least Concern","22699930","Preocupación Menor (LC)",FALSE
"Anta","Oreonympha nobilis","Fauna","Oreonympha nobilis Gould, 1869","Aves","Apodiformes","Trochilidae","Oreonympha",5,"GBIF","eBird",1984,2009,6,FALSE,"Oreonympha nobilis","Least Concern","22727923","Preocupación Menor (LC)",FALSE
"Anta","Passer domesticus","Fauna","Passer domesticus (Linnaeus, 1758)","Aves","Passeriformes","Passeridae","Passer",5,"GBIF","eBird",2023,2023,1,TRUE,"Passer domesticus","Least Concern","103818789","Preocupación Menor (LC)",FALSE
"Anta","Sayornis nigricans","Fauna","Sayornis nigricans (Swainson, 1827)","Aves","Passeriformes","Tyrannidae","Sayornis",5,"GBIF","eBird",2016,2017,5,FALSE,"Sayornis nigricans","Least Concern","22699892","Preocupación Menor (LC)",FALSE
"Anta","Solanum brevicaule","Flora","Solanum brevicaule Bitter","Magnoliopsida","Solanales","Solanaceae","Solanum",5,"GBIF","Otros conjuntos mediados por GBIF",1948,1960,8,FALSE,"Solanum brevicaule","Least Concern","71779365","Preocupación Menor (LC)",FALSE
"Anta","Coragyps atratus","Fauna","Coragyps atratus (Bechstein, 1793)","Aves","Accipitriformes","Cathartidae","Coragyps",4,"GBIF","eBird",2020,2024,4,FALSE,"Coragyps atratus","Least Concern","22697624","Preocupación Menor (LC)",FALSE
"Anta","Diglossa sittoides","Fauna","Diglossa sittoides (d'Orbigny & Lafresnaye, 1838)","Aves","Passeriformes","Thraupidae","Diglossa",4,"GBIF","eBird",2019,2024,6,FALSE,"Diglossa sittoides","Least Concern","22723644","Preocupación Menor (LC)",FALSE
"Anta","Leptasthenura yanacensis","Fauna","Sylviorthorhynchus yanacensis (Carriker, 1933)","Aves","Passeriformes","Furnariidae","Leptasthenura",4,"GBIF","eBird",2020,2020,3,FALSE,"---","---",NA,"No Evaluada (NE)",FALSE
"Anta","Leptodontium longicaule","Flora","Leptodontium longicaule Mitt.","Bryopsida","Pottiales","Pottiaceae","Leptodontium",4,"GBIF","Otros conjuntos mediados por GBIF",1973,1973,1,TRUE,"---","---",NA,"No Evaluada (NE)",FALSE
"Anta","Metriopelia melanoptera","Fauna","Metriopelia melanoptera (Molina, 1782)","Aves","Columbiformes","Columbidae","Metriopelia",4,"GBIF","eBird",2004,2022,4,FALSE,"Metriopelia melanoptera","Least Concern","22690839","Preocupación Menor (LC)",FALSE
"Anta","Orestias agassizii","Fauna","Orestias agassii Valenciennes, 1846",NA,"Cyprinodontiformes","Cyprinodontidae","Orestias",4,"GBIF","Otros conjuntos mediados por GBIF",1918,1918,1,TRUE,"---","---",NA,"No Evaluada (NE)",FALSE
"Anta","Pachyramphus validus","Fauna","Pachyramphus validus (Lichtenstein, 1823)","Aves","Passeriformes","Cotingidae","Pachyramphus",4,"GBIF","eBird",2023,2023,5,FALSE,"Pachyramphus validus","Least Concern","22700683","Preocupación Menor (LC)",FALSE
"Anta","Sisyrinchium pusillum","Flora","Sisyrinchium pusillum Kunth","Liliopsida","Asparagales","Iridaceae","Sisyrinchium",4,"GBIF","Otros conjuntos mediados por GBIF",2011,2011,1,TRUE,"---","---",NA,"No Evaluada (NE)",FALSE
"Anta","Spatula versicolor","Fauna","Anas versicolor Vieillot, 1816","Aves","Anseriformes","Anatidae","Spatula",4,"GBIF","Otros conjuntos mediados por GBIF",2002,2002,1,TRUE,"Spatula versicolor","Least Concern","22680329","Preocupación Menor (LC)",FALSE
"Anta","Anomobryum prostratum","Flora","Anomobryum prostratum (Müll.Hal.) Besch.","Bryopsida","Bryales","Bryaceae","Anomobryum",3,"GBIF","Otros conjuntos mediados por GBIF",1973,1973,1,TRUE,"---","---",NA,"No Evaluada (NE)",FALSE
"Anta","Austrocylindropuntia subulata","Flora","Austrocylindropuntia subulata","Magnoliopsida","Caryophyllales","Cactaceae","Austrocylindropuntia",3,"iNaturalist","iNaturalist",2022,2025,3,FALSE,"Austrocylindropuntia subulata","Least Concern","152809","Preocupación Menor (LC)",FALSE
"Anta","Buteo brachyurus","Fauna","Buteo brachyurus Vieillot, 1816","Aves","Accipitriformes","Accipitridae","Buteo",3,"GBIF","eBird",2024,2024,3,FALSE,"Buteo brachyurus","Least Concern","22695897","Preocupación Menor (LC)",FALSE
"Anta","Calidris alba","Fauna","Calidris alba (Pallas, 1764)","Aves","Charadriiformes","Scolopacidae","Calidris",3,"GBIF","eBird",2017,2017,1,TRUE,"Calidris alba","Least Concern","22693369","Preocupación Menor (LC)",FALSE
"Anta","Calidris subruficollis","Fauna","Calidris subruficollis (Vieillot, 1819)","Aves","Charadriiformes","Scolopacidae","Calidris",3,"GBIF","eBird",2021,2021,1,TRUE,"Calidris subruficollis","Vulnerable","22693447","Vulnerable (VU)",TRUE
"Anta","Cranioleuca albicapilla","Fauna","Cranioleuca albicapilla (Cabanis, 1873)","Aves","Passeriformes","Furnariidae","Cranioleuca",3,"GBIF","eBird",2021,2024,8,FALSE,"Cranioleuca albicapilla","Least Concern","22702448","Preocupación Menor (LC)",FALSE
"Anta","Dolichonyx oryzivorus","Fauna","Dolichonyx oryzivorus (Linnaeus, 1758)","Aves","Passeriformes","Icteridae","Dolichonyx",3,"GBIF / iNaturalist","eBird / iNaturalist",2023,2024,1,TRUE,"Dolichonyx oryzivorus","Near Threatened","22724367","Casi Amenazada (NT)",FALSE
"Anta","Elliotomyia viridicauda","Fauna","Elliotomyia viridicauda (von Berlepsch, 1883)","Aves","Apodiformes","Trochilidae","Elliotomyia",3,"GBIF","eBird",2004,2017,4,FALSE,"Elliotomyia viridicauda","Least Concern","22687506","Preocupación Menor (LC)",FALSE
"Anta","Gentiana sedifolia","Flora","Gentiana sedifolia","Magnoliopsida","Gentianales","Gentianaceae","Gentiana",3,"iNaturalist","iNaturalist",2024,2024,5,FALSE,"---","---",NA,"No Evaluada (NE)",FALSE
"Anta","Nothura darwinii","Fauna","Nothura darwinii G.R.Gray, 1867","Aves","Tinamiformes","Tinamidae","Nothura",3,"GBIF","eBird",2021,2024,4,FALSE,"Nothura darwinii","Least Concern","22678271","Preocupación Menor (LC)",FALSE
"Anta","Oxalis tuberosa","Flora","Oxalis tuberosa Molina","Magnoliopsida","Oxalidales","Oxalidaceae","Oxalis",3,"GBIF","Otros conjuntos mediados por GBIF",1985,1985,2,FALSE,"---","---",NA,"No Evaluada (NE)",FALSE
"Anta","Passiflora pinnatistipula","Flora","Passiflora pinnatistipula Cav.","Magnoliopsida","Malpighiales","Passifloraceae","Passiflora",3,"GBIF / iNaturalist","iNaturalist / Otros conjuntos mediados por GBIF",1973,2021,2,FALSE,"---","---",NA,"No Evaluada (NE)",FALSE
"Anta","Patagioenas fasciata","Fauna","Patagioenas fasciata (Say, 1822)","Aves","Columbiformes","Columbidae","Patagioenas",3,"GBIF","eBird",2013,2021,5,FALSE,"Patagioenas fasciata","Least Concern","22725264","Preocupación Menor (LC)",FALSE
"Anta","Phacellodomus striaticeps","Fauna","Phacellodomus striaticeps (Orbigny & Lafresnaye, 1838)","Aves","Passeriformes","Furnariidae","Phacellodomus",3,"GBIF","eBird",1984,2016,6,FALSE,"Phacellodomus striaticeps","Least Concern","22702613","Preocupación Menor (LC)",FALSE
"Anta","Poa horridula","Flora","Poa horridula Pilg.","Liliopsida","Poales","Poaceae","Poa",3,"GBIF","Otros conjuntos mediados por GBIF",2002,2002,3,FALSE,"---","---",NA,"No Evaluada (NE)",FALSE
"Anta","Spinus atratus","Fauna","Spinus atratus (d'Orbigny & Lafresnaye, 1837)","Aves","Passeriformes","Fringillidae","Spinus",3,"GBIF","eBird",2018,2024,4,FALSE,"Spinus atratus","Least Concern","22720401","Preocupación Menor (LC)",FALSE
"Anta","Spinus crassirostris","Fauna","Spinus crassirostris (Landbeck, 1877)","Aves","Passeriformes","Fringillidae","Spinus",3,"GBIF","eBird",2016,2024,5,FALSE,"Spinus crassirostris","Least Concern","22720380","Preocupación Menor (LC)",FALSE
"Anta","Sporophila nigricollis","Fauna","Sporophila nigricollis (Vieillot, 1823)","Aves","Passeriformes","Thraupidae","Sporophila",3,"GBIF","eBird",2023,2024,3,FALSE,"Sporophila nigricollis","Least Concern","105963139","Preocupación Menor (LC)",FALSE
"Anta","Tachybaptus dominicus","Fauna","Tachybaptus dominicus (Linnaeus, 1766)","Aves","Podicipediformes","Podicipedidae","Tachybaptus",3,"GBIF","eBird",2024,2024,1,TRUE,"Tachybaptus dominicus","Least Concern","22696571","Preocupación Menor (LC)",FALSE
"Anta","Tyto furcata","Fauna","Tyto furcata (Temminck, 1827)","Aves","Strigiformes","Tytonidae","Tyto",3,"GBIF","eBird",2019,2019,3,FALSE,"---","---",NA,"No Evaluada (NE)",FALSE
"Anta","Ullucus tuberosus","Flora","Ullucus tuberosus subsp. tuberosus","Magnoliopsida","Caryophyllales","Basellaceae","Ullucus",3,"GBIF","Otros conjuntos mediados por GBIF",1973,1973,3,FALSE,"---","---",NA,"No Evaluada (NE)",FALSE
"Anta","Agave americana","Flora","Agave cordillerensis","Liliopsida","Asparagales","Asparagaceae","Agave",2,"iNaturalist","iNaturalist",2022,2025,2,FALSE,"Agave americana","Least Concern","13507070","Preocupación Menor (LC)",FALSE
"Anta","Agriornis montanus","Fauna","Agriornis montanus (Orbigny & Lafresnaye, 1837)","Aves","Passeriformes","Tyrannidae","Agriornis",2,"GBIF","eBird",1984,2021,6,FALSE,"Agriornis montanus","Least Concern","22700072","Preocupación Menor (LC)",FALSE
"Anta","Bartramia laevisphaera","Flora","Anacolia laevisphaera (Taylor) Flowers","Bryopsida","Bartramiales","Bartramiaceae","Bartramia",2,"GBIF","Otros conjuntos mediados por GBIF",1973,1973,1,TRUE,"---","---",NA,"No Evaluada (NE)",FALSE
"Anta","Bartramia longicauda","Fauna","Bartramia longicauda (Bechstein, 1812)","Aves","Charadriiformes","Scolopacidae","Bartramia",2,"GBIF","eBird",2022,2022,1,TRUE,"Bartramia longicauda","Least Concern","22693203","Preocupación Menor (LC)",FALSE
"Anta","Bartramia mathewsii","Flora","Bartramia mathewsii Mitt.","Bryopsida","Bartramiales","Bartramiaceae","Bartramia",2,"GBIF","Otros conjuntos mediados por GBIF",1973,1973,2,FALSE,"---","---",NA,"No Evaluada (NE)",FALSE
"Anta","Bartramia potosica","Flora","Bartramia potosica subsp. potosica","Bryopsida","Bartramiales","Bartramiaceae","Bartramia",2,"GBIF","Otros conjuntos mediados por GBIF",1973,1973,1,TRUE,"---","---",NA,"No Evaluada (NE)",FALSE
"Anta","Cacoscelis marginata","Fauna","Cacoscelis marginata binotata Illiger, 1807","Insecta","Coleoptera","Chrysomelidae","Cacoscelis",2,"GBIF","Otros conjuntos mediados por GBIF",1900,1900,1,TRUE,"---","---",NA,"No Evaluada (NE)",FALSE
"Anta","Calidris pusilla","Fauna","Calidris pusilla (Linnaeus, 1766)","Aves","Charadriiformes","Scolopacidae","Calidris",2,"GBIF","eBird",2023,2023,1,TRUE,"Calidris pusilla","Near Threatened","22693373","Casi Amenazada (NT)",FALSE
"Anta","Catharus ustulatus","Fauna","Catharus ustulatus (Nuttall, 1840)","Aves","Passeriformes","Turdidae","Catharus",2,"GBIF","eBird",2022,2022,3,FALSE,"Catharus ustulatus","Least Concern","103881682","Preocupación Menor (LC)",FALSE
"Anta","Chenopodium quinoa","Flora","Chenopodium quinoa Willd.","Magnoliopsida","Caryophyllales","Amaranthaceae","Chenopodium",2,"GBIF","Otros conjuntos mediados por GBIF",1973,1973,1,TRUE,"---","---",NA,"No Evaluada (NE)",FALSE
"Anta","Coccyzus americanus","Fauna","Coccyzus americanus (Linnaeus, 1758)","Aves","Cuculiformes","Cuculidae","Coccyzus",2,"GBIF","eBird",2022,2022,3,FALSE,"Coccyzus americanus","Least Concern","22684331","Preocupación Menor (LC)",FALSE
"Anta","Conium maculatum","Flora","Conium maculatum","Magnoliopsida","Apiales","Apiaceae","Conium",2,"iNaturalist","iNaturalist",2025,2025,3,FALSE,"---","---",NA,"No Evaluada (NE)",FALSE
"Anta","Eriocnemis luciani","Fauna","Eriocnemis luciani (Bourcier, 1847)","Aves","Apodiformes","Trochilidae","Eriocnemis",2,"GBIF","eBird",2024,2024,2,FALSE,"Eriocnemis luciani","Least Concern","61162182","Preocupación Menor (LC)",FALSE
"Anta","Erythrophyllopsis andina","Flora","Erythrophyllopsis andina (Sull.) R.H.Zander","Bryopsida","Pottiales","Pottiaceae","Erythrophyllopsis",2,"GBIF","Otros conjuntos mediados por GBIF",1973,1973,2,FALSE,"---","---",NA,"No Evaluada (NE)",FALSE
"Anta","Genista monspessulana","Flora","Genista monspessulana","Magnoliopsida","Fabales","Fabaceae","Genista",2,"iNaturalist","iNaturalist",2025,2025,3,FALSE,"---","---",NA,"No Evaluada (NE)",FALSE
"Anta","Geositta tenuirostris","Fauna","Geositta tenuirostris (Lafresnaye, 1836)","Aves","Passeriformes","Furnariidae","Geositta",2,"GBIF","eBird",2014,2019,5,FALSE,"Geositta tenuirostris","Least Concern","22702009","Preocupación Menor (LC)",FALSE
"Anta","Geranium sessiliflorum","Flora","Geranium sessiliflorum Cav.","Magnoliopsida","Geraniales","Geraniaceae","Geranium",2,"GBIF","Otros conjuntos mediados por GBIF",1972,1973,4,FALSE,"---","---",NA,"No Evaluada (NE)",FALSE
"Anta","Hirundinea ferruginea","Fauna","Hirundinea ferruginea (Gmelin, 1788)","Aves","Passeriformes","Tyrannidae","Hirundinea",2,"GBIF","eBird",2020,2020,3,FALSE,"Hirundinea ferruginea","Least Concern","22699738","Preocupación Menor (LC)",FALSE
"Anta","Knipolegus aterrimus","Fauna","Knipolegus aterrimus Kaup, 1853","Aves","Passeriformes","Tyrannidae","Knipolegus",2,"GBIF","eBird",2022,2024,5,FALSE,"Knipolegus aterrimus","Least Concern","103683052","Preocupación Menor (LC)",FALSE
"Anta","Leptodontium pungens","Flora","Leptodontium pungens (Mitt.) Kindb.","Bryopsida","Pottiales","Pottiaceae","Leptodontium",2,"GBIF","Otros conjuntos mediados por GBIF",1973,1973,2,FALSE,"---","---",NA,"No Evaluada (NE)",FALSE
"Anta","Leptotila verreauxi","Fauna","Leptotila verreauxi Bonaparte, 1855","Aves","Columbiformes","Columbidae","Leptotila",2,"GBIF","eBird",2019,2024,5,FALSE,"Leptotila verreauxi","Least Concern","22690854","Preocupación Menor (LC)",FALSE
"Anta","Merganetta armata","Fauna","Merganetta armata Gould, 1842","Aves","Anseriformes","Anatidae","Merganetta",2,"GBIF","eBird",2013,2019,6,FALSE,"Merganetta armata","Least Concern","22680118","Preocupación Menor (LC)",FALSE
"Anta","Mycteria americana","Fauna","Mycteria americana Linnaeus, 1758","Aves","Ciconiiformes","Ciconiidae","Mycteria",2,"GBIF","eBird",2017,2020,2,FALSE,"Mycteria americana","Least Concern","22697648","Preocupación Menor (LC)",FALSE
"Anta","Nasturtium officinale","Flora","Nasturtium officinale","Magnoliopsida","Brassicales","Brassicaceae","Nasturtium",2,"iNaturalist","iNaturalist",2025,2025,2,FALSE,"Nasturtium officinale","Least Concern","164311","Preocupación Menor (LC)",FALSE
"Anta","Nothoscordum andicola","Flora","Nothoscordum andicola Kunth","Liliopsida","Asparagales","Amaryllidaceae","Nothoscordum",2,"GBIF","Otros conjuntos mediados por GBIF",1972,1973,2,FALSE,"---","---",NA,"No Evaluada (NE)",FALSE
"Anta","Oziroe acaulis","Flora","Oziroe sessilis (R.E.Fr.) Ravenna","Liliopsida","Asparagales","Asparagaceae","Oziroe",2,"GBIF","Otros conjuntos mediados por GBIF",1972,1973,1,TRUE,"---","---",NA,"No Evaluada (NE)",FALSE
"Anta","Podilymbus podiceps","Fauna","Podilymbus podiceps (Linnaeus, 1758)","Aves","Podicipediformes","Podicipedidae","Podilymbus",2,"GBIF","eBird",2018,2018,1,TRUE,"Podilymbus podiceps","Least Concern","22696574","Preocupación Menor (LC)",FALSE
"Anta","Porphyrio martinica","Fauna","Porphyrio martinica (Linnaeus, 1766)","Aves","Gruiformes","Rallidae","Porphyrio",2,"GBIF","eBird",2022,2022,2,FALSE,"---","---",NA,"No Evaluada (NE)",FALSE
"Anta","Recurvirostra andina","Fauna","Recurvirostra andina Philippi & Landbeck, 1861","Aves","Charadriiformes","Recurvirostridae","Recurvirostra",2,"GBIF","eBird",2023,2023,1,TRUE,"Recurvirostra andina","Least Concern","22693724","Preocupación Menor (LC)",FALSE
"Anta","Sisyrinchium chilense","Flora","Sisyrinchium chilense Hook.","Liliopsida","Asparagales","Iridaceae","Sisyrinchium",2,"GBIF","Otros conjuntos mediados por GBIF",2011,2011,1,TRUE,"---","---",NA,"No Evaluada (NE)",FALSE
"Anta","Spartium junceum","Flora","Spartium junceum","Magnoliopsida","Fabales","Fabaceae","Spartium",2,"iNaturalist","iNaturalist",2022,2022,3,FALSE,"---","---",NA,"No Evaluada (NE)",FALSE
"Anta","Syntrichia fragilis","Flora","Syntrichia fragilis (Taylor) Ochyra","Bryopsida","Pottiales","Pottiaceae","Syntrichia",2,"GBIF","Otros conjuntos mediados por GBIF",1973,1973,2,FALSE,"---","---",NA,"No Evaluada (NE)",FALSE
"Anta","Systellura longirostris","Fauna","Systellura longirostris (Bonaparte, 1825)","Aves","Caprimulgiformes","Caprimulgidae","Systellura",2,"GBIF","eBird",2022,2022,6,FALSE,"Systellura longirostris","Least Concern","22725678","Preocupación Menor (LC)",FALSE
"Anta","Taraxacum officinale","Flora","Taraxacum officinale","Magnoliopsida","Asterales","Asteraceae","Taraxacum",2,"iNaturalist","iNaturalist",2025,2025,3,FALSE,"---","---",NA,"No Evaluada (NE)",FALSE
"Anta","Tecoma stans","Flora","Tecoma stans","Magnoliopsida","Lamiales","Bignoniaceae","Tecoma",2,"iNaturalist","iNaturalist",2016,2024,3,FALSE,"Tecoma stans","Least Concern","82858855","Preocupación Menor (LC)",FALSE
"Anta","Thuidium peruvianum","Flora","Thuidium peruvianum Mitt.","Bryopsida","Hypnales","Thuidiaceae","Thuidium",2,"GBIF","Otros conjuntos mediados por GBIF",1973,1973,1,TRUE,"---","---",NA,"No Evaluada (NE)",FALSE
"Anta","Xenodacnis parina","Fauna","Xenodacnis parina parina Cabanis, 1873","Aves","Passeriformes","Thraupidae","Xenodacnis",2,"GBIF","Otros conjuntos mediados por GBIF",1899,1899,8,FALSE,"Xenodacnis parina","Least Concern","103839796","Preocupación Menor (LC)",FALSE
"Anta","Agelasticus xanthophthalmus","Fauna","Agelasticus xanthophthalmus (Short, 1969)","Aves","Passeriformes","Icteridae","Agelasticus",1,"GBIF","eBird",2024,2024,1,TRUE,"Agelasticus xanthophthalmus","Least Concern","22724172","Preocupación Menor (LC)",FALSE
"Anta","Agriornis micropterus","Fauna","Agriornis micropterus Gould, 1839","Aves","Passeriformes","Tyrannidae","Agriornis",1,"GBIF","eBird",1987,1987,1,TRUE,"Agriornis micropterus","Least Concern","22700104","Preocupación Menor (LC)",FALSE
"Anta","Aldama helianthoides","Flora","Viguiera procumbens (Pers.) S.F.Blake","Magnoliopsida","Asterales","Asteraceae","Aldama",1,"GBIF","Otros conjuntos mediados por GBIF",1981,1981,2,FALSE,"---","---",NA,"No Evaluada (NE)",FALSE
"Anta","Alleniella andina","Flora","Neckera andina Mitt.","Bryopsida","Hypnales","Neckeraceae","Alleniella",1,"GBIF","Otros conjuntos mediados por GBIF",1977,1977,3,FALSE,"---","---",NA,"No Evaluada (NE)",FALSE
"Anta","Amaurolimnas concolor","Fauna","Amaurolimnas concolor (Gosse, 1847)","Aves","Gruiformes","Rallidae","Amaurolimnas",1,"GBIF","eBird",2020,2020,1,TRUE,"Amaurolimnas concolor","Least Concern","22692601","Preocupación Menor (LC)",FALSE
"Anta","Ambrosia arborescens","Flora","Ambrosia arborescens Mill.","Magnoliopsida","Asterales","Asteraceae","Ambrosia",1,"GBIF","Otros conjuntos mediados por GBIF",1981,1981,1,TRUE,"---","---",NA,"No Evaluada (NE)",FALSE
"Anta","Ampelion rubrocristatus","Fauna","Ampelion rubrocristatus (Orbigny & Lafresnaye, 1837)","Aves","Passeriformes","Cotingidae","Ampelion",1,"GBIF","eBird",2019,2019,8,FALSE,"Ampelion rubrocristatus","Least Concern","22700753","Preocupación Menor (LC)",FALSE
"Anta","Anairetes parulus","Fauna","Anairetes parulus (Kittlitz, 1830)","Aves","Passeriformes","Tyrannidae","Anairetes",1,"GBIF","eBird",2019,2019,7,FALSE,"Anairetes parulus","Least Concern","22699406","Preocupación Menor (LC)",FALSE
"Anta","Anisognathus igniventris","Fauna","Anisognathus igniventris (d'Orbigny & Lafresnaye, 1837)","Aves","Passeriformes","Thraupidae","Anisognathus",1,"GBIF","eBird",2019,2019,4,FALSE,"Anisognathus igniventris","Least Concern","103845767","Preocupación Menor (LC)",FALSE
"Anta","Anomobryum julaceum","Flora","Anomobryum julaceum (Schrad. ex G.Gaertn., B.Mey. & Scherb.) Schimp.","Bryopsida","Bryales","Bryaceae","Anomobryum",1,"GBIF","Otros conjuntos mediados por GBIF",1973,1973,1,TRUE,"---","---",NA,"No Evaluada (NE)",FALSE
"Anta","Anthus bogotensis","Fauna","Anthus bogotensis P.L.Sclater, 1855","Aves","Passeriformes","Motacillidae","Anthus",1,"GBIF","eBird",2007,2007,2,FALSE,"Anthus bogotensis","Least Concern","22718600","Preocupación Menor (LC)",FALSE
"Anta","Apis mellifera","Fauna","Apis mellifera","Insecta","Hymenoptera","Apidae","Apis",1,"iNaturalist","iNaturalist",2020,2020,4,FALSE,"---","---",NA,"No Evaluada (NE)",FALSE
"Anta","Arenaria soratensis","Flora","Arenaria soratensis Rohrb.","Magnoliopsida","Caryophyllales","Caryophyllaceae","Arenaria",1,"GBIF","Otros conjuntos mediados por GBIF",1981,1981,3,FALSE,"---","---",NA,"No Evaluada (NE)",FALSE
"Anta","Argemone mexicana","Flora","Argemone mexicana L.","Magnoliopsida","Ranunculales","Papaveraceae","Argemone",1,"GBIF","Otros conjuntos mediados por GBIF",2020,2020,1,TRUE,"---","---",NA,"No Evaluada (NE)",FALSE
"Anta","Argiope trifasciata","Fauna","Argiope trifasciata","Arachnida","Araneae","Araneidae","Argiope",1,"iNaturalist","iNaturalist",2016,2016,1,TRUE,"---","---",NA,"No Evaluada (NE)",FALSE
"Anta","Asthenes dorbignyi","Fauna","Asthenes dorbignyi (Reichenbach, 1853)","Aves","Passeriformes","Furnariidae","Asthenes",1,"GBIF","eBird",2024,2024,3,FALSE,"Asthenes dorbignyi","Least Concern","103673120","Preocupación Menor (LC)",FALSE
"Anta","Avena sativa","Flora","Avena sativa L.","Liliopsida","Poales","Poaceae","Avena",1,"GBIF","Otros conjuntos mediados por GBIF",1973,1973,1,TRUE,"---","---",NA,"No Evaluada (NE)",FALSE
"Anta","Azolla filiculoides","Flora","Azolla filiculoides","Polypodiopsida","Salviniales","Salviniaceae","Azolla",1,"iNaturalist","iNaturalist",2024,2024,1,TRUE,"---","---",NA,"No Evaluada (NE)",FALSE
"Anta","Baccharis buxifolia","Flora","Baccharis buxifolia (Lam.) Pers.","Magnoliopsida","Asterales","Asteraceae","Baccharis",1,"GBIF","Otros conjuntos mediados por GBIF",1981,1981,1,TRUE,"---","---",NA,"No Evaluada (NE)",FALSE
"Anta","Berberis rariflora","Flora","Berberis rariflora Lechl.","Magnoliopsida","Ranunculales","Berberidaceae","Berberis",1,"GBIF","Otros conjuntos mediados por GBIF",1972,1972,1,TRUE,"Berberis rariflora","Least Concern","131364414","Preocupación Menor (LC)",FALSE
"Anta","Bidens andicola","Flora","Bidens andicola Kunth","Magnoliopsida","Asterales","Asteraceae","Bidens",1,"GBIF","Otros conjuntos mediados por GBIF",1981,1981,3,FALSE,"---","---",NA,"No Evaluada (NE)",FALSE
"Anta","Botryococcus braunii","Flora","Botryococcus braunii Kütz., 1849","Trebouxiophyceae","Trebouxiales","Botryococcaceae","Botryococcus",1,"GBIF","Otros conjuntos mediados por GBIF",1977,1977,1,TRUE,"---","---",NA,"No Evaluada (NE)",FALSE
"Anta","Brassica rapa","Flora","Brassica rapa L.","Magnoliopsida","Brassicales","Brassicaceae","Brassica",1,"GBIF","Otros conjuntos mediados por GBIF",1981,1981,2,FALSE,"---","---",NA,"No Evaluada (NE)",FALSE
"Anta","Breutelia brittoniae","Flora","Breutelia brittoniae Renauld & Cardot","Bryopsida","Bartramiales","Bartramiaceae","Breutelia",1,"GBIF","Otros conjuntos mediados por GBIF",1973,1973,1,TRUE,"---","---",NA,"No Evaluada (NE)",FALSE
"Anta","Breutelia chrysea","Flora","Breutelia chrysea (Müll.Hal.) A.Jaeger","Bryopsida","Bartramiales","Bartramiaceae","Breutelia",1,"GBIF","Otros conjuntos mediados por GBIF",1973,1973,1,TRUE,"---","---",NA,"No Evaluada (NE)",FALSE
"Anta","Bryoerythrophyllum bolivianum","Flora","Bryoerythrophyllum bolivianum (Müll.Hal.) R.H.Zander","Bryopsida","Pottiales","Pottiaceae","Bryoerythrophyllum",1,"GBIF","Otros conjuntos mediados por GBIF",1973,1973,1,TRUE,"---","---",NA,"No Evaluada (NE)",FALSE
"Anta","Bryum soboliferum","Flora","Bryum soboliferum Taylor","Bryopsida","Bryales","Bryaceae","Bryum",1,"GBIF","Otros conjuntos mediados por GBIF",1973,1973,1,TRUE,"---","---",NA,"No Evaluada (NE)",FALSE
"Anta","Bubo magellanicus","Fauna","Bubo magellanicus (R.Lesson, 1828)","Aves","Strigiformes","Strigidae","Bubo",1,"GBIF","eBird",2022,2022,6,FALSE,"Bubo magellanicus","Least Concern","61752097","Preocupación Menor (LC)",FALSE
"Anta","Calceolaria myriophylla","Flora","Calceolaria myriophylla Kraenzl.","Magnoliopsida","Lamiales","Calceolariaceae","Calceolaria",1,"GBIF","Otros conjuntos mediados por GBIF",1981,1981,3,FALSE,"---","---",NA,"No Evaluada (NE)",FALSE
"Anta","Calceolaria sparsiflora","Flora","Calceolaria sparsiflora Kunze","Magnoliopsida","Lamiales","Calceolariaceae","Calceolaria",1,"GBIF","Otros conjuntos mediados por GBIF",1981,1981,2,FALSE,"---","---",NA,"No Evaluada (NE)",FALSE
"Anta","Calohypnum amabile","Flora","Hypnum amabile (Mitt.) Hampe","Bryopsida","Hypnales","Pylaisiaceae","Calohypnum",1,"GBIF","Otros conjuntos mediados por GBIF",1973,1973,2,FALSE,"---","---",NA,"No Evaluada (NE)",FALSE
"Anta","Canis lupus","Fauna","Canis familiaris","Mammalia","Carnivora","Canidae","Canis",1,"iNaturalist","iNaturalist",2025,2025,3,FALSE,"Canis lupus","Least Concern","3746","Preocupación Menor (LC)",FALSE
"Anta","Capsicum pubescens","Flora","Capsicum pubescens","Magnoliopsida","Solanales","Solanaceae","Capsicum",1,"iNaturalist","iNaturalist",2024,2024,1,TRUE,"---","---",NA,"No Evaluada (NE)",FALSE
"Anta","Catamenia homochroa","Fauna","Catamenia homochroa P.L.Sclater, 1859","Aves","Passeriformes","Thraupidae","Catamenia",1,"GBIF","eBird",2023,2023,3,FALSE,"Catamenia homochroa","Least Concern","22723577","Preocupación Menor (LC)",FALSE
"Anta","Chaetocercus mulsant","Fauna","Chaetocercus mulsant (Bourcier, 1843)","Aves","Apodiformes","Trochilidae","Chaetocercus",1,"GBIF","eBird",2021,2021,4,FALSE,"Chaetocercus mulsant","Least Concern","22688251","Preocupación Menor (LC)",FALSE
"Anta","Chamaecereus silvestrii","Flora","Lobivia silvestrii","Magnoliopsida","Caryophyllales","Cactaceae","Chamaecereus",1,"iNaturalist","iNaturalist",2025,2025,1,TRUE,"---","---",NA,"No Evaluada (NE)",FALSE
"Anta","Chlorornis riefferii","Fauna","Chlorornis riefferii (Boissonneau, 1840)","Aves","Passeriformes","Thraupidae","Chlorornis",1,"GBIF","eBird",2023,2023,1,TRUE,"Chlorornis riefferii","Least Concern","22722150","Preocupación Menor (LC)",FALSE
"Anta","Cinclodes atacamensis","Fauna","Cinclodes atacamensis (Philippi, 1857)","Aves","Passeriformes","Furnariidae","Cinclodes",1,"GBIF","eBird",1984,1984,8,FALSE,"Cinclodes atacamensis","Least Concern","22702114","Preocupación Menor (LC)",FALSE
"Anta","Columbina talpacoti","Fauna","Columbina talpacoti (Temminck, 1810)","Aves","Columbiformes","Columbidae","Columbina",1,"GBIF","eBird",2023,2023,1,TRUE,"Columbina talpacoti","Least Concern","22690784","Preocupación Menor (LC)",FALSE
"Anta","Conirostrum binghami","Fauna","Conirostrum binghami (Chapman, 1919)","Aves","Passeriformes","Thraupidae","Conirostrum",1,"GBIF","eBird",2017,2017,4,FALSE,"Conirostrum binghami","Near Threatened","22722114","Casi Amenazada (NT)",FALSE
"Anta","Cronquistianthus volkensii","Flora","Eupatorium volkensii Hieron.","Magnoliopsida","Asterales","Asteraceae","Cronquistianthus",1,"GBIF","Otros conjuntos mediados por GBIF",1981,1981,2,FALSE,"---","---",NA,"No Evaluada (NE)",FALSE
"Anta","Cryphaea brevipila","Flora","Cryphaea brevipila Mitt.","Bryopsida","Hypnales","Cryphaeaceae","Cryphaea",1,"GBIF","Otros conjuntos mediados por GBIF",1984,1984,1,TRUE,"---","---",NA,"No Evaluada (NE)",FALSE
"Anta","Crypturellus obsoletus","Fauna","Crypturellus obsoletus (Temminck, 1815)","Aves","Tinamiformes","Tinamidae","Crypturellus",1,"GBIF","eBird",2022,2022,2,FALSE,"Crypturellus obsoletus","Least Concern","22678176","Preocupación Menor (LC)",FALSE
"Anta","Cupressus lusitanica","Flora","Cupressus lusitanica Mill.","Pinopsida","Pinales","Cupressaceae","Cupressus",1,"GBIF","Otros conjuntos mediados por GBIF",1973,1973,1,TRUE,"Cupressus lusitanica","Least Concern","19754436","Preocupación Menor (LC)",FALSE
"Anta","Descurainia myriophylla","Flora","Descurainia myriophylla (Willd. ex DC.) R.E.Fr.","Magnoliopsida","Brassicales","Brassicaceae","Descurainia",1,"GBIF","Otros conjuntos mediados por GBIF",1973,1973,3,FALSE,"---","---",NA,"No Evaluada (NE)",FALSE
"Anta","Didymodon icmadophilus","Flora","Didymodon icmadophilus (Schimp. ex Müll.Hal.) K.Saito","Bryopsida","Pottiales","Pottiaceae","Didymodon",1,"GBIF","Otros conjuntos mediados por GBIF",1973,1973,1,TRUE,"---","---",NA,"No Evaluada (NE)",FALSE
"Anta","Didymodon laevigatus","Flora","Didymodon laevigatus (Mitt.) R.H.Zander","Bryopsida","Pottiales","Pottiaceae","Didymodon",1,"GBIF","Otros conjuntos mediados por GBIF",1973,1973,1,TRUE,"---","---",NA,"No Evaluada (NE)",FALSE
"Anta","Empidonomus aurantioatrocristatus","Fauna","Empidonomus aurantioatrocristatus (Orbigny & Lafresnaye, 1837)","Aves","Passeriformes","Tyrannidae","Empidonomus",1,"GBIF","eBird",2021,2021,3,FALSE,"---","---",NA,"No Evaluada (NE)",FALSE
"Anta","Entodon jamesonii","Flora","Entodon jamesonii (Taylor) Mitt.","Bryopsida","Hypnales","Entodontaceae","Entodon",1,"GBIF","Otros conjuntos mediados por GBIF",1973,1973,1,TRUE,"---","---",NA,"No Evaluada (NE)",FALSE
"Anta","Equisetum bogotense","Flora","Equisetum bogotense Kunth","Polypodiopsida","Equisetales","Equisetaceae","Equisetum",1,"GBIF","Otros conjuntos mediados por GBIF",1973,1973,3,FALSE,"---","---",NA,"No Evaluada (NE)",FALSE
"Anta","Equus asinus","Fauna","Equus asinus","Mammalia","Perissodactyla","Equidae","Equus",1,"iNaturalist","iNaturalist",2025,2025,1,TRUE,"---","---",NA,"No Evaluada (NE)",FALSE
"Anta","Eristalis tenax","Fauna","Eristalis tenax","Insecta","Diptera","Syrphidae","Eristalis",1,"iNaturalist","iNaturalist",2025,2025,2,FALSE,"---","---",NA,"No Evaluada (NE)",FALSE
"Anta","Escallonia resinosa","Flora","Escallonia resinosa","Magnoliopsida","Escalloniales","Escalloniaceae","Escallonia",1,"iNaturalist","iNaturalist",2025,2025,5,FALSE,"Escallonia resinosa","Near Threatened","42532740","Casi Amenazada (NT)",FALSE
"Anta","Festuca myuros","Flora","Vulpia myuros (L.) C.C.Gmel.","Liliopsida","Poales","Poaceae","Festuca",1,"GBIF","Otros conjuntos mediados por GBIF",1981,1981,1,TRUE,"---","---",NA,"No Evaluada (NE)",FALSE
"Anta","Flowersia campylopus","Flora","Flowersia campylopus (Schimp.) D.G.Griffin & W.R.Buck","Bryopsida","Bartramiales","Bartramiaceae","Flowersia",1,"GBIF","Otros conjuntos mediados por GBIF",1984,1984,1,TRUE,"---","---",NA,"No Evaluada (NE)",FALSE
"Anta","Frullania standaertii","Flora","Frullania standaertii Steph.","Jungermanniopsida","Porellales","Frullaniaceae","Frullania",1,"GBIF","Otros conjuntos mediados por GBIF",1973,1973,1,TRUE,"---","---",NA,"No Evaluada (NE)",FALSE
"Anta","Gallinago jamesoni","Fauna","Gallinago jamesoni (Jardine & Bonaparte, 1855)","Aves","Charadriiformes","Scolopacidae","Gallinago",1,"GBIF","eBird",2007,2007,1,TRUE,"Gallinago jamesoni","Least Concern","22693124","Preocupación Menor (LC)",FALSE
"Anta","Glaucidium bolivianum","Fauna","Glaucidium bolivianum C.König, 1991","Aves","Strigiformes","Strigidae","Glaucidium",1,"GBIF","eBird",2022,2022,3,FALSE,"Glaucidium bolivianum","Least Concern","22689229","Preocupación Menor (LC)",FALSE
"Anta","Grimmia longirostris","Flora","Grimmia longirostris Hook.","Bryopsida","Grimmiales","Grimmiaceae","Grimmia",1,"GBIF","Otros conjuntos mediados por GBIF",1973,1973,1,TRUE,"---","---",NA,"No Evaluada (NE)",FALSE
"Anta","Harpyhaliaetus solitarius","Fauna","Buteogallus solitarius (Tschudi, 1844)","Aves","Accipitriformes","Accipitridae","Harpyhaliaetus",1,"GBIF","eBird",2021,2021,2,FALSE,"---","---",NA,"No Evaluada (NE)",FALSE
"Anta","Heliodoxa rubinoides","Fauna","Heliodoxa rubinoides (Bourcier & Mulsant, 1846)","Aves","Apodiformes","Trochilidae","Heliodoxa",1,"GBIF","eBird",2009,2009,1,TRUE,"Heliodoxa rubinoides","Least Concern","22687737","Preocupación Menor (LC)",FALSE
"Anta","Hesperoxiphion peruvianum","Flora","Hesperoxiphion peruvianum (Baker) Baker","Liliopsida","Asparagales","Iridaceae","Hesperoxiphion",1,"GBIF","Otros conjuntos mediados por GBIF",1973,1973,3,FALSE,"---","---",NA,"No Evaluada (NE)",FALSE
"Anta","Hydrocotyle ranunculoides","Flora","Hydrocotyle ranunculoides","Magnoliopsida","Apiales","Araliaceae","Hydrocotyle",1,"iNaturalist","iNaturalist",2025,2025,1,TRUE,"Hydrocotyle ranunculoides","Least Concern","13581832","Preocupación Menor (LC)",FALSE
"Anta","Ictinia plumbea","Fauna","Ictinia plumbea (Gmelin, 1788)","Aves","Accipitriformes","Accipitridae","Ictinia",1,"GBIF","eBird",2024,2024,1,TRUE,"Ictinia plumbea","Least Concern","22695069","Preocupación Menor (LC)",FALSE
"Anta","Ipomoea dumetorum","Flora","Ipomoea dumetorum Willd. ex Roem. & Schult.","Magnoliopsida","Solanales","Convolvulaceae","Ipomoea",1,"GBIF","Otros conjuntos mediados por GBIF",1973,1973,2,FALSE,"---","---",NA,"No Evaluada (NE)",FALSE
"Anta","Kleinothraupis atropileus","Fauna","Kleinothraupis atropileus (Lafresnaye, 1842)","Aves","Passeriformes","Thraupidae","Kleinothraupis",1,"GBIF","eBird",2023,2023,2,FALSE,"Kleinothraupis atropileus","Least Concern","103823004","Preocupación Menor (LC)",FALSE
"Anta","Leptodontium capituligerum","Flora","Leptodontium capituligerum Müll.Hal.","Bryopsida","Pottiales","Pottiaceae","Leptodontium",1,"GBIF","Otros conjuntos mediados por GBIF",1973,1973,1,TRUE,"---","---",NA,"No Evaluada (NE)",FALSE
"Anta","Lepus europaeus","Fauna","Lepus europaeus","Mammalia","Lagomorpha","Leporidae","Lepus",1,"iNaturalist","iNaturalist",2025,2025,1,TRUE,"Lepus europaeus","Least Concern","41280","Preocupación Menor (LC)",FALSE
"Anta","Lethocolea glossophylla","Flora","Lethocolea glossophylla (Spruce) Grolle","Jungermanniopsida","Jungermanniales","Acrobolbaceae","Lethocolea",1,"GBIF","Otros conjuntos mediados por GBIF",1973,1973,1,TRUE,"---","---",NA,"No Evaluada (NE)",FALSE
"Anta","Leucanthemum superbum","Flora","Leucanthemum × superbum (Bergmans ex J.W.Ingram) D.H.Kent","Magnoliopsida","Asterales","Asteraceae","Leucanthemum",1,"GBIF","Otros conjuntos mediados por GBIF",1973,1973,1,TRUE,"---","---",NA,"No Evaluada (NE)",FALSE
"Anta","Leucophaeus atricilla","Fauna","Leucophaeus atricilla (Linnaeus, 1758)","Aves","Charadriiformes","Laridae","Leucophaeus",1,"GBIF","eBird",2011,2011,1,TRUE,"---","---",NA,"No Evaluada (NE)",FALSE
"Anta","Leucopternis albicollis","Fauna","Pseudastur albicollis (Latham, 1790)","Aves","Accipitriformes","Accipitridae","Leucopternis",1,"GBIF","eBird",2022,2022,3,FALSE,"---","---",NA,"No Evaluada (NE)",FALSE
"Anta","Lieinix nemesis","Fauna","Lieinix nemesis (Latreille, 1813)","Insecta","Lepidoptera","Pieridae","Lieinix",1,"GBIF","Otros conjuntos mediados por GBIF",1911,1911,2,FALSE,"---","---",NA,"No Evaluada (NE)",FALSE
"Anta","Lupinus exochus","Flora","Lupinus exochus C.P.Sm.","Magnoliopsida","Fabales","Fabaceae","Lupinus",1,"GBIF","Otros conjuntos mediados por GBIF",1981,1981,1,TRUE,"---","---",NA,"No Evaluada (NE)",FALSE
"Anta","Mecocerculus leucophrys","Fauna","Mecocerculus leucophrys (Orbigny & Lafresnaye, 1837)","Aves","Passeriformes","Tyrannidae","Mecocerculus",1,"GBIF","eBird",2019,2019,3,FALSE,"Mecocerculus leucophrys","Least Concern","22699313","Preocupación Menor (LC)",FALSE
"Anta","Medicago polymorpha","Flora","Medicago polymorpha L.","Magnoliopsida","Fabales","Fabaceae","Medicago",1,"GBIF","Otros conjuntos mediados por GBIF",1981,1981,2,FALSE,"---","---",NA,"No Evaluada (NE)",FALSE
"Anta","Melica scabra","Flora","Melica scabra Kunth","Liliopsida","Poales","Poaceae","Melica",1,"GBIF","Otros conjuntos mediados por GBIF",1981,1981,1,TRUE,"---","---",NA,"No Evaluada (NE)",FALSE
"Anta","Metriopelia aymara","Fauna","Metriopelia aymara (Prévost, 1840)","Aves","Columbiformes","Columbidae","Metriopelia",1,"GBIF","eBird",2024,2024,1,TRUE,"Metriopelia aymara","Least Concern","22690844","Preocupación Menor (LC)",FALSE
"Anta","Minthostachys acris","Flora","Minthostachys acris Schmidt-Leb.","Magnoliopsida","Lamiales","Lamiaceae","Minthostachys",1,"GBIF","Otros conjuntos mediados por GBIF",1981,1981,1,TRUE,"---","---",NA,"No Evaluada (NE)",FALSE
"Anta","Monnina amarella","Flora","Monnina amarella Chodat","Magnoliopsida","Fabales","Polygalaceae","Monnina",1,"GBIF","Otros conjuntos mediados por GBIF",1982,1982,1,TRUE,"---","---",NA,"No Evaluada (NE)",FALSE
"Anta","Monnina salicifolia","Flora","Monnina salicifolia Ruiz & Pav.","Magnoliopsida","Fabales","Polygalaceae","Monnina",1,"GBIF","Otros conjuntos mediados por GBIF",1981,1981,1,TRUE,"Monnina salicifolia","Least Concern","241879557","Preocupación Menor (LC)",FALSE
"Anta","Muscisaxicola albilora","Fauna","Muscisaxicola albilora Lafresnaye, 1855","Aves","Passeriformes","Tyrannidae","Muscisaxicola",1,"GBIF","eBird",1987,1987,2,FALSE,"Muscisaxicola albilora","Least Concern","22700173","Preocupación Menor (LC)",FALSE
"Anta","Muscisaxicola fluviatilis","Fauna","Syrtidicola fluviatilis (P.L.Sclater & Salvin, 1866)","Aves","Passeriformes","Tyrannidae","Muscisaxicola",1,"GBIF","eBird",2019,2019,3,FALSE,"Muscisaxicola fluviatilis","Least Concern","22700137","Preocupación Menor (LC)",FALSE
"Anta","Mutisia acuminata","Flora","Mutisia acuminata Ruiz & Pav.","Magnoliopsida","Asterales","Asteraceae","Mutisia",1,"GBIF","Otros conjuntos mediados por GBIF",1981,1981,1,TRUE,"---","---",NA,"No Evaluada (NE)",FALSE
"Anta","Myiornis ecaudatus","Fauna","Myiornis ecaudatus (Orbigny & Lafresnaye, 1837)","Aves","Passeriformes","Tyrannidae","Myiornis",1,"GBIF","eBird",2023,2023,1,TRUE,"Myiornis ecaudatus","Least Concern","22699549","Preocupación Menor (LC)",FALSE
"Anta","Nasa poissoniana","Flora","Nasa poissoniana (Urb. & Gilg) Weigend","Magnoliopsida","Cornales","Loasaceae","Nasa",1,"GBIF","Otros conjuntos mediados por GBIF",1981,1981,1,TRUE,"---","---",NA,"No Evaluada (NE)",FALSE
"Anta","Nassella pubiflora","Flora","Nassella pubiflora (Trin. & Rupr.) É.Desv.","Liliopsida","Poales","Poaceae","Nassella",1,"GBIF","Otros conjuntos mediados por GBIF",1981,1981,1,TRUE,"---","---",NA,"No Evaluada (NE)",FALSE
"Anta","Neobartsia camporum","Flora","Bartsia camporum Diels","Magnoliopsida","Lamiales","Orobanchaceae","Neobartsia",1,"GBIF","Otros conjuntos mediados por GBIF",1981,1981,3,FALSE,"---","---",NA,"No Evaluada (NE)",FALSE
"Anta","Nothoscordum bivalve","Flora","Nothoscordum bivalve (L.) Britton","Liliopsida","Asparagales","Amaryllidaceae","Nothoscordum",1,"GBIF","Otros conjuntos mediados por GBIF",1972,1972,1,TRUE,"---","---",NA,"No Evaluada (NE)",FALSE
"Anta","Nystalus chacuru","Fauna","Nystalus chacuru (Vieillot, 1816)","Aves","Piciformes","Bucconidae","Nystalus",1,"GBIF","eBird",2024,2024,4,FALSE,"Nystalus chacuru","Least Concern","22682264","Preocupación Menor (LC)",FALSE
"Anta","Ochthoeca fumicolor","Fauna","Ochthoeca fumicolor P.L.Sclater, 1856","Aves","Passeriformes","Tyrannidae","Ochthoeca",1,"GBIF","eBird",2017,2017,5,FALSE,"Ochthoeca fumicolor","Least Concern","103682812","Preocupación Menor (LC)",FALSE
"Anta","Ochthoeca oenanthoides","Fauna","Ochthoeca oenanthoides (Orbigny & Lafresnaye, 1837)","Aves","Passeriformes","Tyrannidae","Ochthoeca",1,"GBIF","eBird",2024,2024,6,FALSE,"Ochthoeca oenanthoides","Least Concern","22699938","Preocupación Menor (LC)",FALSE
"Anta","Oenothera rosea","Flora","Oenothera rosea","Magnoliopsida","Myrtales","Onagraceae","Oenothera",1,"iNaturalist","iNaturalist",2025,2025,3,FALSE,"---","---",NA,"No Evaluada (NE)",FALSE
"Anta","Ophryosporus heptanthus","Flora","Ophryosporus heptanthus (Sch.Bip. ex Wedd.) R.M.King & H.Rob.","Magnoliopsida","Asterales","Asteraceae","Ophryosporus",1,"GBIF","Otros conjuntos mediados por GBIF",1981,1981,1,TRUE,"---","---",NA,"No Evaluada (NE)",FALSE
"Anta","Opuntia ficus-indica","Flora","Opuntia ficus-indica","Magnoliopsida","Caryophyllales","Cactaceae","Opuntia",1,"iNaturalist","iNaturalist",2022,2022,3,FALSE,"Opuntia ficus-indica","Data Deficient","151706","Datos Insuficientes (DD)",FALSE
"Anta","Orestias empyraeus","Fauna","Orestias empyraeus Allen, 1942",NA,"Cyprinodontiformes","Cyprinodontidae","Orestias",1,"GBIF","Otros conjuntos mediados por GBIF",NA,NA,1,TRUE,"Orestias empyraeus","Near Threatened","49829862","Casi Amenazada (NT)",FALSE
"Anta","Passiflora rosea","Flora","Passiflora × rosea (H.Karst.) Killip","Magnoliopsida","Malpighiales","Passifloraceae","Passiflora",1,"GBIF","Otros conjuntos mediados por GBIF",1972,1972,1,TRUE,"---","---",NA,"No Evaluada (NE)",FALSE
"Anta","Patagioenas plumbea","Fauna","Patagioenas plumbea (Vieillot, 1818)","Aves","Columbiformes","Columbidae","Patagioenas",1,"GBIF","eBird",2021,2021,2,FALSE,"Patagioenas plumbea","Least Concern","22690321","Preocupación Menor (LC)",FALSE
"Anta","Penelope montagnii","Fauna","Penelope montagnii (Bonaparte, 1856)","Aves","Galliformes","Cracidae","Penelope",1,"GBIF","eBird",2007,2007,3,FALSE,"Penelope montagnii","Least Concern","22678364","Preocupación Menor (LC)",FALSE
"Anta","Philibertia parviflora","Flora","Philibertia parviflora (Malme) Goyder","Magnoliopsida","Gentianales","Apocynaceae","Philibertia",1,"GBIF","Otros conjuntos mediados por GBIF",1981,1981,1,TRUE,"---","---",NA,"No Evaluada (NE)",FALSE
"Anta","Philibertia solanoides","Flora","Philibertia obtusiuscula Malme","Magnoliopsida","Gentianales","Apocynaceae","Philibertia",1,"GBIF","Otros conjuntos mediados por GBIF",1973,1973,2,FALSE,"---","---",NA,"No Evaluada (NE)",FALSE
"Anta","Pohlia chilensis","Flora","Pohlia chilensis (Mont.) A.J.Shaw","Bryopsida","Bryales","Mniaceae","Pohlia",1,"GBIF","Otros conjuntos mediados por GBIF",1973,1973,1,TRUE,"---","---",NA,"No Evaluada (NE)",FALSE
"Anta","Polioxolmis rufipennis","Fauna","Cnemarchus rufipennis (Taczanowski, 1874)","Aves","Passeriformes","Tyrannidae","Polioxolmis",1,"GBIF","eBird",2021,2021,6,FALSE,"Polioxolmis rufipennis","Least Concern","22700123","Preocupación Menor (LC)",FALSE
"Anta","Polylepis incana","Flora","Polylepis incana","Magnoliopsida","Rosales","Rosaceae","Polylepis",1,"iNaturalist","iNaturalist",2025,2025,2,FALSE,"Polylepis incana","Least Concern","32990","Preocupación Menor (LC)",FALSE
"Anta","Polytrichum juniperinum","Flora","Polytrichum juniperinum Hedw.","Polytrichopsida","Polytrichales","Polytrichaceae","Polytrichum",1,"GBIF","Otros conjuntos mediados por GBIF",1973,1973,1,TRUE,"---","---",NA,"No Evaluada (NE)",FALSE
"Anta","Porzana carolina","Fauna","Porzana carolina (Linnaeus, 1758)","Aves","Gruiformes","Rallidae","Porzana",1,"GBIF","eBird",2014,2014,1,TRUE,"Porzana carolina","Least Concern","22692684","Preocupación Menor (LC)",FALSE
"Anta","Pseudocrossidium replicatum","Flora","Pseudocrossidium replicatum (Taylor) R.H.Zander","Bryopsida","Pottiales","Pottiaceae","Pseudocrossidium",1,"GBIF","Otros conjuntos mediados por GBIF",1973,1973,2,FALSE,"---","---",NA,"No Evaluada (NE)",FALSE
"Anta","Rhinella spinulosa","Fauna","Rhinella spinulosa","Amphibia","Anura","Bufonidae","Rhinella",1,"iNaturalist","iNaturalist",2025,2025,2,FALSE,"Rhinella spinulosa","Least Concern","88992858","Preocupación Menor (LC)",FALSE
"Anta","Rosulabryum andicola","Flora","Bryum andicola Hook.","Bryopsida","Bryales","Bryaceae","Rosulabryum",1,"GBIF","Otros conjuntos mediados por GBIF",1973,1973,1,TRUE,"---","---",NA,"No Evaluada (NE)",FALSE
"Anta","Rumex cuneifolius","Flora","Rumex cuneifolius Campd.","Magnoliopsida","Caryophyllales","Polygonaceae","Rumex",1,"GBIF","Otros conjuntos mediados por GBIF",1981,1981,1,TRUE,"---","---",NA,"No Evaluada (NE)",FALSE
"Anta","Sambucus peruviana","Flora","Sambucus peruviana Kunth","Magnoliopsida","Dipsacales","Viburnaceae","Sambucus",1,"GBIF","Otros conjuntos mediados por GBIF",1972,1972,4,FALSE,"Sambucus peruviana","Least Concern","151212245","Preocupación Menor (LC)",FALSE
"Anta","Sangala alcera","Fauna","Sangala alcera (Boisduval, 1870)","Insecta","Lepidoptera","Geometridae","Sangala",1,"GBIF","Otros conjuntos mediados por GBIF",NA,NA,1,TRUE,"---","---",NA,"No Evaluada (NE)",FALSE
"Anta","Schistidium apocarpum","Flora","Schistidium apocarpum (Hedw.) Bruch & Schimp.","Bryopsida","Grimmiales","Grimmiaceae","Schistidium",1,"GBIF","Otros conjuntos mediados por GBIF",1973,1973,1,TRUE,"---","---",NA,"No Evaluada (NE)",FALSE
"Anta","Schizoeaca helleri","Fauna","Asthenes helleri (Chapman, 1923)","Aves","Passeriformes","Furnariidae","Schizoeaca",1,"GBIF","eBird",1987,1987,2,FALSE,"---","---",NA,"No Evaluada (NE)",FALSE
"Anta","Schoenoplectus californicus","Flora","Schoenoplectus tatora (Kunth) Palla","Liliopsida","Poales","Cyperaceae","Schoenoplectus",1,"GBIF","Otros conjuntos mediados por GBIF",1973,1973,1,TRUE,"---","---",NA,"No Evaluada (NE)",FALSE
"Anta","Sclerurus obscurior","Fauna","Sclerurus obscurior Hartert & Ejo, 1901","Aves","Passeriformes","Furnariidae","Sclerurus",1,"GBIF","eBird",2024,2024,1,TRUE,"---","---",NA,"No Evaluada (NE)",FALSE
"Anta","Senecio vulgaris","Flora","Senecio vulgaris L.","Magnoliopsida","Asterales","Asteraceae","Senecio",1,"GBIF","Otros conjuntos mediados por GBIF",1981,1981,1,TRUE,"---","---",NA,"No Evaluada (NE)",FALSE
"Anta","Senna versicolor","Flora","Senna versicolor (Meyen ex Vogel) H.S.Irwin & Barneby","Magnoliopsida","Fabales","Fabaceae","Senna",1,"GBIF","Otros conjuntos mediados por GBIF",1981,1981,1,TRUE,"Senna versicolor","Least Concern","42532764","Preocupación Menor (LC)",FALSE
"Anta","Solanum nitidum","Flora","Solanum nitidum Ruiz & Pav.","Magnoliopsida","Solanales","Solanaceae","Solanum",1,"GBIF","Otros conjuntos mediados por GBIF",1981,1981,4,FALSE,"Solanum nitidum","Least Concern","146118081","Preocupación Menor (LC)",FALSE
"Anta","Solanum pentlandii","Flora","Solanum pentlandii","Magnoliopsida","Solanales","Solanaceae","Solanum",1,"iNaturalist","iNaturalist",2025,2025,1,TRUE,"---","---",NA,"No Evaluada (NE)",FALSE
"Anta","Sonchus oleraceus","Flora","Sonchus oleraceus L.","Magnoliopsida","Asterales","Asteraceae","Sonchus",1,"GBIF","Otros conjuntos mediados por GBIF",1981,1981,1,TRUE,"---","---",NA,"No Evaluada (NE)",FALSE
"Anta","Stephaniellidium sleumeri","Flora","Stephaniellidium sleumeri (Müll.Frib.) S.Winkl. ex Grolle","Jungermanniopsida","Jungermanniales","Stephaniellaceae","Stephaniellidium",1,"GBIF","Otros conjuntos mediados por GBIF",1973,1973,1,TRUE,"---","---",NA,"No Evaluada (NE)",FALSE
"Anta","Streptopogon erythrodontus","Flora","Streptopogon erythrodontus (Taylor) Wilson ex Mitt.","Bryopsida","Pottiales","Pottiaceae","Streptopogon",1,"GBIF","Otros conjuntos mediados por GBIF",1973,1973,2,FALSE,"---","---",NA,"No Evaluada (NE)",FALSE
"Anta","Streptosolen jamesonii","Flora","Streptosolen jamesonii","Magnoliopsida","Solanales","Solanaceae","Streptosolen",1,"iNaturalist","iNaturalist",2024,2024,3,FALSE,"---","---",NA,"No Evaluada (NE)",FALSE
"Anta","Syntrichia andicola","Flora","Syntrichia andicola (Mont.) Ochyra","Bryopsida","Pottiales","Pottiaceae","Syntrichia",1,"GBIF","Otros conjuntos mediados por GBIF",1973,1973,1,TRUE,"---","---",NA,"No Evaluada (NE)",FALSE
"Anta","Tagetes multiflora","Flora","Tagetes multiflora Kunth","Magnoliopsida","Asterales","Asteraceae","Tagetes",1,"GBIF","Otros conjuntos mediados por GBIF",1981,1981,3,FALSE,"---","---",NA,"No Evaluada (NE)",FALSE
"Anta","Targionia hypophylla","Flora","Targionia hypophylla L.","Marchantiopsida","Marchantiales","Targioniaceae","Targionia",1,"GBIF","Otros conjuntos mediados por GBIF",1973,1973,1,TRUE,"---","---",NA,"No Evaluada (NE)",FALSE
"Anta","Telmatobius jelskii","Fauna","Telmatobius jelskii (Peters, 1873)","Amphibia","Anura","Telmatobiidae","Telmatobius",1,"GBIF","Otros conjuntos mediados por GBIF",1918,1918,1,TRUE,"Telmatobius jelskii","Near Threatened","57346","Casi Amenazada (NT)",FALSE
"Anta","Thinocorus orbignyianus","Fauna","Thinocorus orbignyianus I.Geoffroy Saint-Hilaire & R.Lesson, 1831","Aves","Charadriiformes","Thinocoridae","Thinocorus",1,"GBIF","eBird",2007,2007,2,FALSE,"Thinocorus orbignyianus","Least Concern","22693042","Preocupación Menor (LC)",FALSE
"Anta","Thlypopsis ruficeps","Fauna","Thlypopsis ruficeps (d'Orbigny & Lafresnaye, 1837)","Aves","Passeriformes","Thraupidae","Thlypopsis",1,"GBIF","eBird",2019,2019,5,FALSE,"Thlypopsis ruficeps","Least Concern","22722269","Preocupación Menor (LC)",FALSE
"Anta","Thraupis episcopus","Fauna","Thraupis episcopus (Linnaeus, 1766)","Aves","Passeriformes","Thraupidae","Thraupis",1,"GBIF","eBird",2020,2020,2,FALSE,"---","---",NA,"No Evaluada (NE)",FALSE
"Anta","Trichocereus cuzcoensis","Flora","Trichocereus cuzcoensis","Magnoliopsida","Caryophyllales","Cactaceae","Trichocereus",1,"iNaturalist","iNaturalist",2023,2023,2,FALSE,"---","---",NA,"No Evaluada (NE)",FALSE
"Anta","Trichostomum brachydontium","Flora","Trichostomum brachydontium Bruch","Bryopsida","Pottiales","Pottiaceae","Trichostomum",1,"GBIF","Otros conjuntos mediados por GBIF",1973,1973,1,TRUE,"---","---",NA,"No Evaluada (NE)",FALSE
"Anta","Tropaeolum peregrinum","Flora","Tropaeolum peregrinum","Magnoliopsida","Brassicales","Tropaeolaceae","Tropaeolum",1,"iNaturalist","iNaturalist",2020,2020,3,FALSE,"---","---",NA,"No Evaluada (NE)",FALSE
"Anta","Tyrannus melancholicus","Fauna","Tyrannus melancholicus Vieillot, 1819","Aves","Passeriformes","Tyrannidae","Tyrannus",1,"GBIF","eBird",2018,2018,4,FALSE,"Tyrannus melancholicus","Least Concern","22700485","Preocupación Menor (LC)",FALSE
"Anta","Vanessa braziliensis","Fauna","Vanessa braziliensis","Insecta","Lepidoptera","Nymphalidae","Vanessa",1,"iNaturalist","iNaturalist",2025,2025,2,FALSE,"---","---",NA,"No Evaluada (NE)",FALSE
"Anta","Veronica polita","Flora","Veronica polita Fr.","Magnoliopsida","Lamiales","Plantaginaceae","Veronica",1,"GBIF","Otros conjuntos mediados por GBIF",1981,1981,1,TRUE,"---","---",NA,"No Evaluada (NE)",FALSE
"Anta","Villanova oppositifolia","Flora","Vasquezia oppositifolia (Lag.) S.F.Blake","Magnoliopsida","Asterales","Asteraceae","Villanova",1,"GBIF","Otros conjuntos mediados por GBIF",1981,1981,1,TRUE,"---","---",NA,"No Evaluada (NE)",FALSE
"Anta","Volatinia jacarina","Fauna","Volatinia jacarina (Linnaeus, 1766)","Aves","Passeriformes","Thraupidae","Volatinia",1,"GBIF","eBird",2016,2016,3,FALSE,"Volatinia jacarina","Least Concern","22723396","Preocupación Menor (LC)",FALSE
"Cachimayo","Patagioenas maculosa","Fauna","Patagioenas maculosa (Temminck, 1813)","Aves","Columbiformes","Columbidae","Patagioenas",34,"GBIF","eBird",2009,2024,9,FALSE,"Patagioenas maculosa","Least Concern","22728285","Preocupación Menor (LC)",FALSE
"Cachimayo","Zonotrichia capensis","Fauna","Zonotrichia capensis (P.L.S.Müller, 1776)","Aves","Passeriformes","Passerellidae","Zonotrichia",29,"GBIF / iNaturalist","eBird / iNaturalist",2015,2024,9,FALSE,"Zonotrichia capensis","Least Concern","22721079","Preocupación Menor (LC)",FALSE
"Cachimayo","Turdus chiguanco","Fauna","Turdus chiguanco Orbigny & Lafresnaye, 1837","Aves","Passeriformes","Turdidae","Turdus",26,"GBIF","eBird",2009,2024,9,FALSE,"Turdus chiguanco","Least Concern","103889964","Preocupación Menor (LC)",FALSE
"Cachimayo","Colaptes rupicola","Fauna","Colaptes rupicola d'Orbigny, 1840","Aves","Piciformes","Picidae","Colaptes",25,"GBIF","eBird",2008,2024,9,FALSE,"Colaptes rupicola","Least Concern","22726426","Preocupación Menor (LC)",FALSE
"Cachimayo","Falco sparverius","Fauna","Falco sparverius Linnaeus, 1758","Aves","Falconiformes","Falconidae","Falco",23,"GBIF / iNaturalist","eBird / iNaturalist / Observation.org",2009,2024,9,FALSE,"Falco sparverius","Least Concern","22696395","Preocupación Menor (LC)",FALSE
"Cachimayo","Phrygilus punensis","Fauna","Phrygilus punensis Ridgway, 1887","Aves","Passeriformes","Thraupidae","Phrygilus",20,"GBIF","eBird",2017,2024,8,FALSE,"Phrygilus punensis","Least Concern","22723064","Preocupación Menor (LC)",FALSE
"Cachimayo","Ochthoeca leucophrys","Fauna","Ochthoeca leucophrys (Orbigny & Lafresnaye, 1837)","Aves","Passeriformes","Tyrannidae","Ochthoeca",19,"GBIF","eBird",2017,2024,8,FALSE,"Ochthoeca leucophrys","Least Concern","22699943","Preocupación Menor (LC)",FALSE
"Cachimayo","Troglodytes musculus","Fauna","Troglodytes musculus J.F.Naumann, 1823","Aves","Passeriformes","Troglodytidae","Troglodytes",19,"GBIF","eBird",2019,2024,8,FALSE,"---","---",NA,"No Evaluada (NE)",FALSE
"Cachimayo","Catamenia analis","Fauna","Catamenia analis (d'Orbigny & Lafresnaye, 1837)","Aves","Passeriformes","Thraupidae","Catamenia",18,"GBIF","eBird",2017,2024,9,FALSE,"Catamenia analis","Least Concern","22723570","Preocupación Menor (LC)",FALSE
"Cachimayo","Buteo polyosoma","Fauna","Geranoaetus polyosoma (Quoy & Gaimard, 1824)","Aves","Accipitriformes","Accipitridae","Buteo",17,"GBIF / iNaturalist","eBird / iNaturalist",2017,2025,7,FALSE,"---","---",NA,"No Evaluada (NE)",FALSE
"Cachimayo","Columba livia","Fauna","Columba livia J.F.Gmelin, 1789","Aves","Columbiformes","Columbidae","Columba",17,"GBIF","eBird",2015,2024,9,FALSE,"Columba livia","Least Concern","22690066","Preocupación Menor (LC)",FALSE
"Cachimayo","Diglossa brunneiventris","Fauna","Diglossa brunneiventris Lafresnaye, 1846","Aves","Passeriformes","Thraupidae","Diglossa",17,"GBIF / iNaturalist","eBird / iNaturalist",2017,2025,7,FALSE,"Diglossa brunneiventris","Least Concern","22723677","Preocupación Menor (LC)",FALSE
"Cachimayo","Rhopospina fruticeti","Fauna","Rhopospina fruticeti (Kittlitz, 1833)","Aves","Passeriformes","Thraupidae","Rhopospina",16,"GBIF","eBird",2017,2024,8,FALSE,"Rhopospina fruticeti","Least Concern","22723080","Preocupación Menor (LC)",FALSE
"Cachimayo","Chroicocephalus serranus","Fauna","Chroicocephalus serranus (Tschudi, 1844)","Aves","Charadriiformes","Laridae","Chroicocephalus",15,"GBIF","eBird",2017,2023,9,FALSE,"---","---",NA,"No Evaluada (NE)",FALSE
"Cachimayo","Asthenes ottonis","Fauna","Asthenes ottonis (Berlepsch, 1901)","Aves","Passeriformes","Furnariidae","Asthenes",12,"GBIF","eBird",2023,2024,8,FALSE,"Asthenes ottonis","Least Concern","22702497","Preocupación Menor (LC)",FALSE
"Cachimayo","Cranioleuca albicapilla","Fauna","Cranioleuca albicapilla (Cabanis, 1873)","Aves","Passeriformes","Furnariidae","Cranioleuca",12,"GBIF / iNaturalist","eBird / iNaturalist",2017,2024,8,FALSE,"Cranioleuca albicapilla","Least Concern","22702448","Preocupación Menor (LC)",FALSE
"Cachimayo","Saltator aurantiirostris","Fauna","Saltator aurantiirostris Vieillot, 1817","Aves","Passeriformes","Thraupidae","Saltator",12,"GBIF","eBird",2017,2024,9,FALSE,"Saltator aurantiirostris","Least Concern","22723892","Preocupación Menor (LC)",FALSE
"Cachimayo","Plegadis ridgwayi","Fauna","Plegadis ridgwayi (Allen, 1876)","Aves","Pelecaniformes","Threskiornithidae","Plegadis",10,"GBIF","eBird / Observation.org",2015,2024,9,FALSE,"Plegadis ridgwayi","Least Concern","22697429","Preocupación Menor (LC)",FALSE
"Cachimayo","Spinus magellanicus","Fauna","Spinus magellanicus (Vieillot, 1805)","Aves","Passeriformes","Fringillidae","Spinus",9,"GBIF","eBird",2020,2024,9,FALSE,"Spinus magellanicus","Least Concern","22720383","Preocupación Menor (LC)",FALSE
"Cachimayo","Notiochelidon murina","Fauna","Orochelidon murina (Cassin, 1853)","Aves","Passeriformes","Hirundinidae","Notiochelidon",8,"GBIF","eBird",2017,2023,8,FALSE,"---","---",NA,"No Evaluada (NE)",FALSE
"Cachimayo","Aglaeactis cupripennis","Fauna","Aglaeactis cupripennis (Bourcier, 1843)","Aves","Apodiformes","Trochilidae","Aglaeactis",7,"GBIF","eBird",2017,2024,8,FALSE,"Aglaeactis cupripennis","Least Concern","22687788","Preocupación Menor (LC)",FALSE
"Cachimayo","Geospizopsis plebejus","Fauna","Geospizopsis plebejus (Tschudi, 1844)","Aves","Passeriformes","Thraupidae","Geospizopsis",7,"GBIF","eBird",2021,2024,8,FALSE,"Geospizopsis plebejus","Least Concern","22723100","Preocupación Menor (LC)",FALSE
"Cachimayo","Anairetes flavirostris","Fauna","Anairetes flavirostris P.L.Sclater & Salvin, 1876","Aves","Passeriformes","Tyrannidae","Anairetes",6,"GBIF","eBird",2023,2024,8,FALSE,"Anairetes flavirostris","Least Concern","22699397","Preocupación Menor (LC)",FALSE
"Cachimayo","Cinclodes fuscus","Fauna","Cinclodes albiventris (Philippi & Landbeck, 1861)","Aves","Passeriformes","Furnariidae","Cinclodes",6,"GBIF","eBird",2023,2024,8,FALSE,"Cinclodes fuscus","---","22736220_1","No Evaluada (NE)",FALSE
"Cachimayo","Colibri coruscans","Fauna","Colibri coruscans (Gould, 1846)","Aves","Apodiformes","Trochilidae","Colibri",6,"GBIF","eBird",2019,2023,9,FALSE,"Colibri coruscans","Least Concern","22687114","Preocupación Menor (LC)",FALSE
"Cachimayo","Xenodacnis parina","Fauna","Xenodacnis parina Cabanis, 1873","Aves","Passeriformes","Thraupidae","Xenodacnis",5,"GBIF","eBird",2024,2024,8,FALSE,"Xenodacnis parina","Least Concern","103839796","Preocupación Menor (LC)",FALSE
"Cachimayo","Cathartes aura","Fauna","Cathartes aura (Linnaeus, 1758)","Aves","Accipitriformes","Cathartidae","Cathartes",4,"GBIF","eBird",2009,2024,7,FALSE,"Cathartes aura","Least Concern","22697627","Preocupación Menor (LC)",FALSE
"Cachimayo","Conirostrum cinereum","Fauna","Conirostrum cinereum d'Orbigny & Lafresnaye, 1838","Aves","Passeriformes","Thraupidae","Conirostrum",4,"GBIF","eBird",2021,2024,7,FALSE,"Conirostrum cinereum","Least Concern","22722096","Preocupación Menor (LC)",FALSE
"Cachimayo","Metallura tyrianthina","Fauna","Metallura tyrianthina (Loddiges, 1832)","Aves","Apodiformes","Trochilidae","Metallura",4,"GBIF","eBird",2017,2020,8,FALSE,"Metallura tyrianthina","Least Concern","22688015","Preocupación Menor (LC)",FALSE
"Cachimayo","Muscisaxicola rufivertex","Fauna","Muscisaxicola rufivertex Orbigny & Lafresnaye, 1837","Aves","Passeriformes","Tyrannidae","Muscisaxicola",4,"GBIF","eBird",2023,2023,8,FALSE,"Muscisaxicola rufivertex","Least Concern","103683296","Preocupación Menor (LC)",FALSE
"Cachimayo","Rauenia bonariensis","Fauna","Rauenia bonariensis (J.F.Gmelin, 1789)","Aves","Passeriformes","Thraupidae","Rauenia",4,"GBIF / iNaturalist","eBird / iNaturalist",2017,2025,8,FALSE,"---","---",NA,"No Evaluada (NE)",FALSE
"Cachimayo","Vanellus resplendens","Fauna","Vanellus resplendens (Tschudi, 1843)","Aves","Charadriiformes","Charadriidae","Vanellus",4,"GBIF","eBird",2009,2024,8,FALSE,"Vanellus resplendens","Least Concern","22694078","Preocupación Menor (LC)",FALSE
"Cachimayo","Lesbia nuna","Fauna","Lesbia nuna (R.Lesson, 1832)","Aves","Apodiformes","Trochilidae","Lesbia",3,"GBIF","eBird",2020,2024,8,FALSE,"Lesbia nuna","Least Concern","22687974","Preocupación Menor (LC)",FALSE
"Cachimayo","Rupornis magnirostris","Fauna","Rupornis magnirostris (Gmelin, 1788)","Aves","Accipitriformes","Accipitridae","Rupornis",3,"GBIF","eBird",2024,2024,3,FALSE,"Rupornis magnirostris","Least Concern","22695880","Preocupación Menor (LC)",FALSE
"Cachimayo","Zenaida auriculata","Fauna","Zenaida auriculata (Des Murs, 1847)","Aves","Columbiformes","Columbidae","Zenaida",3,"GBIF","eBird",2023,2023,8,FALSE,"Zenaida auriculata","Least Concern","22690747","Preocupación Menor (LC)",FALSE
"Cachimayo","Anas flavirostris","Fauna","Anas flavirostris Vieillot, 1816","Aves","Anseriformes","Anatidae","Anas",2,"GBIF","eBird",2009,2021,9,FALSE,"Anas flavirostris","---","22735557_1","No Evaluada (NE)",FALSE
"Cachimayo","Gallinula chloropus","Fauna","Gallinula galeata (Lichtenstein & Mhc, 1818)","Aves","Gruiformes","Rallidae","Gallinula",2,"GBIF","eBird",2009,2021,8,FALSE,"Gallinula chloropus","Least Concern","62120190","Preocupación Menor (LC)",FALSE
"Cachimayo","Muscisaxicola maculirostris","Fauna","Muscisaxicola maculirostris Orbigny & Lafresnaye, 1837","Aves","Passeriformes","Tyrannidae","Muscisaxicola",2,"GBIF","eBird",2024,2024,6,FALSE,"Muscisaxicola maculirostris","Least Concern","22700132","Preocupación Menor (LC)",FALSE
"Cachimayo","Oreonympha nobilis","Fauna","Oreonympha nobilis nobilis Gould, 1869","Aves","Apodiformes","Trochilidae","Oreonympha",2,"GBIF","eBird / Otros conjuntos mediados por GBIF",1983,2021,6,FALSE,"Oreonympha nobilis","Least Concern","22727923","Preocupación Menor (LC)",FALSE
"Cachimayo","Solanum raphanifolium","Flora","Solanum raphanifolium Cárdenas & Hawkes","Magnoliopsida","Solanales","Solanaceae","Solanum",2,"GBIF","Otros conjuntos mediados por GBIF",NA,NA,5,FALSE,"---","---",NA,"No Evaluada (NE)",FALSE
"Cachimayo","Ampelion rubrocristatus","Fauna","Ampelion rubrocristatus (Orbigny & Lafresnaye, 1837)","Aves","Passeriformes","Cotingidae","Ampelion",1,"GBIF","eBird",2022,2022,8,FALSE,"Ampelion rubrocristatus","Least Concern","22700753","Preocupación Menor (LC)",FALSE
"Cachimayo","Anairetes parulus","Fauna","Anairetes parulus (Kittlitz, 1830)","Aves","Passeriformes","Tyrannidae","Anairetes",1,"GBIF","eBird",2024,2024,7,FALSE,"Anairetes parulus","Least Concern","22699406","Preocupación Menor (LC)",FALSE
"Cachimayo","Anas georgica","Fauna","Anas georgica J.F.Gmelin, 1789","Aves","Anseriformes","Anatidae","Anas",1,"GBIF","eBird",2021,2021,8,FALSE,"Anas georgica","Least Concern","22680310","Preocupación Menor (LC)",FALSE
"Cachimayo","Ardea alba","Fauna","Ardea alba Linnaeus, 1758","Aves","Pelecaniformes","Ardeidae","Ardea",1,"GBIF","eBird",2022,2022,7,FALSE,"Ardea alba","Least Concern","22697043","Preocupación Menor (LC)",FALSE
"Cachimayo","Ardea cocoi","Fauna","Ardea cocoi Linnaeus, 1766","Aves","Pelecaniformes","Ardeidae","Ardea",1,"GBIF","eBird",2015,2015,4,FALSE,"Ardea cocoi","Least Concern","22697001","Preocupación Menor (LC)",FALSE
"Cachimayo","Asthenes wyatti","Fauna","Asthenes wyatti (P.L.Sclater & Salvin, 1871)","Aves","Passeriformes","Furnariidae","Asthenes",1,"GBIF","eBird",2021,2021,5,FALSE,"Asthenes wyatti","Least Concern","103673405","Preocupación Menor (LC)",FALSE
"Cachimayo","Athene cunicularia","Fauna","Athene cunicularia (Molina, 1782)","Aves","Strigiformes","Strigidae","Athene",1,"GBIF","eBird",2021,2021,5,FALSE,"Athene cunicularia","Least Concern","22689353","Preocupación Menor (LC)",FALSE
"Cachimayo","Baccharis latifolia","Flora","Baccharis latifolia","Magnoliopsida","Asterales","Asteraceae","Baccharis",1,"iNaturalist","iNaturalist",2025,2025,5,FALSE,"Baccharis latifolia","Least Concern","42532611","Preocupación Menor (LC)",FALSE
"Cachimayo","Bubo magellanicus","Fauna","Bubo magellanicus (R.Lesson, 1828)","Aves","Strigiformes","Strigidae","Bubo",1,"GBIF","eBird",2023,2023,6,FALSE,"Bubo magellanicus","Least Concern","61752097","Preocupación Menor (LC)",FALSE
"Cachimayo","Bubulcus ibis","Fauna","Ardea ibis Linnaeus, 1758","Aves","Pelecaniformes","Ardeidae","Bubulcus",1,"GBIF","eBird",2015,2015,8,FALSE,"Bubulcus ibis","Least Concern","22697109","Preocupación Menor (LC)",FALSE
"Cachimayo","Callianthe picta","Flora","Callianthe picta","Magnoliopsida","Malvales","Malvaceae","Callianthe",1,"iNaturalist","iNaturalist",2025,2025,1,TRUE,"---","---",NA,"No Evaluada (NE)",FALSE
"Cachimayo","Canis lupus","Fauna","Canis familiaris","Mammalia","Carnivora","Canidae","Canis",1,"iNaturalist","iNaturalist",2025,2025,3,FALSE,"Canis lupus","Least Concern","3746","Preocupación Menor (LC)",FALSE
"Cachimayo","Chloephaga melanoptera","Fauna","Oressochen melanopterus","Aves","Anseriformes","Anatidae","Chloephaga",1,"iNaturalist","iNaturalist",2025,2025,7,FALSE,"Chloephaga melanoptera","Least Concern","22679972","Preocupación Menor (LC)",FALSE
"Cachimayo","Cinclodes atacamensis","Fauna","Cinclodes atacamensis (Philippi, 1857)","Aves","Passeriformes","Furnariidae","Cinclodes",1,"GBIF","eBird",2023,2023,8,FALSE,"Cinclodes atacamensis","Least Concern","22702114","Preocupación Menor (LC)",FALSE
"Cachimayo","Cirsium vulgare","Flora","Cirsium vulgare","Magnoliopsida","Asterales","Asteraceae","Cirsium",1,"iNaturalist","iNaturalist",2026,2026,4,FALSE,"---","---",NA,"No Evaluada (NE)",FALSE
"Cachimayo","Eucalyptus globulus","Flora","Eucalyptus globulus","Magnoliopsida","Myrtales","Myrtaceae","Eucalyptus",1,"iNaturalist","iNaturalist",2026,2026,1,TRUE,"Eucalyptus globulus","Least Concern","61912929","Preocupación Menor (LC)",FALSE
"Cachimayo","Falco femoralis","Fauna","Falco femoralis Temminck, 1822","Aves","Falconiformes","Falconidae","Falco",1,"GBIF","eBird",2021,2021,8,FALSE,"Falco femoralis","Least Concern","22696450","Preocupación Menor (LC)",FALSE
"Cachimayo","Fulica ardesiaca","Fauna","Fulica ardesiaca Tschudi, 1843","Aves","Gruiformes","Rallidae","Fulica",1,"GBIF","eBird",2015,2015,8,FALSE,"Fulica ardesiaca","Least Concern","22692932","Preocupación Menor (LC)",FALSE
"Cachimayo","Gastrotheca marsupiata","Fauna","Gastrotheca marsupiata","Amphibia","Anura","Hemiphractidae","Gastrotheca",1,"iNaturalist","iNaturalist",2020,2020,3,FALSE,"Gastrotheca marsupiata","Least Concern","55344","Preocupación Menor (LC)",FALSE
"Cachimayo","Geranoaetus melanoleucus","Fauna","Geranoaetus melanoleucus (Vieillot, 1819)","Aves","Accipitriformes","Accipitridae","Geranoaetus",1,"GBIF","eBird",2018,2018,8,FALSE,"Geranoaetus melanoleucus","Least Concern","22695845","Preocupación Menor (LC)",FALSE
"Cachimayo","Lesbia victoriae","Fauna","Lesbia victoriae (Bourcier & Mulsant, 1846)","Aves","Apodiformes","Trochilidae","Lesbia",1,"GBIF","eBird",2023,2023,8,FALSE,"Lesbia victoriae","Least Concern","22687971","Preocupación Menor (LC)",FALSE
"Cachimayo","Nothoprocta ornata","Fauna","Nothoprocta ornata (G.R.Gray, 1867)","Aves","Tinamiformes","Tinamidae","Nothoprocta",1,"GBIF","eBird",2023,2023,7,FALSE,"Nothoprocta ornata","Least Concern","22678254","Preocupación Menor (LC)",FALSE
"Cachimayo","Phalacrocorax brasilianus","Fauna","Nannopterum brasilianum (J.F.Gmelin, 1789)","Aves","Suliformes","Phalacrocoracidae","Phalacrocorax",1,"GBIF","eBird",2021,2021,7,FALSE,"---","---",NA,"No Evaluada (NE)",FALSE
"Cachimayo","Phylloscirpus acaulis","Flora","Phylloscirpus acaulis","Liliopsida","Poales","Cyperaceae","Phylloscirpus",1,"iNaturalist","iNaturalist",2022,2022,1,TRUE,"Phylloscirpus acaulis","Least Concern","131347569","Preocupación Menor (LC)",FALSE
"Cachimayo","Plantago rigida","Flora","Plantago rigida","Magnoliopsida","Lamiales","Plantaginaceae","Plantago",1,"iNaturalist","iNaturalist",2017,2017,2,FALSE,"Plantago rigida","Least Concern","133319030","Preocupación Menor (LC)",FALSE
"Cachimayo","Poospizopsis caesar","Fauna","Poospizopsis caesar (P.L.Sclater & Salvin, 1869)","Aves","Passeriformes","Thraupidae","Poospizopsis",1,"GBIF","eBird",2024,2024,9,FALSE,"Poospizopsis caesar","Least Concern","22723282","Preocupación Menor (LC)",FALSE
"Cachimayo","Ribes hirtum","Flora","Ribes hirtum Humb. & Bonpl. ex Roem. & Schult.","Magnoliopsida","Saxifragales","Grossulariaceae","Ribes",1,"GBIF","Otros conjuntos mediados por GBIF",1980,1980,1,TRUE,"---","---",NA,"No Evaluada (NE)",FALSE
"Cachimayo","Solanum tuberosum","Flora","Solanum tuberosum","Magnoliopsida","Solanales","Solanaceae","Solanum",1,"iNaturalist","iNaturalist",2021,2021,4,FALSE,"Solanum etuberosum","Least Concern","101526038","Preocupación Menor (LC)",FALSE
"Cachimayo","Systellura longirostris","Fauna","Systellura longirostris (Bonaparte, 1825)","Aves","Caprimulgiformes","Caprimulgidae","Systellura",1,"GBIF","eBird",2023,2023,6,FALSE,"Systellura longirostris","Least Concern","22725678","Preocupación Menor (LC)",FALSE
"Cachimayo","Taraxacum officinale","Flora","Taraxacum officinale","Magnoliopsida","Asterales","Asteraceae","Taraxacum",1,"iNaturalist","iNaturalist",2023,2023,3,FALSE,"---","---",NA,"No Evaluada (NE)",FALSE
"Cachimayo","Tringa flavipes","Fauna","Tringa flavipes (J.F.Gmelin, 1789)","Aves","Charadriiformes","Scolopacidae","Tringa",1,"GBIF","eBird",2021,2021,6,FALSE,"Tringa flavipes","Vulnerable","22693235","Vulnerable (VU)",TRUE
"Cachimayo","Tyrannus melancholicus","Fauna","Tyrannus melancholicus","Aves","Passeriformes","Tyrannidae","Tyrannus",1,"iNaturalist","iNaturalist",2025,2025,4,FALSE,"Tyrannus melancholicus","Least Concern","22700485","Preocupación Menor (LC)",FALSE
"Cachimayo","Ullucus tuberosus","Flora","Ullucus tuberosus Caldas","Magnoliopsida","Caryophyllales","Basellaceae","Ullucus",1,"GBIF","Otros conjuntos mediados por GBIF",NA,NA,3,FALSE,"---","---",NA,"No Evaluada (NE)",FALSE
"Chinchaypujio","Phaseolus vulgaris","Flora","Phaseolus vulgaris L.","Magnoliopsida","Fabales","Fabaceae","Phaseolus",48,"GBIF","Otros conjuntos mediados por GBIF",1988,1988,3,FALSE,"Phaseolus vulgaris","Least Concern","71777161","Preocupación Menor (LC)",FALSE
"Chinchaypujio","Solanum candolleanum","Flora","Solanum candolleanum Berthault","Magnoliopsida","Solanales","Solanaceae","Solanum",32,"GBIF","Otros conjuntos mediados por GBIF",1946,1980,7,FALSE,"---","---",NA,"No Evaluada (NE)",FALSE
"Chinchaypujio","Solanum brevicaule","Flora","Solanum coelestispetalum Vargas","Magnoliopsida","Solanales","Solanaceae","Solanum",12,"GBIF","Otros conjuntos mediados por GBIF",NA,NA,8,FALSE,"Solanum brevicaule","Least Concern","71779365","Preocupación Menor (LC)",FALSE
"Chinchaypujio","Gastrotheca marsupiata","Fauna","Gastrotheca marsupiata (Duméril & Bibron, 1841)","Amphibia","Anura","Hemiphractidae","Gastrotheca",8,"GBIF","Otros conjuntos mediados por GBIF",1969,1969,3,FALSE,"Gastrotheca marsupiata","Least Concern","55344","Preocupación Menor (LC)",FALSE
"Chinchaypujio","Solanum raphanifolium","Flora","Solanum raphanifolium Cárdenas & Hawkes","Magnoliopsida","Solanales","Solanaceae","Solanum",8,"GBIF","Otros conjuntos mediados por GBIF",NA,NA,5,FALSE,"---","---",NA,"No Evaluada (NE)",FALSE
"Chinchaypujio","Geranoaetus melanoleucus","Fauna","Geranoaetus melanoleucus (Vieillot, 1819)","Aves","Accipitriformes","Accipitridae","Geranoaetus",7,"GBIF","eBird",2016,2023,8,FALSE,"Geranoaetus melanoleucus","Least Concern","22695845","Preocupación Menor (LC)",FALSE
"Chinchaypujio","Aeronautes andecolus","Fauna","Aeronautes andecolus (d'Orbigny & Lafresnaye, 1837)","Aves","Apodiformes","Apodidae","Aeronautes",6,"GBIF","eBird",2016,2024,7,FALSE,"Aeronautes andecolus","Least Concern","22686739","Preocupación Menor (LC)",FALSE
"Chinchaypujio","Aratinga mitrata","Fauna","Psittacara mitratus (Tschudi, 1844)","Aves","Psittaciformes","Psittacidae","Aratinga",5,"GBIF","eBird",2017,2021,7,FALSE,"---","---",NA,"No Evaluada (NE)",FALSE
"Chinchaypujio","Cacicus chrysonotus","Fauna","Cacicus chrysonotus (Lafresnaye & Orbigny, 1838)","Aves","Passeriformes","Icteridae","Cacicus",5,"GBIF","eBird",2017,2024,3,FALSE,"Cacicus chrysonotus","Least Concern","22731284","Preocupación Menor (LC)",FALSE
"Chinchaypujio","Leptotila verreauxi","Fauna","Leptotila verreauxi Bonaparte, 1855","Aves","Columbiformes","Columbidae","Leptotila",5,"GBIF","eBird",2017,2024,5,FALSE,"Leptotila verreauxi","Least Concern","22690854","Preocupación Menor (LC)",FALSE
"Chinchaypujio","Pheucticus aureoventris","Fauna","Pheucticus aureoventris (d'Orbigny & Lafresnaye, 1837)","Aves","Passeriformes","Cardinalidae","Pheucticus",5,"GBIF","eBird",2020,2023,7,FALSE,"Pheucticus aureoventris","Least Concern","22723810","Preocupación Menor (LC)",FALSE
"Chinchaypujio","Proctoporus bolivianus","Fauna","Proctoporus bolivianus Werner, 1910","Squamata",NA,"Gymnophthalmidae","Proctoporus",5,"GBIF","Otros conjuntos mediados por GBIF",1969,1969,1,TRUE,"Proctoporus bolivianus","Least Concern","48283526","Preocupación Menor (LC)",FALSE
"Chinchaypujio","Turdus chiguanco","Fauna","Turdus chiguanco Orbigny & Lafresnaye, 1837","Aves","Passeriformes","Turdidae","Turdus",5,"GBIF","eBird",2016,2023,9,FALSE,"Turdus chiguanco","Least Concern","103889964","Preocupación Menor (LC)",FALSE
"Chinchaypujio","Cinclus leucocephalus","Fauna","Cinclus leucocephalus Tschudi, 1844","Aves","Passeriformes","Cinclidae","Cinclus",4,"GBIF","eBird",2020,2024,5,FALSE,"Cinclus leucocephalus","Least Concern","22708166","Preocupación Menor (LC)",FALSE
"Chinchaypujio","Megascops koepckeae","Fauna","Megascops koepckeae (Hekstra, 1982)","Aves","Strigiformes","Strigidae","Megascops",4,"GBIF","eBird",2020,2024,4,FALSE,"Megascops koepckeae","Least Concern","22688782","Preocupación Menor (LC)",FALSE
"Chinchaypujio","Merganetta armata","Fauna","Merganetta armata Gould, 1842","Aves","Anseriformes","Anatidae","Merganetta",4,"GBIF","eBird",2020,2024,6,FALSE,"Merganetta armata","Least Concern","22680118","Preocupación Menor (LC)",FALSE
"Chinchaypujio","Sayornis nigricans","Fauna","Sayornis nigricans (Swainson, 1827)","Aves","Passeriformes","Tyrannidae","Sayornis",4,"GBIF","eBird",2020,2024,5,FALSE,"Sayornis nigricans","Least Concern","22699892","Preocupación Menor (LC)",FALSE
"Chinchaypujio","Vultur gryphus","Fauna","Vultur gryphus Linnaeus, 1758","Aves","Accipitriformes","Cathartidae","Vultur",4,"GBIF","eBird",2016,2021,5,FALSE,"Vultur gryphus","Vulnerable","22697641","Vulnerable (VU)",TRUE
"Chinchaypujio","Annona cherimola","Flora","Annona cherimola Mill.","Magnoliopsida","Magnoliales","Annonaceae","Annona",3,"GBIF","Otros conjuntos mediados por GBIF",NA,NA,1,TRUE,"Annona cherimola","Least Concern","143324599","Preocupación Menor (LC)",FALSE
"Chinchaypujio","Cinclodes atacamensis","Fauna","Cinclodes atacamensis (Philippi, 1857)","Aves","Passeriformes","Furnariidae","Cinclodes",3,"GBIF","eBird",2020,2024,8,FALSE,"Cinclodes atacamensis","Least Concern","22702114","Preocupación Menor (LC)",FALSE
"Chinchaypujio","Colibri coruscans","Fauna","Colibri coruscans (Gould, 1846)","Aves","Apodiformes","Trochilidae","Colibri",3,"GBIF","eBird",2016,2020,9,FALSE,"Colibri coruscans","Least Concern","22687114","Preocupación Menor (LC)",FALSE
"Chinchaypujio","Falco sparverius","Fauna","Falco sparverius Linnaeus, 1758","Aves","Falconiformes","Falconidae","Falco",3,"GBIF","eBird",2020,2021,9,FALSE,"Falco sparverius","Least Concern","22696395","Preocupación Menor (LC)",FALSE
"Chinchaypujio","Geospizopsis plebejus","Fauna","Geospizopsis plebejus (Tschudi, 1844)","Aves","Passeriformes","Thraupidae","Geospizopsis",3,"GBIF","eBird",2016,2023,8,FALSE,"Geospizopsis plebejus","Least Concern","22723100","Preocupación Menor (LC)",FALSE
"Chinchaypujio","Knipolegus aterrimus","Fauna","Knipolegus aterrimus Kaup, 1853","Aves","Passeriformes","Tyrannidae","Knipolegus",3,"GBIF","eBird",2018,2024,5,FALSE,"Knipolegus aterrimus","Least Concern","103683052","Preocupación Menor (LC)",FALSE
"Chinchaypujio","Phalacrocorax brasilianus","Fauna","Nannopterum brasilianum (J.F.Gmelin, 1789)","Aves","Suliformes","Phalacrocoracidae","Phalacrocorax",3,"GBIF","eBird",2020,2023,7,FALSE,"---","---",NA,"No Evaluada (NE)",FALSE
"Chinchaypujio","Phaseolus augusti","Flora","Phaseolus augusti Harms","Magnoliopsida","Fabales","Fabaceae","Phaseolus",3,"GBIF","Otros conjuntos mediados por GBIF",1988,1988,3,FALSE,"---","---",NA,"No Evaluada (NE)",FALSE
"Chinchaypujio","Saltator aurantiirostris","Fauna","Saltator aurantiirostris Vieillot, 1817","Aves","Passeriformes","Thraupidae","Saltator",3,"GBIF","eBird",2020,2020,9,FALSE,"Saltator aurantiirostris","Least Concern","22723892","Preocupación Menor (LC)",FALSE
"Chinchaypujio","Tigrisoma fasciatum","Fauna","Tigrisoma fasciatum (Such, 1825)","Aves","Pelecaniformes","Ardeidae","Tigrisoma",3,"GBIF","eBird",2020,2024,3,FALSE,"Tigrisoma fasciatum","Least Concern","22697264","Preocupación Menor (LC)",FALSE
"Chinchaypujio","Zonotrichia capensis","Fauna","Zonotrichia capensis (P.L.S.Müller, 1776)","Aves","Passeriformes","Passerellidae","Zonotrichia",3,"GBIF","eBird",2019,2023,9,FALSE,"Zonotrichia capensis","Least Concern","22721079","Preocupación Menor (LC)",FALSE
"Chinchaypujio","Ampelion rubrocristatus","Fauna","Ampelion rubrocristatus (Orbigny & Lafresnaye, 1837)","Aves","Passeriformes","Cotingidae","Ampelion",2,"GBIF","eBird",2016,2020,8,FALSE,"Ampelion rubrocristatus","Least Concern","22700753","Preocupación Menor (LC)",FALSE
"Chinchaypujio","Asthenes ottonis","Fauna","Asthenes ottonis (Berlepsch, 1901)","Aves","Passeriformes","Furnariidae","Asthenes",2,"GBIF","eBird",2016,2020,8,FALSE,"Asthenes ottonis","Least Concern","22702497","Preocupación Menor (LC)",FALSE
"Chinchaypujio","Atlapetes forbesi","Fauna","Atlapetes forbesi Morrison, 1947","Aves","Passeriformes","Passerellidae","Atlapetes",2,"GBIF","eBird",2016,2020,4,FALSE,"Atlapetes forbesi","Least Concern","22728563","Preocupación Menor (LC)",FALSE
"Chinchaypujio","Catamenia analis","Fauna","Catamenia analis (d'Orbigny & Lafresnaye, 1837)","Aves","Passeriformes","Thraupidae","Catamenia",2,"GBIF","eBird",2016,2020,9,FALSE,"Catamenia analis","Least Concern","22723570","Preocupación Menor (LC)",FALSE
"Chinchaypujio","Columba livia","Fauna","Columba livia J.F.Gmelin, 1789","Aves","Columbiformes","Columbidae","Columba",2,"GBIF","eBird",2019,2020,9,FALSE,"Columba livia","Least Concern","22690066","Preocupación Menor (LC)",FALSE
"Chinchaypujio","Cranioleuca albicapilla","Fauna","Cranioleuca albicapilla (Cabanis, 1873)","Aves","Passeriformes","Furnariidae","Cranioleuca",2,"GBIF","eBird",2016,2020,8,FALSE,"Cranioleuca albicapilla","Least Concern","22702448","Preocupación Menor (LC)",FALSE
"Chinchaypujio","Crotophaga ani","Fauna","Crotophaga ani Linnaeus, 1758","Aves","Cuculiformes","Cuculidae","Crotophaga",2,"GBIF","eBird",2020,2021,4,FALSE,"Crotophaga ani","Least Concern","22684434","Preocupación Menor (LC)",FALSE
"Chinchaypujio","Escallonia herrerae","Flora","Escallonia herrerae Mattf.","Magnoliopsida","Escalloniales","Escalloniaceae","Escallonia",2,"GBIF","Otros conjuntos mediados por GBIF",2019,2019,3,FALSE,"---","---",NA,"No Evaluada (NE)",FALSE
"Chinchaypujio","Lesbia victoriae","Fauna","Lesbia victoriae (Bourcier & Mulsant, 1846)","Aves","Apodiformes","Trochilidae","Lesbia",2,"GBIF","eBird",2020,2020,8,FALSE,"Lesbia victoriae","Least Concern","22687971","Preocupación Menor (LC)",FALSE
"Chinchaypujio","Nycticorax nycticorax","Fauna","Nycticorax nycticorax (Linnaeus, 1758)","Aves","Pelecaniformes","Ardeidae","Nycticorax",2,"GBIF","eBird",2020,2024,6,FALSE,"Nycticorax nycticorax","Least Concern","22697211","Preocupación Menor (LC)",FALSE
"Chinchaypujio","Passiflora tripartita","Flora","Passiflora mollissima (Kunth) L.H.Bailey","Magnoliopsida","Malpighiales","Passifloraceae","Passiflora",2,"GBIF","Otros conjuntos mediados por GBIF",NA,NA,2,FALSE,"---","---",NA,"No Evaluada (NE)",FALSE
"Chinchaypujio","Patagioenas maculosa","Fauna","Patagioenas maculosa (Temminck, 1813)","Aves","Columbiformes","Columbidae","Patagioenas",2,"GBIF","eBird",2016,2020,9,FALSE,"Patagioenas maculosa","Least Concern","22728285","Preocupación Menor (LC)",FALSE
"Chinchaypujio","Rhopospina fruticeti","Fauna","Rhopospina fruticeti (Kittlitz, 1833)","Aves","Passeriformes","Thraupidae","Rhopospina",2,"GBIF","eBird",2016,2023,8,FALSE,"Rhopospina fruticeti","Least Concern","22723080","Preocupación Menor (LC)",FALSE
"Chinchaypujio","Solanum acaule","Flora","Solanum acaule Bitter","Magnoliopsida","Solanales","Solanaceae","Solanum",2,"GBIF","Otros conjuntos mediados por GBIF",NA,NA,3,FALSE,"Solanum acaule","Least Concern","71777551","Preocupación Menor (LC)",FALSE
"Chinchaypujio","Spinus magellanicus","Fauna","Spinus magellanicus (Vieillot, 1805)","Aves","Passeriformes","Fringillidae","Spinus",2,"GBIF","eBird",2020,2020,9,FALSE,"Spinus magellanicus","Least Concern","22720383","Preocupación Menor (LC)",FALSE
"Chinchaypujio","Troglodytes musculus","Fauna","Troglodytes musculus J.F.Naumann, 1823","Aves","Passeriformes","Troglodytidae","Troglodytes",2,"GBIF","eBird",2020,2023,8,FALSE,"---","---",NA,"No Evaluada (NE)",FALSE
"Chinchaypujio","Turdus fuscater","Fauna","Turdus fuscater Orbigny & Lafresnaye, 1837","Aves","Passeriformes","Turdidae","Turdus",2,"GBIF","eBird",2016,2020,7,FALSE,"Turdus fuscater","Least Concern","22708848","Preocupación Menor (LC)",FALSE
"Chinchaypujio","Actitis macularius","Fauna","Actitis macularius (Linnaeus, 1766)","Aves","Charadriiformes","Scolopacidae","Actitis",1,"GBIF","eBird",2020,2020,4,FALSE,"Actitis macularius","Least Concern","22693277","Preocupación Menor (LC)",FALSE
"Chinchaypujio","Aglaeactis cupripennis","Fauna","Aglaeactis cupripennis (Bourcier, 1843)","Aves","Apodiformes","Trochilidae","Aglaeactis",1,"GBIF","eBird",2020,2020,8,FALSE,"Aglaeactis cupripennis","Least Concern","22687788","Preocupación Menor (LC)",FALSE
"Chinchaypujio","Anairetes flavirostris","Fauna","Anairetes flavirostris P.L.Sclater & Salvin, 1876","Aves","Passeriformes","Tyrannidae","Anairetes",1,"GBIF","eBird",2020,2020,8,FALSE,"Anairetes flavirostris","Least Concern","22699397","Preocupación Menor (LC)",FALSE
"Chinchaypujio","Anas flavirostris","Fauna","Anas flavirostris Vieillot, 1816","Aves","Anseriformes","Anatidae","Anas",1,"GBIF","eBird",2020,2020,9,FALSE,"Anas flavirostris","---","22735557_1","No Evaluada (NE)",FALSE
"Chinchaypujio","Atlapetes melanolaemus","Fauna","Atlapetes melanolaemus (P.L.Sclater & Salvin, 1879)","Aves","Passeriformes","Passerellidae","Atlapetes",1,"GBIF","eBird",2016,2016,1,TRUE,"Atlapetes melanolaemus","Least Concern","22733786","Preocupación Menor (LC)",FALSE
"Chinchaypujio","Baccharis latifolia","Flora","Baccharis latifolia","Magnoliopsida","Asterales","Asteraceae","Baccharis",1,"iNaturalist","iNaturalist",2024,2024,5,FALSE,"Baccharis latifolia","Least Concern","42532611","Preocupación Menor (LC)",FALSE
"Chinchaypujio","Caiophora cirsiifolia","Flora","Caiophora cirsiifolia C.Presl","Magnoliopsida","Cornales","Loasaceae","Caiophora",1,"GBIF","Otros conjuntos mediados por GBIF",NA,NA,2,FALSE,"---","---",NA,"No Evaluada (NE)",FALSE
"Chinchaypujio","Catamenia inornata","Fauna","Catamenia inornata (Lafresnaye, 1847)","Aves","Passeriformes","Thraupidae","Catamenia",1,"GBIF","eBird",2020,2020,7,FALSE,"Catamenia inornata","Least Concern","22723573","Preocupación Menor (LC)",FALSE
"Chinchaypujio","Chloephaga melanoptera","Fauna","Oressochen melanopterus (Eyton, 1838)","Aves","Anseriformes","Anatidae","Chloephaga",1,"GBIF","eBird",2020,2020,7,FALSE,"Chloephaga melanoptera","Least Concern","22679972","Preocupación Menor (LC)",FALSE
"Chinchaypujio","Chroicocephalus serranus","Fauna","Chroicocephalus serranus (Tschudi, 1844)","Aves","Charadriiformes","Laridae","Chroicocephalus",1,"GBIF","eBird",2020,2020,9,FALSE,"---","---",NA,"No Evaluada (NE)",FALSE
"Chinchaypujio","Colaptes rubiginosus","Fauna","Colaptes rubiginosus (Swainson, 1820)","Aves","Piciformes","Picidae","Colaptes",1,"GBIF","eBird",2024,2024,3,FALSE,"Colaptes rubiginosus","Least Concern","61533973","Preocupación Menor (LC)",FALSE
"Chinchaypujio","Colaptes rupicola","Fauna","Colaptes rupicola d'Orbigny, 1840","Aves","Piciformes","Picidae","Colaptes",1,"GBIF","eBird",2020,2020,9,FALSE,"Colaptes rupicola","Least Concern","22726426","Preocupación Menor (LC)",FALSE
"Chinchaypujio","Elaenia pallatangae","Fauna","Elaenia pallatangae P.L.Sclater, 1862","Aves","Passeriformes","Tyrannidae","Elaenia",1,"GBIF","eBird",2020,2020,5,FALSE,"Elaenia pallatangae","Least Concern","103681315","Preocupación Menor (LC)",FALSE
"Chinchaypujio","Elliotomyia chionogaster","Fauna","Elliotomyia chionogaster (Tschudi, 1846)","Aves","Apodiformes","Trochilidae","Elliotomyia",1,"GBIF","eBird",2021,2021,7,FALSE,"Elliotomyia chionogaster","Least Concern","22687509","Preocupación Menor (LC)",FALSE
"Chinchaypujio","Entosthodon bonplandii","Flora","Funaria microcarpa (Müll.Hal.) Broth.","Bryopsida","Funariales","Funariaceae","Entosthodon",1,"GBIF","Otros conjuntos mediados por GBIF",1973,1973,1,TRUE,"---","---",NA,"No Evaluada (NE)",FALSE
"Chinchaypujio","Fuchsia apetala","Flora","Fuchsia apetala","Magnoliopsida","Myrtales","Onagraceae","Fuchsia",1,"iNaturalist","iNaturalist",2022,2022,4,FALSE,"---","---",NA,"No Evaluada (NE)",FALSE
"Chinchaypujio","Funaria calvescens","Flora","Funaria calvescens Schwägr.","Bryopsida","Funariales","Funariaceae","Funaria",1,"GBIF","Otros conjuntos mediados por GBIF",1973,1973,1,TRUE,"---","---",NA,"No Evaluada (NE)",FALSE
"Chinchaypujio","Glaucidium peruanum","Fauna","Glaucidium peruanum C.König, 1991","Aves","Strigiformes","Strigidae","Glaucidium",1,"GBIF","eBird",2020,2020,7,FALSE,"Glaucidium peruanum","Least Concern","22689253","Preocupación Menor (LC)",FALSE
"Chinchaypujio","Haplochelidon andecola","Fauna","Orochelidon andecola (d'Orbigny & Lafresnaye, 1837)","Aves","Passeriformes","Hirundinidae","Haplochelidon",1,"GBIF","eBird",2020,2020,7,FALSE,"---","---",NA,"No Evaluada (NE)",FALSE
"Chinchaypujio","Hesperomeles obtusifolia","Flora","Hesperomeles obtusifolia","Magnoliopsida","Rosales","Rosaceae","Hesperomeles",1,"iNaturalist","iNaturalist",2022,2022,1,TRUE,"Hesperomeles obtusifolia","Least Concern","176009204","Preocupación Menor (LC)",FALSE
"Chinchaypujio","Leskeadelphus angustatus","Flora","Leskeadelphus angustatus (Taylor) B.H.Allen","Bryopsida","Hypnales","Leskeaceae","Leskeadelphus",1,"GBIF","Otros conjuntos mediados por GBIF",1973,1973,1,TRUE,"---","---",NA,"No Evaluada (NE)",FALSE
"Chinchaypujio","Metallura tyrianthina","Fauna","Metallura tyrianthina (Loddiges, 1832)","Aves","Apodiformes","Trochilidae","Metallura",1,"GBIF","eBird",2016,2016,8,FALSE,"Metallura tyrianthina","Least Concern","22688015","Preocupación Menor (LC)",FALSE
"Chinchaypujio","Muscisaxicola rufivertex","Fauna","Muscisaxicola rufivertex Orbigny & Lafresnaye, 1837","Aves","Passeriformes","Tyrannidae","Muscisaxicola",1,"GBIF","eBird",2016,2016,8,FALSE,"Muscisaxicola rufivertex","Least Concern","103683296","Preocupación Menor (LC)",FALSE
"Chinchaypujio","Nothoprocta taczanowskii","Fauna","Nothoprocta taczanowskii P.L.Sclater & Salvin, 1875","Aves","Tinamiformes","Tinamidae","Nothoprocta",1,"GBIF","eBird",2020,2020,5,FALSE,"Nothoprocta taczanowskii","Vulnerable","22678246","Vulnerable (VU)",TRUE
"Chinchaypujio","Notiochelidon murina","Fauna","Orochelidon murina (Cassin, 1853)","Aves","Passeriformes","Hirundinidae","Notiochelidon",1,"GBIF","eBird",2016,2016,8,FALSE,"---","---",NA,"No Evaluada (NE)",FALSE
"Chinchaypujio","Ochthoeca leucophrys","Fauna","Ochthoeca leucophrys (Orbigny & Lafresnaye, 1837)","Aves","Passeriformes","Tyrannidae","Ochthoeca",1,"GBIF","eBird",2020,2020,8,FALSE,"Ochthoeca leucophrys","Least Concern","22699943","Preocupación Menor (LC)",FALSE
"Chinchaypujio","Oreotrochilus estella","Fauna","Oreotrochilus estella (d'Orbigny, 1838)","Aves","Apodiformes","Trochilidae","Oreotrochilus",1,"GBIF","eBird",2020,2020,6,FALSE,"Oreotrochilus estella","Least Concern","60946163","Preocupación Menor (LC)",FALSE
"Chinchaypujio","Patagona gigas","Fauna","Patagona gigas (Vieillot, 1824)","Aves","Apodiformes","Trochilidae","Patagona",1,"GBIF","eBird",2020,2020,8,FALSE,"Patagona gigas","Least Concern","22687785","Preocupación Menor (LC)",FALSE
"Chinchaypujio","Philibertia lysimachioides","Flora","Philibertia lysimachioides","Magnoliopsida","Gentianales","Apocynaceae","Philibertia",1,"iNaturalist","iNaturalist",2022,2022,2,FALSE,"---","---",NA,"No Evaluada (NE)",FALSE
"Chinchaypujio","Phrygilus punensis","Fauna","Phrygilus punensis Ridgway, 1887","Aves","Passeriformes","Thraupidae","Phrygilus",1,"GBIF","eBird",2020,2020,8,FALSE,"Phrygilus punensis","Least Concern","22723064","Preocupación Menor (LC)",FALSE
"Chinchaypujio","Plegadis ridgwayi","Fauna","Plegadis ridgwayi (Allen, 1876)","Aves","Pelecaniformes","Threskiornithidae","Plegadis",1,"GBIF","eBird",2020,2020,9,FALSE,"Plegadis ridgwayi","Least Concern","22697429","Preocupación Menor (LC)",FALSE
"Chinchaypujio","Poissonia orbicularis","Flora","Poissonia orbicularis (Benth.) Hauman","Magnoliopsida","Fabales","Fabaceae","Poissonia",1,"GBIF","Otros conjuntos mediados por GBIF",NA,NA,3,FALSE,"---","---",NA,"No Evaluada (NE)",FALSE
"Chinchaypujio","Poospizopsis caesar","Fauna","Poospizopsis caesar (P.L.Sclater & Salvin, 1869)","Aves","Passeriformes","Thraupidae","Poospizopsis",1,"GBIF","eBird",2020,2020,9,FALSE,"Poospizopsis caesar","Least Concern","22723282","Preocupación Menor (LC)",FALSE
"Chinchaypujio","Porphyrio martinica","Fauna","Porphyrio martinica (Linnaeus, 1766)","Aves","Gruiformes","Rallidae","Porphyrio",1,"GBIF","eBird",2023,2023,2,FALSE,"---","---",NA,"No Evaluada (NE)",FALSE
"Chinchaypujio","Pseudocrossidium replicatum","Flora","Pseudocrossidium replicatum (Taylor) R.H.Zander","Bryopsida","Pottiales","Pottiaceae","Pseudocrossidium",1,"GBIF","Otros conjuntos mediados por GBIF",1973,1973,2,FALSE,"---","---",NA,"No Evaluada (NE)",FALSE
"Chinchaypujio","Ribes cuneifolium","Flora","Ribes cuneifolium","Magnoliopsida","Saxifragales","Grossulariaceae","Ribes",1,"iNaturalist","iNaturalist",2022,2022,3,FALSE,"---","---",NA,"No Evaluada (NE)",FALSE
"Chinchaypujio","Sagenotortula quitoensis","Flora","Sagenotortula quitoensis (Taylor) R.H.Zander","Bryopsida","Pottiales","Pottiaceae","Sagenotortula",1,"GBIF","Otros conjuntos mediados por GBIF",1973,1973,1,TRUE,"---","---",NA,"No Evaluada (NE)",FALSE
"Chinchaypujio","Solanum ochranthum","Flora","Solanum ochranthum Humb. & Bonpl. ex Dunal","Magnoliopsida","Solanales","Solanaceae","Solanum",1,"GBIF","Otros conjuntos mediados por GBIF",NA,NA,3,FALSE,"Solanum ochranthum","Least Concern","101528214","Preocupación Menor (LC)",FALSE
"Chinchaypujio","Syntrichia fragilis","Flora","Syntrichia fragilis (Taylor) Ochyra","Bryopsida","Pottiales","Pottiaceae","Syntrichia",1,"GBIF","Otros conjuntos mediados por GBIF",1973,1973,2,FALSE,"---","---",NA,"No Evaluada (NE)",FALSE
"Chinchaypujio","Theristicus melanopis","Fauna","Theristicus branickii","Aves","Pelecaniformes","Threskiornithidae","Theristicus",1,"iNaturalist","iNaturalist",2017,2017,7,FALSE,"Theristicus melanopis","Least Concern","22734000","Preocupación Menor (LC)",FALSE
"Chinchaypujio","Trichostomopsis australasiae","Flora","Didymodon australasiae (Hook. & Grev.) R.H.Zander","Bryopsida","Pottiales","Pottiaceae","Trichostomopsis",1,"GBIF","Otros conjuntos mediados por GBIF",1973,1973,1,TRUE,"---","---",NA,"No Evaluada (NE)",FALSE
"Chinchaypujio","Vanellus resplendens","Fauna","Vanellus resplendens (Tschudi, 1843)","Aves","Charadriiformes","Charadriidae","Vanellus",1,"GBIF","eBird",2020,2020,8,FALSE,"Vanellus resplendens","Least Concern","22694078","Preocupación Menor (LC)",FALSE
"Chinchaypujio","Vicia faba","Flora","Vicia faba L.","Magnoliopsida","Fabales","Fabaceae","Vicia",1,"GBIF","Otros conjuntos mediados por GBIF",NA,NA,2,FALSE,"---","---",NA,"No Evaluada (NE)",FALSE
"Chinchaypujio","Xenodacnis parina","Fauna","Xenodacnis parina Cabanis, 1873","Aves","Passeriformes","Thraupidae","Xenodacnis",1,"GBIF","eBird",2020,2020,8,FALSE,"Xenodacnis parina","Least Concern","103839796","Preocupación Menor (LC)",FALSE
"Chinchaypujio","Zephyranthes andina","Flora","Zephyranthes andina","Liliopsida","Asparagales","Amaryllidaceae","Zephyranthes",1,"iNaturalist","iNaturalist",2022,2022,2,FALSE,"---","---",NA,"No Evaluada (NE)",FALSE
"Huarocondo","Turdus chiguanco","Fauna","Turdus chiguanco Orbigny & Lafresnaye, 1837","Aves","Passeriformes","Turdidae","Turdus",47,"GBIF","eBird",2013,2024,9,FALSE,"Turdus chiguanco","Least Concern","103889964","Preocupación Menor (LC)",FALSE
"Huarocondo","Corryocactus erectus","Flora","Corryocactus erectus","Magnoliopsida","Caryophyllales","Cactaceae","Corryocactus",43,"iNaturalist","iNaturalist",1996,2026,3,FALSE,"Corryocactus erectus","Vulnerable","152189","Vulnerable (VU)",TRUE
"Huarocondo","Patagioenas maculosa","Fauna","Patagioenas maculosa (Temminck, 1813)","Aves","Columbiformes","Columbidae","Patagioenas",38,"GBIF / iNaturalist","eBird / iNaturalist",2016,2026,9,FALSE,"Patagioenas maculosa","Least Concern","22728285","Preocupación Menor (LC)",FALSE
"Huarocondo","Anas flavirostris","Fauna","Anas flavirostris Vieillot, 1816","Aves","Anseriformes","Anatidae","Anas",37,"GBIF","eBird",2016,2024,9,FALSE,"Anas flavirostris","---","22735557_1","No Evaluada (NE)",FALSE
"Huarocondo","Plegadis ridgwayi","Fauna","Plegadis ridgwayi (Allen, 1876)","Aves","Pelecaniformes","Threskiornithidae","Plegadis",37,"GBIF / iNaturalist","eBird / iNaturalist",2016,2026,9,FALSE,"Plegadis ridgwayi","Least Concern","22697429","Preocupación Menor (LC)",FALSE
"Huarocondo","Chroicocephalus serranus","Fauna","Chroicocephalus serranus (Tschudi, 1844)","Aves","Charadriiformes","Laridae","Chroicocephalus",34,"GBIF","eBird",2018,2024,9,FALSE,"---","---",NA,"No Evaluada (NE)",FALSE
"Huarocondo","Columba livia","Fauna","Columba livia J.F.Gmelin, 1789","Aves","Columbiformes","Columbidae","Columba",31,"GBIF","eBird",2016,2024,9,FALSE,"Columba livia","Least Concern","22690066","Preocupación Menor (LC)",FALSE
"Huarocondo","Buteo polyosoma","Fauna","Geranoaetus polyosoma (Quoy & Gaimard, 1824)","Aves","Accipitriformes","Accipitridae","Buteo",28,"GBIF","eBird",2016,2024,7,FALSE,"---","---",NA,"No Evaluada (NE)",FALSE
"Huarocondo","Zonotrichia capensis","Fauna","Zonotrichia capensis (P.L.S.Müller, 1776)","Aves","Passeriformes","Passerellidae","Zonotrichia",28,"GBIF","eBird",2016,2024,9,FALSE,"Zonotrichia capensis","Least Concern","22721079","Preocupación Menor (LC)",FALSE
"Huarocondo","Falco sparverius","Fauna","Falco sparverius Linnaeus, 1758","Aves","Falconiformes","Falconidae","Falco",24,"GBIF","eBird",2017,2024,9,FALSE,"Falco sparverius","Least Concern","22696395","Preocupación Menor (LC)",FALSE
"Huarocondo","Asthenes ottonis","Fauna","Asthenes ottonis (Berlepsch, 1901)","Aves","Passeriformes","Furnariidae","Asthenes",21,"GBIF","eBird",2022,2024,8,FALSE,"Asthenes ottonis","Least Concern","22702497","Preocupación Menor (LC)",FALSE
"Huarocondo","Merganetta armata","Fauna","Merganetta armata Gould, 1842","Aves","Anseriformes","Anatidae","Merganetta",21,"GBIF / iNaturalist","eBird / iNaturalist",2018,2024,6,FALSE,"Merganetta armata","Least Concern","22680118","Preocupación Menor (LC)",FALSE
"Huarocondo","Vanellus resplendens","Fauna","Vanellus resplendens (Tschudi, 1843)","Aves","Charadriiformes","Charadriidae","Vanellus",21,"GBIF","eBird",2018,2024,8,FALSE,"Vanellus resplendens","Least Concern","22694078","Preocupación Menor (LC)",FALSE
"Huarocondo","Troglodytes musculus","Fauna","Troglodytes musculus J.F.Naumann, 1823","Aves","Passeriformes","Troglodytidae","Troglodytes",20,"GBIF","eBird",2013,2024,8,FALSE,"---","---",NA,"No Evaluada (NE)",FALSE
"Huarocondo","Aeronautes andecolus","Fauna","Aeronautes andecolus (d'Orbigny & Lafresnaye, 1837)","Aves","Apodiformes","Apodidae","Aeronautes",19,"GBIF","eBird",2013,2024,7,FALSE,"Aeronautes andecolus","Least Concern","22686739","Preocupación Menor (LC)",FALSE
"Huarocondo","Ochthoeca leucophrys","Fauna","Ochthoeca leucophrys (Orbigny & Lafresnaye, 1837)","Aves","Passeriformes","Tyrannidae","Ochthoeca",19,"GBIF","eBird",2022,2024,8,FALSE,"Ochthoeca leucophrys","Least Concern","22699943","Preocupación Menor (LC)",FALSE
"Huarocondo","Spinus magellanicus","Fauna","Spinus magellanicus (Vieillot, 1805)","Aves","Passeriformes","Fringillidae","Spinus",19,"GBIF / iNaturalist","eBird / iNaturalist",2013,2024,9,FALSE,"Spinus magellanicus","Least Concern","22720383","Preocupación Menor (LC)",FALSE
"Huarocondo","Anas georgica","Fauna","Anas georgica J.F.Gmelin, 1789","Aves","Anseriformes","Anatidae","Anas",18,"GBIF","eBird",2016,2024,8,FALSE,"Anas georgica","Least Concern","22680310","Preocupación Menor (LC)",FALSE
"Huarocondo","Spatula cyanoptera","Fauna","Spatula cyanoptera (Vieillot, 1816)","Aves","Anseriformes","Anatidae","Spatula",18,"GBIF","eBird",2016,2024,7,FALSE,"Spatula cyanoptera","Least Concern","22680233","Preocupación Menor (LC)",FALSE
"Huarocondo","Catamenia analis","Fauna","Catamenia analis (d'Orbigny & Lafresnaye, 1837)","Aves","Passeriformes","Thraupidae","Catamenia",16,"GBIF","eBird",2013,2024,9,FALSE,"Catamenia analis","Least Concern","22723570","Preocupación Menor (LC)",FALSE
"Huarocondo","Cinclodes atacamensis","Fauna","Cinclodes atacamensis (Philippi, 1857)","Aves","Passeriformes","Furnariidae","Cinclodes",16,"GBIF / iNaturalist","eBird / iNaturalist",2003,2024,8,FALSE,"Cinclodes atacamensis","Least Concern","22702114","Preocupación Menor (LC)",FALSE
"Huarocondo","Fulica ardesiaca","Fauna","Fulica ardesiaca Tschudi, 1843","Aves","Gruiformes","Rallidae","Fulica",16,"GBIF","eBird",2016,2024,8,FALSE,"Fulica ardesiaca","Least Concern","22692932","Preocupación Menor (LC)",FALSE
"Huarocondo","Oreonympha nobilis","Fauna","Oreonympha nobilis Gould, 1869","Aves","Apodiformes","Trochilidae","Oreonympha",16,"GBIF / iNaturalist","eBird / iNaturalist / Observation.org",2010,2024,6,FALSE,"Oreonympha nobilis","Least Concern","22727923","Preocupación Menor (LC)",FALSE
"Huarocondo","Bubulcus ibis","Fauna","Ardea ibis Linnaeus, 1758","Aves","Pelecaniformes","Ardeidae","Bubulcus",15,"GBIF","eBird",2017,2024,8,FALSE,"Bubulcus ibis","Least Concern","22697109","Preocupación Menor (LC)",FALSE
"Huarocondo","Phrygilus punensis","Fauna","Phrygilus punensis Ridgway, 1887","Aves","Passeriformes","Thraupidae","Phrygilus",14,"GBIF","eBird",2013,2024,8,FALSE,"Phrygilus punensis","Least Concern","22723064","Preocupación Menor (LC)",FALSE
"Huarocondo","Colibri coruscans","Fauna","Colibri coruscans (Gould, 1846)","Aves","Apodiformes","Trochilidae","Colibri",13,"GBIF","eBird",2013,2024,9,FALSE,"Colibri coruscans","Least Concern","22687114","Preocupación Menor (LC)",FALSE
"Huarocondo","Gallinula chloropus","Fauna","Gallinula galeata (Lichtenstein & Mhc, 1818)","Aves","Gruiformes","Rallidae","Gallinula",13,"GBIF","eBird",2016,2024,8,FALSE,"Gallinula chloropus","Least Concern","62120190","Preocupación Menor (LC)",FALSE
"Huarocondo","Nycticorax nycticorax","Fauna","Nycticorax nycticorax (Linnaeus, 1758)","Aves","Pelecaniformes","Ardeidae","Nycticorax",13,"GBIF","eBird",2016,2024,6,FALSE,"Nycticorax nycticorax","Least Concern","22697211","Preocupación Menor (LC)",FALSE
"Huarocondo","Metriopelia ceciliae","Fauna","Metriopelia ceciliae (R.Lesson, 1845)","Aves","Columbiformes","Columbidae","Metriopelia",12,"GBIF","eBird",2016,2024,6,FALSE,"Metriopelia ceciliae","Least Concern","22690829","Preocupación Menor (LC)",FALSE
"Huarocondo","Zenaida auriculata","Fauna","Zenaida auriculata (Des Murs, 1847)","Aves","Columbiformes","Columbidae","Zenaida",12,"GBIF","eBird",2013,2023,8,FALSE,"Zenaida auriculata","Least Concern","22690747","Preocupación Menor (LC)",FALSE
"Huarocondo","Cinclus leucocephalus","Fauna","Cinclus leucocephalus Tschudi, 1844","Aves","Passeriformes","Cinclidae","Cinclus",11,"GBIF","eBird",2003,2024,5,FALSE,"Cinclus leucocephalus","Least Concern","22708166","Preocupación Menor (LC)",FALSE
"Huarocondo","Poospizopsis caesar","Fauna","Poospizopsis caesar (P.L.Sclater & Salvin, 1869)","Aves","Passeriformes","Thraupidae","Poospizopsis",10,"GBIF","eBird",2013,2024,9,FALSE,"Poospizopsis caesar","Least Concern","22723282","Preocupación Menor (LC)",FALSE
"Huarocondo","Conirostrum cinereum","Fauna","Conirostrum cinereum d'Orbigny & Lafresnaye, 1838","Aves","Passeriformes","Thraupidae","Conirostrum",9,"GBIF","eBird",2022,2023,7,FALSE,"Conirostrum cinereum","Least Concern","22722096","Preocupación Menor (LC)",FALSE
"Huarocondo","Diglossa brunneiventris","Fauna","Diglossa brunneiventris Lafresnaye, 1846","Aves","Passeriformes","Thraupidae","Diglossa",9,"GBIF","eBird",2013,2024,7,FALSE,"Diglossa brunneiventris","Least Concern","22723677","Preocupación Menor (LC)",FALSE
"Huarocondo","Geospizopsis plebejus","Fauna","Geospizopsis plebejus (Tschudi, 1844)","Aves","Passeriformes","Thraupidae","Geospizopsis",9,"GBIF","eBird",2013,2024,8,FALSE,"Geospizopsis plebejus","Least Concern","22723100","Preocupación Menor (LC)",FALSE
"Huarocondo","Lesbia victoriae","Fauna","Lesbia victoriae (Bourcier & Mulsant, 1846)","Aves","Apodiformes","Trochilidae","Lesbia",9,"GBIF","eBird",2013,2024,8,FALSE,"Lesbia victoriae","Least Concern","22687971","Preocupación Menor (LC)",FALSE
"Huarocondo","Serpophaga cinerea","Fauna","Serpophaga cinerea (Tschudi, 1844)","Aves","Passeriformes","Tyrannidae","Serpophaga",9,"GBIF","eBird",2003,2023,3,FALSE,"Serpophaga cinerea","Least Concern","22699331","Preocupación Menor (LC)",FALSE
"Huarocondo","Aglaeactis cupripennis","Fauna","Aglaeactis cupripennis (Bourcier, 1843)","Aves","Apodiformes","Trochilidae","Aglaeactis",8,"GBIF / iNaturalist","eBird / iNaturalist",2013,2023,8,FALSE,"Aglaeactis cupripennis","Least Concern","22687788","Preocupación Menor (LC)",FALSE
"Huarocondo","Cinclodes fuscus","Fauna","Cinclodes albiventris (Philippi & Landbeck, 1861)","Aves","Passeriformes","Furnariidae","Cinclodes",8,"GBIF","eBird",2013,2024,8,FALSE,"Cinclodes fuscus","---","22736220_1","No Evaluada (NE)",FALSE
"Huarocondo","Cranioleuca albicapilla","Fauna","Cranioleuca albicapilla (Cabanis, 1873)","Aves","Passeriformes","Furnariidae","Cranioleuca",8,"GBIF","eBird",2022,2024,8,FALSE,"Cranioleuca albicapilla","Least Concern","22702448","Preocupación Menor (LC)",FALSE
"Huarocondo","Metallura tyrianthina","Fauna","Metallura tyrianthina (Loddiges, 1832)","Aves","Apodiformes","Trochilidae","Metallura",8,"GBIF","eBird",2023,2023,8,FALSE,"Metallura tyrianthina","Least Concern","22688015","Preocupación Menor (LC)",FALSE
"Huarocondo","Patagona gigas","Fauna","Patagona gigas (Vieillot, 1824)","Aves","Apodiformes","Trochilidae","Patagona",8,"GBIF / iNaturalist","eBird / iNaturalist",2017,2024,8,FALSE,"Patagona gigas","Least Concern","22687785","Preocupación Menor (LC)",FALSE
"Huarocondo","Rhopospina fruticeti","Fauna","Rhopospina fruticeti (Kittlitz, 1833)","Aves","Passeriformes","Thraupidae","Rhopospina",8,"GBIF","eBird",2013,2024,8,FALSE,"Rhopospina fruticeti","Least Concern","22723080","Preocupación Menor (LC)",FALSE
"Huarocondo","Colaptes rupicola","Fauna","Colaptes rupicola d'Orbigny, 1840","Aves","Piciformes","Picidae","Colaptes",7,"GBIF","eBird",2016,2024,9,FALSE,"Colaptes rupicola","Least Concern","22726426","Preocupación Menor (LC)",FALSE
"Huarocondo","Saltator aurantiirostris","Fauna","Saltator aurantiirostris Vieillot, 1817","Aves","Passeriformes","Thraupidae","Saltator",7,"GBIF","eBird",2013,2022,9,FALSE,"Saltator aurantiirostris","Least Concern","22723892","Preocupación Menor (LC)",FALSE
"Huarocondo","Akodon boliviensis","Fauna","Akodon boliviensis Meyen, 1833","Mammalia","Rodentia","Cricetidae","Akodon",6,"GBIF","Otros conjuntos mediados por GBIF",1915,1915,1,TRUE,"Akodon boliviensis","Least Concern","728","Preocupación Menor (LC)",FALSE
"Huarocondo","Geospizopsis unicolor","Fauna","Geospizopsis unicolor (d'Orbigny & Lafresnaye, 1837)","Aves","Passeriformes","Thraupidae","Geospizopsis",6,"GBIF","eBird",2013,2024,5,FALSE,"Geospizopsis unicolor","Least Concern","22723085","Preocupación Menor (LC)",FALSE
"Huarocondo","Oreotrochilus estella","Fauna","Oreotrochilus estella (d'Orbigny, 1838)","Aves","Apodiformes","Trochilidae","Oreotrochilus",6,"GBIF","eBird",2017,2024,6,FALSE,"Oreotrochilus estella","Least Concern","60946163","Preocupación Menor (LC)",FALSE
"Huarocondo","Porphyrospiza alaudina","Fauna","Rhopospina alaudina (Kittlitz, 1833)","Aves","Passeriformes","Thraupidae","Porphyrospiza",6,"GBIF","eBird",2016,2024,5,FALSE,"---","---",NA,"No Evaluada (NE)",FALSE
"Huarocondo","Rauenia bonariensis","Fauna","Rauenia bonariensis (J.F.Gmelin, 1789)","Aves","Passeriformes","Thraupidae","Rauenia",6,"GBIF","eBird",2019,2024,8,FALSE,"---","---",NA,"No Evaluada (NE)",FALSE
"Huarocondo","Solanum brevicaule","Flora","Solanum sparsipilum (Bitter) Juz. & Bukasov","Magnoliopsida","Solanales","Solanaceae","Solanum",6,"GBIF","Otros conjuntos mediados por GBIF",1974,1974,8,FALSE,"Solanum brevicaule","Least Concern","71779365","Preocupación Menor (LC)",FALSE
"Huarocondo","Turdus fuscater","Fauna","Turdus fuscater Orbigny & Lafresnaye, 1837","Aves","Passeriformes","Turdidae","Turdus",6,"GBIF","eBird",2018,2022,7,FALSE,"Turdus fuscater","Least Concern","22708848","Preocupación Menor (LC)",FALSE
"Huarocondo","Aglaeactis castelnaudii","Fauna","Aglaeactis castelnaudii (Bourcier & Mulsant, 1848)","Aves","Apodiformes","Trochilidae","Aglaeactis",5,"GBIF / iNaturalist","eBird / iNaturalist",2013,2026,6,FALSE,"Aglaeactis castelnaudii","Near Threatened","22687791","Casi Amenazada (NT)",FALSE
"Huarocondo","Aratinga mitrata","Fauna","Psittacara mitratus (Tschudi, 1844)","Aves","Psittaciformes","Psittacidae","Aratinga",5,"GBIF / iNaturalist","eBird / iNaturalist",2022,2023,7,FALSE,"---","---",NA,"No Evaluada (NE)",FALSE
"Huarocondo","Cantua buxifolia","Flora","Cantua buxifolia","Magnoliopsida","Ericales","Polemoniaceae","Cantua",5,"iNaturalist","iNaturalist",2012,2026,5,FALSE,"Cantua buxifolia","Least Concern","146078128","Preocupación Menor (LC)",FALSE
"Huarocondo","Chloephaga melanoptera","Fauna","Oressochen melanopterus (Eyton, 1838)","Aves","Anseriformes","Anatidae","Chloephaga",5,"GBIF","eBird",2019,2024,7,FALSE,"Chloephaga melanoptera","Least Concern","22679972","Preocupación Menor (LC)",FALSE
"Huarocondo","Falco femoralis","Fauna","Falco femoralis Temminck, 1822","Aves","Falconiformes","Falconidae","Falco",5,"GBIF","eBird",2019,2023,8,FALSE,"Falco femoralis","Least Concern","22696450","Preocupación Menor (LC)",FALSE
"Huarocondo","Geranoaetus melanoleucus","Fauna","Geranoaetus melanoleucus (Vieillot, 1819)","Aves","Accipitriformes","Accipitridae","Geranoaetus",5,"GBIF","eBird",2022,2024,8,FALSE,"Geranoaetus melanoleucus","Least Concern","22695845","Preocupación Menor (LC)",FALSE
"Huarocondo","Muscisaxicola rufivertex","Fauna","Muscisaxicola rufivertex Orbigny & Lafresnaye, 1837","Aves","Passeriformes","Tyrannidae","Muscisaxicola",5,"GBIF","eBird",2013,2024,8,FALSE,"Muscisaxicola rufivertex","Least Concern","103683296","Preocupación Menor (LC)",FALSE
"Huarocondo","Notiochelidon murina","Fauna","Orochelidon murina (Cassin, 1853)","Aves","Passeriformes","Hirundinidae","Notiochelidon",5,"GBIF","eBird",2016,2022,8,FALSE,"---","---",NA,"No Evaluada (NE)",FALSE
"Huarocondo","Ochthoeca rufipectoralis","Fauna","Ochthoeca rufipectoralis (Orbigny & Lafresnaye, 1837)","Aves","Passeriformes","Tyrannidae","Ochthoeca",5,"GBIF","eBird",2013,2023,6,FALSE,"Ochthoeca rufipectoralis","Least Concern","22699930","Preocupación Menor (LC)",FALSE
"Huarocondo","Pheucticus aureoventris","Fauna","Pheucticus aureoventris (d'Orbigny & Lafresnaye, 1837)","Aves","Passeriformes","Cardinalidae","Pheucticus",5,"GBIF","eBird",2017,2023,7,FALSE,"Pheucticus aureoventris","Least Concern","22723810","Preocupación Menor (LC)",FALSE
"Huarocondo","Solanum bukasovii","Flora","Solanum bukasovii Juz.","Magnoliopsida","Solanales","Solanaceae","Solanum",5,"GBIF","Otros conjuntos mediados por GBIF",NA,NA,3,FALSE,"---","---",NA,"No Evaluada (NE)",FALSE
"Huarocondo","Tringa melanoleuca","Fauna","Tringa melanoleuca (J.F.Gmelin, 1789)","Aves","Charadriiformes","Scolopacidae","Tringa",5,"GBIF","eBird",2016,2023,5,FALSE,"Tringa melanoleuca","Near Threatened","22693231","Casi Amenazada (NT)",FALSE
"Huarocondo","Asthenes virgata","Fauna","Asthenes virgata (P.L.Sclater, 1874)","Aves","Passeriformes","Furnariidae","Asthenes",4,"GBIF","eBird",2024,2024,5,FALSE,"Asthenes virgata","Least Concern","22702575","Preocupación Menor (LC)",FALSE
"Huarocondo","Escallonia resinosa","Flora","Escallonia resinosa","Magnoliopsida","Escalloniales","Escalloniaceae","Escallonia",4,"iNaturalist","iNaturalist",2021,2026,5,FALSE,"Escallonia resinosa","Near Threatened","42532740","Casi Amenazada (NT)",FALSE
"Huarocondo","Oxyura ferruginea","Fauna","Oxyura ferruginea (Eyton, 1838)","Aves","Anseriformes","Anatidae","Oxyura",4,"GBIF","eBird",2016,2019,4,FALSE,"Oxyura ferruginea","Least Concern","22727757","Preocupación Menor (LC)",FALSE
"Huarocondo","Sicalis olivascens","Fauna","Sicalis olivascens (d'Orbigny & Lafresnaye, 1837)","Aves","Passeriformes","Thraupidae","Sicalis",4,"GBIF","eBird",2018,2024,4,FALSE,"Sicalis olivascens","Least Concern","103838515","Preocupación Menor (LC)",FALSE
"Huarocondo","Spatula puna","Fauna","Spatula puna (Tschudi, 1844)","Aves","Anseriformes","Anatidae","Spatula",4,"GBIF","eBird",2016,2019,6,FALSE,"Spatula puna","Least Concern","22680326","Preocupación Menor (LC)",FALSE
"Huarocondo","Asio flammeus","Fauna","Asio flammeus (Pontoppidan, 1763)","Aves","Strigiformes","Strigidae","Asio",3,"GBIF","eBird",2023,2023,3,FALSE,"Asio flammeus","Least Concern","22689531","Preocupación Menor (LC)",FALSE
"Huarocondo","Auliscomys pictus","Fauna","Auliscomys pictus (Thomas, 1884)","Mammalia","Rodentia","Cricetidae","Auliscomys",3,"GBIF","Otros conjuntos mediados por GBIF",1915,1915,1,TRUE,"Auliscomys pictus","Least Concern","2397","Preocupación Menor (LC)",FALSE
"Huarocondo","Bolborhynchus orbygnesius","Fauna","Bolborhynchus orbygnesius (Souance, 1856)","Aves","Psittaciformes","Psittacidae","Bolborhynchus",3,"GBIF","eBird",2013,2023,4,FALSE,"Bolborhynchus orbygnesius","Least Concern","22685916","Preocupación Menor (LC)",FALSE
"Huarocondo","Catamenia inornata","Fauna","Catamenia inornata (Lafresnaye, 1847)","Aves","Passeriformes","Thraupidae","Catamenia",3,"GBIF","eBird",2022,2024,7,FALSE,"Catamenia inornata","Least Concern","22723573","Preocupación Menor (LC)",FALSE
"Huarocondo","Diglossa sittoides","Fauna","Diglossa sittoides (d'Orbigny & Lafresnaye, 1838)","Aves","Passeriformes","Thraupidae","Diglossa",3,"GBIF","eBird",2023,2024,6,FALSE,"Diglossa sittoides","Least Concern","22723644","Preocupación Menor (LC)",FALSE
"Huarocondo","Elliotomyia viridicauda","Fauna","Elliotomyia viridicauda (von Berlepsch, 1883)","Aves","Apodiformes","Trochilidae","Elliotomyia",3,"GBIF","eBird",2013,2017,4,FALSE,"Elliotomyia viridicauda","Least Concern","22687506","Preocupación Menor (LC)",FALSE
"Huarocondo","Lobivia hertrichiana","Flora","Lobivia hertrichiana","Magnoliopsida","Caryophyllales","Cactaceae","Lobivia",3,"iNaturalist","iNaturalist",2005,2024,1,TRUE,"---","---",NA,"No Evaluada (NE)",FALSE
"Huarocondo","Ochthoeca oenanthoides","Fauna","Ochthoeca oenanthoides (Orbigny & Lafresnaye, 1837)","Aves","Passeriformes","Tyrannidae","Ochthoeca",3,"GBIF","eBird",2022,2022,6,FALSE,"Ochthoeca oenanthoides","Least Concern","22699938","Preocupación Menor (LC)",FALSE
"Huarocondo","Phacellodomus striaticeps","Fauna","Phacellodomus striaticeps (Orbigny & Lafresnaye, 1838)","Aves","Passeriformes","Furnariidae","Phacellodomus",3,"GBIF","eBird",2022,2024,6,FALSE,"Phacellodomus striaticeps","Least Concern","22702613","Preocupación Menor (LC)",FALSE
"Huarocondo","Streptoprocne zonaris","Fauna","Streptoprocne zonaris (Shaw, 1796)","Aves","Apodiformes","Apodidae","Streptoprocne",3,"GBIF","eBird",2013,2022,6,FALSE,"Streptoprocne zonaris","Least Concern","22686476","Preocupación Menor (LC)",FALSE
"Huarocondo","Xenodacnis parina","Fauna","Xenodacnis parina Cabanis, 1873","Aves","Passeriformes","Thraupidae","Xenodacnis",3,"GBIF","eBird",2022,2024,8,FALSE,"Xenodacnis parina","Least Concern","103839796","Preocupación Menor (LC)",FALSE
"Huarocondo","Adesmia miraflorensis","Flora","Adesmia miraflorensis","Magnoliopsida","Fabales","Fabaceae","Adesmia",2,"iNaturalist","iNaturalist",2025,2025,1,TRUE,"---","---",NA,"No Evaluada (NE)",FALSE
"Huarocondo","Agelasticus thilius","Fauna","Agelasticus thilius (Molina, 1782)","Aves","Passeriformes","Icteridae","Agelasticus",2,"GBIF","eBird",2019,2019,4,FALSE,"Agelasticus thilius","Least Concern","22724178","Preocupación Menor (LC)",FALSE
"Huarocondo","Agriornis montanus","Fauna","Agriornis montanus (Orbigny & Lafresnaye, 1837)","Aves","Passeriformes","Tyrannidae","Agriornis",2,"GBIF","eBird",2022,2022,6,FALSE,"Agriornis montanus","Least Concern","22700072","Preocupación Menor (LC)",FALSE
"Huarocondo","Ampelion rubrocristatus","Fauna","Ampelion rubrocristatus (Orbigny & Lafresnaye, 1837)","Aves","Passeriformes","Cotingidae","Ampelion",2,"GBIF","eBird",2022,2023,8,FALSE,"Ampelion rubrocristatus","Least Concern","22700753","Preocupación Menor (LC)",FALSE
"Huarocondo","Asthenes modesta","Fauna","Asthenes modesta (Eyton, 1851)","Aves","Passeriformes","Furnariidae","Asthenes",2,"GBIF","eBird",2024,2024,4,FALSE,"Asthenes modesta","Least Concern","22702511","Preocupación Menor (LC)",FALSE
"Huarocondo","Athene cunicularia","Fauna","Athene cunicularia (Molina, 1782)","Aves","Strigiformes","Strigidae","Athene",2,"GBIF","eBird",2016,2024,5,FALSE,"Athene cunicularia","Least Concern","22689353","Preocupación Menor (LC)",FALSE
"Huarocondo","Austrocylindropuntia floccosa","Flora","Austrocylindropuntia floccosa (Salm-Dyck) F.Ritter","Magnoliopsida","Caryophyllales","Cactaceae","Austrocylindropuntia",2,"GBIF / iNaturalist","iNaturalist / Otros conjuntos mediados por GBIF",2007,2025,2,FALSE,"Austrocylindropuntia floccosa","Least Concern","152545","Preocupación Menor (LC)",FALSE
"Huarocondo","Cathartes aura","Fauna","Cathartes aura (Linnaeus, 1758)","Aves","Accipitriformes","Cathartidae","Cathartes",2,"GBIF","eBird",2022,2023,7,FALSE,"Cathartes aura","Least Concern","22697627","Preocupación Menor (LC)",FALSE
"Huarocondo","Duranta armata","Flora","Duranta armata","Magnoliopsida","Lamiales","Verbenaceae","Duranta",2,"iNaturalist","iNaturalist",2018,2022,1,TRUE,"Duranta armata","near threatened","36896","No Evaluada (NE)",FALSE
"Huarocondo","Elaenia pallatangae","Fauna","Elaenia pallatangae P.L.Sclater, 1862","Aves","Passeriformes","Tyrannidae","Elaenia",2,"GBIF","eBird",2024,2024,5,FALSE,"Elaenia pallatangae","Least Concern","103681315","Preocupación Menor (LC)",FALSE
"Huarocondo","Elliotomyia chionogaster","Fauna","Elliotomyia chionogaster (Tschudi, 1846)","Aves","Apodiformes","Trochilidae","Elliotomyia",2,"GBIF","eBird",2013,2022,7,FALSE,"Elliotomyia chionogaster","Least Concern","22687509","Preocupación Menor (LC)",FALSE
"Huarocondo","Haplochelidon andecola","Fauna","Orochelidon andecola (d'Orbigny & Lafresnaye, 1837)","Aves","Passeriformes","Hirundinidae","Haplochelidon",2,"GBIF","eBird",2013,2022,7,FALSE,"---","---",NA,"No Evaluada (NE)",FALSE
"Huarocondo","Itylos koa","Fauna","Itylos koa","Insecta","Lepidoptera","Lycaenidae","Itylos",2,"iNaturalist","iNaturalist",2025,2025,1,TRUE,"---","---",NA,"No Evaluada (NE)",FALSE
"Huarocondo","Lesbia nuna","Fauna","Lesbia nuna (R.Lesson, 1832)","Aves","Apodiformes","Trochilidae","Lesbia",2,"GBIF","eBird",2023,2023,8,FALSE,"Lesbia nuna","Least Concern","22687974","Preocupación Menor (LC)",FALSE
"Huarocondo","Muscisaxicola juninensis","Fauna","Muscisaxicola juninensis Taczanowski, 1884","Aves","Passeriformes","Tyrannidae","Muscisaxicola",2,"GBIF","eBird",2024,2024,4,FALSE,"Muscisaxicola juninensis","Least Concern","22700168","Preocupación Menor (LC)",FALSE
"Huarocondo","Myiotheretes striaticollis","Fauna","Myiotheretes striaticollis (P.L.Sclater, 1853)","Aves","Passeriformes","Tyrannidae","Myiotheretes",2,"GBIF","eBird",2022,2024,6,FALSE,"Myiotheretes striaticollis","Least Concern","22699987","Preocupación Menor (LC)",FALSE
"Huarocondo","Nothoprocta ornata","Fauna","Nothoprocta ornata (G.R.Gray, 1867)","Aves","Tinamiformes","Tinamidae","Nothoprocta",2,"GBIF","eBird",2016,2023,7,FALSE,"Nothoprocta ornata","Least Concern","22678254","Preocupación Menor (LC)",FALSE
"Huarocondo","Phalaropus tricolor","Fauna","Phalaropus tricolor (Vieillot, 1819)","Aves","Charadriiformes","Scolopacidae","Phalaropus",2,"GBIF","eBird",2016,2016,3,FALSE,"---","---",NA,"No Evaluada (NE)",FALSE
"Huarocondo","Podiceps occipitalis","Fauna","Podiceps occipitalis Garnot, 1826","Aves","Podicipediformes","Podicipedidae","Podiceps",2,"GBIF","eBird",2016,2016,3,FALSE,"Podiceps occipitalis","Least Concern","62114375","Preocupación Menor (LC)",FALSE
"Huarocondo","Puya cochabambensis","Flora","Puya cochabambensis","Liliopsida","Poales","Bromeliaceae","Puya",2,"iNaturalist","iNaturalist",2024,2024,2,FALSE,"Puya cochabambensis","Vulnerable","131347585","Vulnerable (VU)",TRUE
"Huarocondo","Rollandia rolland","Fauna","Rollandia rolland (Quoy & Gaimard, 1824)","Aves","Podicipediformes","Podicipedidae","Rollandia",2,"GBIF","eBird",2016,2016,7,FALSE,"Rollandia rolland","Least Concern","22696530","Preocupación Menor (LC)",FALSE
"Huarocondo","Sisyrinchium laxinervium","Flora","Sisyrinchium laxinervium Ravenna","Liliopsida","Asparagales","Iridaceae","Sisyrinchium",2,"GBIF","Otros conjuntos mediados por GBIF",2011,2011,1,TRUE,"---","---",NA,"No Evaluada (NE)",FALSE
"Huarocondo","Theristicus melanopis","Fauna","Theristicus branickii","Aves","Pelecaniformes","Threskiornithidae","Theristicus",2,"iNaturalist","iNaturalist",2018,2022,7,FALSE,"Theristicus melanopis","Least Concern","22734000","Preocupación Menor (LC)",FALSE
"Huarocondo","Tillandsia usneoides","Flora","Tillandsia usneoides (L.) L.","Liliopsida","Poales","Bromeliaceae","Tillandsia",2,"GBIF / iNaturalist","iNaturalist / Otros conjuntos mediados por GBIF",1982,2025,3,FALSE,"Tillandsia usneoides","Least Concern","131368905","Preocupación Menor (LC)",FALSE
"Huarocondo","Tringa flavipes","Fauna","Tringa flavipes (J.F.Gmelin, 1789)","Aves","Charadriiformes","Scolopacidae","Tringa",2,"GBIF","eBird",2016,2016,6,FALSE,"Tringa flavipes","Vulnerable","22693235","Vulnerable (VU)",TRUE
"Huarocondo","Aeronautes montivagus","Fauna","Aeronautes montivagus (d'Orbigny & Lafresnaye, 1837)","Aves","Apodiformes","Apodidae","Aeronautes",1,"GBIF","eBird",2022,2022,4,FALSE,"Aeronautes montivagus","Least Concern","22686736","Preocupación Menor (LC)",FALSE
"Huarocondo","Alleniella andina","Flora","Neckera andina Mitt.","Bryopsida","Hypnales","Neckeraceae","Alleniella",1,"GBIF","Otros conjuntos mediados por GBIF",1944,1944,3,FALSE,"---","---",NA,"No Evaluada (NE)",FALSE
"Huarocondo","Alleniella chilensis","Flora","Neckera chilensis Schimp.","Bryopsida","Hypnales","Neckeraceae","Alleniella",1,"GBIF","Otros conjuntos mediados por GBIF",1944,1944,1,TRUE,"---","---",NA,"No Evaluada (NE)",FALSE
"Huarocondo","Alnus acuminata","Flora","Alnus acuminata","Magnoliopsida","Fagales","Betulaceae","Alnus",1,"iNaturalist","iNaturalist",2025,2025,3,FALSE,"Alnus acuminata","Least Concern","32025","Preocupación Menor (LC)",FALSE
"Huarocondo","Anairetes agraphia","Fauna","Uromyias agraphia (Chapman, 1919)","Aves","Passeriformes","Tyrannidae","Anairetes",1,"GBIF","eBird",2013,2013,2,FALSE,"---","---",NA,"No Evaluada (NE)",FALSE
"Huarocondo","Anairetes alpinus","Fauna","Anairetes alpinus (Carriker, 1933)","Aves","Passeriformes","Tyrannidae","Anairetes",1,"GBIF","eBird",2017,2017,3,FALSE,"Anairetes alpinus","Vulnerable","22699383","Vulnerable (VU)",TRUE
"Huarocondo","Anairetes flavirostris","Fauna","Anairetes flavirostris P.L.Sclater & Salvin, 1876","Aves","Passeriformes","Tyrannidae","Anairetes",1,"GBIF","eBird",2022,2022,8,FALSE,"Anairetes flavirostris","Least Concern","22699397","Preocupación Menor (LC)",FALSE
"Huarocondo","Anairetes parulus","Fauna","Anairetes parulus (Kittlitz, 1830)","Aves","Passeriformes","Tyrannidae","Anairetes",1,"GBIF","eBird",2023,2023,7,FALSE,"Anairetes parulus","Least Concern","22699406","Preocupación Menor (LC)",FALSE
"Huarocondo","Apis mellifera","Fauna","Apis mellifera","Insecta","Hymenoptera","Apidae","Apis",1,"iNaturalist","iNaturalist",2025,2025,4,FALSE,"---","---",NA,"No Evaluada (NE)",FALSE
"Huarocondo","Ara ararauna","Fauna","Ara ararauna","Aves","Psittaciformes","Psittacidae","Ara",1,"iNaturalist","iNaturalist",2025,2025,1,TRUE,"Ara ararauna","Least Concern","22685539","Preocupación Menor (LC)",FALSE
"Huarocondo","Ara severus","Fauna","Ara severus","Aves","Psittaciformes","Psittacidae","Ara",1,"iNaturalist","iNaturalist",2022,2022,1,TRUE,"Ara severus","Least Concern","22685577","Preocupación Menor (LC)",FALSE
"Huarocondo","Ardea alba","Fauna","Ardea alba Linnaeus, 1758","Aves","Pelecaniformes","Ardeidae","Ardea",1,"GBIF","eBird",2016,2016,7,FALSE,"Ardea alba","Least Concern","22697043","Preocupación Menor (LC)",FALSE
"Huarocondo","Asthenes maculicauda","Fauna","Asthenes maculicauda (Berlepsch, 1901)","Aves","Passeriformes","Furnariidae","Asthenes",1,"GBIF","eBird",2023,2023,1,TRUE,"Asthenes maculicauda","Least Concern","22702579","Preocupación Menor (LC)",FALSE
"Huarocondo","Baccharis trimera","Flora","Baccharis trimera (Less.) DC.","Magnoliopsida","Asterales","Asteraceae","Baccharis",1,"GBIF","Otros conjuntos mediados por GBIF",NA,NA,1,TRUE,"---","---",NA,"No Evaluada (NE)",FALSE
"Huarocondo","Berberis commutata","Flora","Berberis commutata Eichler","Magnoliopsida","Ranunculales","Berberidaceae","Berberis",1,"GBIF","Otros conjuntos mediados por GBIF",2006,2006,2,FALSE,"---","---",NA,"No Evaluada (NE)",FALSE
"Huarocondo","Bomarea involucrosa","Flora","Bomarea involucrosa","Liliopsida","Liliales","Alstroemeriaceae","Bomarea",1,"iNaturalist","iNaturalist",2025,2025,2,FALSE,"---","---",NA,"No Evaluada (NE)",FALSE
"Huarocondo","Brugmansia sanguinea","Flora","Brugmansia sanguinea","Magnoliopsida","Solanales","Solanaceae","Brugmansia",1,"iNaturalist","iNaturalist",2022,2022,2,FALSE,"Brugmansia sanguinea","Extinct in the Wild","51247690","No Evaluada (NE)",FALSE
"Huarocondo","Caiophora chuquitensis","Flora","Caiophora chuquitensis (Meyen) Urb. & Gilg","Magnoliopsida","Cornales","Loasaceae","Caiophora",1,"GBIF","Otros conjuntos mediados por GBIF",2007,2007,2,FALSE,"---","---",NA,"No Evaluada (NE)",FALSE
"Huarocondo","Calceolaria vaccinioides","Flora","Calceolaria vaccinioides","Magnoliopsida","Lamiales","Calceolariaceae","Calceolaria",1,"iNaturalist","iNaturalist",2026,2026,1,TRUE,"---","---",NA,"No Evaluada (NE)",FALSE
"Huarocondo","Calidris melanotos","Fauna","Calidris melanotos (Vieillot, 1819)","Aves","Charadriiformes","Scolopacidae","Calidris",1,"GBIF","eBird",2016,2016,3,FALSE,"Calidris melanotos","Least Concern","22693408","Preocupación Menor (LC)",FALSE
"Huarocondo","Calomys sorellus","Fauna","Hesperomys frida Thomas, 1917","Mammalia","Rodentia","Cricetidae","Calomys",1,"GBIF","Otros conjuntos mediados por GBIF",1915,1915,1,TRUE,"Calomys sorellus","Least Concern","3616","Preocupación Menor (LC)",FALSE
"Huarocondo","Chloraea reticulata","Flora","Chloraea reticulata","Liliopsida","Asparagales","Orchidaceae","Chloraea",1,"iNaturalist","iNaturalist",2026,2026,2,FALSE,"---","---",NA,"No Evaluada (NE)",FALSE
"Huarocondo","Circus cinereus","Fauna","Circus cinereus Vieillot, 1816","Aves","Accipitriformes","Accipitridae","Circus",1,"GBIF","eBird",2018,2018,5,FALSE,"Circus cinereus","Least Concern","22695393","Preocupación Menor (LC)",FALSE
"Huarocondo","Cirsium vulgare","Flora","Cirsium vulgare","Magnoliopsida","Asterales","Asteraceae","Cirsium",1,"iNaturalist","iNaturalist",2019,2019,4,FALSE,"---","---",NA,"No Evaluada (NE)",FALSE
"Huarocondo","Colibri cyanotus","Fauna","Colibri cyanotus (Bourcier, 1843)","Aves","Apodiformes","Trochilidae","Colibri",1,"GBIF","eBird",2013,2013,3,FALSE,"---","---",NA,"No Evaluada (NE)",FALSE
"Huarocondo","Elaenia albiceps","Fauna","Elaenia albiceps (Orbigny & Lafresnaye, 1837)","Aves","Passeriformes","Tyrannidae","Elaenia",1,"GBIF","eBird",2023,2023,5,FALSE,"Elaenia albiceps","Least Concern","22699271","Preocupación Menor (LC)",FALSE
"Huarocondo","Fuchsia apetala","Flora","Fuchsia apetala","Magnoliopsida","Myrtales","Onagraceae","Fuchsia",1,"iNaturalist","iNaturalist",2024,2024,4,FALSE,"---","---",NA,"No Evaluada (NE)",FALSE
"Huarocondo","Geositta tenuirostris","Fauna","Geositta tenuirostris (Lafresnaye, 1836)","Aves","Passeriformes","Furnariidae","Geositta",1,"GBIF","eBird",2016,2016,5,FALSE,"Geositta tenuirostris","Least Concern","22702009","Preocupación Menor (LC)",FALSE
"Huarocondo","Geranium smithianum","Flora","Geranium smithianum R.Knuth","Magnoliopsida","Geraniales","Geraniaceae","Geranium",1,"GBIF","Otros conjuntos mediados por GBIF",NA,NA,1,TRUE,"---","---",NA,"No Evaluada (NE)",FALSE
"Huarocondo","Grallaria andicolus","Fauna","Grallaria andicolus (Cabanis, 1873)","Aves","Passeriformes","Grallariidae","Grallaria",1,"GBIF","eBird",2022,2022,5,FALSE,"Grallaria andicolus","Least Concern","22703281","Preocupación Menor (LC)",FALSE
"Huarocondo","Hesperoxiphion pardalis","Flora","Hesperoxiphion pardalis","Liliopsida","Asparagales","Iridaceae","Hesperoxiphion",1,"iNaturalist","iNaturalist",2015,2015,1,TRUE,"---","---",NA,"No Evaluada (NE)",FALSE
"Huarocondo","Hieracium mandonii","Flora","Hieracium mandonii (Sch.Bip.) Arv.-Touv.","Magnoliopsida","Asterales","Asteraceae","Hieracium",1,"GBIF","Otros conjuntos mediados por GBIF",NA,NA,1,TRUE,"---","---",NA,"No Evaluada (NE)",FALSE
"Huarocondo","Hirundo rustica","Fauna","Hirundo rustica Linnaeus, 1758","Aves","Passeriformes","Hirundinidae","Hirundo",1,"GBIF","eBird",2013,2013,4,FALSE,"Hirundo rustica","Least Concern","22712252","Preocupación Menor (LC)",FALSE
"Huarocondo","Idiopsar speculifer","Fauna","Idiopsar speculifer","Aves","Passeriformes","Thraupidae","Idiopsar",1,"iNaturalist","iNaturalist",2015,2015,3,FALSE,"---","---",NA,"No Evaluada (NE)",FALSE
"Huarocondo","Junonia vestina","Fauna","Junonia vestina","Insecta","Lepidoptera","Nymphalidae","Junonia",1,"iNaturalist","iNaturalist",2024,2024,3,FALSE,"---","---",NA,"No Evaluada (NE)",FALSE
"Huarocondo","Kageneckia lanceolata","Flora","Kageneckia lanceolata","Magnoliopsida","Rosales","Rosaceae","Kageneckia",1,"iNaturalist","iNaturalist",2025,2025,1,TRUE,"Kageneckia lanceolata","Vulnerable","39030","Vulnerable (VU)",TRUE
"Huarocondo","Leptotes callanga","Fauna","Leptotes callanga","Insecta","Lepidoptera","Lycaenidae","Leptotes",1,"iNaturalist","iNaturalist",2025,2025,2,FALSE,"---","---",NA,"No Evaluada (NE)",FALSE
"Huarocondo","Linothele uniformis","Fauna","Linothele uniformis","Arachnida","Araneae","Dipluridae","Linothele",1,"iNaturalist","iNaturalist",2024,2024,1,TRUE,"---","---",NA,"No Evaluada (NE)",FALSE
"Huarocondo","Muscisaxicola griseus","Fauna","Muscisaxicola griseus Taczanowski, 1884","Aves","Passeriformes","Tyrannidae","Muscisaxicola",1,"GBIF","eBird",2013,2013,5,FALSE,"Muscisaxicola griseus","Least Concern","22733765","Preocupación Menor (LC)",FALSE
"Huarocondo","Myoxanthus oliviae","Flora","Myoxanthus oliviae","Liliopsida","Asparagales","Orchidaceae","Myoxanthus",1,"iNaturalist","iNaturalist",2016,2016,1,TRUE,"---","---",NA,"No Evaluada (NE)",FALSE
"Huarocondo","Nicotiana glauca","Flora","Nicotiana glauca","Magnoliopsida","Solanales","Solanaceae","Nicotiana",1,"iNaturalist","iNaturalist",2023,2023,2,FALSE,"Nicotiana glauca","Least Concern","120370204","Preocupación Menor (LC)",FALSE
"Huarocondo","Nicotiana tomentosa","Flora","Nicotiana tomentosa","Magnoliopsida","Solanales","Solanaceae","Nicotiana",1,"iNaturalist","iNaturalist",2004,2004,3,FALSE,"Nicotiana tomentosa","Least Concern","146118663","Preocupación Menor (LC)",FALSE
"Huarocondo","Nothoprocta pentlandii","Fauna","Nothoprocta pentlandii (G.R.Gray, 1867)","Aves","Tinamiformes","Tinamidae","Nothoprocta",1,"GBIF","eBird",2022,2022,6,FALSE,"Nothoprocta pentlandii","Least Concern","22678259","Preocupación Menor (LC)",FALSE
"Huarocondo","Notiochelidon cyanoleuca","Fauna","Pygochelidon cyanoleuca (Vieillot, 1817)","Aves","Passeriformes","Hirundinidae","Notiochelidon",1,"GBIF","eBird",2013,2013,4,FALSE,"---","---",NA,"No Evaluada (NE)",FALSE
"Huarocondo","Ochthoeca fumicolor","Fauna","Ochthoeca fumicolor P.L.Sclater, 1856","Aves","Passeriformes","Tyrannidae","Ochthoeca",1,"GBIF","eBird",2022,2022,5,FALSE,"Ochthoeca fumicolor","Least Concern","103682812","Preocupación Menor (LC)",FALSE
"Huarocondo","Passiflora pinnatistipula","Flora","Passiflora pinnatistipula Cav.","Magnoliopsida","Malpighiales","Passifloraceae","Passiflora",1,"GBIF","Otros conjuntos mediados por GBIF",NA,NA,2,FALSE,"---","---",NA,"No Evaluada (NE)",FALSE
"Huarocondo","Pheucticus chrysogaster","Fauna","Pheucticus chrysogaster (Lesson, 1832)","Aves","Passeriformes","Cardinalidae","Pheucticus",1,"GBIF","eBird",2013,2013,3,FALSE,"Pheucticus chrysogaster","Least Concern","22723803","Preocupación Menor (LC)",FALSE
"Huarocondo","Phlegmariurus crassus","Flora","Huperzia crassa (Humb. & Bonpl. ex Willd.) Rothm.","Lycopodiopsida","Lycopodiales","Lycopodiaceae","Phlegmariurus",1,"GBIF","Otros conjuntos mediados por GBIF",2007,2007,3,FALSE,"---","---",NA,"No Evaluada (NE)",FALSE
"Huarocondo","Phyllotis osilae","Fauna","Phyllotis osilae J.A.Allen, 1901","Mammalia","Rodentia","Cricetidae","Phyllotis",1,"GBIF","Otros conjuntos mediados por GBIF",1915,1915,1,TRUE,"Phyllotis osilae","Least Concern","17230","Preocupación Menor (LC)",FALSE
"Huarocondo","Phytolacca icosandra","Flora","Phytolacca octandra","Magnoliopsida","Caryophyllales","Phytolaccaceae","Phytolacca",1,"iNaturalist","iNaturalist",2021,2021,1,TRUE,"---","---",NA,"No Evaluada (NE)",FALSE
"Huarocondo","Polioxolmis rufipennis","Fauna","Cnemarchus rufipennis (Taczanowski, 1874)","Aves","Passeriformes","Tyrannidae","Polioxolmis",1,"GBIF","eBird",2022,2022,6,FALSE,"Polioxolmis rufipennis","Least Concern","22700123","Preocupación Menor (LC)",FALSE
"Huarocondo","Sambucus peruviana","Flora","Sambucus peruviana","Magnoliopsida","Dipsacales","Viburnaceae","Sambucus",1,"iNaturalist","iNaturalist",2026,2026,4,FALSE,"Sambucus peruviana","Least Concern","151212245","Preocupación Menor (LC)",FALSE
"Huarocondo","Sayornis nigricans","Fauna","Sayornis nigricans (Swainson, 1827)","Aves","Passeriformes","Tyrannidae","Sayornis",1,"GBIF","eBird",2003,2003,5,FALSE,"Sayornis nigricans","Least Concern","22699892","Preocupación Menor (LC)",FALSE
"Huarocondo","Schinus molle","Flora","Schinus molle","Magnoliopsida","Sapindales","Anacardiaceae","Schinus",1,"iNaturalist","iNaturalist",2019,2019,2,FALSE,"Schinus molle","Least Concern","61984171","Preocupación Menor (LC)",FALSE
"Huarocondo","Scytalopus urubambae","Fauna","Scytalopus urubambae Zimmer, 1939","Aves","Passeriformes","Rhinocryptidae","Scytalopus",1,"GBIF","eBird",2023,2023,4,FALSE,"Scytalopus urubambae","Least Concern","22733286","Preocupación Menor (LC)",FALSE
"Huarocondo","Senecio lorentzii","Flora","Senecio lorentzii Griseb.","Magnoliopsida","Asterales","Asteraceae","Senecio",1,"GBIF","Otros conjuntos mediados por GBIF",NA,NA,1,TRUE,"---","---",NA,"No Evaluada (NE)",FALSE
"Huarocondo","Silybum marianum","Flora","Silybum marianum","Magnoliopsida","Asterales","Asteraceae","Silybum",1,"iNaturalist","iNaturalist",2025,2025,1,TRUE,"Silybum marianum","Least Concern","202991","Preocupación Menor (LC)",FALSE
"Huarocondo","Solanum candolleanum","Flora","Solanum candolleanum Berthault","Magnoliopsida","Solanales","Solanaceae","Solanum",1,"GBIF","Otros conjuntos mediados por GBIF",NA,NA,7,FALSE,"---","---",NA,"No Evaluada (NE)",FALSE
"Huarocondo","Solanum muricatum","Flora","Solanum muricatum","Magnoliopsida","Solanales","Solanaceae","Solanum",1,"iNaturalist","iNaturalist",2025,2025,1,TRUE,"---","---",NA,"No Evaluada (NE)",FALSE
"Huarocondo","Solanum raphanifolium","Flora","Solanum raphanifolium Cárdenas & Hawkes","Magnoliopsida","Solanales","Solanaceae","Solanum",1,"GBIF","Otros conjuntos mediados por GBIF",1980,1980,5,FALSE,"---","---",NA,"No Evaluada (NE)",FALSE
"Huarocondo","Stenocercus crassicaudatus","Fauna","Stenocercus crassicaudatus","Squamata",NA,"Tropiduridae","Stenocercus",1,"iNaturalist","iNaturalist",2008,2008,1,TRUE,"Stenocercus crassicaudatus","Least Concern","178335","Preocupación Menor (LC)",FALSE
"Huarocondo","Streptoprocne rutila","Fauna","Streptoprocne rutila (Vieillot, 1817)","Aves","Apodiformes","Apodidae","Streptoprocne",1,"GBIF","eBird",2022,2022,3,FALSE,"Streptoprocne rutila","Least Concern","22686424","Preocupación Menor (LC)",FALSE
"Huarocondo","Systellura longirostris","Fauna","Systellura longirostris (Bonaparte, 1825)","Aves","Caprimulgiformes","Caprimulgidae","Systellura",1,"GBIF","eBird",2014,2014,6,FALSE,"Systellura longirostris","Least Concern","22725678","Preocupación Menor (LC)",FALSE
"Huarocondo","Thlypopsis ruficeps","Fauna","Thlypopsis ruficeps (d'Orbigny & Lafresnaye, 1837)","Aves","Passeriformes","Thraupidae","Thlypopsis",1,"GBIF","eBird",2023,2023,5,FALSE,"Thlypopsis ruficeps","Least Concern","22722269","Preocupación Menor (LC)",FALSE
"Huarocondo","Tristerix penduliflorus","Flora","Tristerix penduliflorus","Magnoliopsida","Santalales","Loranthaceae","Tristerix",1,"iNaturalist","iNaturalist",2025,2025,1,TRUE,"---","---",NA,"No Evaluada (NE)",FALSE
"Huarocondo","Upucerthia validirostris","Fauna","Upucerthia validirostris (Burmeister, 1861)","Aves","Passeriformes","Furnariidae","Upucerthia",1,"GBIF","eBird",2016,2016,4,FALSE,"Upucerthia validirostris","Least Concern","103670909","Preocupación Menor (LC)",FALSE
"Huarocondo","Vicia faba","Flora","Vicia faba","Magnoliopsida","Fabales","Fabaceae","Vicia",1,"iNaturalist","iNaturalist",2026,2026,2,FALSE,"---","---",NA,"No Evaluada (NE)",FALSE
"Huarocondo","Vultur gryphus","Fauna","Vultur gryphus","Aves","Accipitriformes","Cathartidae","Vultur",1,"iNaturalist","iNaturalist",2024,2024,5,FALSE,"Vultur gryphus","Vulnerable","22697641","Vulnerable (VU)",TRUE
"Limatambo","Falco sparverius","Fauna","Falco sparverius Linnaeus, 1758","Aves","Falconiformes","Falconidae","Falco",291,"GBIF / iNaturalist","eBird / iNaturalist",2009,2025,9,FALSE,"Falco sparverius","Least Concern","22696395","Preocupación Menor (LC)",FALSE
"Limatambo","Turdus chiguanco","Fauna","Turdus chiguanco Orbigny & Lafresnaye, 1837","Aves","Passeriformes","Turdidae","Turdus",274,"GBIF / iNaturalist","eBird / iNaturalist",2009,2024,9,FALSE,"Turdus chiguanco","Least Concern","103889964","Preocupación Menor (LC)",FALSE
"Limatambo","Zonotrichia capensis","Fauna","Zonotrichia capensis (P.L.S.Müller, 1776)","Aves","Passeriformes","Passerellidae","Zonotrichia",274,"GBIF / iNaturalist","eBird / iNaturalist / Observation.org",1999,2024,9,FALSE,"Zonotrichia capensis","Least Concern","22721079","Preocupación Menor (LC)",FALSE
"Limatambo","Vultur gryphus","Fauna","Vultur gryphus Linnaeus, 1758","Aves","Accipitriformes","Cathartidae","Vultur",269,"GBIF / iNaturalist","eBird / iNaturalist / Observation.org",2013,2026,5,FALSE,"Vultur gryphus","Vulnerable","22697641","Vulnerable (VU)",TRUE
"Limatambo","Knipolegus aterrimus","Fauna","Knipolegus aterrimus Kaup, 1853","Aves","Passeriformes","Tyrannidae","Knipolegus",247,"GBIF / iNaturalist","eBird / iNaturalist / Otros conjuntos mediados por GBIF",1970,2025,5,FALSE,"Knipolegus aterrimus","Least Concern","103683052","Preocupación Menor (LC)",FALSE
"Limatambo","Pheucticus aureoventris","Fauna","Pheucticus aureoventris (d'Orbigny & Lafresnaye, 1837)","Aves","Passeriformes","Cardinalidae","Pheucticus",234,"GBIF / iNaturalist","eBird / iNaturalist",2009,2025,7,FALSE,"Pheucticus aureoventris","Least Concern","22723810","Preocupación Menor (LC)",FALSE
"Limatambo","Spinus magellanicus","Fauna","Spinus magellanicus (Vieillot, 1805)","Aves","Passeriformes","Fringillidae","Spinus",205,"GBIF / iNaturalist","eBird / iNaturalist",2015,2024,9,FALSE,"Spinus magellanicus","Least Concern","22720383","Preocupación Menor (LC)",FALSE
"Limatambo","Cranioleuca albicapilla","Fauna","Cranioleuca albicapilla albigula Zimmer, 1924","Aves","Passeriformes","Furnariidae","Cranioleuca",191,"GBIF / iNaturalist","eBird / iNaturalist / Otros conjuntos mediados por GBIF / Xeno-canto",1958,2025,8,FALSE,"Cranioleuca albicapilla","Least Concern","22702448","Preocupación Menor (LC)",FALSE
"Limatambo","Aratinga mitrata","Fauna","Psittacara mitratus (Tschudi, 1844)","Aves","Psittaciformes","Psittacidae","Aratinga",182,"GBIF / iNaturalist","eBird / iNaturalist / Otros conjuntos mediados por GBIF",1958,2025,7,FALSE,"---","---",NA,"No Evaluada (NE)",FALSE
"Limatambo","Leptotila verreauxi","Fauna","Leptotila verreauxi Bonaparte, 1855","Aves","Columbiformes","Columbidae","Leptotila",181,"GBIF","eBird",1999,2024,5,FALSE,"Leptotila verreauxi","Least Concern","22690854","Preocupación Menor (LC)",FALSE
"Limatambo","Aeronautes andecolus","Fauna","Aeronautes andecolus (d'Orbigny & Lafresnaye, 1837)","Aves","Apodiformes","Apodidae","Aeronautes",177,"GBIF / iNaturalist","eBird / iNaturalist",1999,2024,7,FALSE,"Aeronautes andecolus","Least Concern","22686739","Preocupación Menor (LC)",FALSE
"Limatambo","Colaptes rupicola","Fauna","Colaptes rupicola d'Orbigny, 1840","Aves","Piciformes","Picidae","Colaptes",175,"GBIF / iNaturalist","eBird / iNaturalist",2009,2025,9,FALSE,"Colaptes rupicola","Least Concern","22726426","Preocupación Menor (LC)",FALSE
"Limatambo","Troglodytes musculus","Fauna","Troglodytes musculus J.F.Naumann, 1823","Aves","Passeriformes","Troglodytidae","Troglodytes",173,"GBIF / iNaturalist","eBird / iNaturalist",2015,2024,8,FALSE,"---","---",NA,"No Evaluada (NE)",FALSE
"Limatambo","Geranoaetus melanoleucus","Fauna","Geranoaetus melanoleucus (Vieillot, 1819)","Aves","Accipitriformes","Accipitridae","Geranoaetus",164,"GBIF / iNaturalist","eBird / iNaturalist",1999,2025,8,FALSE,"Geranoaetus melanoleucus","Least Concern","22695845","Preocupación Menor (LC)",FALSE
"Limatambo","Elliotomyia chionogaster","Fauna","Elliotomyia chionogaster (Tschudi, 1846)","Aves","Apodiformes","Trochilidae","Elliotomyia",154,"GBIF / iNaturalist","eBird / iNaturalist",2013,2024,7,FALSE,"Elliotomyia chionogaster","Least Concern","22687509","Preocupación Menor (LC)",FALSE
"Limatambo","Buteo polyosoma","Fauna","Geranoaetus polyosoma (Quoy & Gaimard, 1824)","Aves","Accipitriformes","Accipitridae","Buteo",153,"GBIF / iNaturalist","eBird / iNaturalist",2016,2026,7,FALSE,"---","---",NA,"No Evaluada (NE)",FALSE
"Limatambo","Zenaida auriculata","Fauna","Zenaida auriculata (Des Murs, 1847)","Aves","Columbiformes","Columbidae","Zenaida",151,"GBIF","eBird / Observation.org",2013,2024,8,FALSE,"Zenaida auriculata","Least Concern","22690747","Preocupación Menor (LC)",FALSE
"Limatambo","Asthenes ottonis","Fauna","Asthenes ottonis (Berlepsch, 1901)","Aves","Passeriformes","Furnariidae","Asthenes",146,"GBIF","eBird",2014,2024,8,FALSE,"Asthenes ottonis","Least Concern","22702497","Preocupación Menor (LC)",FALSE
"Limatambo","Ochthoeca leucophrys","Fauna","Ochthoeca leucophrys (Orbigny & Lafresnaye, 1837)","Aves","Passeriformes","Tyrannidae","Ochthoeca",144,"GBIF / iNaturalist","eBird / iNaturalist",2009,2026,8,FALSE,"Ochthoeca leucophrys","Least Concern","22699943","Preocupación Menor (LC)",FALSE
"Limatambo","Rauenia bonariensis","Fauna","Rauenia bonariensis (J.F.Gmelin, 1789)","Aves","Passeriformes","Thraupidae","Rauenia",144,"GBIF / iNaturalist","eBird / iNaturalist",2009,2026,8,FALSE,"---","---",NA,"No Evaluada (NE)",FALSE
"Limatambo","Catamenia analis","Fauna","Catamenia analis (d'Orbigny & Lafresnaye, 1837)","Aves","Passeriformes","Thraupidae","Catamenia",141,"GBIF","eBird",2009,2024,9,FALSE,"Catamenia analis","Least Concern","22723570","Preocupación Menor (LC)",FALSE
"Limatambo","Ampelion rubrocristatus","Fauna","Ampelion rubrocristatus (Orbigny & Lafresnaye, 1837)","Aves","Passeriformes","Cotingidae","Ampelion",140,"GBIF / iNaturalist","eBird / iNaturalist",2015,2026,8,FALSE,"Ampelion rubrocristatus","Least Concern","22700753","Preocupación Menor (LC)",FALSE
"Limatambo","Colibri coruscans","Fauna","Colibri coruscans (Gould, 1846)","Aves","Apodiformes","Trochilidae","Colibri",135,"GBIF / iNaturalist","eBird / iNaturalist",2009,2025,9,FALSE,"Colibri coruscans","Least Concern","22687114","Preocupación Menor (LC)",FALSE
"Limatambo","Saltator aurantiirostris","Fauna","Saltator aurantiirostris Vieillot, 1817","Aves","Passeriformes","Thraupidae","Saltator",120,"GBIF / iNaturalist","eBird / iNaturalist",2009,2026,9,FALSE,"Saltator aurantiirostris","Least Concern","22723892","Preocupación Menor (LC)",FALSE
"Limatambo","Agriornis montanus","Fauna","Agriornis montanus (Orbigny & Lafresnaye, 1837)","Aves","Passeriformes","Tyrannidae","Agriornis",118,"GBIF / iNaturalist","eBird / iNaturalist",2015,2024,6,FALSE,"Agriornis montanus","Least Concern","22700072","Preocupación Menor (LC)",FALSE
"Limatambo","Nystalus chacuru","Fauna","Nystalus chacuru (Vieillot, 1816)","Aves","Piciformes","Bucconidae","Nystalus",118,"GBIF / iNaturalist","eBird / iNaturalist",2013,2025,4,FALSE,"Nystalus chacuru","Least Concern","22682264","Preocupación Menor (LC)",FALSE
"Limatambo","Megascops koepckeae","Fauna","Megascops koepckeae (Hekstra, 1982)","Aves","Strigiformes","Strigidae","Megascops",114,"GBIF / iNaturalist","eBird / iNaturalist",2016,2024,4,FALSE,"Megascops koepckeae","Least Concern","22688782","Preocupación Menor (LC)",FALSE
"Limatambo","Patagioenas maculosa","Fauna","Patagioenas maculosa (Temminck, 1813)","Aves","Columbiformes","Columbidae","Patagioenas",112,"GBIF / iNaturalist","eBird / iNaturalist",2013,2024,9,FALSE,"Patagioenas maculosa","Least Concern","22728285","Preocupación Menor (LC)",FALSE
"Limatambo","Muscisaxicola rufivertex","Fauna","Muscisaxicola rufivertex Orbigny & Lafresnaye, 1837","Aves","Passeriformes","Tyrannidae","Muscisaxicola",111,"GBIF / iNaturalist","eBird / iNaturalist",2009,2024,8,FALSE,"Muscisaxicola rufivertex","Least Concern","103683296","Preocupación Menor (LC)",FALSE
"Limatambo","Conirostrum cinereum","Fauna","Conirostrum cinereum d'Orbigny & Lafresnaye, 1838","Aves","Passeriformes","Thraupidae","Conirostrum",110,"GBIF / iNaturalist","eBird / iNaturalist / Observation.org",2015,2024,7,FALSE,"Conirostrum cinereum","Least Concern","22722096","Preocupación Menor (LC)",FALSE
"Limatambo","Glaucidium peruanum","Fauna","Glaucidium peruanum C.König, 1991","Aves","Strigiformes","Strigidae","Glaucidium",101,"GBIF / iNaturalist","eBird / iNaturalist",2013,2024,7,FALSE,"Glaucidium peruanum","Least Concern","22689253","Preocupación Menor (LC)",FALSE
"Limatambo","Asthenes dorbignyi","Fauna","Asthenes dorbignyi (Reichenbach, 1853)","Aves","Passeriformes","Furnariidae","Asthenes",99,"GBIF","eBird",2016,2024,3,FALSE,"Asthenes dorbignyi","Least Concern","103673120","Preocupación Menor (LC)",FALSE
"Limatambo","Notiochelidon murina","Fauna","Orochelidon murina (Cassin, 1853)","Aves","Passeriformes","Hirundinidae","Notiochelidon",98,"GBIF","eBird",1999,2024,8,FALSE,"---","---",NA,"No Evaluada (NE)",FALSE
"Limatambo","Metallura tyrianthina","Fauna","Metallura tyrianthina (Loddiges, 1832)","Aves","Apodiformes","Trochilidae","Metallura",96,"GBIF / iNaturalist","eBird / iNaturalist",2009,2024,8,FALSE,"Metallura tyrianthina","Least Concern","22688015","Preocupación Menor (LC)",FALSE
"Limatambo","Atlapetes forbesi","Fauna","Atlapetes forbesi Morrison, 1947","Aves","Passeriformes","Passerellidae","Atlapetes",92,"GBIF","eBird / Otros conjuntos mediados por GBIF / Xeno-canto",1958,2024,4,FALSE,"Atlapetes forbesi","Least Concern","22728563","Preocupación Menor (LC)",FALSE
"Limatambo","Diglossa brunneiventris","Fauna","Diglossa brunneiventris Lafresnaye, 1846","Aves","Passeriformes","Thraupidae","Diglossa",92,"GBIF","eBird / Otros conjuntos mediados por GBIF",1982,2024,7,FALSE,"Diglossa brunneiventris","Least Concern","22723677","Preocupación Menor (LC)",FALSE
"Limatambo","Turdus fuscater","Fauna","Turdus fuscater Orbigny & Lafresnaye, 1837","Aves","Passeriformes","Turdidae","Turdus",92,"GBIF / iNaturalist","eBird / iNaturalist",2013,2024,7,FALSE,"Turdus fuscater","Least Concern","22708848","Preocupación Menor (LC)",FALSE
"Limatambo","Catamenia inornata","Fauna","Catamenia inornata (Lafresnaye, 1847)","Aves","Passeriformes","Thraupidae","Catamenia",88,"GBIF / iNaturalist","eBird / iNaturalist",2015,2024,7,FALSE,"Catamenia inornata","Least Concern","22723573","Preocupación Menor (LC)",FALSE
"Limatambo","Phrygilus punensis","Fauna","Phrygilus punensis Ridgway, 1887","Aves","Passeriformes","Thraupidae","Phrygilus",83,"GBIF / iNaturalist","eBird / iNaturalist",2015,2026,8,FALSE,"Phrygilus punensis","Least Concern","22723064","Preocupación Menor (LC)",FALSE
"Limatambo","Crotophaga ani","Fauna","Crotophaga ani Linnaeus, 1758","Aves","Cuculiformes","Cuculidae","Crotophaga",75,"GBIF / iNaturalist","eBird / iNaturalist",1999,2024,4,FALSE,"Crotophaga ani","Least Concern","22684434","Preocupación Menor (LC)",FALSE
"Limatambo","Geospizopsis plebejus","Fauna","Geospizopsis plebejus (Tschudi, 1844)","Aves","Passeriformes","Thraupidae","Geospizopsis",73,"GBIF / iNaturalist","eBird / iNaturalist",2001,2024,8,FALSE,"Geospizopsis plebejus","Least Concern","22723100","Preocupación Menor (LC)",FALSE
"Limatambo","Elaenia pallatangae","Fauna","Elaenia pallatangae P.L.Sclater, 1862","Aves","Passeriformes","Tyrannidae","Elaenia",69,"GBIF","eBird",2014,2024,5,FALSE,"Elaenia pallatangae","Least Concern","103681315","Preocupación Menor (LC)",FALSE
"Limatambo","Vireo olivaceus","Fauna","Vireo chivi (Vieillot, 1817)","Aves","Passeriformes","Vireonidae","Vireo",68,"GBIF","eBird",2018,2024,3,FALSE,"Vireo olivaceus","Least Concern","155115462","Preocupación Menor (LC)",FALSE
"Limatambo","Zea mays","Flora","Zea mays subsp. mays","Liliopsida","Poales","Poaceae","Zea",66,"GBIF","Otros conjuntos mediados por GBIF",1953,1976,2,FALSE,"Zea mays","Least Concern","107674457","Preocupación Menor (LC)",FALSE
"Limatambo","Bolborhynchus orbygnesius","Fauna","Bolborhynchus orbygnesius (Souance, 1856)","Aves","Psittaciformes","Psittacidae","Bolborhynchus",61,"GBIF","eBird",2015,2024,4,FALSE,"Bolborhynchus orbygnesius","Least Concern","22685916","Preocupación Menor (LC)",FALSE
"Limatambo","Thlypopsis ruficeps","Fauna","Thlypopsis ruficeps (d'Orbigny & Lafresnaye, 1837)","Aves","Passeriformes","Thraupidae","Thlypopsis",61,"GBIF","eBird",2017,2024,5,FALSE,"Thlypopsis ruficeps","Least Concern","22722269","Preocupación Menor (LC)",FALSE
"Limatambo","Phaseolus vulgaris","Flora","Phaseolus vulgaris L.","Magnoliopsida","Fabales","Fabaceae","Phaseolus",60,"GBIF","Otros conjuntos mediados por GBIF",1982,1988,3,FALSE,"Phaseolus vulgaris","Least Concern","71777161","Preocupación Menor (LC)",FALSE
"Limatambo","Falco peregrinus","Fauna","Falco peregrinus Tunstall, 1771","Aves","Falconiformes","Falconidae","Falco",59,"GBIF / iNaturalist","eBird / iNaturalist",2014,2024,4,FALSE,"Falco peregrinus","Least Concern","45354964","Preocupación Menor (LC)",FALSE
"Limatambo","Elaenia albiceps","Fauna","Elaenia albiceps (Orbigny & Lafresnaye, 1837)","Aves","Passeriformes","Tyrannidae","Elaenia",58,"GBIF / iNaturalist","eBird / iNaturalist",2013,2024,5,FALSE,"Elaenia albiceps","Least Concern","22699271","Preocupación Menor (LC)",FALSE
"Limatambo","Poospizopsis caesar","Fauna","Poospizopsis caesar (P.L.Sclater & Salvin, 1869)","Aves","Passeriformes","Thraupidae","Poospizopsis",56,"GBIF","eBird",2009,2024,9,FALSE,"Poospizopsis caesar","Least Concern","22723282","Preocupación Menor (LC)",FALSE
"Limatambo","Patagioenas fasciata","Fauna","Patagioenas fasciata (Say, 1822)","Aves","Columbiformes","Columbidae","Patagioenas",53,"GBIF / iNaturalist","eBird / iNaturalist",2009,2026,5,FALSE,"Patagioenas fasciata","Least Concern","22725264","Preocupación Menor (LC)",FALSE
"Limatambo","Lesbia nuna","Fauna","Lesbia nuna (R.Lesson, 1832)","Aves","Apodiformes","Trochilidae","Lesbia",52,"GBIF","eBird",2017,2024,8,FALSE,"Lesbia nuna","Least Concern","22687974","Preocupación Menor (LC)",FALSE
"Limatambo","Phacellodomus striaticeps","Fauna","Phacellodomus striaticeps (Orbigny & Lafresnaye, 1838)","Aves","Passeriformes","Furnariidae","Phacellodomus",52,"GBIF / iNaturalist","eBird / iNaturalist",2015,2024,6,FALSE,"Phacellodomus striaticeps","Least Concern","22702613","Preocupación Menor (LC)",FALSE
"Limatambo","Lesbia victoriae","Fauna","Lesbia victoriae (Bourcier & Mulsant, 1846)","Aves","Apodiformes","Trochilidae","Lesbia",51,"GBIF","eBird",2009,2024,8,FALSE,"Lesbia victoriae","Least Concern","22687971","Preocupación Menor (LC)",FALSE
"Limatambo","Streptoprocne zonaris","Fauna","Streptoprocne zonaris (Shaw, 1796)","Aves","Apodiformes","Apodidae","Streptoprocne",50,"GBIF","eBird",2016,2024,6,FALSE,"Streptoprocne zonaris","Least Concern","22686476","Preocupación Menor (LC)",FALSE
"Limatambo","Myiotheretes striaticollis","Fauna","Myiotheretes striaticollis (P.L.Sclater, 1853)","Aves","Passeriformes","Tyrannidae","Myiotheretes",49,"GBIF","eBird",2016,2024,6,FALSE,"Myiotheretes striaticollis","Least Concern","22699987","Preocupación Menor (LC)",FALSE
"Limatambo","Patagona gigas","Fauna","Patagona gigas (Vieillot, 1824)","Aves","Apodiformes","Trochilidae","Patagona",48,"GBIF","eBird",2015,2024,8,FALSE,"Patagona gigas","Least Concern","22687785","Preocupación Menor (LC)",FALSE
"Limatambo","Elliotomyia viridicauda","Fauna","Elliotomyia viridicauda (von Berlepsch, 1883)","Aves","Apodiformes","Trochilidae","Elliotomyia",47,"GBIF","eBird",2017,2024,4,FALSE,"Elliotomyia viridicauda","Least Concern","22687506","Preocupación Menor (LC)",FALSE
"Limatambo","Falco femoralis","Fauna","Falco femoralis Temminck, 1822","Aves","Falconiformes","Falconidae","Falco",44,"GBIF / iNaturalist","eBird / iNaturalist",2016,2025,8,FALSE,"Falco femoralis","Least Concern","22696450","Preocupación Menor (LC)",FALSE
"Limatambo","Geositta tenuirostris","Fauna","Geositta tenuirostris (Lafresnaye, 1836)","Aves","Passeriformes","Furnariidae","Geositta",41,"GBIF","eBird / Otros conjuntos mediados por GBIF",1970,2024,5,FALSE,"Geositta tenuirostris","Least Concern","22702009","Preocupación Menor (LC)",FALSE
"Limatambo","Muscisaxicola maculirostris","Fauna","Muscisaxicola maculirostris Orbigny & Lafresnaye, 1837","Aves","Passeriformes","Tyrannidae","Muscisaxicola",37,"GBIF / iNaturalist","eBird / iNaturalist",2013,2024,6,FALSE,"Muscisaxicola maculirostris","Least Concern","22700132","Preocupación Menor (LC)",FALSE
"Limatambo","Muscisaxicola juninensis","Fauna","Muscisaxicola juninensis Taczanowski, 1884","Aves","Passeriformes","Tyrannidae","Muscisaxicola",34,"GBIF","eBird",2015,2024,4,FALSE,"Muscisaxicola juninensis","Least Concern","22700168","Preocupación Menor (LC)",FALSE
"Limatambo","Nothoprocta pentlandii","Fauna","Nothoprocta pentlandii (G.R.Gray, 1867)","Aves","Tinamiformes","Tinamidae","Nothoprocta",34,"GBIF","eBird",2016,2024,6,FALSE,"Nothoprocta pentlandii","Least Concern","22678259","Preocupación Menor (LC)",FALSE
"Limatambo","Anairetes flavirostris","Fauna","Anairetes flavirostris P.L.Sclater & Salvin, 1876","Aves","Passeriformes","Tyrannidae","Anairetes",32,"GBIF / iNaturalist","eBird / iNaturalist",2015,2024,8,FALSE,"Anairetes flavirostris","Least Concern","22699397","Preocupación Menor (LC)",FALSE
"Limatambo","Pyrrhomyias cinnamomeus","Fauna","Pyrrhomyias cinnamomeus (Orbigny & Lafresnaye, 1837)","Aves","Passeriformes","Tyrannidae","Pyrrhomyias",32,"GBIF / iNaturalist","eBird / iNaturalist",2017,2024,2,FALSE,"Pyrrhomyias cinnamomeus","Least Concern","22699730","Preocupación Menor (LC)",FALSE
"Limatambo","Lafresnaya lafresnayi","Fauna","Lafresnaya lafresnayi (Boissonneau, 1840)","Aves","Apodiformes","Trochilidae","Lafresnaya",31,"GBIF","eBird",2017,2024,2,FALSE,"Lafresnaya lafresnayi","Least Concern","22687801","Preocupación Menor (LC)",FALSE
"Limatambo","Rhopospina fruticeti","Fauna","Rhopospina fruticeti (Kittlitz, 1833)","Aves","Passeriformes","Thraupidae","Rhopospina",31,"GBIF","eBird",2016,2024,8,FALSE,"Rhopospina fruticeti","Least Concern","22723080","Preocupación Menor (LC)",FALSE
"Limatambo","Sayornis nigricans","Fauna","Sayornis nigricans (Swainson, 1827)","Aves","Passeriformes","Tyrannidae","Sayornis",30,"GBIF","eBird",2015,2024,5,FALSE,"Sayornis nigricans","Least Concern","22699892","Preocupación Menor (LC)",FALSE
"Limatambo","Aglaeactis cupripennis","Fauna","Aglaeactis cupripennis (Bourcier, 1843)","Aves","Apodiformes","Trochilidae","Aglaeactis",29,"GBIF","eBird",2015,2024,8,FALSE,"Aglaeactis cupripennis","Least Concern","22687788","Preocupación Menor (LC)",FALSE
"Limatambo","Sporophila nigricollis","Fauna","Sporophila nigricollis (Vieillot, 1823)","Aves","Passeriformes","Thraupidae","Sporophila",29,"GBIF","eBird / Otros conjuntos mediados por GBIF",1970,2024,3,FALSE,"Sporophila nigricollis","Least Concern","105963139","Preocupación Menor (LC)",FALSE
"Limatambo","Cinclodes fuscus","Fauna","Cinclodes albiventris (Philippi & Landbeck, 1861)","Aves","Passeriformes","Furnariidae","Cinclodes",28,"GBIF","eBird",2017,2023,8,FALSE,"Cinclodes fuscus","---","22736220_1","No Evaluada (NE)",FALSE
"Limatambo","Vanellus resplendens","Fauna","Vanellus resplendens (Tschudi, 1843)","Aves","Charadriiformes","Charadriidae","Vanellus",28,"GBIF","eBird",2001,2024,8,FALSE,"Vanellus resplendens","Least Concern","22694078","Preocupación Menor (LC)",FALSE
"Limatambo","Nothoprocta taczanowskii","Fauna","Nothoprocta taczanowskii P.L.Sclater & Salvin, 1875","Aves","Tinamiformes","Tinamidae","Nothoprocta",26,"GBIF","eBird / Xeno-canto",2015,2024,5,FALSE,"Nothoprocta taczanowskii","Vulnerable","22678246","Vulnerable (VU)",TRUE
"Limatambo","Merganetta armata","Fauna","Merganetta armata turneri P.L.Sclater & Salvin, 1869","Aves","Anseriformes","Anatidae","Merganetta",25,"GBIF","eBird / Otros conjuntos mediados por GBIF",1958,2024,6,FALSE,"Merganetta armata","Least Concern","22680118","Preocupación Menor (LC)",FALSE
"Limatambo","Columba livia","Fauna","Columba livia J.F.Gmelin, 1789","Aves","Columbiformes","Columbidae","Columba",24,"GBIF","eBird",2009,2024,9,FALSE,"Columba livia","Least Concern","22690066","Preocupación Menor (LC)",FALSE
"Limatambo","Ochthoeca rufipectoralis","Fauna","Ochthoeca rufipectoralis (Orbigny & Lafresnaye, 1837)","Aves","Passeriformes","Tyrannidae","Ochthoeca",24,"GBIF / iNaturalist","eBird / iNaturalist",2009,2024,6,FALSE,"Ochthoeca rufipectoralis","Least Concern","22699930","Preocupación Menor (LC)",FALSE
"Limatambo","Ferreyranthus vaginans","Flora","Ferreyranthus vaginans (Muschl.) H.Rob. & Brettell","Magnoliopsida","Asterales","Asteraceae","Ferreyranthus",21,"GBIF","Otros conjuntos mediados por GBIF",2003,2004,2,FALSE,"---","---",NA,"No Evaluada (NE)",FALSE
"Limatambo","Geospizopsis unicolor","Fauna","Geospizopsis unicolor (d'Orbigny & Lafresnaye, 1837)","Aves","Passeriformes","Thraupidae","Geospizopsis",21,"GBIF / iNaturalist","eBird / iNaturalist",2015,2024,5,FALSE,"Geospizopsis unicolor","Least Concern","22723085","Preocupación Menor (LC)",FALSE
"Limatambo","Chlorostilbon mellisugus","Fauna","Chlorostilbon mellisugus (Linnaeus, 1758)","Aves","Apodiformes","Trochilidae","Chlorostilbon",19,"GBIF","eBird",2018,2024,2,FALSE,"Chlorostilbon mellisugus","Least Concern","22687313","Preocupación Menor (LC)",FALSE
"Limatambo","Nothura darwinii","Fauna","Nothura darwinii G.R.Gray, 1867","Aves","Tinamiformes","Tinamidae","Nothura",18,"GBIF","eBird",2023,2024,4,FALSE,"Nothura darwinii","Least Concern","22678271","Preocupación Menor (LC)",FALSE
"Limatambo","Xenodacnis parina","Fauna","Xenodacnis parina Cabanis, 1873","Aves","Passeriformes","Thraupidae","Xenodacnis",18,"GBIF","eBird / Xeno-canto",2011,2024,8,FALSE,"Xenodacnis parina","Least Concern","103839796","Preocupación Menor (LC)",FALSE
"Limatambo","Nothoprocta ornata","Fauna","Nothoprocta ornata (G.R.Gray, 1867)","Aves","Tinamiformes","Tinamidae","Nothoprocta",17,"GBIF","eBird",2015,2023,7,FALSE,"Nothoprocta ornata","Least Concern","22678254","Preocupación Menor (LC)",FALSE
"Limatambo","Plegadis ridgwayi","Fauna","Plegadis ridgwayi (Allen, 1876)","Aves","Pelecaniformes","Threskiornithidae","Plegadis",17,"GBIF / iNaturalist","eBird / iNaturalist",2015,2024,9,FALSE,"Plegadis ridgwayi","Least Concern","22697429","Preocupación Menor (LC)",FALSE
"Limatambo","Synallaxis courseni","Fauna","Synallaxis courseni Blake, 1971","Aves","Passeriformes","Furnariidae","Synallaxis",17,"GBIF / iNaturalist","eBird / iNaturalist",2017,2024,3,FALSE,"Synallaxis courseni","Near Threatened","22702295","Casi Amenazada (NT)",FALSE
"Limatambo","Aglaeactis castelnaudii","Fauna","Aglaeactis castelnaudii castelnaudii (Bourcier & Mulsant, 1848)","Aves","Apodiformes","Trochilidae","Aglaeactis",16,"GBIF / iNaturalist","eBird / iNaturalist / Otros conjuntos mediados por GBIF",1958,2024,6,FALSE,"Aglaeactis castelnaudii","Near Threatened","22687791","Casi Amenazada (NT)",FALSE
"Limatambo","Colaptes rivolii","Fauna","Colaptes rivolii (Boissonneau, 1840)","Aves","Piciformes","Picidae","Colaptes",16,"GBIF / iNaturalist","eBird / iNaturalist",2009,2025,3,FALSE,"Colaptes rivolii","Least Concern","22726390","Preocupación Menor (LC)",FALSE
"Limatambo","Onoseris cabrerae","Flora","Onoseris cabrerae Ferreyra","Magnoliopsida","Asterales","Asteraceae","Onoseris",16,"GBIF","Otros conjuntos mediados por GBIF",2003,2003,2,FALSE,"---","---",NA,"No Evaluada (NE)",FALSE
"Limatambo","Aegolius harrisii","Fauna","Aegolius harrisii (Cassin, 1849)","Aves","Strigiformes","Strigidae","Aegolius",15,"GBIF","eBird",2016,2022,2,FALSE,"Aegolius harrisii","Least Concern","22689378","Preocupación Menor (LC)",FALSE
"Limatambo","Agriornis andicola","Fauna","Agriornis albicauda (Philippi & Landbeck, 1863)","Aves","Passeriformes","Tyrannidae","Agriornis",15,"GBIF","eBird",2014,2024,4,FALSE,"---","---",NA,"No Evaluada (NE)",FALSE
"Limatambo","Baccharis pulchella","Flora","Baccharis pulchella Sch.Bip. ex Griseb.","Magnoliopsida","Asterales","Asteraceae","Baccharis",15,"GBIF","Otros conjuntos mediados por GBIF",2003,2007,1,TRUE,"---","---",NA,"No Evaluada (NE)",FALSE
"Limatambo","Haplochelidon andecola","Fauna","Orochelidon andecola (d'Orbigny & Lafresnaye, 1837)","Aves","Passeriformes","Hirundinidae","Haplochelidon",15,"GBIF","eBird",2009,2023,7,FALSE,"---","---",NA,"No Evaluada (NE)",FALSE
"Limatambo","Metriopelia ceciliae","Fauna","Metriopelia ceciliae (R.Lesson, 1845)","Aves","Columbiformes","Columbidae","Metriopelia",15,"GBIF","eBird",2009,2024,6,FALSE,"Metriopelia ceciliae","Least Concern","22690829","Preocupación Menor (LC)",FALSE
"Limatambo","Porphyrospiza alaudina","Fauna","Rhopospina alaudina (Kittlitz, 1833)","Aves","Passeriformes","Thraupidae","Porphyrospiza",15,"GBIF","eBird",2017,2024,5,FALSE,"---","---",NA,"No Evaluada (NE)",FALSE
"Limatambo","Systellura longirostris","Fauna","Systellura longirostris (Bonaparte, 1825)","Aves","Caprimulgiformes","Caprimulgidae","Systellura",15,"GBIF","eBird",2016,2023,6,FALSE,"Systellura longirostris","Least Concern","22725678","Preocupación Menor (LC)",FALSE
"Limatambo","Chroicocephalus serranus","Fauna","Chroicocephalus serranus (Tschudi, 1844)","Aves","Charadriiformes","Laridae","Chroicocephalus",14,"GBIF","eBird",1999,2023,9,FALSE,"---","---",NA,"No Evaluada (NE)",FALSE
"Limatambo","Escallonia herrerae","Flora","Escallonia herrerae Mattf.","Magnoliopsida","Escalloniales","Escalloniaceae","Escallonia",14,"GBIF","Otros conjuntos mediados por GBIF",2004,2007,3,FALSE,"---","---",NA,"No Evaluada (NE)",FALSE
"Limatambo","Notiochelidon cyanoleuca","Fauna","Pygochelidon cyanoleuca (Vieillot, 1817)","Aves","Passeriformes","Hirundinidae","Notiochelidon",14,"GBIF","eBird",2016,2024,4,FALSE,"---","---",NA,"No Evaluada (NE)",FALSE
"Limatambo","Pachyramphus validus","Fauna","Pachyramphus validus (Lichtenstein, 1823)","Aves","Passeriformes","Cotingidae","Pachyramphus",14,"GBIF","eBird",2019,2024,5,FALSE,"Pachyramphus validus","Least Concern","22700683","Preocupación Menor (LC)",FALSE
"Limatambo","Polioxolmis rufipennis","Fauna","Cnemarchus rufipennis (Taczanowski, 1874)","Aves","Passeriformes","Tyrannidae","Polioxolmis",14,"GBIF","eBird",2017,2023,6,FALSE,"Polioxolmis rufipennis","Least Concern","22700123","Preocupación Menor (LC)",FALSE
"Limatambo","Cacicus chrysonotus","Fauna","Cacicus chrysonotus (Lafresnaye & Orbigny, 1838)","Aves","Passeriformes","Icteridae","Cacicus",13,"GBIF","eBird",1999,2024,3,FALSE,"Cacicus chrysonotus","Least Concern","22731284","Preocupación Menor (LC)",FALSE
"Limatambo","Cinclodes atacamensis","Fauna","Cinclodes atacamensis (Philippi, 1857)","Aves","Passeriformes","Furnariidae","Cinclodes",13,"GBIF","eBird",2009,2023,8,FALSE,"Cinclodes atacamensis","Least Concern","22702114","Preocupación Menor (LC)",FALSE
"Limatambo","Coriaria ruscifolia","Flora","Coriaria ruscifolia","Magnoliopsida","Cucurbitales","Coriariaceae","Coriaria",13,"iNaturalist","iNaturalist",2022,2026,1,TRUE,"---","---",NA,"No Evaluada (NE)",FALSE
"Limatambo","Grallaria squamigera","Fauna","Grallaria squamigera Prevost & Des Murs, 1842","Aves","Passeriformes","Grallariidae","Grallaria",13,"GBIF","eBird",2017,2024,2,FALSE,"Grallaria squamigera","Least Concern","22703237","Preocupación Menor (LC)",FALSE
"Limatambo","Muscisaxicola cinereus","Fauna","Muscisaxicola cinereus Philippi & Landbeck, 1864","Aves","Passeriformes","Tyrannidae","Muscisaxicola",13,"GBIF","eBird",2009,2024,5,FALSE,"Muscisaxicola cinereus","Least Concern","22700183","Preocupación Menor (LC)",FALSE
"Limatambo","Anairetes parulus","Fauna","Anairetes parulus (Kittlitz, 1830)","Aves","Passeriformes","Tyrannidae","Anairetes",12,"GBIF","eBird / Otros conjuntos mediados por GBIF",1982,2023,7,FALSE,"Anairetes parulus","Least Concern","22699406","Preocupación Menor (LC)",FALSE
"Limatambo","Aristida adscensionis","Flora","Aristida adscensionis L.","Liliopsida","Poales","Poaceae","Aristida",12,"GBIF","Otros conjuntos mediados por GBIF",2003,2004,2,FALSE,"Aristida adscensionis","Least Concern","18917905","Preocupación Menor (LC)",FALSE
"Limatambo","Liabum solidagineum","Flora","Liabum solidagineum (Kunth) Less.","Magnoliopsida","Asterales","Asteraceae","Liabum",12,"GBIF","Otros conjuntos mediados por GBIF",2003,2004,2,FALSE,"---","---",NA,"No Evaluada (NE)",FALSE
"Limatambo","Oreotrochilus estella","Fauna","Oreotrochilus estella (d'Orbigny, 1838)","Aves","Apodiformes","Trochilidae","Oreotrochilus",12,"GBIF","eBird",2016,2023,6,FALSE,"Oreotrochilus estella","Least Concern","60946163","Preocupación Menor (LC)",FALSE
"Limatambo","Sida cordifolia","Flora","Sida cordifolia L.","Magnoliopsida","Malvales","Malvaceae","Sida",12,"GBIF","Otros conjuntos mediados por GBIF",2003,2007,2,FALSE,"---","---",NA,"No Evaluada (NE)",FALSE
"Limatambo","Solanum saponaceum","Flora","Solanum saponaceum Dunal","Magnoliopsida","Solanales","Solanaceae","Solanum",12,"GBIF","Otros conjuntos mediados por GBIF",2004,2007,2,FALSE,"Solanum saponaceum","Least Concern","146117956","Preocupación Menor (LC)",FALSE
"Limatambo","Asthenes wyatti","Fauna","Asthenes wyatti (P.L.Sclater & Salvin, 1871)","Aves","Passeriformes","Furnariidae","Asthenes",11,"GBIF","eBird",2016,2023,5,FALSE,"Asthenes wyatti","Least Concern","103673405","Preocupación Menor (LC)",FALSE
"Limatambo","Corryocactus erectus","Flora","Corryocactus erectus","Magnoliopsida","Caryophyllales","Cactaceae","Corryocactus",11,"iNaturalist","iNaturalist",2010,2025,3,FALSE,"Corryocactus erectus","Vulnerable","152189","Vulnerable (VU)",TRUE
"Limatambo","Diglossa sittoides","Fauna","Diglossa sittoides (d'Orbigny & Lafresnaye, 1838)","Aves","Passeriformes","Thraupidae","Diglossa",11,"GBIF","eBird",2019,2024,6,FALSE,"Diglossa sittoides","Least Concern","22723644","Preocupación Menor (LC)",FALSE
"Limatambo","Myiothlypis luteoviridis","Fauna","Myiothlypis luteoviridis (Bonaparte, 1845)","Aves","Passeriformes","Parulidae","Myiothlypis",11,"GBIF","eBird",2013,2024,2,FALSE,"Myiothlypis luteoviridis","Least Concern","105296047","Preocupación Menor (LC)",FALSE
"Limatambo","Nicotiana tomentosiformis","Flora","Nicotiana tomentosiformis Goodsp.","Magnoliopsida","Solanales","Solanaceae","Nicotiana",11,"GBIF","Otros conjuntos mediados por GBIF",2003,2004,1,TRUE,"Nicotiana tomentosiformis","Least Concern","171582968","Preocupación Menor (LC)",FALSE
"Limatambo","Buteo albigula","Fauna","Buteo albigula Philippi, 1899","Aves","Accipitriformes","Accipitridae","Buteo",10,"GBIF","eBird",2018,2023,5,FALSE,"Buteo albigula","Least Concern","22695900","Preocupación Menor (LC)",FALSE
"Limatambo","Cinclus leucocephalus","Fauna","Cinclus leucocephalus Tschudi, 1844","Aves","Passeriformes","Cinclidae","Cinclus",10,"GBIF","eBird",1999,2024,5,FALSE,"Cinclus leucocephalus","Least Concern","22708166","Preocupación Menor (LC)",FALSE
"Limatambo","Geositta cunicularia","Fauna","Geositta cunicularia (Vieillot, 1816)","Aves","Passeriformes","Furnariidae","Geositta",10,"GBIF","eBird",2015,2023,3,FALSE,"Geositta cunicularia","Least Concern","22701981","Preocupación Menor (LC)",FALSE
"Limatambo","Mentzelia scabra","Flora","Mentzelia scabra subsp. chilensis (Gay) Weigend","Magnoliopsida","Cornales","Loasaceae","Mentzelia",10,"GBIF / iNaturalist","iNaturalist / Otros conjuntos mediados por GBIF",2003,2022,2,FALSE,"---","---",NA,"No Evaluada (NE)",FALSE
"Limatambo","Poissonia orbicularis","Flora","Poissonia orbicularis (Benth.) Hauman","Magnoliopsida","Fabales","Fabaceae","Poissonia",10,"GBIF","Otros conjuntos mediados por GBIF",1984,2007,3,FALSE,"---","---",NA,"No Evaluada (NE)",FALSE
"Limatambo","Serpophaga cinerea","Fauna","Serpophaga cinerea (Tschudi, 1844)","Aves","Passeriformes","Tyrannidae","Serpophaga",10,"GBIF","eBird",2014,2024,3,FALSE,"Serpophaga cinerea","Least Concern","22699331","Preocupación Menor (LC)",FALSE
"Limatambo","Chaetogastra pleromoides","Flora","Tibouchina pleromoides (Naudin) J.F.Macbr.","Magnoliopsida","Myrtales","Melastomataceae","Chaetogastra",9,"GBIF","Otros conjuntos mediados por GBIF",2007,2007,1,TRUE,"---","---",NA,"No Evaluada (NE)",FALSE
"Limatambo","Elaenia obscura","Fauna","Elaenia obscura (Orbigny & Lafresnaye, 1837)","Aves","Passeriformes","Tyrannidae","Elaenia",9,"GBIF","eBird",2013,2023,2,FALSE,"Elaenia obscura","Least Concern","103681177","Preocupación Menor (LC)",FALSE
"Limatambo","Mecocerculus leucophrys","Fauna","Mecocerculus leucophrys brunneomarginatus Chapman, 1924","Aves","Passeriformes","Tyrannidae","Mecocerculus",9,"GBIF","eBird / Otros conjuntos mediados por GBIF",1958,2024,3,FALSE,"Mecocerculus leucophrys","Least Concern","22699313","Preocupación Menor (LC)",FALSE
"Limatambo","Notiochelidon flavipes","Fauna","Orochelidon flavipes (Chapman, 1922)","Aves","Passeriformes","Hirundinidae","Notiochelidon",9,"GBIF","eBird / Otros conjuntos mediados por GBIF",1982,2019,3,FALSE,"---","---",NA,"No Evaluada (NE)",FALSE
"Limatambo","Pardirallus sanguinolentus","Fauna","Pardirallus sanguinolentus (Swainson, 1838)","Aves","Gruiformes","Rallidae","Pardirallus",9,"GBIF","eBird",2022,2024,4,FALSE,"Pardirallus sanguinolentus","Least Concern","22692772","Preocupación Menor (LC)",FALSE
"Limatambo","Sporophila luctuosa","Fauna","Sporophila luctuosa (Lafresnaye, 1843)","Aves","Passeriformes","Thraupidae","Sporophila",9,"GBIF","eBird",2018,2023,4,FALSE,"Sporophila luctuosa","Least Concern","22723437","Preocupación Menor (LC)",FALSE
"Limatambo","Symphyopappus apurimacensis","Flora","Symphyopappus apurimacensis H.Rob.","Magnoliopsida","Asterales","Asteraceae","Symphyopappus",9,"GBIF","Otros conjuntos mediados por GBIF",2004,2004,1,TRUE,"---","---",NA,"No Evaluada (NE)",FALSE
"Limatambo","Asthenes humilis","Fauna","Asthenes humilis (Cabanis, 1873)","Aves","Passeriformes","Furnariidae","Asthenes",8,"GBIF","eBird",2009,2023,3,FALSE,"Asthenes humilis","Least Concern","22702555","Preocupación Menor (LC)",FALSE
"Limatambo","Bubulcus ibis","Fauna","Ardea ibis Linnaeus, 1758","Aves","Pelecaniformes","Ardeidae","Bubulcus",8,"GBIF","eBird",2017,2022,8,FALSE,"Bubulcus ibis","Least Concern","22697109","Preocupación Menor (LC)",FALSE
"Limatambo","Circus cinereus","Fauna","Circus cinereus Vieillot, 1816","Aves","Accipitriformes","Accipitridae","Circus",8,"GBIF","eBird",2015,2024,5,FALSE,"Circus cinereus","Least Concern","22695393","Preocupación Menor (LC)",FALSE
"Limatambo","Empidonax alnorum","Fauna","Empidonax alnorum Brewster, 1895","Aves","Passeriformes","Tyrannidae","Empidonax",8,"GBIF","eBird",2018,2024,3,FALSE,"Empidonax alnorum","Least Concern","22699845","Preocupación Menor (LC)",FALSE
"Limatambo","Gynoxys longifolia","Flora","Gynoxys longifolia Wedd.","Magnoliopsida","Asterales","Asteraceae","Gynoxys",8,"GBIF","Otros conjuntos mediados por GBIF",2007,2007,2,FALSE,"---","---",NA,"No Evaluada (NE)",FALSE
"Limatambo","Ipomoea batatas","Flora","Ipomoea batatas (L.) Lam.","Magnoliopsida","Solanales","Convolvulaceae","Ipomoea",8,"GBIF","Otros conjuntos mediados por GBIF",NA,NA,2,FALSE,"Ipomoea batatas","Data Deficient","71775024","Datos Insuficientes (DD)",FALSE
"Limatambo","Ipomoea pauciflora","Flora","Ipomoea pauciflora subsp. vargasiana (O'Donell) McPherson","Magnoliopsida","Solanales","Convolvulaceae","Ipomoea",8,"GBIF","Otros conjuntos mediados por GBIF",1984,2004,3,FALSE,"Ipomoea pauciflora","Least Concern","194013889","Preocupación Menor (LC)",FALSE
"Limatambo","Mandevilla brachyloba","Flora","Mandevilla brachyloba (Müll.Arg.) Schum.","Magnoliopsida","Gentianales","Apocynaceae","Mandevilla",8,"GBIF","Otros conjuntos mediados por GBIF",2004,2004,2,FALSE,"---","---",NA,"No Evaluada (NE)",FALSE
"Limatambo","Pluchea zamalloae","Flora","Pluchea zamalloae (Cabrera) H.Rob. & Cuatrec.","Magnoliopsida","Asterales","Asteraceae","Pluchea",8,"GBIF","Otros conjuntos mediados por GBIF",2003,2006,2,FALSE,"---","---",NA,"No Evaluada (NE)",FALSE
"Limatambo","Scytalopus urubambae","Fauna","Scytalopus urubambae Zimmer, 1939","Aves","Passeriformes","Rhinocryptidae","Scytalopus",8,"GBIF","eBird / Xeno-canto",2009,2022,4,FALSE,"Scytalopus urubambae","Least Concern","22733286","Preocupación Menor (LC)",FALSE
"Limatambo","Zinnia peruviana","Flora","Zinnia peruviana (L.) L.","Magnoliopsida","Asterales","Asteraceae","Zinnia",8,"GBIF / iNaturalist","iNaturalist / Otros conjuntos mediados por GBIF",2003,2026,2,FALSE,"---","---",NA,"No Evaluada (NE)",FALSE
"Limatambo","Accipiter striatus","Fauna","Accipiter striatus Vieillot, 1808","Aves","Accipitriformes","Accipitridae","Accipiter",7,"GBIF","eBird",2017,2024,3,FALSE,"Accipiter striatus","Least Concern","22734130","Preocupación Menor (LC)",FALSE
"Limatambo","Adiantum digitatum","Flora","Adiantum digitatum Hook.","Polypodiopsida","Polypodiales","Pteridaceae","Adiantum",7,"GBIF","Otros conjuntos mediados por GBIF",2004,2004,2,FALSE,"---","---",NA,"No Evaluada (NE)",FALSE
"Limatambo","Dicliptera peruviana","Flora","Dicliptera peruviana (Lam.) Juss.","Magnoliopsida","Lamiales","Acanthaceae","Dicliptera",7,"GBIF","Otros conjuntos mediados por GBIF",2004,2004,1,TRUE,"---","---",NA,"No Evaluada (NE)",FALSE
"Limatambo","Fulica ardesiaca","Fauna","Fulica ardesiaca Tschudi, 1843","Aves","Gruiformes","Rallidae","Fulica",7,"GBIF","eBird",2019,2023,8,FALSE,"Fulica ardesiaca","Least Concern","22692932","Preocupación Menor (LC)",FALSE
"Limatambo","Macroptilium atropurpureum","Flora","Macroptilium atropurpureum (DC.) Urb.","Magnoliopsida","Fabales","Fabaceae","Macroptilium",7,"GBIF","Otros conjuntos mediados por GBIF",2004,2004,2,FALSE,"---","---",NA,"No Evaluada (NE)",FALSE
"Limatambo","Pterophanes cyanopterus","Fauna","Pterophanes cyanopterus (Fraser, 1840)","Aves","Apodiformes","Trochilidae","Pterophanes",7,"GBIF","eBird",2019,2023,3,FALSE,"Pterophanes cyanopterus","Least Concern","22687804","Preocupación Menor (LC)",FALSE
"Limatambo","Solanum candolleanum","Flora","Solanum candolleanum Berthault","Magnoliopsida","Solanales","Solanaceae","Solanum",7,"GBIF","Otros conjuntos mediados por GBIF",1946,1982,7,FALSE,"---","---",NA,"No Evaluada (NE)",FALSE
"Limatambo","Stenocercus apurimacus","Fauna","Stenocercus apurimacus Fritts, 1972","Squamata",NA,"Tropiduridae","Stenocercus",7,"GBIF","Otros conjuntos mediados por GBIF",1969,1969,1,TRUE,"Stenocercus apurimacus","Least Concern","48616516","Preocupación Menor (LC)",FALSE
"Limatambo","Aegiphila mortonii","Flora","Aegiphila mortonii Moldenke","Magnoliopsida","Lamiales","Lamiaceae","Aegiphila",6,"GBIF","Otros conjuntos mediados por GBIF",2007,2007,1,TRUE,"---","---",NA,"No Evaluada (NE)",FALSE
"Limatambo","Aglaiocercus kingii","Fauna","Aglaiocercus kingii (R.Lesson, 1832)","Aves","Apodiformes","Trochilidae","Aglaiocercus",6,"GBIF","eBird",2023,2023,1,TRUE,"Aglaiocercus kingii","Least Concern","22733886","Preocupación Menor (LC)",FALSE
"Limatambo","Asemospiza obscura","Fauna","Asemospiza obscura (d'Orbigny & Lafresnaye, 1837)","Aves","Passeriformes","Thraupidae","Asemospiza",6,"GBIF","eBird",2018,2024,2,FALSE,"Asemospiza obscura","Least Concern","22723584","Preocupación Menor (LC)",FALSE
"Limatambo","Baccharis quitensis","Flora","Baccharis quitensis Kunth","Magnoliopsida","Asterales","Asteraceae","Baccharis",6,"GBIF","Otros conjuntos mediados por GBIF",2003,2003,1,TRUE,"---","---",NA,"No Evaluada (NE)",FALSE
"Limatambo","Buddleja americana","Flora","Buddleja americana L.","Magnoliopsida","Lamiales","Scrophulariaceae","Buddleja",6,"GBIF","Otros conjuntos mediados por GBIF",2004,2004,2,FALSE,"Buddleja americana","Least Concern","150120590","Preocupación Menor (LC)",FALSE
"Limatambo","Colibri cyanotus","Fauna","Colibri cyanotus (Bourcier, 1843)","Aves","Apodiformes","Trochilidae","Colibri",6,"GBIF","eBird",2023,2023,3,FALSE,"---","---",NA,"No Evaluada (NE)",FALSE
"Limatambo","Eotetranychus lewisi","Fauna","Eotetranychus lewisi (McGregor, 1943)","Arachnida","Trombidiformes","Tetranychidae","Eotetranychus",6,"GBIF","Otros conjuntos mediados por GBIF",1985,1987,1,TRUE,"---","---",NA,"No Evaluada (NE)",FALSE
"Limatambo","Erigeron sumatrensis","Flora","Conyza sumatrensis (Retz.) E.Walker","Magnoliopsida","Asterales","Asteraceae","Erigeron",6,"GBIF","Otros conjuntos mediados por GBIF",2003,2007,1,TRUE,"---","---",NA,"No Evaluada (NE)",FALSE
"Limatambo","Grallaria andicolus","Fauna","Grallaria andicolus (Cabanis, 1873)","Aves","Passeriformes","Grallariidae","Grallaria",6,"GBIF","eBird",2017,2023,5,FALSE,"Grallaria andicolus","Least Concern","22703281","Preocupación Menor (LC)",FALSE
"Limatambo","Heliopsis buphthalmoides","Flora","Heliopsis buphthalmoides (Jacq.) Dunal","Magnoliopsida","Asterales","Asteraceae","Heliopsis",6,"GBIF","Otros conjuntos mediados por GBIF",2007,2007,1,TRUE,"---","---",NA,"No Evaluada (NE)",FALSE
"Limatambo","Koanophyllon solidaginoides","Flora","Koanophyllon stipuliferum (Rusby) R.M.King & H.Rob.","Magnoliopsida","Asterales","Asteraceae","Koanophyllon",6,"GBIF","Otros conjuntos mediados por GBIF",2003,2003,1,TRUE,"---","---",NA,"No Evaluada (NE)",FALSE
"Limatambo","Lantana viscosa","Flora","Lantana viscosa Pohl ex Schauer","Magnoliopsida","Lamiales","Verbenaceae","Lantana",6,"GBIF","Otros conjuntos mediados por GBIF",2003,2007,1,TRUE,"---","---",NA,"No Evaluada (NE)",FALSE
"Limatambo","Lippia antaica","Flora","Lippia antaica Loes. & Moldenke","Magnoliopsida","Lamiales","Verbenaceae","Lippia",6,"GBIF","Otros conjuntos mediados por GBIF",2003,2003,2,FALSE,"---","---",NA,"No Evaluada (NE)",FALSE
"Limatambo","Pectis sessiliflora","Flora","Pectis sessiliflora (Less.) Sch.Bip.","Magnoliopsida","Asterales","Asteraceae","Pectis",6,"GBIF","Otros conjuntos mediados por GBIF",2003,2003,1,TRUE,"---","---",NA,"No Evaluada (NE)",FALSE
"Limatambo","Pitangus sulphuratus","Fauna","Pitangus sulphuratus (Linnaeus, 1766)","Aves","Passeriformes","Tyrannidae","Pitangus",6,"GBIF","eBird",2023,2023,1,TRUE,"Pitangus sulphuratus","Least Concern","22700605","Preocupación Menor (LC)",FALSE
"Limatambo","Proctoporus unsaacae","Fauna","Proctoporus unsaacae Doan & Castoe, 2003","Squamata",NA,"Gymnophthalmidae","Proctoporus",6,"GBIF / iNaturalist","iNaturalist / Otros conjuntos mediados por GBIF",2022,2022,2,FALSE,"Proctoporus unsaacae","Least Concern","48283758","Preocupación Menor (LC)",FALSE
"Limatambo","Solanum acaule","Flora","Solanum acaule Bitter","Magnoliopsida","Solanales","Solanaceae","Solanum",6,"GBIF","Otros conjuntos mediados por GBIF",NA,NA,3,FALSE,"Solanum acaule","Least Concern","71777551","Preocupación Menor (LC)",FALSE
"Limatambo","Streptoprocne rutila","Fauna","Streptoprocne rutila (Vieillot, 1817)","Aves","Apodiformes","Apodidae","Streptoprocne",6,"GBIF","eBird",2023,2023,3,FALSE,"Streptoprocne rutila","Least Concern","22686424","Preocupación Menor (LC)",FALSE
"Limatambo","Theristicus melanopis","Fauna","Theristicus branickii Berlepsch & Stolzmann, 1894","Aves","Pelecaniformes","Threskiornithidae","Theristicus",6,"GBIF / iNaturalist","eBird / iNaturalist",2022,2025,7,FALSE,"Theristicus melanopis","Least Concern","22734000","Preocupación Menor (LC)",FALSE
"Limatambo","Tillandsia capillaris","Flora","Tillandsia capillaris Ruiz & Pav.","Liliopsida","Poales","Bromeliaceae","Tillandsia",6,"GBIF","Otros conjuntos mediados por GBIF",1982,2006,2,FALSE,"Tillandsia capillaris","Least Concern","131368708","Preocupación Menor (LC)",FALSE
"Limatambo","Turdus serranus","Fauna","Turdus serranus Tschudi, 1844","Aves","Passeriformes","Turdidae","Turdus",6,"GBIF","eBird",2023,2023,2,FALSE,"Turdus serranus","Least Concern","22708855","Preocupación Menor (LC)",FALSE
"Limatambo","Volatinia jacarina","Fauna","Volatinia jacarina (Linnaeus, 1766)","Aves","Passeriformes","Thraupidae","Volatinia",6,"GBIF","eBird",2015,2018,3,FALSE,"Volatinia jacarina","Least Concern","22723396","Preocupación Menor (LC)",FALSE
"Limatambo","Weinmannia trichosperma","Flora","Weinmannia producta Moric.","Magnoliopsida","Oxalidales","Cunoniaceae","Weinmannia",6,"GBIF","Otros conjuntos mediados por GBIF",2007,2007,2,FALSE,"Weinmannia trichosperma","Least Concern","61990715","Preocupación Menor (LC)",FALSE
"Limatambo","Achyrocline alata","Flora","Achyrocline alata (Kunth) DC.","Magnoliopsida","Asterales","Asteraceae","Achyrocline",5,"GBIF / iNaturalist","iNaturalist / Otros conjuntos mediados por GBIF",2003,2022,2,FALSE,"---","---",NA,"No Evaluada (NE)",FALSE
"Limatambo","Anas flavirostris","Fauna","Anas flavirostris Vieillot, 1816","Aves","Anseriformes","Anatidae","Anas",5,"GBIF","eBird",1999,2022,9,FALSE,"Anas flavirostris","---","22735557_1","No Evaluada (NE)",FALSE
"Limatambo","Asthenes modesta","Fauna","Asthenes modesta (Eyton, 1851)","Aves","Passeriformes","Furnariidae","Asthenes",5,"GBIF","eBird",2018,2023,4,FALSE,"Asthenes modesta","Least Concern","22702511","Preocupación Menor (LC)",FALSE
"Limatambo","Austrocylindropuntia subulata","Flora","Austrocylindropuntia subulata","Magnoliopsida","Caryophyllales","Cactaceae","Austrocylindropuntia",5,"iNaturalist","iNaturalist",2019,2024,3,FALSE,"Austrocylindropuntia subulata","Least Concern","152809","Preocupación Menor (LC)",FALSE
"Limatambo","Baccharis latifolia","Flora","Baccharis latifolia (Ruiz & Pav.) Pers.","Magnoliopsida","Asterales","Asteraceae","Baccharis",5,"GBIF / iNaturalist","iNaturalist / Otros conjuntos mediados por GBIF",2004,2025,5,FALSE,"Baccharis latifolia","Least Concern","42532611","Preocupación Menor (LC)",FALSE
"Limatambo","Calceolaria tripartita","Flora","Calceolaria tripartita Ruiz & Pav.","Magnoliopsida","Lamiales","Calceolariaceae","Calceolaria",5,"GBIF / iNaturalist","iNaturalist / Otros conjuntos mediados por GBIF",2007,2022,2,FALSE,"---","---",NA,"No Evaluada (NE)",FALSE
"Limatambo","Chloephaga melanoptera","Fauna","Oressochen melanopterus (Eyton, 1838)","Aves","Anseriformes","Anatidae","Chloephaga",5,"GBIF","eBird",2019,2023,7,FALSE,"Chloephaga melanoptera","Least Concern","22679972","Preocupación Menor (LC)",FALSE
"Limatambo","Diastatea micrantha","Flora","Diastatea micrantha (Kunth) McVaugh","Magnoliopsida","Asterales","Campanulaceae","Diastatea",5,"GBIF","Otros conjuntos mediados por GBIF",2003,2003,1,TRUE,"---","---",NA,"No Evaluada (NE)",FALSE
"Limatambo","Festuca horridula","Flora","Festuca horridula Pilg.","Liliopsida","Poales","Poaceae","Festuca",5,"GBIF","Otros conjuntos mediados por GBIF",2007,2007,1,TRUE,"---","---",NA,"No Evaluada (NE)",FALSE
"Limatambo","Geoffroea spinosa","Flora","Geoffroea spinosa Jacq.","Magnoliopsida","Fabales","Fabaceae","Geoffroea",5,"GBIF","Otros conjuntos mediados por GBIF",2004,2004,1,TRUE,"Geoffroea spinosa","Least Concern","145691961","Preocupación Menor (LC)",FALSE
"Limatambo","Muscisaxicola fluviatilis","Fauna","Syrtidicola fluviatilis (P.L.Sclater & Salvin, 1866)","Aves","Passeriformes","Tyrannidae","Muscisaxicola",5,"GBIF","eBird",2023,2023,3,FALSE,"Muscisaxicola fluviatilis","Least Concern","22700137","Preocupación Menor (LC)",FALSE
"Limatambo","Pedaliodes porina","Fauna","Pedaliodes palaepolis","Insecta","Lepidoptera","Nymphalidae","Pedaliodes",5,"iNaturalist","iNaturalist",2021,2021,1,TRUE,"---","---",NA,"No Evaluada (NE)",FALSE
"Limatambo","Phalacrocorax brasilianus","Fauna","Nannopterum brasilianum (J.F.Gmelin, 1789)","Aves","Suliformes","Phalacrocoracidae","Phalacrocorax",5,"GBIF","eBird",2018,2023,7,FALSE,"---","---",NA,"No Evaluada (NE)",FALSE
"Limatambo","Polystichum montevidense","Flora","Polystichum montevidense (Spreng.) Rosenst.","Polypodiopsida","Polypodiales","Dryopteridaceae","Polystichum",5,"GBIF","Otros conjuntos mediados por GBIF",2003,2003,1,TRUE,"---","---",NA,"No Evaluada (NE)",FALSE
"Limatambo","Senegalia ebingeri","Flora","Senegalia ebingeri Seigler","Magnoliopsida","Fabales","Fabaceae","Senegalia",5,"GBIF","Otros conjuntos mediados por GBIF",2003,2007,2,FALSE,"---","---",NA,"No Evaluada (NE)",FALSE
"Limatambo","Solanum lycopersicum","Flora","Solanum lycopersicum L.","Magnoliopsida","Solanales","Solanaceae","Solanum",5,"GBIF","Otros conjuntos mediados por GBIF",2004,2004,2,FALSE,"---","---",NA,"No Evaluada (NE)",FALSE
"Limatambo","Solanum nutans","Flora","Solanum nutans Ruiz & Pav.","Magnoliopsida","Solanales","Solanaceae","Solanum",5,"GBIF","Otros conjuntos mediados por GBIF",1984,2004,1,TRUE,"Solanum nutans","Least Concern","146120235","Preocupación Menor (LC)",FALSE
"Limatambo","Solanum ochranthum","Flora","Solanum ochranthum Humb. & Bonpl. ex Dunal","Magnoliopsida","Solanales","Solanaceae","Solanum",5,"GBIF","Otros conjuntos mediados por GBIF",2004,2004,3,FALSE,"Solanum ochranthum","Least Concern","101528214","Preocupación Menor (LC)",FALSE
"Limatambo","Tecoma fulva","Flora","Tecoma arequipensis (Sprague) Sandwith","Magnoliopsida","Lamiales","Bignoniaceae","Tecoma",5,"GBIF","Otros conjuntos mediados por GBIF",1984,2004,2,FALSE,"Tecoma fulva","Least Concern","243324058","Preocupación Menor (LC)",FALSE
"Limatambo","Tillandsia streptocarpa","Flora","Tillandsia streptocarpa Baker","Liliopsida","Poales","Bromeliaceae","Tillandsia",5,"GBIF","Otros conjuntos mediados por GBIF",1976,2004,2,FALSE,"---","---",NA,"No Evaluada (NE)",FALSE
"Limatambo","Vachellia aroma","Flora","Vachellia aroma (Gillies ex Hook. & Arn.) Seigler & Ebinger","Magnoliopsida","Fabales","Fabaceae","Vachellia",5,"GBIF","Otros conjuntos mediados por GBIF",1984,2007,2,FALSE,"Vachellia aroma","Least Concern","198984214","Preocupación Menor (LC)",FALSE
"Limatambo","Yphthimoides leguialimai","Fauna","Yphthimoides leguialimai","Insecta","Lepidoptera","Nymphalidae","Yphthimoides",5,"iNaturalist","iNaturalist",2021,2022,2,FALSE,"---","---",NA,"No Evaluada (NE)",FALSE
"Limatambo","Anisognathus igniventris","Fauna","Anisognathus igniventris (d'Orbigny & Lafresnaye, 1837)","Aves","Passeriformes","Thraupidae","Anisognathus",4,"GBIF","eBird / Otros conjuntos mediados por GBIF",1982,2023,4,FALSE,"Anisognathus igniventris","Least Concern","103845767","Preocupación Menor (LC)",FALSE
"Limatambo","Apurimacia boliviana","Flora","Apurimacia boliviana (Britton) Lavin","Magnoliopsida","Fabales","Fabaceae","Apurimacia",4,"GBIF","Otros conjuntos mediados por GBIF",2007,2007,2,FALSE,"---","---",NA,"No Evaluada (NE)",FALSE
"Limatambo","Asthenes huancavelicae","Fauna","Asthenes huancavelicae Morrison, 1938","Aves","Passeriformes","Furnariidae","Asthenes",4,"GBIF / iNaturalist","iNaturalist / Observation.org",2015,2022,2,FALSE,"Asthenes huancavelicae","Least Concern","103673286","Preocupación Menor (LC)",FALSE
"Limatambo","Cenchrus echinatus","Flora","Cenchrus echinatus L.","Liliopsida","Poales","Poaceae","Cenchrus",4,"GBIF","Otros conjuntos mediados por GBIF",2003,2003,2,FALSE,"Cenchrus echinatus","Least Concern","13506981","Preocupación Menor (LC)",FALSE
"Limatambo","Chaetocercus mulsant","Fauna","Chaetocercus mulsant (Bourcier, 1843)","Aves","Apodiformes","Trochilidae","Chaetocercus",4,"GBIF","eBird",2018,2023,4,FALSE,"Chaetocercus mulsant","Least Concern","22688251","Preocupación Menor (LC)",FALSE
"Limatambo","Chloris virgata","Flora","Chloris virgata Sw.","Liliopsida","Poales","Poaceae","Chloris",4,"GBIF","Otros conjuntos mediados por GBIF",2003,2004,2,FALSE,"---","---",NA,"No Evaluada (NE)",FALSE
"Limatambo","Elaenia flavogaster","Fauna","Elaenia flavogaster (Thunberg, 1822)","Aves","Passeriformes","Tyrannidae","Elaenia",4,"GBIF","eBird",2019,2023,2,FALSE,"Elaenia flavogaster","Least Concern","22699262","Preocupación Menor (LC)",FALSE
"Limatambo","Flaveria bidentis","Flora","Flaveria bidentis (L.) Kuntze","Magnoliopsida","Asterales","Asteraceae","Flaveria",4,"GBIF","Otros conjuntos mediados por GBIF",2003,2004,2,FALSE,"---","---",NA,"No Evaluada (NE)",FALSE
"Limatambo","Myiotheretes fuscorufus","Fauna","Myiotheretes fuscorufus (P.L.Sclater & Salvin, 1876)","Aves","Passeriformes","Tyrannidae","Myiotheretes",4,"GBIF","eBird",2023,2024,2,FALSE,"Myiotheretes fuscorufus","Least Concern","22700002","Preocupación Menor (LC)",FALSE
"Limatambo","Nicandra physalodes","Flora","Nicandra physalodes (L.) Gaertn.","Magnoliopsida","Solanales","Solanaceae","Nicandra",4,"GBIF","Otros conjuntos mediados por GBIF",2003,2004,2,FALSE,"---","---",NA,"No Evaluada (NE)",FALSE
"Limatambo","Passiflora foetida","Flora","Passiflora foetida L.","Magnoliopsida","Malpighiales","Passifloraceae","Passiflora",4,"GBIF","Otros conjuntos mediados por GBIF",1969,2004,2,FALSE,"---","---",NA,"No Evaluada (NE)",FALSE
"Limatambo","Rhinella spinulosa","Fauna","Rhinella spinulosa (Wiegmann, 1834)","Amphibia","Anura","Bufonidae","Rhinella",4,"GBIF","Otros conjuntos mediados por GBIF",1969,1969,2,FALSE,"Rhinella spinulosa","Least Concern","88992858","Preocupación Menor (LC)",FALSE
"Limatambo","Ricinus communis","Flora","Ricinus communis","Magnoliopsida","Malpighiales","Euphorbiaceae","Ricinus",4,"iNaturalist","iNaturalist",2024,2025,2,FALSE,"Ricinus communis","Least Concern","18435603","Preocupación Menor (LC)",FALSE
"Limatambo","Ruellia floribunda","Flora","Ruellia floribunda Hook.","Magnoliopsida","Lamiales","Acanthaceae","Ruellia",4,"GBIF","Otros conjuntos mediados por GBIF",2004,2004,2,FALSE,"---","---",NA,"No Evaluada (NE)",FALSE
"Limatambo","Sarcomphalus mistol","Flora","Ziziphus weberbaueri Pilg.","Magnoliopsida","Rosales","Rhamnaceae","Sarcomphalus",4,"GBIF","Otros conjuntos mediados por GBIF",2004,2004,1,TRUE,"---","---",NA,"No Evaluada (NE)",FALSE
"Limatambo","Schkuhria pinnata","Flora","Schkuhria pinnata (Lam.) Kuntze ex Thell.","Magnoliopsida","Asterales","Asteraceae","Schkuhria",4,"GBIF","Otros conjuntos mediados por GBIF",1984,2003,1,TRUE,"---","---",NA,"No Evaluada (NE)",FALSE
"Limatambo","Senecio calcensis","Flora","Senecio calcensis Cabrera & Zardini","Magnoliopsida","Asterales","Asteraceae","Senecio",4,"GBIF","Otros conjuntos mediados por GBIF",2007,2007,1,TRUE,"---","---",NA,"No Evaluada (NE)",FALSE
"Limatambo","Siphocampylus tupaeformis","Flora","Siphocampylus tupaeformis Zahlbr.","Magnoliopsida","Asterales","Campanulaceae","Siphocampylus",4,"GBIF / iNaturalist","iNaturalist / Otros conjuntos mediados por GBIF",2007,2023,2,FALSE,"---","---",NA,"No Evaluada (NE)",FALSE
"Limatambo","Solanum anomalostemon","Flora","Solanum anomalostemon S.Knapp & M.Nee","Magnoliopsida","Solanales","Solanaceae","Solanum",4,"GBIF","Otros conjuntos mediados por GBIF",2003,2003,2,FALSE,"Solanum anomalostemon","Endangered","212622591","En Peligro (EN)",TRUE
"Limatambo","Solanum chmielewskii","Flora","Solanum chmielewskii (C.M.Rick, Kesicki, Fobes & M.Holle) D.M.Spooner, G.J.Anderson & R.K.Jansen","Magnoliopsida","Solanales","Solanaceae","Solanum",4,"GBIF","Otros conjuntos mediados por GBIF",2004,2004,2,FALSE,"Solanum chmielewskii","Endangered","71781267","En Peligro (EN)",TRUE
"Limatambo","Solanum luteoalbum","Flora","Solanum luteoalbum Pers.","Magnoliopsida","Solanales","Solanaceae","Solanum",4,"GBIF","Otros conjuntos mediados por GBIF",2004,2004,2,FALSE,"---","---",NA,"No Evaluada (NE)",FALSE
"Limatambo","Solanum physalifolium","Flora","Solanum physalifolium Rusby","Magnoliopsida","Solanales","Solanaceae","Solanum",4,"GBIF","Otros conjuntos mediados por GBIF",2003,2003,1,TRUE,"---","---",NA,"No Evaluada (NE)",FALSE
"Limatambo","Spartium junceum","Flora","Spartium junceum","Magnoliopsida","Fabales","Fabaceae","Spartium",4,"iNaturalist","iNaturalist",2022,2025,3,FALSE,"---","---",NA,"No Evaluada (NE)",FALSE
"Limatambo","Spinus atratus","Fauna","Spinus atratus (d'Orbigny & Lafresnaye, 1837)","Aves","Passeriformes","Fringillidae","Spinus",4,"GBIF","eBird",2019,2024,4,FALSE,"Spinus atratus","Least Concern","22720401","Preocupación Menor (LC)",FALSE
"Limatambo","Thecla rufofusca","Fauna","Strymon rufofusca","Insecta","Lepidoptera","Lycaenidae","Thecla",4,"iNaturalist","iNaturalist",2021,2022,1,TRUE,"---","---",NA,"No Evaluada (NE)",FALSE
"Limatambo","Tigrisoma fasciatum","Fauna","Tigrisoma fasciatum (Such, 1825)","Aves","Pelecaniformes","Ardeidae","Tigrisoma",4,"GBIF","eBird",2021,2023,3,FALSE,"Tigrisoma fasciatum","Least Concern","22697264","Preocupación Menor (LC)",FALSE
"Limatambo","Actitis macularius","Fauna","Actitis macularius (Linnaeus, 1766)","Aves","Charadriiformes","Scolopacidae","Actitis",3,"GBIF","eBird",2020,2020,4,FALSE,"Actitis macularius","Least Concern","22693277","Preocupación Menor (LC)",FALSE
"Limatambo","Alnus acuminata","Flora","Alnus acuminata Kunth","Magnoliopsida","Fagales","Betulaceae","Alnus",3,"GBIF","Otros conjuntos mediados por GBIF",2003,2003,3,FALSE,"Alnus acuminata","Least Concern","32025","Preocupación Menor (LC)",FALSE
"Limatambo","Anoda cristata","Flora","Anoda cristata (L.) Schltdl.","Magnoliopsida","Malvales","Malvaceae","Anoda",3,"GBIF","Otros conjuntos mediados por GBIF",2003,2003,1,TRUE,"---","---",NA,"No Evaluada (NE)",FALSE
"Limatambo","Aralia soratensis","Flora","Aralia soratensis Marchal","Magnoliopsida","Apiales","Araliaceae","Aralia",3,"GBIF","Otros conjuntos mediados por GBIF",1984,1984,2,FALSE,"Aralia soratensis","Least Concern","243325020","Preocupación Menor (LC)",FALSE
"Limatambo","Bos taurus","Fauna","Bos taurus","Mammalia","Artiodactyla","Bovidae","Bos",3,"iNaturalist","iNaturalist",2024,2024,2,FALSE,"Bos gaurus","Vulnerable","2891","Vulnerable (VU)",TRUE
"Limatambo","Calceolaria virgata","Flora","Calceolaria virgata Ruiz & Pav.","Magnoliopsida","Lamiales","Calceolariaceae","Calceolaria",3,"GBIF","Otros conjuntos mediados por GBIF",2003,2003,2,FALSE,"---","---",NA,"No Evaluada (NE)",FALSE
"Limatambo","Cardiospermum corindum","Flora","Cardiospermum corindum L.","Magnoliopsida","Sapindales","Sapindaceae","Cardiospermum",3,"GBIF","Otros conjuntos mediados por GBIF",2002,2007,2,FALSE,"---","---",NA,"No Evaluada (NE)",FALSE
"Limatambo","Cathartes aura","Fauna","Cathartes aura (Linnaeus, 1758)","Aves","Accipitriformes","Cathartidae","Cathartes",3,"GBIF","eBird",2018,2022,7,FALSE,"Cathartes aura","Least Concern","22697627","Preocupación Menor (LC)",FALSE
"Limatambo","Cenchrus weberbaueri","Flora","Pennisetum weberbaueri Mez","Liliopsida","Poales","Poaceae","Cenchrus",3,"GBIF","Otros conjuntos mediados por GBIF",2003,2003,1,TRUE,"---","---",NA,"No Evaluada (NE)",FALSE
"Limatambo","Coccyzus americanus","Fauna","Coccyzus americanus (Linnaeus, 1758)","Aves","Cuculiformes","Cuculidae","Coccyzus",3,"GBIF","eBird",2021,2021,3,FALSE,"Coccyzus americanus","Least Concern","22684331","Preocupación Menor (LC)",FALSE
"Limatambo","Commelina tuberosa","Flora","Commelina fasciculata Ruiz & Pav.","Liliopsida","Commelinales","Commelinaceae","Commelina",3,"GBIF","Otros conjuntos mediados por GBIF",2003,2003,1,TRUE,"---","---",NA,"No Evaluada (NE)",FALSE
"Limatambo","Coragyps atratus","Fauna","Coragyps atratus (Bechstein, 1793)","Aves","Accipitriformes","Cathartidae","Coragyps",3,"GBIF","eBird",2022,2022,4,FALSE,"Coragyps atratus","Least Concern","22697624","Preocupación Menor (LC)",FALSE
"Limatambo","Crotalaria incana","Flora","Crotalaria incana L.","Magnoliopsida","Fabales","Fabaceae","Crotalaria",3,"GBIF","Otros conjuntos mediados por GBIF",2007,2007,1,TRUE,"---","---",NA,"No Evaluada (NE)",FALSE
"Limatambo","Cyathostegia matthewsii","Flora","Cyathostegia matthewsii (Benth.) Schery","Magnoliopsida","Fabales","Fabaceae","Cyathostegia",3,"GBIF","Otros conjuntos mediados por GBIF",2007,2007,2,FALSE,"---","---",NA,"No Evaluada (NE)",FALSE
"Limatambo","Cystopteris fragilis","Flora","Cystopteris fragilis (L.) Bernh.","Polypodiopsida","Polypodiales","Cystopteridaceae","Cystopteris",3,"GBIF","Otros conjuntos mediados por GBIF",2003,2003,1,TRUE,"---","---",NA,"No Evaluada (NE)",FALSE
"Limatambo","Dalechampia aristolochiifolia","Flora","Dalechampia aristolochiifolia Kunth","Magnoliopsida","Malpighiales","Euphorbiaceae","Dalechampia",3,"GBIF / iNaturalist","iNaturalist / Otros conjuntos mediados por GBIF",2000,2022,2,FALSE,"---","---",NA,"No Evaluada (NE)",FALSE
"Limatambo","Dione vanillae","Fauna","Dione vanillae maculosa","Insecta","Lepidoptera","Nymphalidae","Dione",3,"iNaturalist","iNaturalist",2021,2023,2,FALSE,"---","---",NA,"No Evaluada (NE)",FALSE
"Limatambo","Empidonomus aurantioatrocristatus","Fauna","Empidonomus aurantioatrocristatus (Orbigny & Lafresnaye, 1837)","Aves","Passeriformes","Tyrannidae","Empidonomus",3,"GBIF","eBird",2020,2020,3,FALSE,"---","---",NA,"No Evaluada (NE)",FALSE
"Limatambo","Escallonia resinosa","Flora","Escallonia resinosa","Magnoliopsida","Escalloniales","Escalloniaceae","Escallonia",3,"iNaturalist","iNaturalist",2014,2014,5,FALSE,"Escallonia resinosa","Near Threatened","42532740","Casi Amenazada (NT)",FALSE
"Limatambo","Euphorbia lasiocarpa","Flora","Euphorbia lasiocarpa Klotzsch","Magnoliopsida","Malpighiales","Euphorbiaceae","Euphorbia",3,"GBIF","Otros conjuntos mediados por GBIF",2003,2003,1,TRUE,"---","---",NA,"No Evaluada (NE)",FALSE
"Limatambo","Euphorbia laurifolia","Flora","Euphorbia laurifolia Juss. ex Lam.","Magnoliopsida","Malpighiales","Euphorbiaceae","Euphorbia",3,"GBIF","Otros conjuntos mediados por GBIF",1984,2003,2,FALSE,"Euphorbia laurifolia","Least Concern","194011396","Preocupación Menor (LC)",FALSE
"Limatambo","Gallinula chloropus","Fauna","Gallinula galeata (Lichtenstein & Mhc, 1818)","Aves","Gruiformes","Rallidae","Gallinula",3,"GBIF","eBird",2017,2019,8,FALSE,"Gallinula chloropus","Least Concern","62120190","Preocupación Menor (LC)",FALSE
"Limatambo","Gaya calyptrata","Flora","Gaya calyptrata (Cav.) Kunth ex K.Schum.","Magnoliopsida","Malvales","Malvaceae","Gaya",3,"GBIF","Otros conjuntos mediados por GBIF",2003,2003,2,FALSE,"---","---",NA,"No Evaluada (NE)",FALSE
"Limatambo","Gomphocarpus physocarpus","Flora","Gomphocarpus physocarpus E.Mey.","Magnoliopsida","Gentianales","Apocynaceae","Gomphocarpus",3,"GBIF","Otros conjuntos mediados por GBIF",2003,2003,1,TRUE,"---","---",NA,"No Evaluada (NE)",FALSE
"Limatambo","Gonolobus parviflorus","Flora","Gonolobus parviflorus Decne.","Magnoliopsida","Gentianales","Apocynaceae","Gonolobus",3,"GBIF","Otros conjuntos mediados por GBIF",2003,2003,2,FALSE,"---","---",NA,"No Evaluada (NE)",FALSE
"Limatambo","Hemiargus hanno","Fauna","Hemiargus hanno","Insecta","Lepidoptera","Lycaenidae","Hemiargus",3,"iNaturalist","iNaturalist",2021,2023,1,TRUE,"---","---",NA,"No Evaluada (NE)",FALSE
"Limatambo","Hirundinea ferruginea","Fauna","Hirundinea ferruginea (Gmelin, 1788)","Aves","Passeriformes","Tyrannidae","Hirundinea",3,"GBIF","eBird",2018,2021,3,FALSE,"Hirundinea ferruginea","Least Concern","22699738","Preocupación Menor (LC)",FALSE
"Limatambo","Idiopsar speculifer","Fauna","Idiopsar speculifer (d'Orbigny & Lafresnaye, 1837)","Aves","Passeriformes","Thraupidae","Idiopsar",3,"GBIF / iNaturalist","eBird / iNaturalist",2019,2026,3,FALSE,"---","---",NA,"No Evaluada (NE)",FALSE
"Limatambo","Ipomoea purpurea","Flora","Ipomoea purpurea (L.) Roth","Magnoliopsida","Solanales","Convolvulaceae","Ipomoea",3,"GBIF / iNaturalist","iNaturalist / Otros conjuntos mediados por GBIF",2004,2023,2,FALSE,"---","---",NA,"No Evaluada (NE)",FALSE
"Limatambo","Lagidium viscacia","Fauna","Lagidium viscacia (Molina, 1782)","Mammalia","Rodentia","Chinchillidae","Lagidium",3,"GBIF / iNaturalist","iNaturalist / Observation.org",2024,2026,3,FALSE,"Lagidium viscacia","Least Concern","11148","Preocupación Menor (LC)",FALSE
"Limatambo","Lantana horrida","Flora","Lantana horrida subsp. tiliifolia (Cham.) R.W.Sanders","Magnoliopsida","Lamiales","Verbenaceae","Lantana",3,"GBIF","Otros conjuntos mediados por GBIF",2004,2004,1,TRUE,"---","---",NA,"No Evaluada (NE)",FALSE
"Limatambo","Manettia poliodes","Flora","Manettia poliodes Standl.","Magnoliopsida","Gentianales","Rubiaceae","Manettia",3,"GBIF","Otros conjuntos mediados por GBIF",2004,2004,1,TRUE,"---","---",NA,"No Evaluada (NE)",FALSE
"Limatambo","Melipotis cellaris","Fauna","Melipotis bisinuata","Insecta","Lepidoptera","Erebidae","Melipotis",3,"iNaturalist","iNaturalist",2022,2022,1,TRUE,"---","---",NA,"No Evaluada (NE)",FALSE
"Limatambo","Metallura aeneocauda","Fauna","Metallura aeneocauda (Gould, 1846)","Aves","Apodiformes","Trochilidae","Metallura",3,"GBIF","eBird",2009,2022,2,FALSE,"Metallura aeneocauda","Least Concern","22688009","Preocupación Menor (LC)",FALSE
"Limatambo","Myioborus melanocephalus","Fauna","Myioborus melanocephalus (Tschudi, 1844)","Aves","Passeriformes","Parulidae","Myioborus",3,"GBIF / iNaturalist","eBird / iNaturalist",2018,2022,2,FALSE,"Myioborus melanocephalus","Least Concern","22721938","Preocupación Menor (LC)",FALSE
"Limatambo","Myiophobus fasciatus","Fauna","Myiophobus fasciatus (Statius Muller, 1776)","Aves","Passeriformes","Tyrannidae","Myiophobus",3,"GBIF","eBird",2018,2023,2,FALSE,"Myiophobus fasciatus","Least Concern","103682408","Preocupación Menor (LC)",FALSE
"Limatambo","Myiothlypis signata","Fauna","Myiothlypis signata (von Berlepsch & Stolzmann, 1906)","Aves","Passeriformes","Parulidae","Myiothlypis",3,"GBIF","eBird",2013,2023,2,FALSE,"Myiothlypis signata","Least Concern","22721969","Preocupación Menor (LC)",FALSE
"Limatambo","Myriopus volubilis","Flora","Tournefortia volubilis L.","Magnoliopsida","Boraginales","Heliotropiaceae","Myriopus",3,"GBIF","Otros conjuntos mediados por GBIF",2007,2007,1,TRUE,"---","---",NA,"No Evaluada (NE)",FALSE
"Limatambo","Neobartsia inaequalis","Flora","Bartsia inaequalis subsp. brachyantha (Diels) Molau","Magnoliopsida","Lamiales","Orobanchaceae","Neobartsia",3,"GBIF","Otros conjuntos mediados por GBIF",2003,2003,1,TRUE,"---","---",NA,"No Evaluada (NE)",FALSE
"Limatambo","Neobartsia thiantha","Flora","Bartsia thiantha Diels","Magnoliopsida","Lamiales","Orobanchaceae","Neobartsia",3,"GBIF","Otros conjuntos mediados por GBIF",2003,2003,1,TRUE,"---","---",NA,"No Evaluada (NE)",FALSE
"Limatambo","Nicotiana raimondii","Flora","Nicotiana raimondii J.F.Macbr.","Magnoliopsida","Solanales","Solanaceae","Nicotiana",3,"GBIF","Otros conjuntos mediados por GBIF",2003,2003,2,FALSE,"---","---",NA,"No Evaluada (NE)",FALSE
"Limatambo","Ochthoeca oenanthoides","Fauna","Ochthoeca oenanthoides (Orbigny & Lafresnaye, 1837)","Aves","Passeriformes","Tyrannidae","Ochthoeca",3,"GBIF","eBird",2016,2022,6,FALSE,"Ochthoeca oenanthoides","Least Concern","22699938","Preocupación Menor (LC)",FALSE
"Limatambo","Ophryosporus peruvianus","Flora","Ophryosporus peruvianus (J.F.Gmel.) R.M.King & H.Rob.","Magnoliopsida","Asterales","Asteraceae","Ophryosporus",3,"GBIF","Otros conjuntos mediados por GBIF",2007,2007,2,FALSE,"---","---",NA,"No Evaluada (NE)",FALSE
"Limatambo","Opuntia ficus-indica","Flora","Opuntia ficus-indica","Magnoliopsida","Caryophyllales","Cactaceae","Opuntia",3,"iNaturalist","iNaturalist",2022,2024,3,FALSE,"Opuntia ficus-indica","Data Deficient","151706","Datos Insuficientes (DD)",FALSE
"Limatambo","Oxyura ferruginea","Fauna","Oxyura ferruginea (Eyton, 1838)","Aves","Anseriformes","Anatidae","Oxyura",3,"GBIF","eBird",2017,2019,4,FALSE,"Oxyura ferruginea","Least Concern","22727757","Preocupación Menor (LC)",FALSE
"Limatambo","Passiflora trifoliata","Flora","Passiflora trifoliata Cav.","Magnoliopsida","Malpighiales","Passifloraceae","Passiflora",3,"GBIF","Otros conjuntos mediados por GBIF",2007,2007,2,FALSE,"---","---",NA,"No Evaluada (NE)",FALSE
"Limatambo","Pecluma curvans","Flora","Pecluma curvans (Mett.) M.G.Price","Polypodiopsida","Polypodiales","Polypodiaceae","Pecluma",3,"GBIF","Otros conjuntos mediados por GBIF",2007,2007,2,FALSE,"---","---",NA,"No Evaluada (NE)",FALSE
"Limatambo","Percnohierax leucorrhous","Fauna","Parabuteo leucorrhous (Quoy & Gaimard, 1824)","Aves","Accipitriformes","Accipitridae","Percnohierax",3,"GBIF","eBird",2022,2023,2,FALSE,"---","---",NA,"No Evaluada (NE)",FALSE
"Limatambo","Philibertia solanoides","Flora","Philibertia solanoides Kunth","Magnoliopsida","Gentianales","Apocynaceae","Philibertia",3,"GBIF","Otros conjuntos mediados por GBIF",2003,2003,2,FALSE,"---","---",NA,"No Evaluada (NE)",FALSE
"Limatambo","Polistes xanthogaster","Fauna","Polistes xanthogaster Bequard, 1940","Insecta","Hymenoptera","Eumenidae","Polistes",3,"GBIF / iNaturalist","iNaturalist / Otros conjuntos mediados por GBIF",2020,2022,2,FALSE,"---","---",NA,"No Evaluada (NE)",FALSE
"Limatambo","Puya cochabambensis","Flora","Puya cochabambensis","Liliopsida","Poales","Bromeliaceae","Puya",3,"iNaturalist","iNaturalist",2014,2024,2,FALSE,"Puya cochabambensis","Vulnerable","131347585","Vulnerable (VU)",TRUE
"Limatambo","Rhodoscirpus asper","Flora","Scirpus asper J.Presl & C.Presl","Liliopsida","Poales","Cyperaceae","Rhodoscirpus",3,"GBIF","Otros conjuntos mediados por GBIF",2004,2004,1,TRUE,"---","---",NA,"No Evaluada (NE)",FALSE
"Limatambo","Richardia brasiliensis","Flora","Richardia brasiliensis Gomes","Magnoliopsida","Gentianales","Rubiaceae","Richardia",3,"GBIF","Otros conjuntos mediados por GBIF",2003,2003,2,FALSE,"---","---",NA,"No Evaluada (NE)",FALSE
"Limatambo","Sicalis uropigyalis","Fauna","Sicalis uropigyalis (d'Orbigny & Lafresnaye, 1837)","Aves","Passeriformes","Thraupidae","Sicalis",3,"GBIF","eBird",2001,2022,3,FALSE,"Sicalis uropigyalis","Least Concern","22723316","Preocupación Menor (LC)",FALSE
"Limatambo","Siphocampylus corynoides","Flora","Siphocampylus corynoides E.Wimm.","Magnoliopsida","Asterales","Campanulaceae","Siphocampylus",3,"GBIF","Otros conjuntos mediados por GBIF",2004,2004,2,FALSE,"---","---",NA,"No Evaluada (NE)",FALSE
"Limatambo","Spinus crassirostris","Fauna","Spinus crassirostris (Landbeck, 1877)","Aves","Passeriformes","Fringillidae","Spinus",3,"GBIF","eBird",2021,2021,5,FALSE,"Spinus crassirostris","Least Concern","22720380","Preocupación Menor (LC)",FALSE
"Limatambo","Tecoma stans","Flora","Tecoma sambucifolia Kunth","Magnoliopsida","Lamiales","Bignoniaceae","Tecoma",3,"GBIF / iNaturalist","iNaturalist / Otros conjuntos mediados por GBIF",1984,2022,3,FALSE,"Tecoma stans","Least Concern","82858855","Preocupación Menor (LC)",FALSE
"Limatambo","Tetranychus zamithi","Fauna","Tetranychus zamithi Paschoal, 1970","Arachnida","Trombidiformes","Tetranychidae","Tetranychus",3,"GBIF","Otros conjuntos mediados por GBIF",1984,1985,1,TRUE,"---","---",NA,"No Evaluada (NE)",FALSE
"Limatambo","Tillandsia usneoides","Flora","Tillandsia usneoides (L.) L.","Liliopsida","Poales","Bromeliaceae","Tillandsia",3,"GBIF / iNaturalist","iNaturalist / Otros conjuntos mediados por GBIF",1984,2026,3,FALSE,"Tillandsia usneoides","Least Concern","131368905","Preocupación Menor (LC)",FALSE
"Limatambo","Tyto furcata","Fauna","Tyto furcata (Temminck, 1827)","Aves","Strigiformes","Tytonidae","Tyto",3,"GBIF","eBird",2011,2018,3,FALSE,"---","---",NA,"No Evaluada (NE)",FALSE
"Limatambo","Werneria dactylophylla","Flora","Werneria dactylophylla Sch.Bip.","Magnoliopsida","Asterales","Asteraceae","Werneria",3,"GBIF / iNaturalist","iNaturalist / Otros conjuntos mediados por GBIF",2003,2022,1,TRUE,"---","---",NA,"No Evaluada (NE)",FALSE
"Limatambo","Zephyranthes andina","Flora","Zephyranthes andina","Liliopsida","Asparagales","Amaryllidaceae","Zephyranthes",3,"iNaturalist","iNaturalist",2019,2025,2,FALSE,"---","---",NA,"No Evaluada (NE)",FALSE
"Limatambo","Adiantum raddianum","Flora","Adiantum raddianum C.Presl","Polypodiopsida","Polypodiales","Pteridaceae","Adiantum",2,"GBIF","Otros conjuntos mediados por GBIF",2003,2003,2,FALSE,"---","---",NA,"No Evaluada (NE)",FALSE
"Limatambo","Aeronautes montivagus","Fauna","Aeronautes montivagus (d'Orbigny & Lafresnaye, 1837)","Aves","Apodiformes","Apodidae","Aeronautes",2,"GBIF","eBird",2014,2021,4,FALSE,"Aeronautes montivagus","Least Concern","22686736","Preocupación Menor (LC)",FALSE
"Limatambo","Aloysia fiebrigii","Flora","Aloysia fiebrigii (Hayek) Moldenke","Magnoliopsida","Lamiales","Verbenaceae","Aloysia",2,"GBIF","Otros conjuntos mediados por GBIF",2003,2003,1,TRUE,"---","---",NA,"No Evaluada (NE)",FALSE
"Limatambo","Anemia ferruginea","Flora","Anemia ferruginea Kunth","Polypodiopsida","Schizaeales","Anemiaceae","Anemia",2,"GBIF","Otros conjuntos mediados por GBIF",2003,2003,1,TRUE,"---","---",NA,"No Evaluada (NE)",FALSE
"Limatambo","Anthus brevirostris","Fauna","Anthus brevirostris Taczanowski, 1875","Aves","Passeriformes","Motacillidae","Anthus",2,"GBIF","eBird",2015,2017,3,FALSE,"Anthus brevirostris","Least Concern","232638555","Preocupación Menor (LC)",FALSE
"Limatambo","Ardea alba","Fauna","Ardea alba Linnaeus, 1758","Aves","Pelecaniformes","Ardeidae","Ardea",2,"GBIF","eBird",2016,2016,7,FALSE,"Ardea alba","Least Concern","22697043","Preocupación Menor (LC)",FALSE
"Limatambo","Arenaria soratensis","Flora","Arenaria soratensis Rohrb.","Magnoliopsida","Caryophyllales","Caryophyllaceae","Arenaria",2,"GBIF","Otros conjuntos mediados por GBIF",2003,2003,3,FALSE,"---","---",NA,"No Evaluada (NE)",FALSE
"Limatambo","Aristeguietia persicifolia","Flora","Aristeguietia persicifolia (Kunth) R.M.King & H.Rob.","Magnoliopsida","Asterales","Asteraceae","Aristeguietia",2,"GBIF","Otros conjuntos mediados por GBIF",2007,2007,1,TRUE,"---","---",NA,"No Evaluada (NE)",FALSE
"Limatambo","Arracacia xanthorrhiza","Flora","Arracacia xanthorrhiza Bancr.","Magnoliopsida","Apiales","Apiaceae","Arracacia",2,"GBIF","Otros conjuntos mediados por GBIF",2003,2003,1,TRUE,"---","---",NA,"No Evaluada (NE)",FALSE
"Limatambo","Asclepias curassavica","Flora","Asclepias curassavica L.","Magnoliopsida","Gentianales","Apocynaceae","Asclepias",2,"GBIF / iNaturalist","iNaturalist / Otros conjuntos mediados por GBIF",2022,2023,2,FALSE,"Asclepias curassavica","Least Concern","124595336","Preocupación Menor (LC)",FALSE
"Limatambo","Asplenium monanthes","Flora","Asplenium monanthes L.","Polypodiopsida","Polypodiales","Aspleniaceae","Asplenium",2,"GBIF","Otros conjuntos mediados por GBIF",2003,2003,2,FALSE,"---","---",NA,"No Evaluada (NE)",FALSE
"Limatambo","Atlapetes canigenis","Fauna","Atlapetes canigenis Chapman, 1919","Aves","Passeriformes","Passerellidae","Atlapetes",2,"GBIF","eBird",2019,2019,2,FALSE,"Atlapetes canigenis","Least Concern","22728576","Preocupación Menor (LC)",FALSE
"Limatambo","Barbaceniopsis vargasiana","Flora","Barbaceniopsis vargasiana (L.B.Sm.) L.B.Sm.","Liliopsida","Pandanales","Velloziaceae","Barbaceniopsis",2,"GBIF","Otros conjuntos mediados por GBIF",1984,1984,2,FALSE,"---","---",NA,"No Evaluada (NE)",FALSE
"Limatambo","Bolborhynchus lineola","Fauna","Bolborhynchus lineola (Cassin, 1853)","Aves","Psittaciformes","Psittacidae","Bolborhynchus",2,"GBIF","eBird",2023,2023,1,TRUE,"Bolborhynchus lineola","Least Concern","22685913","Preocupación Menor (LC)",FALSE
"Limatambo","Brassica rapa","Flora","Brassica rapa subsp. oleifera (DC.) Metzg.","Magnoliopsida","Brassicales","Brassicaceae","Brassica",2,"GBIF","Otros conjuntos mediados por GBIF",2024,2024,2,FALSE,"---","---",NA,"No Evaluada (NE)",FALSE
"Limatambo","Buddleja montana","Flora","Buddleja montana Britton","Magnoliopsida","Lamiales","Scrophulariaceae","Buddleja",2,"GBIF","Otros conjuntos mediados por GBIF",2007,2007,2,FALSE,"---","---",NA,"No Evaluada (NE)",FALSE
"Limatambo","Caiophora buraeavii","Flora","Caiophora buraeavii Urb. & Gilg","Magnoliopsida","Cornales","Loasaceae","Caiophora",2,"GBIF","Otros conjuntos mediados por GBIF",2007,2007,1,TRUE,"---","---",NA,"No Evaluada (NE)",FALSE
"Limatambo","Calceolaria myriophylla","Flora","Calceolaria myriophylla","Magnoliopsida","Lamiales","Calceolariaceae","Calceolaria",2,"iNaturalist","iNaturalist",2022,2022,3,FALSE,"---","---",NA,"No Evaluada (NE)",FALSE
"Limatambo","Cantua buxifolia","Flora","Cantua buxifolia Juss. ex Lam.","Magnoliopsida","Ericales","Polemoniaceae","Cantua",2,"GBIF","Otros conjuntos mediados por GBIF",2003,2003,5,FALSE,"Cantua buxifolia","Least Concern","146078128","Preocupación Menor (LC)",FALSE
"Limatambo","Catamenia homochroa","Fauna","Catamenia homochroa P.L.Sclater, 1859","Aves","Passeriformes","Thraupidae","Catamenia",2,"GBIF","eBird",2017,2022,3,FALSE,"Catamenia homochroa","Least Concern","22723577","Preocupación Menor (LC)",FALSE
"Limatambo","Chalcostigma stanleyi","Fauna","Chalcostigma stanleyi (Bourcier, 1851)","Aves","Apodiformes","Trochilidae","Chalcostigma",2,"GBIF","eBird",2019,2023,2,FALSE,"Chalcostigma stanleyi","Least Concern","22688030","Preocupación Menor (LC)",FALSE
"Limatambo","Cheilanthes peruviana","Flora","Cheilanthes peruviana (Desv.) T.Moore","Polypodiopsida","Polypodiales","Pteridaceae","Cheilanthes",2,"GBIF","Otros conjuntos mediados por GBIF",2003,2003,1,TRUE,"---","---",NA,"No Evaluada (NE)",FALSE
"Limatambo","Cheilanthes pruinata","Flora","Cheilanthes pruinata Kaulf.","Polypodiopsida","Polypodiales","Pteridaceae","Cheilanthes",2,"GBIF","Otros conjuntos mediados por GBIF",2003,2003,1,TRUE,"---","---",NA,"No Evaluada (NE)",FALSE
"Limatambo","Chromolaena laevigata","Flora","Chromolaena laevigata (Lam.) R.M.King & H.Rob.","Magnoliopsida","Asterales","Asteraceae","Chromolaena",2,"GBIF","Otros conjuntos mediados por GBIF",2004,2004,2,FALSE,"---","---",NA,"No Evaluada (NE)",FALSE
"Limatambo","Convolvulus crenatifolius","Flora","Convolvulus crenatifolius subsp. crenatifolius","Magnoliopsida","Solanales","Convolvulaceae","Convolvulus",2,"GBIF","Otros conjuntos mediados por GBIF",2007,2007,2,FALSE,"---","---",NA,"No Evaluada (NE)",FALSE
"Limatambo","Cronquistianthus volkensii","Flora","Cronquistianthus volkensii (Hieron.) R.M.King & H.Rob.","Magnoliopsida","Asterales","Asteraceae","Cronquistianthus",2,"GBIF","Otros conjuntos mediados por GBIF",2003,2003,2,FALSE,"---","---",NA,"No Evaluada (NE)",FALSE
"Limatambo","Cucumis dipsaceus","Flora","Cucumis dipsaceus Ehrenb. ex Spach","Magnoliopsida","Cucurbitales","Cucurbitaceae","Cucumis",2,"GBIF","Otros conjuntos mediados por GBIF",2003,2003,2,FALSE,"---","---",NA,"No Evaluada (NE)",FALSE
"Limatambo","Cyclospermum leptophyllum","Flora","Cyclospermum leptophyllum (Pers.) Sprague ex Britton & P.Wilson","Magnoliopsida","Apiales","Apiaceae","Cyclospermum",2,"GBIF","Otros conjuntos mediados por GBIF",2003,2003,2,FALSE,"---","---",NA,"No Evaluada (NE)",FALSE
"Limatambo","Dactylopius coccus","Fauna","Dactylopius coccus","Insecta","Hemiptera","Dactylopiidae","Dactylopius",2,"iNaturalist","iNaturalist",2015,2019,1,TRUE,"---","---",NA,"No Evaluada (NE)",FALSE
"Limatambo","Danaus gilippus","Fauna","Danaus gilippus candidus","Insecta","Lepidoptera","Nymphalidae","Danaus",2,"iNaturalist","iNaturalist",2022,2023,2,FALSE,"Danaus gilippus","Least Concern","160668","Preocupación Menor (LC)",FALSE
"Limatambo","Danaus plexippus","Fauna","Danaus plexippus nigrippus","Insecta","Lepidoptera","Nymphalidae","Danaus",2,"iNaturalist","iNaturalist",2021,2023,2,FALSE,"Danaus plexippus","Least Concern","159971","Preocupación Menor (LC)",FALSE
"Limatambo","Dennstaedtia glauca","Flora","Dennstaedtia glauca (Cav.) C.Chr. ex Looser","Polypodiopsida","Polypodiales","Dennstaedtiaceae","Dennstaedtia",2,"GBIF","Otros conjuntos mediados por GBIF",2003,2003,1,TRUE,"---","---",NA,"No Evaluada (NE)",FALSE
"Limatambo","Dione juno","Fauna","Dione juno","Insecta","Lepidoptera","Nymphalidae","Dione",2,"iNaturalist","iNaturalist",2021,2023,2,FALSE,"---","---",NA,"No Evaluada (NE)",FALSE
"Limatambo","Ditassa crassa","Flora","Ditassa crassa Schltr.","Magnoliopsida","Gentianales","Apocynaceae","Ditassa",2,"GBIF","Otros conjuntos mediados por GBIF",2003,2003,1,TRUE,"---","---",NA,"No Evaluada (NE)",FALSE
"Limatambo","Erythrina falcata","Flora","Erythrina falcata Benth.","Magnoliopsida","Fabales","Fabaceae","Erythrina",2,"GBIF","Otros conjuntos mediados por GBIF",1984,1984,2,FALSE,"Erythrina falcata","Least Concern","153627277","Preocupación Menor (LC)",FALSE
"Limatambo","Escallonia myrtilloides","Flora","Escallonia myrtilloides L.fil.","Magnoliopsida","Escalloniales","Escalloniaceae","Escallonia",2,"GBIF","Otros conjuntos mediados por GBIF",2007,2007,2,FALSE,"Escallonia myrtilloides","Least Concern","243327956","Preocupación Menor (LC)",FALSE
"Limatambo","Esenbeckia warscewiczii","Flora","Esenbeckia warscewiczii Engl.","Magnoliopsida","Sapindales","Rutaceae","Esenbeckia",2,"GBIF","Otros conjuntos mediados por GBIF",2006,2006,2,FALSE,"---","---",NA,"No Evaluada (NE)",FALSE
"Limatambo","Euploca oxyloba","Flora","Heliotropium oxylobum I.M.Johnst.","Magnoliopsida","Boraginales","Heliotropiaceae","Euploca",2,"GBIF","Otros conjuntos mediados por GBIF",2000,2000,1,TRUE,"---","---",NA,"No Evaluada (NE)",FALSE
"Limatambo","Euploca pilosa","Flora","Heliotropium pilosum Ruiz & Pav.","Magnoliopsida","Boraginales","Heliotropiaceae","Euploca",2,"GBIF","Otros conjuntos mediados por GBIF",2006,2006,1,TRUE,"---","---",NA,"No Evaluada (NE)",FALSE
"Limatambo","Felis catus","Fauna","Felis catus","Mammalia","Carnivora","Felidae","Felis",2,"iNaturalist","iNaturalist",2024,2025,1,TRUE,"---","---",NA,"No Evaluada (NE)",FALSE
"Limatambo","Ficus cuatrecasasiana","Flora","Ficus cuatrecasasiana Dugand","Magnoliopsida","Rosales","Moraceae","Ficus",2,"GBIF","Otros conjuntos mediados por GBIF",2003,2003,1,TRUE,"Ficus cuatrecasasiana","Least Concern","145580034","Preocupación Menor (LC)",FALSE
"Limatambo","Gaultheria myrsinoides","Flora","Gaultheria myrsinoides","Magnoliopsida","Ericales","Ericaceae","Gaultheria",2,"iNaturalist","iNaturalist",2023,2026,2,FALSE,"---","---",NA,"No Evaluada (NE)",FALSE
"Limatambo","Glaucidium bolivianum","Fauna","Glaucidium bolivianum C.König, 1991","Aves","Strigiformes","Strigidae","Glaucidium",2,"GBIF","eBird",2023,2024,3,FALSE,"Glaucidium bolivianum","Least Concern","22689229","Preocupación Menor (LC)",FALSE
"Limatambo","Hamadryas februa","Fauna","Hamadryas februa","Insecta","Lepidoptera","Nymphalidae","Hamadryas",2,"iNaturalist","iNaturalist",2021,2023,2,FALSE,"---","---",NA,"No Evaluada (NE)",FALSE
"Limatambo","Heliotropium arborescens","Flora","Heliotropium peruvianum L.","Magnoliopsida","Boraginales","Heliotropiaceae","Heliotropium",2,"GBIF","Otros conjuntos mediados por GBIF",NA,NA,1,TRUE,"---","---",NA,"No Evaluada (NE)",FALSE
"Limatambo","Heliotropium incanum","Flora","Heliotropium incanum Ruiz & Pav.","Magnoliopsida","Boraginales","Heliotropiaceae","Heliotropium",2,"GBIF","Otros conjuntos mediados por GBIF",2003,2003,2,FALSE,"---","---",NA,"No Evaluada (NE)",FALSE
"Limatambo","Heteropogon contortus","Flora","Heteropogon contortus (L.) P.Beauv. ex Roem. & Schult.","Liliopsida","Poales","Poaceae","Heteropogon",2,"GBIF","Otros conjuntos mediados por GBIF",2003,2003,2,FALSE,"---","---",NA,"No Evaluada (NE)",FALSE
"Limatambo","Hypanartia bella","Fauna","Hypanartia bella","Insecta","Lepidoptera","Nymphalidae","Hypanartia",2,"iNaturalist","iNaturalist",2021,2021,2,FALSE,"---","---",NA,"No Evaluada (NE)",FALSE
"Limatambo","Ipomoea cuscoensis","Flora","Ipomoea cuscoensis J.R.I.Wood & P.Muñoz","Magnoliopsida","Solanales","Convolvulaceae","Ipomoea",2,"GBIF","Otros conjuntos mediados por GBIF",2003,2003,2,FALSE,"---","---",NA,"No Evaluada (NE)",FALSE
"Limatambo","Ipomoea sericosepala","Flora","Turbina cordata (Choisy) D.F.Austin & Staples","Magnoliopsida","Solanales","Convolvulaceae","Ipomoea",2,"GBIF","Otros conjuntos mediados por GBIF",2003,2003,2,FALSE,"---","---",NA,"No Evaluada (NE)",FALSE
"Limatambo","Lepidocolaptes lacrymiger","Fauna","Lepidocolaptes lacrymiger (Des Murs, 1849)","Aves","Passeriformes","Furnariidae","Lepidocolaptes",2,"GBIF","eBird",2009,2019,2,FALSE,"Lepidocolaptes lacrymiger","Least Concern","22733132","Preocupación Menor (LC)",FALSE
"Limatambo","Leptasthenura yanacensis","Fauna","Sylviorthorhynchus yanacensis (Carriker, 1933)","Aves","Passeriformes","Furnariidae","Leptasthenura",2,"GBIF","eBird",2022,2022,3,FALSE,"---","---",NA,"No Evaluada (NE)",FALSE
"Limatambo","Muhlenbergia cenchroides","Flora","Muhlenbergia cenchroides (Humb. & Bonpl. ex Willd.) P.M.Peterson","Liliopsida","Poales","Poaceae","Muhlenbergia",2,"GBIF","Otros conjuntos mediados por GBIF",2003,2003,1,TRUE,"---","---",NA,"No Evaluada (NE)",FALSE
"Limatambo","Muscisaxicola flavinucha","Fauna","Muscisaxicola flavinucha Lafresnaye, 1855","Aves","Passeriformes","Tyrannidae","Muscisaxicola",2,"GBIF","eBird",2024,2024,2,FALSE,"Muscisaxicola flavinucha","Least Concern","22700198","Preocupación Menor (LC)",FALSE
"Limatambo","Myiarchus tuberculifer","Fauna","Myiarchus tuberculifer (Orbigny & Lafresnaye, 1837)","Aves","Passeriformes","Tyrannidae","Myiarchus",2,"GBIF","eBird",2022,2022,2,FALSE,"Myiarchus tuberculifer","Least Concern","22700399","Preocupación Menor (LC)",FALSE
"Limatambo","Myrsine dependens","Flora","Myrsine dependens (Ruiz & Pav.) Spreng.","Magnoliopsida","Ericales","Primulaceae","Myrsine",2,"GBIF","Otros conjuntos mediados por GBIF",2007,2007,1,TRUE,"Myrsine dependens","Least Concern","151216257","Preocupación Menor (LC)",FALSE
"Limatambo","Nicotiana benavidesii","Flora","Nicotiana benavidesii Goodsp.","Magnoliopsida","Solanales","Solanaceae","Nicotiana",2,"GBIF","Otros conjuntos mediados por GBIF",2007,2007,2,FALSE,"---","---",NA,"No Evaluada (NE)",FALSE
"Limatambo","Nicotiana tomentosa","Flora","Nicotiana tomentosa Ruiz & Pav.","Magnoliopsida","Solanales","Solanaceae","Nicotiana",2,"GBIF","Otros conjuntos mediados por GBIF",2002,2002,3,FALSE,"Nicotiana tomentosa","Least Concern","146118663","Preocupación Menor (LC)",FALSE
"Limatambo","Nothocercus nigrocapillus","Fauna","Nothocercus nigrocapillus (G.R.Gray, 1867)","Aves","Tinamiformes","Tinamidae","Nothocercus",2,"GBIF","eBird",2017,2017,1,TRUE,"Nothocercus nigrocapillus","Least Concern","22678160","Preocupación Menor (LC)",FALSE
"Limatambo","Nycticorax nycticorax","Fauna","Nycticorax nycticorax (Linnaeus, 1758)","Aves","Pelecaniformes","Ardeidae","Nycticorax",2,"GBIF","eBird",2021,2023,6,FALSE,"Nycticorax nycticorax","Least Concern","22697211","Preocupación Menor (LC)",FALSE
"Limatambo","Onoseris albicans","Flora","Onoseris albicans (D.Don) Ferreyra","Magnoliopsida","Asterales","Asteraceae","Onoseris",2,"GBIF","Otros conjuntos mediados por GBIF",2003,2003,2,FALSE,"---","---",NA,"No Evaluada (NE)",FALSE
"Limatambo","Oreonympha nobilis","Fauna","Oreonympha nobilis Gould, 1869","Aves","Apodiformes","Trochilidae","Oreonympha",2,"GBIF","eBird",2020,2023,6,FALSE,"Oreonympha nobilis","Least Concern","22727923","Preocupación Menor (LC)",FALSE
"Limatambo","Pellaea ovata","Flora","Pellaea ovata (Desv.) Weath.","Polypodiopsida","Polypodiales","Pteridaceae","Pellaea",2,"GBIF","Otros conjuntos mediados por GBIF",2003,2003,2,FALSE,"---","---",NA,"No Evaluada (NE)",FALSE
"Limatambo","Penelope montagnii","Fauna","Penelope montagnii (Bonaparte, 1856)","Aves","Galliformes","Cracidae","Penelope",2,"GBIF","eBird",2009,2019,3,FALSE,"Penelope montagnii","Least Concern","22678364","Preocupación Menor (LC)",FALSE
"Limatambo","Perezia pungens","Flora","Perezia pungens","Magnoliopsida","Asterales","Asteraceae","Perezia",2,"iNaturalist","iNaturalist",2022,2023,2,FALSE,"---","---",NA,"No Evaluada (NE)",FALSE
"Limatambo","Persea americana","Flora","Persea americana","Magnoliopsida","Laurales","Lauraceae","Persea",2,"iNaturalist","iNaturalist",2025,2026,2,FALSE,"Persea americana","Least Concern","96986556","Preocupación Menor (LC)",FALSE
"Limatambo","Phoenicopterus chilensis","Fauna","Phoenicopterus chilensis Molina, 1782","Aves","Phoenicopteriformes","Phoenicopteridae","Phoenicopterus",2,"GBIF","eBird",2017,2017,3,FALSE,"Phoenicopterus chilensis","Near Threatened","22697365","Casi Amenazada (NT)",FALSE
"Limatambo","Pipraeidea melanonota","Fauna","Pipraeidea melanonota (Vieillot, 1819)","Aves","Passeriformes","Thraupidae","Pipraeidea",2,"GBIF","eBird",2024,2024,2,FALSE,"Pipraeidea melanonota","Least Concern","22722691","Preocupación Menor (LC)",FALSE
"Limatambo","Pleopeltis remota","Flora","Polypodium remotum Desv.","Polypodiopsida","Polypodiales","Polypodiaceae","Pleopeltis",2,"GBIF","Otros conjuntos mediados por GBIF",2003,2003,1,TRUE,"---","---",NA,"No Evaluada (NE)",FALSE
"Limatambo","Poissonia hypoleuca","Flora","Poissonia hypoleuca (Speg.) Lillo","Magnoliopsida","Fabales","Fabaceae","Poissonia",2,"GBIF","Otros conjuntos mediados por GBIF",2003,2003,1,TRUE,"Poissonia hypoleuca","Vulnerable","34361","Vulnerable (VU)",TRUE
"Limatambo","Pyrgus oileus","Fauna","Burnsius orcus","Insecta","Lepidoptera","Hesperiidae","Pyrgus",2,"iNaturalist","iNaturalist",2021,2021,1,TRUE,"---","---",NA,"No Evaluada (NE)",FALSE
"Limatambo","Pyrisitia nise","Fauna","Eurema nise","Insecta","Lepidoptera","Pieridae","Pyrisitia",2,"iNaturalist","iNaturalist",2021,2021,1,TRUE,"---","---",NA,"No Evaluada (NE)",FALSE
"Limatambo","Rekoa palegon","Fauna","Rekoa palegon","Insecta","Lepidoptera","Lycaenidae","Rekoa",2,"iNaturalist","iNaturalist",2021,2023,1,TRUE,"---","---",NA,"No Evaluada (NE)",FALSE
"Limatambo","Ribes cuneifolium","Flora","Ribes cuneifolium","Magnoliopsida","Saxifragales","Grossulariaceae","Ribes",2,"iNaturalist","iNaturalist",2025,2025,3,FALSE,"---","---",NA,"No Evaluada (NE)",FALSE
"Limatambo","Rockhausenia nubigena","Flora","Rockhausenia nubigena","Magnoliopsida","Asterales","Asteraceae","Rockhausenia",2,"iNaturalist","iNaturalist",2022,2026,3,FALSE,"---","---",NA,"No Evaluada (NE)",FALSE
"Limatambo","Scytalopus simonsi","Fauna","Scytalopus simonsi Chubb, 1917","Aves","Passeriformes","Rhinocryptidae","Scytalopus",2,"GBIF","eBird",2009,2019,3,FALSE,"Scytalopus simonsi","Least Concern","22729298","Preocupación Menor (LC)",FALSE
"Limatambo","Senna pistaciifolia","Flora","Senna pistaciifolia (Kunth) H.S.Irwin & Barneby","Magnoliopsida","Fabales","Fabaceae","Senna",2,"GBIF","Otros conjuntos mediados por GBIF",2003,2003,1,TRUE,"Senna pistaciifolia","Least Concern","170270811","Preocupación Menor (LC)",FALSE
"Limatambo","Serjania striata","Flora","Serjania striata Radlk.","Magnoliopsida","Sapindales","Sapindaceae","Serjania",2,"GBIF","Otros conjuntos mediados por GBIF",2003,2007,1,TRUE,"---","---",NA,"No Evaluada (NE)",FALSE
"Limatambo","Sessea stipulata","Flora","Sessea stipulata Ruiz & Pav.","Magnoliopsida","Solanales","Solanaceae","Sessea",2,"GBIF","Otros conjuntos mediados por GBIF",2003,2003,2,FALSE,"---","---",NA,"No Evaluada (NE)",FALSE
"Limatambo","Solanum brevicaule","Flora","Solanum brevicaule Bitter","Magnoliopsida","Solanales","Solanaceae","Solanum",2,"GBIF","Otros conjuntos mediados por GBIF",NA,NA,8,FALSE,"Solanum brevicaule","Least Concern","71779365","Preocupación Menor (LC)",FALSE
"Limatambo","Solanum neorickii","Flora","Solanum neorickii D.M.Spooner, G.J.Anderson & R.K.Jansen","Magnoliopsida","Solanales","Solanaceae","Solanum",2,"GBIF","Otros conjuntos mediados por GBIF",1948,1970,2,FALSE,"Solanum neorickii","Least Concern","71782550","Preocupación Menor (LC)",FALSE
"Limatambo","Solanum raphanifolium","Flora","Solanum raphanifolium Cárdenas & Hawkes","Magnoliopsida","Solanales","Solanaceae","Solanum",2,"GBIF","Otros conjuntos mediados por GBIF",1971,1971,5,FALSE,"---","---",NA,"No Evaluada (NE)",FALSE
"Limatambo","Spathodea campanulata","Flora","Spathodea campanulata","Magnoliopsida","Lamiales","Bignoniaceae","Spathodea",2,"iNaturalist","iNaturalist",2024,2024,1,TRUE,"Spathodea campanulata","Least Concern","49196213","Preocupación Menor (LC)",FALSE
"Limatambo","Spatula cyanoptera","Fauna","Spatula cyanoptera (Vieillot, 1816)","Aves","Anseriformes","Anatidae","Spatula",2,"GBIF","eBird",2017,2017,7,FALSE,"Spatula cyanoptera","Least Concern","22680233","Preocupación Menor (LC)",FALSE
"Limatambo","Spatula puna","Fauna","Spatula puna (Tschudi, 1844)","Aves","Anseriformes","Anatidae","Spatula",2,"GBIF","eBird",2017,2017,6,FALSE,"Spatula puna","Least Concern","22680326","Preocupación Menor (LC)",FALSE
"Limatambo","Sporathraupis cyanocephala","Fauna","Sporathraupis cyanocephala (d'Orbigny & Lafresnaye, 1837)","Aves","Passeriformes","Thraupidae","Sporathraupis",2,"GBIF","eBird",2019,2021,2,FALSE,"Sporathraupis cyanocephala","Least Concern","22722549","Preocupación Menor (LC)",FALSE
"Limatambo","Telenassa berenice","Fauna","Telenassa berenice","Insecta","Lepidoptera","Nymphalidae","Telenassa",2,"iNaturalist","iNaturalist",2021,2021,1,TRUE,"---","---",NA,"No Evaluada (NE)",FALSE
"Limatambo","Thraupis episcopus","Fauna","Thraupis episcopus (Linnaeus, 1766)","Aves","Passeriformes","Thraupidae","Thraupis",2,"GBIF","eBird",2019,2024,2,FALSE,"---","---",NA,"No Evaluada (NE)",FALSE
"Limatambo","Tillandsia nana","Flora","Tillandsia nana Baker","Liliopsida","Poales","Bromeliaceae","Tillandsia",2,"GBIF","Otros conjuntos mediados por GBIF",2003,2003,1,TRUE,"---","---",NA,"No Evaluada (NE)",FALSE
"Limatambo","Tillandsia recurvata","Flora","Tillandsia recurvata (L.) L.","Liliopsida","Poales","Bromeliaceae","Tillandsia",2,"GBIF","Otros conjuntos mediados por GBIF",2003,2003,2,FALSE,"Tillandsia recurvata","Least Concern","126360189","Preocupación Menor (LC)",FALSE
"Limatambo","Tillandsia tricholepis","Flora","Tillandsia bryoides Griseb. ex Baker","Liliopsida","Poales","Bromeliaceae","Tillandsia",2,"GBIF","Otros conjuntos mediados por GBIF",2006,2006,1,TRUE,"---","---",NA,"No Evaluada (NE)",FALSE
"Limatambo","Urbanus elmina","Fauna","Urbanus elmina","Insecta","Lepidoptera","Hesperiidae","Urbanus",2,"iNaturalist","iNaturalist",2021,2021,1,TRUE,"---","---",NA,"No Evaluada (NE)",FALSE
"Limatambo","Urtica leptophylla","Flora","Urtica leptophylla Kunth","Magnoliopsida","Rosales","Urticaceae","Urtica",2,"GBIF","Otros conjuntos mediados por GBIF",2007,2007,3,FALSE,"---","---",NA,"No Evaluada (NE)",FALSE
"Limatambo","Vachellia macracantha","Flora","Vachellia macracantha","Magnoliopsida","Fabales","Fabaceae","Vachellia",2,"iNaturalist","iNaturalist",2020,2022,1,TRUE,"Vachellia macracantha","Least Concern","152908301","Preocupación Menor (LC)",FALSE
"Limatambo","Verbascum virgatum","Flora","Verbascum virgatum","Magnoliopsida","Lamiales","Scrophulariaceae","Verbascum",2,"iNaturalist","iNaturalist",2020,2026,1,TRUE,"---","---",NA,"No Evaluada (NE)",FALSE
"Limatambo","Vireo leucophrys","Fauna","Vireo leucophrys (Lafresnaye, 1844)","Aves","Passeriformes","Vireonidae","Vireo",2,"GBIF","eBird",2022,2022,2,FALSE,"Vireo leucophrys","Least Concern","22705273","Preocupación Menor (LC)",FALSE
"Limatambo","Weinmannia crassifolia","Flora","Weinmannia crassifolia Ruiz & Pav. ex López","Magnoliopsida","Oxalidales","Cunoniaceae","Weinmannia",2,"GBIF","Otros conjuntos mediados por GBIF",2003,2003,1,TRUE,"Weinmannia crassifolia","Least Concern","62838","Preocupación Menor (LC)",FALSE
"Limatambo","Adelomyia melanogenys","Fauna","Adelomyia melanogenys (Fraser, 1840)","Aves","Apodiformes","Trochilidae","Adelomyia",1,"GBIF","eBird",2019,2019,2,FALSE,"Adelomyia melanogenys","Least Concern","22687696","Preocupación Menor (LC)",FALSE
"Limatambo","Aglaoctenus lagotis","Fauna","Aglaoctenus lagotis","Arachnida","Araneae","Lycosidae","Aglaoctenus",1,"iNaturalist","iNaturalist",2019,2019,2,FALSE,"---","---",NA,"No Evaluada (NE)",FALSE
"Limatambo","Agrius cingulata","Fauna","Agrius cingulata","Insecta","Lepidoptera","Sphingidae","Agrius",1,"iNaturalist","iNaturalist",2022,2022,1,TRUE,"---","---",NA,"No Evaluada (NE)",FALSE
"Limatambo","Alternanthera caracasana","Flora","Alternanthera caracasana Kunth","Magnoliopsida","Caryophyllales","Amaranthaceae","Alternanthera",1,"GBIF","Otros conjuntos mediados por GBIF",1984,1984,1,TRUE,"---","---",NA,"No Evaluada (NE)",FALSE
"Limatambo","Alternanthera paronychioides","Flora","Alternanthera paronychioides A.St.-Hil.","Magnoliopsida","Caryophyllales","Amaranthaceae","Alternanthera",1,"GBIF","Otros conjuntos mediados por GBIF",NA,NA,1,TRUE,"Alternanthera paronychioides","Least Concern","218722702","Preocupación Menor (LC)",FALSE
"Limatambo","Amazona mercenaria","Fauna","Amazona mercenaria (Tschudi, 1844)","Aves","Psittaciformes","Psittacidae","Amazona",1,"GBIF","eBird",2019,2019,2,FALSE,"---","---",NA,"No Evaluada (NE)",FALSE
"Limatambo","Ambonus interrogationis","Fauna","Ambonus interrogationis","Insecta","Coleoptera","Cerambycidae","Ambonus",1,"iNaturalist","iNaturalist",2022,2022,1,TRUE,"---","---",NA,"No Evaluada (NE)",FALSE
"Limatambo","Ambrosia artemisioides","Flora","Ambrosia artemisioides Meyen & Walp.","Magnoliopsida","Asterales","Asteraceae","Ambrosia",1,"GBIF","Otros conjuntos mediados por GBIF",NA,NA,1,TRUE,"---","---",NA,"No Evaluada (NE)",FALSE
"Limatambo","Anas georgica","Fauna","Anas georgica J.F.Gmelin, 1789","Aves","Anseriformes","Anatidae","Anas",1,"GBIF","eBird",2016,2016,8,FALSE,"Anas georgica","Least Concern","22680310","Preocupación Menor (LC)",FALSE
"Limatambo","Anthophora arequipensis","Fauna","Anthophora arequipensis Brèthes, 1920","Insecta","Hymenoptera","Apidae","Anthophora",1,"GBIF","Otros conjuntos mediados por GBIF",1979,1979,1,TRUE,"---","---",NA,"No Evaluada (NE)",FALSE
"Limatambo","Apis mellifera","Fauna","Apis mellifera","Insecta","Hymenoptera","Apidae","Apis",1,"iNaturalist","iNaturalist",2023,2023,4,FALSE,"---","---",NA,"No Evaluada (NE)",FALSE
"Limatambo","Aratinga wagleri","Fauna","Aratinga wagleri minor Carriker, 1933","Aves","Psittaciformes","Psittacidae","Aratinga",1,"GBIF","Otros conjuntos mediados por GBIF",1970,1970,2,FALSE,"---","---",NA,"No Evaluada (NE)",FALSE
"Limatambo","Ardea cocoi","Fauna","Ardea cocoi Linnaeus, 1766","Aves","Pelecaniformes","Ardeidae","Ardea",1,"GBIF","eBird",2024,2024,4,FALSE,"Ardea cocoi","Least Concern","22697001","Preocupación Menor (LC)",FALSE
"Limatambo","Argiope argentata","Fauna","Argiope argentata","Arachnida","Araneae","Araneidae","Argiope",1,"iNaturalist","iNaturalist",2022,2022,1,TRUE,"---","---",NA,"No Evaluada (NE)",FALSE
"Limatambo","Argyrochosma nivea","Flora","Argyrochosma nivea","Polypodiopsida","Polypodiales","Pteridaceae","Argyrochosma",1,"iNaturalist","iNaturalist",2024,2024,1,TRUE,"---","---",NA,"No Evaluada (NE)",FALSE
"Limatambo","Armadillidium vulgare","Fauna","Armadillidium vulgare","Malacostraca","Isopoda","Armadillidiidae","Armadillidium",1,"iNaturalist","iNaturalist",2026,2026,1,TRUE,"---","---",NA,"No Evaluada (NE)",FALSE
"Limatambo","Asthenes virgata","Fauna","Asthenes virgata (P.L.Sclater, 1874)","Aves","Passeriformes","Furnariidae","Asthenes",1,"GBIF","eBird",2022,2022,5,FALSE,"Asthenes virgata","Least Concern","22702575","Preocupación Menor (LC)",FALSE
"Limatambo","Begonia acerifolia","Flora","Begonia acerifolia","Magnoliopsida","Cucurbitales","Begoniaceae","Begonia",1,"iNaturalist","iNaturalist",2026,2026,2,FALSE,"Begonia acerifolia","Near Threatened","43049","Casi Amenazada (NT)",FALSE
"Limatambo","Berberis humbertiana","Flora","Berberis humbertiana","Magnoliopsida","Ranunculales","Berberidaceae","Berberis",1,"iNaturalist","iNaturalist",2022,2022,1,TRUE,"---","---",NA,"No Evaluada (NE)",FALSE
"Limatambo","Bocconia frutescens","Flora","Bocconia frutescens","Magnoliopsida","Ranunculales","Papaveraceae","Bocconia",1,"iNaturalist","iNaturalist",2024,2024,1,TRUE,"Bocconia frutescens","Least Concern","85556702","Preocupación Menor (LC)",FALSE
"Limatambo","Bubo magellanicus","Fauna","Bubo magellanicus (R.Lesson, 1828)","Aves","Strigiformes","Strigidae","Bubo",1,"GBIF","eBird",2023,2023,6,FALSE,"Bubo magellanicus","Least Concern","61752097","Preocupación Menor (LC)",FALSE
"Limatambo","Buteo brachyurus","Fauna","Buteo brachyurus Vieillot, 1816","Aves","Accipitriformes","Accipitridae","Buteo",1,"GBIF","eBird",2017,2017,3,FALSE,"Buteo brachyurus","Least Concern","22695897","Preocupación Menor (LC)",FALSE
"Limatambo","Cacicus cela","Fauna","Cacicus cela (Linnaeus, 1758)","Aves","Passeriformes","Icteridae","Cacicus",1,"GBIF","eBird",2024,2024,2,FALSE,"Cacicus cela","Least Concern","103792683","Preocupación Menor (LC)",FALSE
"Limatambo","Calceolaria sparsiflora","Flora","Calceolaria sparsiflora Kunze","Magnoliopsida","Lamiales","Calceolariaceae","Calceolaria",1,"GBIF","Otros conjuntos mediados por GBIF",2003,2003,2,FALSE,"---","---",NA,"No Evaluada (NE)",FALSE
"Limatambo","Campyloneurum angustifolium","Flora","Polypodium angustifolium Sw.","Polypodiopsida","Polypodiales","Polypodiaceae","Campyloneurum",1,"GBIF","Otros conjuntos mediados por GBIF",1982,1982,1,TRUE,"---","---",NA,"No Evaluada (NE)",FALSE
"Limatambo","Canis lupus","Fauna","Canis familiaris","Mammalia","Carnivora","Canidae","Canis",1,"iNaturalist","iNaturalist",2025,2025,3,FALSE,"Canis lupus","Least Concern","3746","Preocupación Menor (LC)",FALSE
"Limatambo","Castilleja fissifolia","Flora","Castilleja fissifolia","Magnoliopsida","Lamiales","Orobanchaceae","Castilleja",1,"iNaturalist","iNaturalist",2026,2026,1,TRUE,"---","---",NA,"No Evaluada (NE)",FALSE
"Limatambo","Castilleja pumila","Flora","Castilleja pumila","Magnoliopsida","Lamiales","Orobanchaceae","Castilleja",1,"iNaturalist","iNaturalist",2026,2026,3,FALSE,"---","---",NA,"No Evaluada (NE)",FALSE
"Limatambo","Catasticta cora","Fauna","Catasticta cora","Insecta","Lepidoptera","Pieridae","Catasticta",1,"iNaturalist","iNaturalist",2021,2021,1,TRUE,"---","---",NA,"No Evaluada (NE)",FALSE
"Limatambo","Chalcostigma olivaceum","Fauna","Chalcostigma olivaceum (Lawrence, 1864)","Aves","Apodiformes","Trochilidae","Chalcostigma",1,"GBIF","eBird",2019,2019,3,FALSE,"Chalcostigma olivaceum","Least Concern","22688027","Preocupación Menor (LC)",FALSE
"Limatambo","Chalcothraupis ruficervix","Fauna","Chalcothraupis ruficervix (Prévost & Des Murs, 1842)","Aves","Passeriformes","Thraupidae","Chalcothraupis",1,"GBIF","eBird",2019,2019,1,TRUE,"---","---",NA,"No Evaluada (NE)",FALSE
"Limatambo","Cheilanthes incarum","Flora","Cheilanthes incarum Maxon","Polypodiopsida","Polypodiales","Pteridaceae","Cheilanthes",1,"GBIF","Otros conjuntos mediados por GBIF",2003,2003,1,TRUE,"---","---",NA,"No Evaluada (NE)",FALSE
"Limatambo","Chilicola maculipes","Fauna","Chilicola maculipes Michener, 2002","Insecta","Hymenoptera","Colletidae","Chilicola",1,"GBIF","Otros conjuntos mediados por GBIF",1978,1978,1,TRUE,"---","---",NA,"No Evaluada (NE)",FALSE
"Limatambo","Chilicola xanthostoma","Fauna","Chilicola xanthostoma Michener, 2002","Insecta","Hymenoptera","Colletidae","Chilicola",1,"GBIF","Otros conjuntos mediados por GBIF",1978,1978,1,TRUE,"---","---",NA,"No Evaluada (NE)",FALSE
"Limatambo","Chionomesa lactea","Fauna","Chionomesa lactea","Aves","Apodiformes","Trochilidae","Chionomesa",1,"iNaturalist","iNaturalist",2022,2022,1,TRUE,"Chionomesa lactea","Least Concern","22726706","Preocupación Menor (LC)",FALSE
"Limatambo","Chirgus bocchoris","Fauna","Chirgus bocchoris trisignatus","Insecta","Lepidoptera","Hesperiidae","Chirgus",1,"iNaturalist","iNaturalist",2021,2021,1,TRUE,"---","---",NA,"No Evaluada (NE)",FALSE
"Limatambo","Chlorospingus flavopectus","Fauna","Chlorospingus flavopectus (Lafresnaye, 1840)","Aves","Passeriformes","Passerellidae","Chlorospingus",1,"GBIF","eBird",2019,2019,1,TRUE,"Chlorospingus flavopectus","Least Concern","22722162","Preocupación Menor (LC)",FALSE
"Limatambo","Cirsium vulgare","Flora","Cirsium vulgare (Savi) Ten.","Magnoliopsida","Asterales","Asteraceae","Cirsium",1,"GBIF","Otros conjuntos mediados por GBIF",NA,NA,4,FALSE,"---","---",NA,"No Evaluada (NE)",FALSE
"Limatambo","Claravis mondetoura","Fauna","Paraclaravis mondetoura (Bonaparte, 1856)","Aves","Columbiformes","Columbidae","Claravis",1,"GBIF","eBird",2021,2021,1,TRUE,"---","---",NA,"No Evaluada (NE)",FALSE
"Limatambo","Coeligena violifer","Fauna","Coeligena violifer (Gould, 1846)","Aves","Apodiformes","Trochilidae","Coeligena",1,"GBIF","eBird",2019,2019,2,FALSE,"Coeligena violifer","Least Concern","22726750","Preocupación Menor (LC)",FALSE
"Limatambo","Colaptes punctigula","Fauna","Colaptes punctigula (Boddaert, 1783)","Aves","Piciformes","Picidae","Colaptes",1,"GBIF","eBird",2024,2024,1,TRUE,"Colaptes punctigula","Least Concern","22681272","Preocupación Menor (LC)",FALSE
"Limatambo","Colaptes rubiginosus","Fauna","Colaptes rubiginosus (Swainson, 1820)","Aves","Piciformes","Picidae","Colaptes",1,"GBIF","eBird",2023,2023,3,FALSE,"Colaptes rubiginosus","Least Concern","61533973","Preocupación Menor (LC)",FALSE
"Limatambo","Conirostrum binghami","Fauna","Conirostrum binghami (Chapman, 1919)","Aves","Passeriformes","Thraupidae","Conirostrum",1,"GBIF","eBird",2009,2009,4,FALSE,"Conirostrum binghami","Near Threatened","22722114","Casi Amenazada (NT)",FALSE
"Limatambo","Conirostrum ferrugineiventre","Fauna","Conirostrum ferrugineiventre P.L.Sclater, 1855","Aves","Passeriformes","Thraupidae","Conirostrum",1,"GBIF","eBird",2019,2019,3,FALSE,"Conirostrum ferrugineiventre","Least Concern","22722102","Preocupación Menor (LC)",FALSE
"Limatambo","Conopias cinchoneti","Fauna","Conopias cinchoneti (Tschudi, 1844)","Aves","Passeriformes","Tyrannidae","Conopias",1,"GBIF","eBird",2019,2019,1,TRUE,"Conopias cinchoneti","Least Concern","22700560","Preocupación Menor (LC)",FALSE
"Limatambo","Contopus sordidulus","Fauna","Contopus sordidulus P.L.Sclater, 1859","Aves","Passeriformes","Tyrannidae","Contopus",1,"GBIF","eBird",2024,2024,1,TRUE,"Contopus sordidulus","Least Concern","22699811","Preocupación Menor (LC)",FALSE
"Limatambo","Contopus virens","Fauna","Contopus virens (Linnaeus, 1766)","Aves","Passeriformes","Tyrannidae","Contopus",1,"GBIF","eBird",2024,2024,1,TRUE,"Contopus virens","Least Concern","22699816","Preocupación Menor (LC)",FALSE
"Limatambo","Cortaderia hieronymi","Flora","Lamprothyrsus hieronymi (Kuntze) Pilg.","Liliopsida","Poales","Poaceae","Cortaderia",1,"GBIF","Otros conjuntos mediados por GBIF",NA,NA,1,TRUE,"---","---",NA,"No Evaluada (NE)",FALSE
"Limatambo","Cosmos peucedanifolius","Flora","Cosmos peucedanifolius","Magnoliopsida","Asterales","Asteraceae","Cosmos",1,"iNaturalist","iNaturalist",2023,2023,1,TRUE,"---","---",NA,"No Evaluada (NE)",FALSE
"Limatambo","Cranioleuca marcapatae","Fauna","Cranioleuca marcapatae Zimmer, 1935","Aves","Passeriformes","Furnariidae","Cranioleuca",1,"GBIF","Otros conjuntos mediados por GBIF",1982,1982,2,FALSE,"Cranioleuca marcapatae","Least Concern","103674421","Preocupación Menor (LC)",FALSE
"Limatambo","Culcitium canescens","Flora","Culcitium canescens","Magnoliopsida","Asterales","Asteraceae","Culcitium",1,"iNaturalist","iNaturalist",2022,2022,2,FALSE,"---","---",NA,"No Evaluada (NE)",FALSE
"Limatambo","Cyanocorax violaceus","Fauna","Cyanocorax violaceus Du Bus de Gisignies, 1847","Aves","Passeriformes","Corvidae","Cyanocorax",1,"GBIF","eBird",2024,2024,1,TRUE,"Cyanocorax violaceus","Least Concern","22705711","Preocupación Menor (LC)",FALSE
"Limatambo","Cyanocorax yncas","Fauna","Cyanocorax yncas (Boddaert, 1783)","Aves","Passeriformes","Corvidae","Cyanocorax",1,"GBIF","eBird",2019,2019,2,FALSE,"Cyanocorax yncas","Least Concern","22705738","Preocupación Menor (LC)",FALSE
"Limatambo","Cyclanthera pedata","Flora","Cyclanthera pedata (L.) Schrad.","Magnoliopsida","Cucurbitales","Cucurbitaceae","Cyclanthera",1,"GBIF","Otros conjuntos mediados por GBIF",1984,1984,1,TRUE,"---","---",NA,"No Evaluada (NE)",FALSE
"Limatambo","Cyperus rotundus","Flora","Cyperus rotundus L.","Liliopsida","Poales","Cyperaceae","Cyperus",1,"GBIF","Otros conjuntos mediados por GBIF",2003,2003,1,TRUE,"Cyperus rotundus","Least Concern","158183","Preocupación Menor (LC)",FALSE
"Limatambo","Dalechampia bella","Flora","Dalechampia bella Armbr.","Magnoliopsida","Malpighiales","Euphorbiaceae","Dalechampia",1,"GBIF","Otros conjuntos mediados por GBIF",1984,1984,1,TRUE,"---","---",NA,"No Evaluada (NE)",FALSE
"Limatambo","Daucus montanus","Flora","Daucus montanus","Magnoliopsida","Apiales","Apiaceae","Daucus",1,"iNaturalist","iNaturalist",2022,2022,1,TRUE,"---","---",NA,"No Evaluada (NE)",FALSE
"Limatambo","Diglossa cyanea","Fauna","Diglossa cyanea (Lafresnaye, 1840)","Aves","Passeriformes","Thraupidae","Diglossa",1,"GBIF","eBird",2019,2019,3,FALSE,"Diglossa cyanea","Least Concern","22723715","Preocupación Menor (LC)",FALSE
"Limatambo","Dodonaea viscosa","Flora","Dodonaea viscosa (L.) Jacq.","Magnoliopsida","Sapindales","Sapindaceae","Dodonaea",1,"GBIF","Otros conjuntos mediados por GBIF",1984,1984,1,TRUE,"Dodonaea viscosa","Least Concern","66292425","Preocupación Menor (LC)",FALSE
"Limatambo","Dynamine tithia","Fauna","Dynamine tithia salpensa","Insecta","Lepidoptera","Nymphalidae","Dynamine",1,"iNaturalist","iNaturalist",2021,2021,1,TRUE,"---","---",NA,"No Evaluada (NE)",FALSE
"Limatambo","Emesis mandana","Fauna","Emesis mandana","Insecta","Lepidoptera","Lycaenidae","Emesis",1,"iNaturalist","iNaturalist",2021,2021,1,TRUE,"---","---",NA,"No Evaluada (NE)",FALSE
"Limatambo","Ensifera ensifera","Fauna","Ensifera ensifera (Boissonneau, 1840)","Aves","Apodiformes","Trochilidae","Ensifera",1,"GBIF","eBird",2018,2018,2,FALSE,"Ensifera ensifera","Least Concern","22687854","Preocupación Menor (LC)",FALSE
"Limatambo","Epilobium denticulatum","Flora","Epilobium denticulatum Ruiz & Pav.","Magnoliopsida","Myrtales","Onagraceae","Epilobium",1,"GBIF","Otros conjuntos mediados por GBIF",1982,1982,2,FALSE,"---","---",NA,"No Evaluada (NE)",FALSE
"Limatambo","Epinecrophylla ornata","Fauna","Epinecrophylla ornata (P.L.Sclater, 1853)","Aves","Passeriformes","Thamnophilidae","Epinecrophylla",1,"GBIF","eBird",2022,2022,1,TRUE,"Epinecrophylla ornata","Least Concern","103657276","Preocupación Menor (LC)",FALSE
"Limatambo","Equisetum bogotense","Flora","Equisetum bogotense Kunth","Polypodiopsida","Equisetales","Equisetaceae","Equisetum",1,"GBIF","Otros conjuntos mediados por GBIF",1982,1982,3,FALSE,"---","---",NA,"No Evaluada (NE)",FALSE
"Limatambo","Eragrostis cilianensis","Flora","Eragrostis cilianensis (All.) Vignolo ex Janch.","Liliopsida","Poales","Poaceae","Eragrostis",1,"GBIF","Otros conjuntos mediados por GBIF",2003,2003,1,TRUE,"---","---",NA,"No Evaluada (NE)",FALSE
"Limatambo","Eriotheca ruizii","Flora","Eriotheca ruizii (K.Schum.) A.Robyns","Magnoliopsida","Malvales","Malvaceae","Eriotheca",1,"GBIF","Otros conjuntos mediados por GBIF",1984,1984,1,TRUE,"---","---",NA,"No Evaluada (NE)",FALSE
"Limatambo","Erythrina edulis","Flora","Erythrina edulis Triana ex Micheli","Magnoliopsida","Fabales","Fabaceae","Erythrina",1,"GBIF","Otros conjuntos mediados por GBIF",1984,1984,1,TRUE,"Erythrina edulis","Least Concern","144283929","Preocupación Menor (LC)",FALSE
"Limatambo","Eucnide cordata","Flora","Mentzelia cordata Kellogg","Magnoliopsida","Cornales","Loasaceae","Eucnide",1,"GBIF","Otros conjuntos mediados por GBIF",2006,2006,1,TRUE,"---","---",NA,"No Evaluada (NE)",FALSE
"Limatambo","Euphorbia hypericifolia","Flora","Euphorbia hypericifolia L.","Magnoliopsida","Malpighiales","Euphorbiaceae","Euphorbia",1,"GBIF","Otros conjuntos mediados por GBIF",1984,1984,1,TRUE,"Euphorbia hypericifolia","Least Concern","218730882","Preocupación Menor (LC)",FALSE
"Limatambo","Euphorbia pulcherrima","Flora","Euphorbia pulcherrima","Magnoliopsida","Malpighiales","Euphorbiaceae","Euphorbia",1,"iNaturalist","iNaturalist",2026,2026,1,TRUE,"Euphorbia pulcherrima","Least Concern","150008228","Preocupación Menor (LC)",FALSE
"Limatambo","Ficus carica","Flora","Ficus carica L.","Magnoliopsida","Rosales","Moraceae","Ficus",1,"GBIF","Otros conjuntos mediados por GBIF",2020,2020,1,TRUE,"Ficus carica","Least Concern","63527","Preocupación Menor (LC)",FALSE
"Limatambo","Fuchsia boliviana","Flora","Fuchsia boliviana","Magnoliopsida","Myrtales","Onagraceae","Fuchsia",1,"iNaturalist","iNaturalist",2025,2025,2,FALSE,"Fuchsia boliviana","Least Concern","103127813","Preocupación Menor (LC)",FALSE
"Limatambo","Genista monspessulana","Flora","Genista monspessulana","Magnoliopsida","Fabales","Fabaceae","Genista",1,"iNaturalist","iNaturalist",2019,2019,3,FALSE,"---","---",NA,"No Evaluada (NE)",FALSE
"Limatambo","Gentiana sedifolia","Flora","Gentiana sedifolia","Magnoliopsida","Gentianales","Gentianaceae","Gentiana",1,"iNaturalist","iNaturalist",2019,2019,5,FALSE,"---","---",NA,"No Evaluada (NE)",FALSE
"Limatambo","Geoffroea decorticans","Flora","Geoffroea decorticans (Gillies ex Hook. & Arn.) Burkart","Magnoliopsida","Fabales","Fabaceae","Geoffroea",1,"GBIF","Otros conjuntos mediados por GBIF",2004,2004,2,FALSE,"Geoffroea decorticans","Vulnerable","38217","Vulnerable (VU)",TRUE
"Limatambo","Harpyhaliaetus solitarius","Fauna","Buteogallus solitarius (Tschudi, 1844)","Aves","Accipitriformes","Accipitridae","Harpyhaliaetus",1,"GBIF","eBird",2022,2022,2,FALSE,"---","---",NA,"No Evaluada (NE)",FALSE
"Limatambo","Hedone vibex","Fauna","Hedone vibex","Insecta","Lepidoptera","Hesperiidae","Polites",1,"iNaturalist","iNaturalist",2021,2021,1,TRUE,"---","---",NA,"No Evaluada (NE)",FALSE
"Limatambo","Heliangelus amethysticollis","Fauna","Heliangelus amethysticollis (d'Orbigny & Lafresnaye, 1838)","Aves","Apodiformes","Trochilidae","Heliangelus",1,"GBIF","eBird",2018,2018,2,FALSE,"Heliangelus amethysticollis","Least Concern","60859997","Preocupación Menor (LC)",FALSE
"Limatambo","Henicorhina leucophrys","Fauna","Henicorhina leucophrys (Tschudi, 1844)","Aves","Passeriformes","Troglodytidae","Henicorhina",1,"GBIF","eBird",2009,2009,2,FALSE,"Henicorhina leucophrys","Least Concern","103889800","Preocupación Menor (LC)",FALSE
"Limatambo","Hesperoxiphion peruvianum","Flora","Hesperoxiphion peruvianum","Liliopsida","Asparagales","Iridaceae","Hesperoxiphion",1,"iNaturalist","iNaturalist",2022,2022,3,FALSE,"---","---",NA,"No Evaluada (NE)",FALSE
"Limatambo","Hippodamia convergens","Fauna","Hippodamia convergens","Insecta","Coleoptera","Coccinellidae","Hippodamia",1,"iNaturalist","iNaturalist",2020,2020,1,TRUE,"---","---",NA,"No Evaluada (NE)",FALSE
"Limatambo","Hirundo rustica","Fauna","Hirundo rustica Linnaeus, 1758","Aves","Passeriformes","Hirundinidae","Hirundo",1,"GBIF","eBird",2022,2022,4,FALSE,"Hirundo rustica","Least Concern","22712252","Preocupación Menor (LC)",FALSE
"Limatambo","Hylephila phyleus","Fauna","Hylephila phyleus","Insecta","Lepidoptera","Hesperiidae","Hylephila",1,"iNaturalist","iNaturalist",2023,2023,1,TRUE,"---","---",NA,"No Evaluada (NE)",FALSE
"Limatambo","Hyles lineata","Fauna","Hyles lineata","Insecta","Lepidoptera","Sphingidae","Hyles",1,"iNaturalist","iNaturalist",2022,2022,1,TRUE,"---","---",NA,"No Evaluada (NE)",FALSE
"Limatambo","Icterus icterus","Fauna","Icterus croconotus (Wagler, 1829)","Aves","Passeriformes","Icteridae","Icterus",1,"GBIF","eBird",2024,2024,1,TRUE,"Icterus icterus","Least Concern","22735310","Preocupación Menor (LC)",FALSE
"Limatambo","Inga feuillei","Flora","Inga feuillei DC.","Magnoliopsida","Fabales","Fabaceae","Inga",1,"GBIF","Otros conjuntos mediados por GBIF",1984,1984,1,TRUE,"---","---",NA,"No Evaluada (NE)",FALSE
"Limatambo","Ipomoea cairica","Flora","Ipomoea cairica","Magnoliopsida","Solanales","Convolvulaceae","Ipomoea",1,"iNaturalist","iNaturalist",2022,2022,1,TRUE,"Ipomoea cairica","Least Concern","19237651","Preocupación Menor (LC)",FALSE
"Limatambo","Iris florentina","Flora","Iris albicans","Liliopsida","Asparagales","Iridaceae","Iris",1,"iNaturalist","iNaturalist",2026,2026,1,TRUE,"---","---",NA,"No Evaluada (NE)",FALSE
"Limatambo","Ismene narcissiflora","Flora","Hymenocallis narcissiflora (Jacq.) J.F.Macbr.","Liliopsida","Asparagales","Amaryllidaceae","Ismene",1,"GBIF","Otros conjuntos mediados por GBIF",1984,1984,1,TRUE,"---","---",NA,"No Evaluada (NE)",FALSE
"Limatambo","Jacaranda acutifolia","Flora","Jacaranda acutifolia","Magnoliopsida","Lamiales","Bignoniaceae","Jacaranda",1,"iNaturalist","iNaturalist",2019,2019,1,TRUE,"Jacaranda acutifolia","Least Concern","61985524","Preocupación Menor (LC)",FALSE
"Limatambo","Junonia vestina","Fauna","Junonia vestina","Insecta","Lepidoptera","Nymphalidae","Junonia",1,"iNaturalist","iNaturalist",2022,2022,3,FALSE,"---","---",NA,"No Evaluada (NE)",FALSE
"Limatambo","Kleinothraupis parodii","Fauna","Kleinothraupis parodii (Weske & Terborgh, 1974)","Aves","Passeriformes","Thraupidae","Kleinothraupis",1,"GBIF","eBird",2009,2009,2,FALSE,"Kleinothraupis parodii","Near Threatened","22722219","Casi Amenazada (NT)",FALSE
"Limatambo","Laennecia artemisiifolia","Flora","Conyza artemisiifolia Meyen & Walp.","Magnoliopsida","Asterales","Asteraceae","Laennecia",1,"GBIF","Otros conjuntos mediados por GBIF",NA,NA,1,TRUE,"---","---",NA,"No Evaluada (NE)",FALSE
"Limatambo","Lantana angustibracteata","Flora","Lantana angustibracteata Hayek","Magnoliopsida","Lamiales","Verbenaceae","Lantana",1,"GBIF","Otros conjuntos mediados por GBIF",1984,1984,1,TRUE,"---","---",NA,"No Evaluada (NE)",FALSE
"Limatambo","Lantana rugulosa","Flora","Lantana rugulosa Kunth","Magnoliopsida","Lamiales","Verbenaceae","Lantana",1,"GBIF","Otros conjuntos mediados por GBIF",1984,1984,1,TRUE,"---","---",NA,"No Evaluada (NE)",FALSE
"Limatambo","Lantana scabiosiflora","Flora","Lantana scabiosiflora Kunth","Magnoliopsida","Lamiales","Verbenaceae","Lantana",1,"GBIF","Otros conjuntos mediados por GBIF",1984,1984,2,FALSE,"---","---",NA,"No Evaluada (NE)",FALSE
"Limatambo","Leonotis nepetifolia","Flora","Leonotis nepetifolia","Magnoliopsida","Lamiales","Lamiaceae","Leonotis",1,"iNaturalist","iNaturalist",2022,2022,2,FALSE,"---","---",NA,"No Evaluada (NE)",FALSE
"Limatambo","Leptasthenura andicola","Fauna","Leptasthenura andicola P.L.Sclater, 1870","Aves","Passeriformes","Furnariidae","Leptasthenura",1,"GBIF","eBird",2018,2018,1,TRUE,"Leptasthenura andicola","Least Concern","22702192","Preocupación Menor (LC)",FALSE
"Limatambo","Leptophobia aripa","Fauna","Leptophobia aripa","Insecta","Lepidoptera","Pieridae","Leptophobia",1,"iNaturalist","iNaturalist",2021,2021,1,TRUE,"---","---",NA,"No Evaluada (NE)",FALSE
"Limatambo","Leptotes callanga","Fauna","Leptotes callanga","Insecta","Lepidoptera","Lycaenidae","Leptotes",1,"iNaturalist","iNaturalist",2021,2021,2,FALSE,"---","---",NA,"No Evaluada (NE)",FALSE
"Limatambo","Leucopternis albicollis","Fauna","Pseudastur albicollis (Latham, 1790)","Aves","Accipitriformes","Accipitridae","Leucopternis",1,"GBIF","eBird",2021,2021,3,FALSE,"---","---",NA,"No Evaluada (NE)",FALSE
"Limatambo","Lieinix nemesis","Fauna","Lieinix nemesis","Insecta","Lepidoptera","Pieridae","Lieinix",1,"iNaturalist","iNaturalist",2021,2021,2,FALSE,"---","---",NA,"No Evaluada (NE)",FALSE
"Limatambo","Lycaena cyna","Fauna","Zizula cyna","Insecta","Lepidoptera","Lycaenidae","Lycaena",1,"iNaturalist","iNaturalist",2021,2021,1,TRUE,"---","---",NA,"No Evaluada (NE)",FALSE
"Limatambo","Lycalopex culpaeus","Fauna","Lycalopex culpaeus","Mammalia","Carnivora","Canidae","Lycalopex",1,"iNaturalist","iNaturalist",2023,2023,2,FALSE,"Lycalopex culpaeus","Least Concern","6929","Preocupación Menor (LC)",FALSE
"Limatambo","Lycianthes lycioides","Flora","Lycianthes lycioides (L.) Hassl.","Magnoliopsida","Solanales","Solanaceae","Lycianthes",1,"GBIF","Otros conjuntos mediados por GBIF",1984,1984,2,FALSE,"---","---",NA,"No Evaluada (NE)",FALSE
"Limatambo","Manduca afflicta","Fauna","Manduca paphus","Insecta","Lepidoptera","Sphingidae","Manduca",1,"iNaturalist","iNaturalist",2022,2022,1,TRUE,"---","---",NA,"No Evaluada (NE)",FALSE
"Limatambo","Mastigodryas boddaerti","Fauna","Mastigodryas boddaerti","Squamata",NA,"Colubridae","Mastigodryas",1,"iNaturalist","iNaturalist",2017,2017,1,TRUE,"Mastigodryas boddaerti","Least Concern","203299","Preocupación Menor (LC)",FALSE
"Limatambo","Mecocerculus poecilocercus","Fauna","Mecocerculus poecilocercus (P.L.Sclater & Salvin, 1873)","Aves","Passeriformes","Tyrannidae","Mecocerculus",1,"GBIF","eBird",2009,2009,1,TRUE,"Mecocerculus poecilocercus","Least Concern","22699316","Preocupación Menor (LC)",FALSE
"Limatambo","Medicago sativa","Flora","Medicago sativa","Magnoliopsida","Fabales","Fabaceae","Medicago",1,"iNaturalist","iNaturalist",2025,2025,1,TRUE,"Medicago sativa","Least Concern","174725","Preocupación Menor (LC)",FALSE
"Limatambo","Melanerpes cruentatus","Fauna","Melanerpes cruentatus (Boddaert, 1783)","Aves","Piciformes","Picidae","Melanerpes",1,"GBIF","eBird",2024,2024,1,TRUE,"Melanerpes cruentatus","Least Concern","22680824","Preocupación Menor (LC)",FALSE
"Limatambo","Melipotis trujillensis","Fauna","Melipotis trujillensis","Insecta","Lepidoptera","Erebidae","Melipotis",1,"iNaturalist","iNaturalist",2022,2022,1,TRUE,"---","---",NA,"No Evaluada (NE)",FALSE
"Limatambo","Metriopelia melanoptera","Fauna","Metriopelia melanoptera (Molina, 1782)","Aves","Columbiformes","Columbidae","Metriopelia",1,"GBIF","eBird",2016,2016,4,FALSE,"Metriopelia melanoptera","Least Concern","22690839","Preocupación Menor (LC)",FALSE
"Limatambo","Mirabilis jalapa","Flora","Mirabilis jalapa L.","Magnoliopsida","Caryophyllales","Nyctaginaceae","Mirabilis",1,"GBIF","Otros conjuntos mediados por GBIF",1984,1984,1,TRUE,"---","---",NA,"No Evaluada (NE)",FALSE
"Limatambo","Monasa nigrifrons","Fauna","Monasa nigrifrons (von Spix, 1824)","Aves","Piciformes","Bucconidae","Monasa",1,"GBIF","eBird",2024,2024,1,TRUE,"Monasa nigrifrons","Least Concern","22682328","Preocupación Menor (LC)",FALSE
"Limatambo","Monnina filifolia","Flora","Monnina filifolia Chodat","Magnoliopsida","Fabales","Polygalaceae","Monnina",1,"GBIF","Otros conjuntos mediados por GBIF",2003,2003,1,TRUE,"---","---",NA,"No Evaluada (NE)",FALSE
"Limatambo","Muscisaxicola albifrons","Fauna","Muscisaxicola albifrons (Tschudi, 1844)","Aves","Passeriformes","Tyrannidae","Muscisaxicola",1,"GBIF","eBird",2022,2022,2,FALSE,"Muscisaxicola albifrons","Least Concern","22700193","Preocupación Menor (LC)",FALSE
"Limatambo","Muscisaxicola griseus","Fauna","Muscisaxicola griseus Taczanowski, 1884","Aves","Passeriformes","Tyrannidae","Muscisaxicola",1,"GBIF","eBird",2023,2023,5,FALSE,"Muscisaxicola griseus","Least Concern","22733765","Preocupación Menor (LC)",FALSE
"Limatambo","Myioborus miniatus","Fauna","Myioborus miniatus (Swainson, 1827)","Aves","Passeriformes","Parulidae","Myioborus",1,"GBIF","eBird",2019,2019,2,FALSE,"Myioborus miniatus","Least Concern","22721898","Preocupación Menor (LC)",FALSE
"Limatambo","Myrmotherula longicauda","Fauna","Myrmotherula longicauda Berlepsch & Stolzmann, 1894","Aves","Passeriformes","Thamnophilidae","Myrmotherula",1,"GBIF","eBird",2022,2022,1,TRUE,"Myrmotherula longicauda","Least Concern","22701454","Preocupación Menor (LC)",FALSE
"Limatambo","Nasa vargasii","Flora","Nasa vargasii","Magnoliopsida","Cornales","Loasaceae","Nasa",1,"iNaturalist","iNaturalist",2026,2026,2,FALSE,"---","---",NA,"No Evaluada (NE)",FALSE
"Limatambo","Neobartsia camporum","Flora","Neobartsia camporum","Magnoliopsida","Lamiales","Orobanchaceae","Neobartsia",1,"iNaturalist","iNaturalist",2019,2019,3,FALSE,"---","---",NA,"No Evaluada (NE)",FALSE
"Limatambo","Ochthoeca fumicolor","Fauna","Ochthoeca fumicolor P.L.Sclater, 1856","Aves","Passeriformes","Tyrannidae","Ochthoeca",1,"GBIF","eBird",2022,2022,5,FALSE,"Ochthoeca fumicolor","Least Concern","103682812","Preocupación Menor (LC)",FALSE
"Limatambo","Odocoileus virginianus","Fauna","Odocoileus virginianus peruvianus","Mammalia","Artiodactyla","Cervidae","Odocoileus",1,"iNaturalist","iNaturalist",2023,2023,2,FALSE,"Odocoileus virginianus","Least Concern","42394","Preocupación Menor (LC)",FALSE
"Limatambo","Oenothera multicaulis","Flora","Oenothera multicaulis","Magnoliopsida","Myrtales","Onagraceae","Oenothera",1,"iNaturalist","iNaturalist",2025,2025,2,FALSE,"---","---",NA,"No Evaluada (NE)",FALSE
"Limatambo","Oenothera rosea","Flora","Oenothera rosea","Magnoliopsida","Myrtales","Onagraceae","Oenothera",1,"iNaturalist","iNaturalist",2019,2019,3,FALSE,"---","---",NA,"No Evaluada (NE)",FALSE
"Limatambo","Oxalis latifolia","Flora","Oxalis latifolia Kunth","Magnoliopsida","Oxalidales","Oxalidaceae","Oxalis",1,"GBIF","Otros conjuntos mediados por GBIF",1984,1984,1,TRUE,"---","---",NA,"No Evaluada (NE)",FALSE
"Limatambo","Palicourea herrerae","Flora","Palicourea herrerae Standl.","Magnoliopsida","Gentianales","Rubiaceae","Palicourea",1,"GBIF","Otros conjuntos mediados por GBIF",NA,NA,1,TRUE,"Palicourea herrerae","Least Concern","243648533","Preocupación Menor (LC)",FALSE
"Limatambo","Papilio anchisiades","Fauna","Heraclides anchisiades","Insecta","Lepidoptera","Papilionidae","Papilio",1,"iNaturalist","iNaturalist",2022,2022,1,TRUE,"---","---",NA,"No Evaluada (NE)",FALSE
"Limatambo","Passiflora gracilens","Flora","Passiflora gracilens (A.Gray) Harms","Magnoliopsida","Malpighiales","Passifloraceae","Passiflora",1,"GBIF","Otros conjuntos mediados por GBIF",NA,NA,2,FALSE,"---","---",NA,"No Evaluada (NE)",FALSE
"Limatambo","Phaseolus augusti","Flora","Phaseolus augusti Harms","Magnoliopsida","Fabales","Fabaceae","Phaseolus",1,"GBIF","Otros conjuntos mediados por GBIF",1988,1988,3,FALSE,"---","---",NA,"No Evaluada (NE)",FALSE
"Limatambo","Pheucticus chrysogaster","Fauna","Pheucticus chrysogaster (Lesson, 1832)","Aves","Passeriformes","Cardinalidae","Pheucticus",1,"GBIF","eBird",2014,2014,3,FALSE,"Pheucticus chrysogaster","Least Concern","22723803","Preocupación Menor (LC)",FALSE
"Limatambo","Phlegmariurus crassus","Flora","Phlegmariurus crassus","Lycopodiopsida","Lycopodiales","Lycopodiaceae","Phlegmariurus",1,"iNaturalist","iNaturalist",2026,2026,3,FALSE,"---","---",NA,"No Evaluada (NE)",FALSE
"Limatambo","Phoenix canariensis","Flora","Phoenix canariensis","Liliopsida","Arecales","Arecaceae","Phoenix",1,"iNaturalist","iNaturalist",2026,2026,2,FALSE,"Phoenix canariensis","Least Concern","13416997","Preocupación Menor (LC)",FALSE
"Limatambo","Phyllomyias uropygialis","Fauna","Phyllomyias uropygialis (Lawrence, 1869)","Aves","Passeriformes","Tyrannidae","Phyllomyias",1,"GBIF","Otros conjuntos mediados por GBIF",1982,1982,1,TRUE,"Phyllomyias uropygialis","Least Concern","22699119","Preocupación Menor (LC)",FALSE
"Limatambo","Physalis peruviana","Flora","Physalis peruviana","Magnoliopsida","Solanales","Solanaceae","Physalis",1,"iNaturalist","iNaturalist",2022,2022,2,FALSE,"---","---",NA,"No Evaluada (NE)",FALSE
"Limatambo","Piranga flava","Fauna","Piranga flava (Vieillot, 1822)","Aves","Passeriformes","Cardinalidae","Piranga",1,"GBIF","eBird",2019,2019,2,FALSE,"Piranga flava","Least Concern","103811599","Preocupación Menor (LC)",FALSE
"Limatambo","Poa horridula","Flora","Poa horridula Pilg.","Liliopsida","Poales","Poaceae","Poa",1,"GBIF","Otros conjuntos mediados por GBIF",2003,2003,3,FALSE,"---","---",NA,"No Evaluada (NE)",FALSE
"Limatambo","Polistes versicolor","Fauna","Polistes versicolor (Olivier, 1791)","Insecta","Hymenoptera","Eumenidae","Polistes",1,"GBIF","Otros conjuntos mediados por GBIF",NA,NA,1,TRUE,"---","---",NA,"No Evaluada (NE)",FALSE
"Limatambo","Pompilocalus pachacutec","Fauna","Pompilocalus pachacutec Roig-Alsina, 1989","Insecta","Hymenoptera","Pompilidae","Pompilocalus",1,"GBIF","Otros conjuntos mediados por GBIF",NA,NA,1,TRUE,"---","---",NA,"No Evaluada (NE)",FALSE
"Limatambo","Pontederia crassipes","Flora","Pontederia crassipes","Liliopsida","Commelinales","Pontederiaceae","Pontederia",1,"iNaturalist","iNaturalist",2020,2020,1,TRUE,"---","---",NA,"No Evaluada (NE)",FALSE
"Limatambo","Prunus persica","Flora","Prunus persica","Magnoliopsida","Rosales","Rosaceae","Prunus",1,"iNaturalist","iNaturalist",2026,2026,2,FALSE,"---","---",NA,"No Evaluada (NE)",FALSE
"Limatambo","Pseudognaphalium cheiranthifolium","Flora","Gnaphalium cheiranthifolium Lam.","Magnoliopsida","Asterales","Asteraceae","Pseudognaphalium",1,"GBIF","Otros conjuntos mediados por GBIF",NA,NA,1,TRUE,"---","---",NA,"No Evaluada (NE)",FALSE
"Limatambo","Pseudognaphalium gaudichaudianum","Flora","Gnaphalium mandonii Sch.Bip.","Magnoliopsida","Asterales","Asteraceae","Pseudognaphalium",1,"GBIF","Otros conjuntos mediados por GBIF",NA,NA,1,TRUE,"---","---",NA,"No Evaluada (NE)",FALSE
"Limatambo","Pyrolirion tubiflorum","Flora","Pyrolirion tubiflorum","Liliopsida","Asparagales","Amaryllidaceae","Pyrolirion",1,"iNaturalist","iNaturalist",2019,2019,1,TRUE,"---","---",NA,"No Evaluada (NE)",FALSE
"Limatambo","Quinchamalium chilense","Flora","Quinchamalium chilense","Magnoliopsida","Santalales","Schoepfiaceae","Quinchamalium",1,"iNaturalist","iNaturalist",2022,2022,1,TRUE,"---","---",NA,"No Evaluada (NE)",FALSE
"Limatambo","Richardia scabra","Flora","Richardia scabra L.","Magnoliopsida","Gentianales","Rubiaceae","Richardia",1,"GBIF","Otros conjuntos mediados por GBIF",2003,2003,1,TRUE,"---","---",NA,"No Evaluada (NE)",FALSE
"Limatambo","Rollandia rolland","Fauna","Rollandia rolland (Quoy & Gaimard, 1824)","Aves","Podicipediformes","Podicipedidae","Rollandia",1,"GBIF","eBird",2019,2019,7,FALSE,"Rollandia rolland","Least Concern","22696530","Preocupación Menor (LC)",FALSE
"Limatambo","Rubus peruvianus","Flora","Rubus peruvianus","Magnoliopsida","Rosales","Rosaceae","Rubus",1,"iNaturalist","iNaturalist",2023,2023,2,FALSE,"---","---",NA,"No Evaluada (NE)",FALSE
"Limatambo","Rupicola peruvianus","Fauna","Rupicola peruvianus (Latham, 1790)","Aves","Passeriformes","Cotingidae","Rupicola",1,"GBIF","eBird",2019,2019,1,TRUE,"Rupicola peruvianus","Least Concern","22700974","Preocupación Menor (LC)",FALSE
"Limatambo","Rupornis magnirostris","Fauna","Rupornis magnirostris (Gmelin, 1788)","Aves","Accipitriformes","Accipitridae","Rupornis",1,"GBIF","eBird",2018,2018,3,FALSE,"Rupornis magnirostris","Least Concern","22695880","Preocupación Menor (LC)",FALSE
"Limatambo","Ruta graveolens","Flora","Ruta graveolens L.","Magnoliopsida","Sapindales","Rutaceae","Ruta",1,"GBIF","Otros conjuntos mediados por GBIF",1982,1982,1,TRUE,"Ruta graveolens","Least Concern","203462","Preocupación Menor (LC)",FALSE
"Limatambo","Saltator maximus","Fauna","Saltator maximus (P.L.S.Müller, 1776)","Aves","Passeriformes","Thraupidae","Saltator",1,"GBIF","eBird",2022,2022,2,FALSE,"Saltator maximus","Least Concern","22723872","Preocupación Menor (LC)",FALSE
"Limatambo","Salvia dombeyi","Flora","Salvia dombeyi","Magnoliopsida","Lamiales","Lamiaceae","Salvia",1,"iNaturalist","iNaturalist",2022,2022,2,FALSE,"---","---",NA,"No Evaluada (NE)",FALSE
"Limatambo","Sambucus peruviana","Flora","Sambucus peruviana Kunth","Magnoliopsida","Dipsacales","Viburnaceae","Sambucus",1,"GBIF","Otros conjuntos mediados por GBIF",2006,2006,4,FALSE,"Sambucus peruviana","Least Concern","151212245","Preocupación Menor (LC)",FALSE
"Limatambo","Senecio parvocapitatus","Flora","Senecio parvocapitatus Cabrera","Magnoliopsida","Asterales","Asteraceae","Senecio",1,"GBIF","Otros conjuntos mediados por GBIF",NA,NA,1,TRUE,"---","---",NA,"No Evaluada (NE)",FALSE
"Limatambo","Senecio rudbeckiaefolius","Flora","Senecio rudbeckiaefolius Meyen & Walp., 1843","Magnoliopsida","Asterales","Asteraceae","Senecio",1,"GBIF","Otros conjuntos mediados por GBIF",NA,NA,1,TRUE,"---","---",NA,"No Evaluada (NE)",FALSE
"Limatambo","Serjania leucosepala","Flora","Serjania leucosepala Radlk.","Magnoliopsida","Sapindales","Sapindaceae","Serjania",1,"GBIF","Otros conjuntos mediados por GBIF",2007,2007,1,TRUE,"---","---",NA,"No Evaluada (NE)",FALSE
"Limatambo","Sicalis luteola","Fauna","Sicalis luteola (Sparrman, 1789)","Aves","Passeriformes","Thraupidae","Sicalis",1,"GBIF","eBird",2022,2022,3,FALSE,"Sicalis luteola","Least Concern","22735428","Preocupación Menor (LC)",FALSE
"Limatambo","Sida spinosa","Flora","Sida spinosa L.","Magnoliopsida","Malvales","Malvaceae","Sida",1,"GBIF","Otros conjuntos mediados por GBIF",2003,2003,1,TRUE,"---","---",NA,"No Evaluada (NE)",FALSE
"Limatambo","Sigesbeckia jorullensis","Flora","Sigesbeckia jorullensis Kunth","Magnoliopsida","Asterales","Asteraceae","Sigesbeckia",1,"GBIF","Otros conjuntos mediados por GBIF",NA,NA,2,FALSE,"---","---",NA,"No Evaluada (NE)",FALSE
"Limatambo","Solanum asperolanatum","Flora","Solanum asperolanatum Ruiz & Pav.","Magnoliopsida","Solanales","Solanaceae","Solanum",1,"GBIF","Otros conjuntos mediados por GBIF",1939,1939,2,FALSE,"Solanum asperolanatum","Least Concern","101520928","Preocupación Menor (LC)",FALSE
"Limatambo","Solanum nigrum","Flora","Solanum nigrum L.","Magnoliopsida","Solanales","Solanaceae","Solanum",1,"GBIF","Otros conjuntos mediados por GBIF",1962,1962,1,TRUE,"---","---",NA,"No Evaluada (NE)",FALSE
"Limatambo","Solanum nitidum","Flora","Solanum nitidum Ruiz & Pav.","Magnoliopsida","Solanales","Solanaceae","Solanum",1,"GBIF","Otros conjuntos mediados por GBIF",1982,1982,4,FALSE,"Solanum nitidum","Least Concern","146118081","Preocupación Menor (LC)",FALSE
"Limatambo","Solanum polytrichostylum","Flora","Solanum polytrichostylum Bitter","Magnoliopsida","Solanales","Solanaceae","Solanum",1,"GBIF","Otros conjuntos mediados por GBIF",1982,1982,1,TRUE,"---","---",NA,"No Evaluada (NE)",FALSE
"Limatambo","Solanum pseudoamericanum","Flora","Solanum pseudoamericanum Särkinen, P.Gonzáles & S.Knapp","Magnoliopsida","Solanales","Solanaceae","Solanum",1,"GBIF","Otros conjuntos mediados por GBIF",1984,1984,1,TRUE,"---","---",NA,"No Evaluada (NE)",FALSE
"Limatambo","Solanum violaceimarmoratum","Flora","Solanum violaceimarmoratum Bitter","Magnoliopsida","Solanales","Solanaceae","Solanum",1,"GBIF","Otros conjuntos mediados por GBIF",1980,1980,2,FALSE,"Solanum violaceimarmoratum","Least Concern","62758625","Preocupación Menor (LC)",FALSE
"Limatambo","Spermacoce confusa","Flora","Spermacoce confusa Rendle","Magnoliopsida","Gentianales","Rubiaceae","Spermacoce",1,"GBIF","Otros conjuntos mediados por GBIF",2003,2003,2,FALSE,"Spermacoce confusa","Least Concern","218791173","Preocupación Menor (LC)",FALSE
"Limatambo","Sporophila castaneiventris","Fauna","Sporophila castaneiventris Cabanis, 1849","Aves","Passeriformes","Thraupidae","Sporophila",1,"GBIF","eBird",2013,2013,1,TRUE,"Sporophila castaneiventris","Least Concern","22723492","Preocupación Menor (LC)",FALSE
"Limatambo","Stenostephanus antiquorum","Flora","Stenostephanus antiquorum J.R.I.Wood","Magnoliopsida","Lamiales","Acanthaceae","Stenostephanus",1,"GBIF","Otros conjuntos mediados por GBIF",2005,2005,1,TRUE,"---","---",NA,"No Evaluada (NE)",FALSE
"Limatambo","Stilpnia cyanicollis","Fauna","Stilpnia cyanicollis (d'Orbigny & Lafresnaye, 1837)","Aves","Passeriformes","Thraupidae","Stilpnia",1,"GBIF","eBird",2019,2019,1,TRUE,"---","---",NA,"No Evaluada (NE)",FALSE
"Limatambo","Streptosolen jamesonii","Flora","Streptosolen jamesonii","Magnoliopsida","Solanales","Solanaceae","Streptosolen",1,"iNaturalist","iNaturalist",2025,2025,3,FALSE,"---","---",NA,"No Evaluada (NE)",FALSE
"Limatambo","Strymon bazochii","Fauna","Strymon bazochii bazochii","Insecta","Lepidoptera","Lycaenidae","Strymon",1,"iNaturalist","iNaturalist",2021,2021,2,FALSE,"---","---",NA,"No Evaluada (NE)",FALSE
"Limatambo","Strymon bubastus","Fauna","Strymon bubastus","Insecta","Lepidoptera","Lycaenidae","Strymon",1,"iNaturalist","iNaturalist",2021,2021,1,TRUE,"---","---",NA,"No Evaluada (NE)",FALSE
"Limatambo","Synallaxis albigularis","Fauna","Synallaxis albigularis P.L.Sclater, 1858","Aves","Passeriformes","Furnariidae","Synallaxis",1,"GBIF","eBird",2024,2024,1,TRUE,"Synallaxis albigularis","Least Concern","22702311","Preocupación Menor (LC)",FALSE
"Limatambo","Synallaxis azarae","Fauna","Synallaxis azarae Orbigny, 1835","Aves","Passeriformes","Furnariidae","Synallaxis",1,"GBIF","eBird",2019,2019,2,FALSE,"Synallaxis azarae","Least Concern","22702290","Preocupación Menor (LC)",FALSE
"Limatambo","Tachytes amazonus","Fauna","Tachytes amazonus F.Smith, 1856","Insecta","Hymenoptera","Crabronidae","Tachytes",1,"GBIF","Otros conjuntos mediados por GBIF",NA,NA,1,TRUE,"---","---",NA,"No Evaluada (NE)",FALSE
"Limatambo","Tagetes erecta","Flora","Tagetes patula","Magnoliopsida","Asterales","Asteraceae","Tagetes",1,"iNaturalist","iNaturalist",2025,2025,1,TRUE,"---","---",NA,"No Evaluada (NE)",FALSE
"Limatambo","Tagetes multiflora","Flora","Tagetes multiflora Kunth","Magnoliopsida","Asterales","Asteraceae","Tagetes",1,"GBIF","Otros conjuntos mediados por GBIF",NA,NA,3,FALSE,"---","---",NA,"No Evaluada (NE)",FALSE
"Limatambo","Tangara xanthocephala","Fauna","Tangara xanthocephala (Tschudi, 1844)","Aves","Passeriformes","Thraupidae","Tangara",1,"GBIF","eBird",2023,2023,2,FALSE,"Tangara xanthocephala","Least Concern","22722854","Preocupación Menor (LC)",FALSE
"Limatambo","Tectaria dissecta","Flora","Tectaria dissecta (G.Forst.) Lellinger","Polypodiopsida","Polypodiales","Tectariaceae","Tectaria",1,"GBIF","Otros conjuntos mediados por GBIF",1965,1965,1,TRUE,"---","---",NA,"No Evaluada (NE)",FALSE
"Limatambo","Telipogon antisuyuensis","Flora","Telipogon antisuyuensis","Liliopsida","Asparagales","Orchidaceae","Telipogon",1,"iNaturalist","iNaturalist",2018,2018,1,TRUE,"---","---",NA,"No Evaluada (NE)",FALSE
"Limatambo","Telmatobius mantaro","Fauna","Telmatobius mantaro Ttito, Landauro, Venegas, De la Riva & Chaparro, 2016","Amphibia","Anura","Telmatobiidae","Telmatobius",1,"GBIF","Otros conjuntos mediados por GBIF",1969,1969,1,TRUE,"---","---",NA,"No Evaluada (NE)",FALSE
"Limatambo","Thespieus argentina","Fauna","Thespieus argentina","Insecta","Lepidoptera","Hesperiidae","Thespieus",1,"iNaturalist","iNaturalist",2021,2021,1,TRUE,"---","---",NA,"No Evaluada (NE)",FALSE
"Limatambo","Thinocorus orbignyianus","Fauna","Thinocorus orbignyianus I.Geoffroy Saint-Hilaire & R.Lesson, 1831","Aves","Charadriiformes","Thinocoridae","Thinocorus",1,"GBIF","eBird",2022,2022,2,FALSE,"Thinocorus orbignyianus","Least Concern","22693042","Preocupación Menor (LC)",FALSE
"Limatambo","Tremarctos ornatus","Fauna","Tremarctos ornatus (F.G.Cuvier, 1825)","Mammalia","Carnivora","Ursidae","Tremarctos",1,"GBIF","Otros conjuntos mediados por GBIF",2017,2017,2,FALSE,"Tremarctos ornatus","Vulnerable","22066","Vulnerable (VU)",TRUE
"Limatambo","Trifolium amabile","Flora","Trifolium amabile","Magnoliopsida","Fabales","Fabaceae","Trifolium",1,"iNaturalist","iNaturalist",2023,2023,2,FALSE,"Trifolium amabile","Least Concern","19892797","Preocupación Menor (LC)",FALSE
"Limatambo","Trifolium repens","Flora","Trifolium repens","Magnoliopsida","Fabales","Fabaceae","Trifolium",1,"iNaturalist","iNaturalist",2023,2023,4,FALSE,"---","---",NA,"No Evaluada (NE)",FALSE
"Limatambo","Tringa flavipes","Fauna","Tringa flavipes","Aves","Charadriiformes","Scolopacidae","Tringa",1,"iNaturalist","iNaturalist",2025,2025,6,FALSE,"Tringa flavipes","Vulnerable","22693235","Vulnerable (VU)",TRUE
"Limatambo","Tringa solitaria","Fauna","Tringa solitaria A.Wilson, 1813","Aves","Charadriiformes","Scolopacidae","Tringa",1,"GBIF","eBird",2022,2022,3,FALSE,"Tringa solitaria","Least Concern","22693239","Preocupación Menor (LC)",FALSE
"Limatambo","Troglodytes aedon","Fauna","Troglodytes aedon Vieillot, 1809","Aves","Passeriformes","Troglodytidae","Troglodytes",1,"GBIF","Otros conjuntos mediados por GBIF",1982,1982,2,FALSE,"Troglodytes aedon","Least Concern","103886826","Preocupación Menor (LC)",FALSE
"Limatambo","Tropaeolum minus","Flora","Tropaeolum minus","Magnoliopsida","Brassicales","Tropaeolaceae","Tropaeolum",1,"iNaturalist","iNaturalist",2020,2020,2,FALSE,"---","---",NA,"No Evaluada (NE)",FALSE
"Limatambo","Tyrannus melancholicus","Fauna","Tyrannus melancholicus Vieillot, 1819","Aves","Passeriformes","Tyrannidae","Tyrannus",1,"GBIF","eBird",2019,2019,4,FALSE,"Tyrannus melancholicus","Least Concern","22700485","Preocupación Menor (LC)",FALSE
"Limatambo","Upucerthia validirostris","Fauna","Upucerthia validirostris (Burmeister, 1861)","Aves","Passeriformes","Furnariidae","Upucerthia",1,"GBIF","eBird",2022,2022,4,FALSE,"Upucerthia validirostris","Least Concern","103670909","Preocupación Menor (LC)",FALSE
"Limatambo","Urbanus dorantes","Fauna","Cecropterus dorantes","Insecta","Lepidoptera","Hesperiidae","Urbanus",1,"iNaturalist","iNaturalist",2023,2023,1,TRUE,"---","---",NA,"No Evaluada (NE)",FALSE
"Limatambo","Vallea stipularis","Flora","Vallea stipularis","Magnoliopsida","Oxalidales","Elaeocarpaceae","Vallea",1,"iNaturalist","iNaturalist",2021,2021,2,FALSE,"Vallea stipularis","Least Concern","189172952","Preocupación Menor (LC)",FALSE
"Limatambo","Vicugna pacos","Fauna","Lama pacos","Mammalia","Artiodactyla","Camelidae","Vicugna",1,"iNaturalist","iNaturalist",2024,2024,2,FALSE,"---","---",NA,"No Evaluada (NE)",FALSE
"Limatambo","Vinca major","Flora","Vinca major","Magnoliopsida","Gentianales","Apocynaceae","Vinca",1,"iNaturalist","iNaturalist",2024,2024,2,FALSE,"---","---",NA,"No Evaluada (NE)",FALSE
"Limatambo","Weberbauerocereus cuzcoensis","Flora","Weberbauerocereus cuzcoensis","Magnoliopsida","Caryophyllales","Cactaceae","Weberbauerocereus",1,"iNaturalist","iNaturalist",2024,2024,1,TRUE,"Weberbauerocereus cuzcoensis","Least Concern","152283","Preocupación Menor (LC)",FALSE
"Limatambo","Weinmannia anisophylla","Flora","Weinmannia anisophylla Standl. & L.O.Williams","Magnoliopsida","Oxalidales","Cunoniaceae","Weinmannia",1,"GBIF","Otros conjuntos mediados por GBIF",2007,2007,1,TRUE,"Weinmannia anisophylla","Least Concern","175852578","Preocupación Menor (LC)",FALSE
"Limatambo","Zannichellia andina","Flora","Zannichellia andina Holm-Niels. & R.R.Haynes","Liliopsida","Alismatales","Potamogetonaceae","Zannichellia",1,"GBIF","Otros conjuntos mediados por GBIF",1984,1984,1,TRUE,"---","---",NA,"No Evaluada (NE)",FALSE
"Limatambo","Zapoteca caracasana","Flora","Zapoteca caracasana subsp. weberbaueri (Harms) H.M.Hern.","Magnoliopsida","Fabales","Fabaceae","Zapoteca",1,"GBIF","Otros conjuntos mediados por GBIF",1984,1984,1,TRUE,"---","---",NA,"No Evaluada (NE)",FALSE
"Mollepata","Zonotrichia capensis","Fauna","Zonotrichia capensis (P.L.S.Müller, 1776)","Aves","Passeriformes","Passerellidae","Zonotrichia",906,"GBIF / iNaturalist","eBird / iNaturalist / Observation.org",1987,2026,9,FALSE,"Zonotrichia capensis","Least Concern","22721079","Preocupación Menor (LC)",FALSE
"Mollepata","Cranioleuca albicapilla","Fauna","Cranioleuca albicapilla (Cabanis, 1873)","Aves","Passeriformes","Furnariidae","Cranioleuca",733,"GBIF / iNaturalist","eBird / iNaturalist / Observation.org / Xeno-canto",2008,2026,8,FALSE,"Cranioleuca albicapilla","Least Concern","22702448","Preocupación Menor (LC)",FALSE
"Mollepata","Turdus chiguanco","Fauna","Turdus chiguanco Orbigny & Lafresnaye, 1837","Aves","Passeriformes","Turdidae","Turdus",703,"GBIF / iNaturalist","eBird / iNaturalist",1987,2026,9,FALSE,"Turdus chiguanco","Least Concern","103889964","Preocupación Menor (LC)",FALSE
"Mollepata","Troglodytes musculus","Fauna","Troglodytes musculus J.F.Naumann, 1823","Aves","Passeriformes","Troglodytidae","Troglodytes",570,"GBIF / iNaturalist","eBird / iNaturalist",1987,2025,8,FALSE,"---","---",NA,"No Evaluada (NE)",FALSE
"Mollepata","Metallura tyrianthina","Fauna","Metallura tyrianthina (Loddiges, 1832)","Aves","Apodiformes","Trochilidae","Metallura",540,"GBIF / iNaturalist","eBird / iNaturalist",2009,2025,8,FALSE,"Metallura tyrianthina","Least Concern","22688015","Preocupación Menor (LC)",FALSE
"Mollepata","Conirostrum cinereum","Fauna","Conirostrum cinereum d'Orbigny & Lafresnaye, 1838","Aves","Passeriformes","Thraupidae","Conirostrum",496,"GBIF / iNaturalist","eBird / iNaturalist / Observation.org",2004,2025,7,FALSE,"Conirostrum cinereum","Least Concern","22722096","Preocupación Menor (LC)",FALSE
"Mollepata","Turdus fuscater","Fauna","Turdus fuscater Orbigny & Lafresnaye, 1837","Aves","Passeriformes","Turdidae","Turdus",485,"GBIF / iNaturalist","eBird / iNaturalist / Observation.org",2009,2024,7,FALSE,"Turdus fuscater","Least Concern","22708848","Preocupación Menor (LC)",FALSE
"Mollepata","Saltator aurantiirostris","Fauna","Saltator aurantiirostris Vieillot, 1817","Aves","Passeriformes","Thraupidae","Saltator",483,"GBIF / iNaturalist","eBird / iNaturalist / Observation.org",1978,2026,9,FALSE,"Saltator aurantiirostris","Least Concern","22723892","Preocupación Menor (LC)",FALSE
"Mollepata","Ampelion rubrocristatus","Fauna","Ampelion rubrocristatus (Orbigny & Lafresnaye, 1837)","Aves","Passeriformes","Cotingidae","Ampelion",480,"GBIF / iNaturalist","eBird / iNaturalist / Observation.org",2004,2025,8,FALSE,"Ampelion rubrocristatus","Least Concern","22700753","Preocupación Menor (LC)",FALSE
"Mollepata","Diglossa brunneiventris","Fauna","Diglossa brunneiventris Lafresnaye, 1846","Aves","Passeriformes","Thraupidae","Diglossa",449,"GBIF / iNaturalist","eBird / iNaturalist / Observation.org",1987,2025,7,FALSE,"Diglossa brunneiventris","Least Concern","22723677","Preocupación Menor (LC)",FALSE
"Mollepata","Pheucticus aureoventris","Fauna","Pheucticus aureoventris (d'Orbigny & Lafresnaye, 1837)","Aves","Passeriformes","Cardinalidae","Pheucticus",421,"GBIF / iNaturalist","eBird / iNaturalist / Xeno-canto",2008,2026,7,FALSE,"Pheucticus aureoventris","Least Concern","22723810","Preocupación Menor (LC)",FALSE
"Mollepata","Knipolegus aterrimus","Fauna","Knipolegus aterrimus Kaup, 1853","Aves","Passeriformes","Tyrannidae","Knipolegus",411,"GBIF / iNaturalist","eBird / iNaturalist",2008,2025,5,FALSE,"Knipolegus aterrimus","Least Concern","103683052","Preocupación Menor (LC)",FALSE
"Mollepata","Spinus magellanicus","Fauna","Spinus magellanicus (Vieillot, 1805)","Aves","Passeriformes","Fringillidae","Spinus",411,"GBIF / iNaturalist","eBird / iNaturalist / Observation.org",2008,2026,9,FALSE,"Spinus magellanicus","Least Concern","22720383","Preocupación Menor (LC)",FALSE
"Mollepata","Cinclodes fuscus","Fauna","Cinclodes albiventris (Philippi & Landbeck, 1861)","Aves","Passeriformes","Furnariidae","Cinclodes",410,"GBIF / iNaturalist","eBird / iNaturalist / Observation.org",2011,2026,8,FALSE,"Cinclodes fuscus","---","22736220_1","No Evaluada (NE)",FALSE
"Mollepata","Thlypopsis ruficeps","Fauna","Thlypopsis ruficeps (d'Orbigny & Lafresnaye, 1837)","Aves","Passeriformes","Thraupidae","Thlypopsis",409,"GBIF / iNaturalist","eBird / iNaturalist / Observation.org",2009,2025,5,FALSE,"Thlypopsis ruficeps","Least Concern","22722269","Preocupación Menor (LC)",FALSE
"Mollepata","Colibri coruscans","Fauna","Colibri coruscans (Gould, 1846)","Aves","Apodiformes","Trochilidae","Colibri",398,"GBIF / iNaturalist","eBird / iNaturalist / Observation.org / Xeno-canto",2004,2025,9,FALSE,"Colibri coruscans","Least Concern","22687114","Preocupación Menor (LC)",FALSE
"Mollepata","Geospizopsis unicolor","Fauna","Geospizopsis unicolor (d'Orbigny & Lafresnaye, 1837)","Aves","Passeriformes","Thraupidae","Geospizopsis",397,"GBIF / iNaturalist","eBird / iNaturalist / Observation.org",2011,2026,5,FALSE,"Geospizopsis unicolor","Least Concern","22723085","Preocupación Menor (LC)",FALSE
"Mollepata","Synallaxis courseni","Fauna","Synallaxis courseni Blake, 1971","Aves","Passeriformes","Furnariidae","Synallaxis",383,"GBIF / iNaturalist","eBird / iNaturalist / Xeno-canto",2013,2024,3,FALSE,"Synallaxis courseni","Near Threatened","22702295","Casi Amenazada (NT)",FALSE
"Mollepata","Atlapetes forbesi","Fauna","Atlapetes forbesi Morrison, 1947","Aves","Passeriformes","Passerellidae","Atlapetes",377,"GBIF / iNaturalist","eBird / iNaturalist / Xeno-canto",2008,2025,4,FALSE,"Atlapetes forbesi","Least Concern","22728563","Preocupación Menor (LC)",FALSE
"Mollepata","Falco sparverius","Fauna","Falco sparverius Linnaeus, 1758","Aves","Falconiformes","Falconidae","Falco",374,"GBIF / iNaturalist","eBird / iNaturalist / Observation.org",1987,2024,9,FALSE,"Falco sparverius","Least Concern","22696395","Preocupación Menor (LC)",FALSE
"Mollepata","Scytalopus urubambae","Fauna","Scytalopus urubambae Zimmer, 1939","Aves","Passeriformes","Rhinocryptidae","Scytalopus",363,"GBIF / iNaturalist","eBird / iNaturalist / Observation.org / Xeno-canto",2011,2025,4,FALSE,"Scytalopus urubambae","Least Concern","22733286","Preocupación Menor (LC)",FALSE
"Mollepata","Ochthoeca rufipectoralis","Fauna","Ochthoeca rufipectoralis (Orbigny & Lafresnaye, 1837)","Aves","Passeriformes","Tyrannidae","Ochthoeca",329,"GBIF / iNaturalist","eBird / iNaturalist / Observation.org",2004,2026,6,FALSE,"Ochthoeca rufipectoralis","Least Concern","22699930","Preocupación Menor (LC)",FALSE
"Mollepata","Zenaida auriculata","Fauna","Zenaida auriculata (Des Murs, 1847)","Aves","Columbiformes","Columbidae","Zenaida",326,"GBIF / iNaturalist","eBird / iNaturalist / Observation.org / Xeno-canto",1987,2024,8,FALSE,"Zenaida auriculata","Least Concern","22690747","Preocupación Menor (LC)",FALSE
"Mollepata","Phrygilus punensis","Fauna","Phrygilus punensis Ridgway, 1887","Aves","Passeriformes","Thraupidae","Phrygilus",322,"GBIF / iNaturalist","eBird / iNaturalist / Observation.org",2013,2026,8,FALSE,"Phrygilus punensis","Least Concern","22723064","Preocupación Menor (LC)",FALSE
"Mollepata","Aglaeactis cupripennis","Fauna","Aglaeactis cupripennis (Bourcier, 1843)","Aves","Apodiformes","Trochilidae","Aglaeactis",321,"GBIF / iNaturalist","eBird / iNaturalist / Observation.org",1987,2026,8,FALSE,"Aglaeactis cupripennis","Least Concern","22687788","Preocupación Menor (LC)",FALSE
"Mollepata","Elliotomyia chionogaster","Fauna","Elliotomyia chionogaster (Tschudi, 1846)","Aves","Apodiformes","Trochilidae","Elliotomyia",312,"GBIF / iNaturalist","eBird / iNaturalist",2008,2024,7,FALSE,"Elliotomyia chionogaster","Least Concern","22687509","Preocupación Menor (LC)",FALSE
"Mollepata","Lafresnaya lafresnayi","Fauna","Lafresnaya lafresnayi (Boissonneau, 1840)","Aves","Apodiformes","Trochilidae","Lafresnaya",312,"GBIF / iNaturalist","eBird / iNaturalist",2008,2025,2,FALSE,"Lafresnaya lafresnayi","Least Concern","22687801","Preocupación Menor (LC)",FALSE
"Mollepata","Vultur gryphus","Fauna","Vultur gryphus Linnaeus, 1758","Aves","Accipitriformes","Cathartidae","Vultur",305,"GBIF / iNaturalist","eBird / iNaturalist / Observation.org",2004,2026,5,FALSE,"Vultur gryphus","Vulnerable","22697641","Vulnerable (VU)",TRUE
"Mollepata","Geospizopsis plebejus","Fauna","Geospizopsis plebejus (Tschudi, 1844)","Aves","Passeriformes","Thraupidae","Geospizopsis",302,"GBIF / iNaturalist","eBird / iNaturalist / Observation.org",2011,2026,8,FALSE,"Geospizopsis plebejus","Least Concern","22723100","Preocupación Menor (LC)",FALSE
"Mollepata","Aglaeactis castelnaudii","Fauna","Aglaeactis castelnaudii (Bourcier & Mulsant, 1848)","Aves","Apodiformes","Trochilidae","Aglaeactis",298,"GBIF / iNaturalist","eBird / iNaturalist",2004,2024,6,FALSE,"Aglaeactis castelnaudii","Near Threatened","22687791","Casi Amenazada (NT)",FALSE
"Mollepata","Poospizopsis caesar","Fauna","Poospizopsis caesar (P.L.Sclater & Salvin, 1869)","Aves","Passeriformes","Thraupidae","Poospizopsis",295,"GBIF / iNaturalist","eBird / iNaturalist / Observation.org",2004,2026,9,FALSE,"Poospizopsis caesar","Least Concern","22723282","Preocupación Menor (LC)",FALSE
"Mollepata","Aratinga mitrata","Fauna","Psittacara mitratus (Tschudi, 1844)","Aves","Psittaciformes","Psittacidae","Aratinga",282,"GBIF / iNaturalist","eBird / iNaturalist / Xeno-canto",1987,2025,7,FALSE,"---","---",NA,"No Evaluada (NE)",FALSE
"Mollepata","Rauenia bonariensis","Fauna","Rauenia bonariensis (J.F.Gmelin, 1789)","Aves","Passeriformes","Thraupidae","Rauenia",271,"GBIF / iNaturalist","eBird / iNaturalist",2011,2024,8,FALSE,"---","---",NA,"No Evaluada (NE)",FALSE
"Mollepata","Leptotila verreauxi","Fauna","Leptotila verreauxi Bonaparte, 1855","Aves","Columbiformes","Columbidae","Leptotila",262,"GBIF / iNaturalist","eBird / iNaturalist",2008,2024,5,FALSE,"Leptotila verreauxi","Least Concern","22690854","Preocupación Menor (LC)",FALSE
"Mollepata","Vanellus resplendens","Fauna","Vanellus resplendens (Tschudi, 1843)","Aves","Charadriiformes","Charadriidae","Vanellus",252,"GBIF / iNaturalist","eBird / iNaturalist / Observation.org",1987,2026,8,FALSE,"Vanellus resplendens","Least Concern","22694078","Preocupación Menor (LC)",FALSE
"Mollepata","Xenodacnis parina","Fauna","Xenodacnis parina Cabanis, 1873","Aves","Passeriformes","Thraupidae","Xenodacnis",244,"GBIF / iNaturalist","eBird / iNaturalist",2011,2025,8,FALSE,"Xenodacnis parina","Least Concern","103839796","Preocupación Menor (LC)",FALSE
"Mollepata","Geranoaetus melanoleucus","Fauna","Geranoaetus melanoleucus (Vieillot, 1819)","Aves","Accipitriformes","Accipitridae","Geranoaetus",231,"GBIF / iNaturalist","eBird / iNaturalist / Observation.org",2004,2024,8,FALSE,"Geranoaetus melanoleucus","Least Concern","22695845","Preocupación Menor (LC)",FALSE
"Mollepata","Ochthoeca leucophrys","Fauna","Ochthoeca leucophrys (Orbigny & Lafresnaye, 1837)","Aves","Passeriformes","Tyrannidae","Ochthoeca",228,"GBIF / iNaturalist","eBird / iNaturalist",2012,2026,8,FALSE,"Ochthoeca leucophrys","Least Concern","22699943","Preocupación Menor (LC)",FALSE
"Mollepata","Catamenia analis","Fauna","Catamenia analis (d'Orbigny & Lafresnaye, 1837)","Aves","Passeriformes","Thraupidae","Catamenia",212,"GBIF","eBird",2011,2024,9,FALSE,"Catamenia analis","Least Concern","22723570","Preocupación Menor (LC)",FALSE
"Mollepata","Aeronautes andecolus","Fauna","Aeronautes andecolus (d'Orbigny & Lafresnaye, 1837)","Aves","Apodiformes","Apodidae","Aeronautes",207,"GBIF / iNaturalist","eBird / iNaturalist / Observation.org / Otros conjuntos mediados por GBIF",1974,2024,7,FALSE,"Aeronautes andecolus","Least Concern","22686739","Preocupación Menor (LC)",FALSE
"Mollepata","Asthenes ottonis","Fauna","Asthenes ottonis (Berlepsch, 1901)","Aves","Passeriformes","Furnariidae","Asthenes",201,"GBIF","eBird",2011,2024,8,FALSE,"Asthenes ottonis","Least Concern","22702497","Preocupación Menor (LC)",FALSE
"Mollepata","Buteo polyosoma","Fauna","Geranoaetus polyosoma (Quoy & Gaimard, 1824)","Aves","Accipitriformes","Accipitridae","Buteo",185,"GBIF / iNaturalist","eBird / iNaturalist / Observation.org",2005,2025,7,FALSE,"---","---",NA,"No Evaluada (NE)",FALSE
"Mollepata","Patagioenas fasciata","Fauna","Patagioenas fasciata (Say, 1822)","Aves","Columbiformes","Columbidae","Patagioenas",185,"GBIF / iNaturalist","eBird / iNaturalist",2004,2025,5,FALSE,"Patagioenas fasciata","Least Concern","22725264","Preocupación Menor (LC)",FALSE
"Mollepata","Crotophaga ani","Fauna","Crotophaga ani Linnaeus, 1758","Aves","Cuculiformes","Cuculidae","Crotophaga",184,"GBIF / iNaturalist","eBird / iNaturalist / Observation.org",1987,2024,4,FALSE,"Crotophaga ani","Least Concern","22684434","Preocupación Menor (LC)",FALSE
"Mollepata","Pyrrhomyias cinnamomeus","Fauna","Pyrrhomyias cinnamomeus (Orbigny & Lafresnaye, 1837)","Aves","Passeriformes","Tyrannidae","Pyrrhomyias",181,"GBIF / iNaturalist","eBird / iNaturalist",2008,2024,2,FALSE,"Pyrrhomyias cinnamomeus","Least Concern","22699730","Preocupación Menor (LC)",FALSE
"Mollepata","Colaptes rupicola","Fauna","Colaptes rupicola d'Orbigny, 1840","Aves","Piciformes","Picidae","Colaptes",178,"GBIF / iNaturalist","eBird / iNaturalist",2013,2026,9,FALSE,"Colaptes rupicola","Least Concern","22726426","Preocupación Menor (LC)",FALSE
"Mollepata","Nystalus chacuru","Fauna","Nystalus chacuru (Vieillot, 1816)","Aves","Piciformes","Bucconidae","Nystalus",178,"GBIF / iNaturalist","eBird / iNaturalist / Otros conjuntos mediados por GBIF / Xeno-canto",1974,2024,4,FALSE,"Nystalus chacuru","Least Concern","22682264","Preocupación Menor (LC)",FALSE
"Mollepata","Elaenia pallatangae","Fauna","Elaenia pallatangae P.L.Sclater, 1862","Aves","Passeriformes","Tyrannidae","Elaenia",177,"GBIF","eBird",2009,2024,5,FALSE,"Elaenia pallatangae","Least Concern","103681315","Preocupación Menor (LC)",FALSE
"Mollepata","Asthenes dorbignyi","Fauna","Asthenes dorbignyi (Reichenbach, 1853)","Aves","Passeriformes","Furnariidae","Asthenes",166,"GBIF","eBird",2016,2024,3,FALSE,"Asthenes dorbignyi","Least Concern","103673120","Preocupación Menor (LC)",FALSE
"Mollepata","Megascops koepckeae","Fauna","Megascops koepckeae (Hekstra, 1982)","Aves","Strigiformes","Strigidae","Megascops",164,"GBIF","eBird / Xeno-canto",2014,2024,4,FALSE,"Megascops koepckeae","Least Concern","22688782","Preocupación Menor (LC)",FALSE
"Mollepata","Patagioenas maculosa","Fauna","Patagioenas maculosa (Temminck, 1813)","Aves","Columbiformes","Columbidae","Patagioenas",156,"GBIF / iNaturalist","eBird / iNaturalist",2014,2025,9,FALSE,"Patagioenas maculosa","Least Concern","22728285","Preocupación Menor (LC)",FALSE
"Mollepata","Colaptes rivolii","Fauna","Colaptes rivolii (Boissonneau, 1840)","Aves","Piciformes","Picidae","Colaptes",153,"GBIF","eBird",2011,2024,3,FALSE,"Colaptes rivolii","Least Concern","22726390","Preocupación Menor (LC)",FALSE
"Mollepata","Anairetes parulus","Fauna","Anairetes parulus (Kittlitz, 1830)","Aves","Passeriformes","Tyrannidae","Anairetes",145,"GBIF / iNaturalist","eBird / iNaturalist / Xeno-canto",2007,2024,7,FALSE,"Anairetes parulus","Least Concern","22699406","Preocupación Menor (LC)",FALSE
"Mollepata","Notiochelidon murina","Fauna","Orochelidon murina (Cassin, 1853)","Aves","Passeriformes","Hirundinidae","Notiochelidon",140,"GBIF","eBird",2008,2024,8,FALSE,"---","---",NA,"No Evaluada (NE)",FALSE
"Mollepata","Catamenia inornata","Fauna","Catamenia inornata (Lafresnaye, 1847)","Aves","Passeriformes","Thraupidae","Catamenia",132,"GBIF / iNaturalist","eBird / iNaturalist",2011,2026,7,FALSE,"Catamenia inornata","Least Concern","22723573","Preocupación Menor (LC)",FALSE
"Mollepata","Chloephaga melanoptera","Fauna","Oressochen melanopterus (Eyton, 1838)","Aves","Anseriformes","Anatidae","Chloephaga",111,"GBIF / iNaturalist","eBird / iNaturalist / Observation.org",2013,2026,7,FALSE,"Chloephaga melanoptera","Least Concern","22679972","Preocupación Menor (LC)",FALSE
"Mollepata","Lesbia victoriae","Fauna","Lesbia victoriae (Bourcier & Mulsant, 1846)","Aves","Apodiformes","Trochilidae","Lesbia",110,"GBIF","eBird",2009,2024,8,FALSE,"Lesbia victoriae","Least Concern","22687971","Preocupación Menor (LC)",FALSE
"Mollepata","Lesbia nuna","Fauna","Lesbia nuna (R.Lesson, 1832)","Aves","Apodiformes","Trochilidae","Lesbia",105,"GBIF / iNaturalist","eBird / iNaturalist",2008,2024,8,FALSE,"Lesbia nuna","Least Concern","22687974","Preocupación Menor (LC)",FALSE
"Mollepata","Falco femoralis","Fauna","Falco femoralis Temminck, 1822","Aves","Falconiformes","Falconidae","Falco",99,"GBIF / iNaturalist","eBird / iNaturalist / Observation.org / Xeno-canto",2012,2024,8,FALSE,"Falco femoralis","Least Concern","22696450","Preocupación Menor (LC)",FALSE
"Mollepata","Muscisaxicola rufivertex","Fauna","Muscisaxicola rufivertex Orbigny & Lafresnaye, 1837","Aves","Passeriformes","Tyrannidae","Muscisaxicola",99,"GBIF / iNaturalist","eBird / iNaturalist / Observation.org",2011,2026,8,FALSE,"Muscisaxicola rufivertex","Least Concern","103683296","Preocupación Menor (LC)",FALSE
"Mollepata","Vireo olivaceus","Fauna","Vireo chivi (Vieillot, 1817)","Aves","Passeriformes","Vireonidae","Vireo",99,"GBIF","eBird / Otros conjuntos mediados por GBIF",1974,2024,3,FALSE,"Vireo olivaceus","Least Concern","155115462","Preocupación Menor (LC)",FALSE
"Mollepata","Streptoprocne zonaris","Fauna","Streptoprocne zonaris (Shaw, 1796)","Aves","Apodiformes","Apodidae","Streptoprocne",98,"GBIF","eBird",1978,2024,6,FALSE,"Streptoprocne zonaris","Least Concern","22686476","Preocupación Menor (LC)",FALSE
"Mollepata","Myiothlypis signata","Fauna","Myiothlypis signata (von Berlepsch & Stolzmann, 1906)","Aves","Passeriformes","Parulidae","Myiothlypis",94,"GBIF","eBird",2009,2024,2,FALSE,"Myiothlypis signata","Least Concern","22721969","Preocupación Menor (LC)",FALSE
"Mollepata","Mecocerculus stictopterus","Fauna","Mecocerculus stictopterus (P.L.Sclater, 1859)","Aves","Passeriformes","Tyrannidae","Mecocerculus",91,"GBIF / iNaturalist","eBird / iNaturalist",2008,2025,1,TRUE,"Mecocerculus stictopterus","Least Concern","22699328","Preocupación Menor (LC)",FALSE
"Mollepata","Columba livia","Fauna","Columba livia J.F.Gmelin, 1789","Aves","Columbiformes","Columbidae","Columba",86,"GBIF","eBird",2014,2024,9,FALSE,"Columba livia","Least Concern","22690066","Preocupación Menor (LC)",FALSE
"Mollepata","Bolborhynchus orbygnesius","Fauna","Bolborhynchus orbygnesius (Souance, 1856)","Aves","Psittaciformes","Psittacidae","Bolborhynchus",85,"GBIF / iNaturalist","eBird / iNaturalist / Observation.org",2009,2025,4,FALSE,"Bolborhynchus orbygnesius","Least Concern","22685916","Preocupación Menor (LC)",FALSE
"Mollepata","Grallaria squamigera","Fauna","Grallaria squamigera Prevost & Des Murs, 1842","Aves","Passeriformes","Grallariidae","Grallaria",83,"GBIF / iNaturalist","eBird / iNaturalist",2009,2025,2,FALSE,"Grallaria squamigera","Least Concern","22703237","Preocupación Menor (LC)",FALSE
"Mollepata","Patagona gigas","Fauna","Patagona gigas (Vieillot, 1824)","Aves","Apodiformes","Trochilidae","Patagona",83,"GBIF / iNaturalist","eBird / iNaturalist",2013,2024,8,FALSE,"Patagona gigas","Least Concern","22687785","Preocupación Menor (LC)",FALSE
"Mollepata","Cinclodes atacamensis","Fauna","Cinclodes atacamensis (Philippi, 1857)","Aves","Passeriformes","Furnariidae","Cinclodes",82,"GBIF / iNaturalist","eBird / iNaturalist",2011,2025,8,FALSE,"Cinclodes atacamensis","Least Concern","22702114","Preocupación Menor (LC)",FALSE
"Mollepata","Spinus atratus","Fauna","Spinus atratus (d'Orbigny & Lafresnaye, 1837)","Aves","Passeriformes","Fringillidae","Spinus",82,"GBIF / iNaturalist","eBird / iNaturalist",2011,2026,4,FALSE,"Spinus atratus","Least Concern","22720401","Preocupación Menor (LC)",FALSE
"Mollepata","Glaucidium peruanum","Fauna","Glaucidium peruanum C.König, 1991","Aves","Strigiformes","Strigidae","Glaucidium",80,"GBIF","eBird",1987,2024,7,FALSE,"Glaucidium peruanum","Least Concern","22689253","Preocupación Menor (LC)",FALSE
"Mollepata","Agriornis montanus","Fauna","Agriornis montanus (Orbigny & Lafresnaye, 1837)","Aves","Passeriformes","Tyrannidae","Agriornis",78,"GBIF / iNaturalist","eBird / iNaturalist",2009,2024,6,FALSE,"Agriornis montanus","Least Concern","22700072","Preocupación Menor (LC)",FALSE
"Mollepata","Ensifera ensifera","Fauna","Ensifera ensifera (Boissonneau, 1840)","Aves","Apodiformes","Trochilidae","Ensifera",78,"GBIF / iNaturalist","eBird / iNaturalist",2009,2024,2,FALSE,"Ensifera ensifera","Least Concern","22687854","Preocupación Menor (LC)",FALSE
"Mollepata","Mecocerculus leucophrys","Fauna","Mecocerculus leucophrys (Orbigny & Lafresnaye, 1837)","Aves","Passeriformes","Tyrannidae","Mecocerculus",78,"GBIF","eBird",2009,2023,3,FALSE,"Mecocerculus leucophrys","Least Concern","22699313","Preocupación Menor (LC)",FALSE
"Mollepata","Idiopsar speculifer","Fauna","Idiopsar speculifer (d'Orbigny & Lafresnaye, 1837)","Aves","Passeriformes","Thraupidae","Idiopsar",76,"GBIF / iNaturalist","eBird / iNaturalist",2011,2026,3,FALSE,"---","---",NA,"No Evaluada (NE)",FALSE
"Mollepata","Anisognathus igniventris","Fauna","Anisognathus igniventris (d'Orbigny & Lafresnaye, 1837)","Aves","Passeriformes","Thraupidae","Anisognathus",73,"GBIF / iNaturalist","eBird / iNaturalist",2009,2024,4,FALSE,"Anisognathus igniventris","Least Concern","103845767","Preocupación Menor (LC)",FALSE
"Mollepata","Diglossa sittoides","Fauna","Diglossa sittoides (d'Orbigny & Lafresnaye, 1838)","Aves","Passeriformes","Thraupidae","Diglossa",70,"GBIF","eBird",2004,2024,6,FALSE,"Diglossa sittoides","Least Concern","22723644","Preocupación Menor (LC)",FALSE
"Mollepata","Elaenia albiceps","Fauna","Elaenia albiceps (Orbigny & Lafresnaye, 1837)","Aves","Passeriformes","Tyrannidae","Elaenia",69,"GBIF","eBird",2004,2024,5,FALSE,"Elaenia albiceps","Least Concern","22699271","Preocupación Menor (LC)",FALSE
"Mollepata","Metallura aeneocauda","Fauna","Metallura aeneocauda (Gould, 1846)","Aves","Apodiformes","Trochilidae","Metallura",69,"GBIF / iNaturalist","eBird / iNaturalist",2009,2024,2,FALSE,"Metallura aeneocauda","Least Concern","22688009","Preocupación Menor (LC)",FALSE
"Mollepata","Myiotheretes striaticollis","Fauna","Myiotheretes striaticollis (P.L.Sclater, 1853)","Aves","Passeriformes","Tyrannidae","Myiotheretes",67,"GBIF","eBird",2011,2024,6,FALSE,"Myiotheretes striaticollis","Least Concern","22699987","Preocupación Menor (LC)",FALSE
"Mollepata","Ochthoeca oenanthoides","Fauna","Ochthoeca oenanthoides (Orbigny & Lafresnaye, 1837)","Aves","Passeriformes","Tyrannidae","Ochthoeca",66,"GBIF / iNaturalist","eBird / iNaturalist",2013,2026,6,FALSE,"Ochthoeca oenanthoides","Least Concern","22699938","Preocupación Menor (LC)",FALSE
"Mollepata","Conirostrum ferrugineiventre","Fauna","Conirostrum ferrugineiventre P.L.Sclater, 1855","Aves","Passeriformes","Thraupidae","Conirostrum",63,"GBIF / iNaturalist","eBird / iNaturalist / Xeno-canto",2011,2024,3,FALSE,"Conirostrum ferrugineiventre","Least Concern","22722102","Preocupación Menor (LC)",FALSE
"Mollepata","Plegadis ridgwayi","Fauna","Plegadis ridgwayi (Allen, 1876)","Aves","Pelecaniformes","Threskiornithidae","Plegadis",57,"GBIF / iNaturalist","eBird / iNaturalist",1987,2025,9,FALSE,"Plegadis ridgwayi","Least Concern","22697429","Preocupación Menor (LC)",FALSE
"Mollepata","Ramphomicron microrhynchum","Fauna","Ramphomicron microrhynchum (Boissonneau, 1840)","Aves","Apodiformes","Trochilidae","Ramphomicron",56,"GBIF / iNaturalist","eBird / iNaturalist",2009,2024,2,FALSE,"Ramphomicron microrhynchum","Least Concern","22687984","Preocupación Menor (LC)",FALSE
"Mollepata","Myioborus melanocephalus","Fauna","Myioborus melanocephalus (Tschudi, 1844)","Aves","Passeriformes","Parulidae","Myioborus",55,"GBIF / iNaturalist","eBird / iNaturalist / Observation.org",2008,2025,2,FALSE,"Myioborus melanocephalus","Least Concern","22721938","Preocupación Menor (LC)",FALSE
"Mollepata","Elliotomyia viridicauda","Fauna","Elliotomyia viridicauda (von Berlepsch, 1883)","Aves","Apodiformes","Trochilidae","Elliotomyia",53,"GBIF","eBird",2012,2024,4,FALSE,"Elliotomyia viridicauda","Least Concern","22687506","Preocupación Menor (LC)",FALSE
"Mollepata","Nothoprocta pentlandii","Fauna","Nothoprocta pentlandii (G.R.Gray, 1867)","Aves","Tinamiformes","Tinamidae","Nothoprocta",53,"GBIF","eBird",2014,2024,6,FALSE,"Nothoprocta pentlandii","Least Concern","22678259","Preocupación Menor (LC)",FALSE
"Mollepata","Grallaria andicolus","Fauna","Grallaria andicolus (Cabanis, 1873)","Aves","Passeriformes","Grallariidae","Grallaria",51,"GBIF / iNaturalist","eBird / iNaturalist",2017,2024,5,FALSE,"Grallaria andicolus","Least Concern","22703281","Preocupación Menor (LC)",FALSE
"Mollepata","Notiochelidon cyanoleuca","Fauna","Pygochelidon cyanoleuca (Vieillot, 1817)","Aves","Passeriformes","Hirundinidae","Notiochelidon",49,"GBIF / iNaturalist","eBird / iNaturalist",2013,2025,4,FALSE,"---","---",NA,"No Evaluada (NE)",FALSE
"Mollepata","Cacicus chrysonotus","Fauna","Cacicus chrysonotus (Lafresnaye & Orbigny, 1838)","Aves","Passeriformes","Icteridae","Cacicus",48,"GBIF / iNaturalist","eBird / iNaturalist",2009,2024,3,FALSE,"Cacicus chrysonotus","Least Concern","22731284","Preocupación Menor (LC)",FALSE
"Mollepata","Chaetocercus mulsant","Fauna","Chaetocercus mulsant (Bourcier, 1843)","Aves","Apodiformes","Trochilidae","Chaetocercus",47,"GBIF","eBird",2008,2024,4,FALSE,"Chaetocercus mulsant","Least Concern","22688251","Preocupación Menor (LC)",FALSE
"Mollepata","Sporophila luctuosa","Fauna","Sporophila luctuosa (Lafresnaye, 1843)","Aves","Passeriformes","Thraupidae","Sporophila",47,"GBIF","eBird",2009,2024,4,FALSE,"Sporophila luctuosa","Least Concern","22723437","Preocupación Menor (LC)",FALSE
"Mollepata","Sporophila nigricollis","Fauna","Sporophila nigricollis (Vieillot, 1823)","Aves","Passeriformes","Thraupidae","Sporophila",46,"GBIF","eBird",2009,2024,3,FALSE,"Sporophila nigricollis","Least Concern","105963139","Preocupación Menor (LC)",FALSE
"Mollepata","Anairetes flavirostris","Fauna","Anairetes flavirostris P.L.Sclater & Salvin, 1876","Aves","Passeriformes","Tyrannidae","Anairetes",45,"GBIF","eBird / Xeno-canto",2015,2023,8,FALSE,"Anairetes flavirostris","Least Concern","22699397","Preocupación Menor (LC)",FALSE
"Mollepata","Asthenes humilis","Fauna","Asthenes humilis (Cabanis, 1873)","Aves","Passeriformes","Furnariidae","Asthenes",45,"GBIF / iNaturalist","eBird / iNaturalist",2013,2024,3,FALSE,"Asthenes humilis","Least Concern","22702555","Preocupación Menor (LC)",FALSE
"Mollepata","Aegolius harrisii","Fauna","Aegolius harrisii (Cassin, 1849)","Aves","Strigiformes","Strigidae","Aegolius",44,"GBIF","eBird",2017,2022,2,FALSE,"Aegolius harrisii","Least Concern","22689378","Preocupación Menor (LC)",FALSE
"Mollepata","Chalcostigma stanleyi","Fauna","Chalcostigma stanleyi (Bourcier, 1851)","Aves","Apodiformes","Trochilidae","Chalcostigma",44,"GBIF","eBird / Observation.org",2013,2024,2,FALSE,"Chalcostigma stanleyi","Least Concern","22688030","Preocupación Menor (LC)",FALSE
"Mollepata","Lagidium viscacia","Fauna","Lagidium viscacia (Molina, 1782)","Mammalia","Rodentia","Chinchillidae","Lagidium",44,"GBIF / iNaturalist","iNaturalist / Observation.org",2014,2026,3,FALSE,"Lagidium viscacia","Least Concern","11148","Preocupación Menor (LC)",FALSE
"Mollepata","Oreotrochilus estella","Fauna","Oreotrochilus estella (d'Orbigny, 1838)","Aves","Apodiformes","Trochilidae","Oreotrochilus",44,"GBIF / iNaturalist","eBird / iNaturalist",2007,2026,6,FALSE,"Oreotrochilus estella","Least Concern","60946163","Preocupación Menor (LC)",FALSE
"Mollepata","Chroicocephalus serranus","Fauna","Chroicocephalus serranus (Tschudi, 1844)","Aves","Charadriiformes","Laridae","Chroicocephalus",43,"GBIF","eBird / Observation.org",2013,2024,9,FALSE,"---","---",NA,"No Evaluada (NE)",FALSE
"Mollepata","Synallaxis azarae","Fauna","Synallaxis azarae Orbigny, 1835","Aves","Passeriformes","Furnariidae","Synallaxis",42,"GBIF","eBird",2009,2024,2,FALSE,"Synallaxis azarae","Least Concern","22702290","Preocupación Menor (LC)",FALSE
"Mollepata","Accipiter striatus","Fauna","Accipiter striatus Vieillot, 1808","Aves","Accipitriformes","Accipitridae","Accipiter",40,"GBIF / iNaturalist","eBird / iNaturalist",2009,2024,3,FALSE,"Accipiter striatus","Least Concern","22734130","Preocupación Menor (LC)",FALSE
"Mollepata","Ochthoeca fumicolor","Fauna","Ochthoeca fumicolor P.L.Sclater, 1856","Aves","Passeriformes","Tyrannidae","Ochthoeca",40,"GBIF","eBird",2011,2024,5,FALSE,"Ochthoeca fumicolor","Least Concern","103682812","Preocupación Menor (LC)",FALSE
"Mollepata","Pterophanes cyanopterus","Fauna","Pterophanes cyanopterus (Fraser, 1840)","Aves","Apodiformes","Trochilidae","Pterophanes",39,"GBIF","eBird",2012,2024,3,FALSE,"Pterophanes cyanopterus","Least Concern","22687804","Preocupación Menor (LC)",FALSE
"Mollepata","Colibri cyanotus","Fauna","Colibri cyanotus (Bourcier, 1843)","Aves","Apodiformes","Trochilidae","Colibri",38,"GBIF / iNaturalist","eBird / iNaturalist / Observation.org",2007,2024,3,FALSE,"---","---",NA,"No Evaluada (NE)",FALSE
"Mollepata","Lophonetta specularioides","Fauna","Lophonetta specularioides (P.P.King, 1828)","Aves","Anseriformes","Anatidae","Lophonetta",37,"GBIF / iNaturalist","eBird / iNaturalist",2014,2026,4,FALSE,"Lophonetta specularioides","Least Concern","22680130","Preocupación Menor (LC)",FALSE
"Mollepata","Systellura longirostris","Fauna","Systellura longirostris (Bonaparte, 1825)","Aves","Caprimulgiformes","Caprimulgidae","Systellura",37,"GBIF","eBird",2007,2023,6,FALSE,"Systellura longirostris","Least Concern","22725678","Preocupación Menor (LC)",FALSE
"Mollepata","Buteo albigula","Fauna","Buteo albigula Philippi, 1899","Aves","Accipitriformes","Accipitridae","Buteo",34,"GBIF / iNaturalist","eBird / iNaturalist",2008,2024,5,FALSE,"Buteo albigula","Least Concern","22695900","Preocupación Menor (LC)",FALSE
"Mollepata","Pachyramphus validus","Fauna","Pachyramphus validus (Lichtenstein, 1823)","Aves","Passeriformes","Cotingidae","Pachyramphus",34,"GBIF","eBird",2009,2024,5,FALSE,"Pachyramphus validus","Least Concern","22700683","Preocupación Menor (LC)",FALSE
"Mollepata","Haplochelidon andecola","Fauna","Orochelidon andecola (d'Orbigny & Lafresnaye, 1837)","Aves","Passeriformes","Hirundinidae","Haplochelidon",32,"GBIF","eBird",2011,2024,7,FALSE,"---","---",NA,"No Evaluada (NE)",FALSE
"Mollepata","Polioxolmis rufipennis","Fauna","Cnemarchus rufipennis (Taczanowski, 1874)","Aves","Passeriformes","Tyrannidae","Polioxolmis",32,"GBIF","eBird",2011,2024,6,FALSE,"Polioxolmis rufipennis","Least Concern","22700123","Preocupación Menor (LC)",FALSE
"Mollepata","Gaultheria myrsinoides","Flora","Pernettya prostrata (Cav.) DC.","Magnoliopsida","Ericales","Ericaceae","Gaultheria",30,"GBIF / iNaturalist","iNaturalist / Otros conjuntos mediados por GBIF",2007,2026,2,FALSE,"---","---",NA,"No Evaluada (NE)",FALSE
"Mollepata","Penelope montagnii","Fauna","Penelope montagnii (Bonaparte, 1856)","Aves","Galliformes","Cracidae","Penelope",29,"GBIF","eBird",2009,2024,3,FALSE,"Penelope montagnii","Least Concern","22678364","Preocupación Menor (LC)",FALSE
"Mollepata","Troglodytes solstitialis","Fauna","Troglodytes solstitialis P.L.Sclater, 1859","Aves","Passeriformes","Troglodytidae","Troglodytes",29,"GBIF","eBird",2004,2024,1,TRUE,"Troglodytes solstitialis","Least Concern","22711506","Preocupación Menor (LC)",FALSE
"Mollepata","Asemospiza obscura","Fauna","Asemospiza obscura (d'Orbigny & Lafresnaye, 1837)","Aves","Passeriformes","Thraupidae","Asemospiza",28,"GBIF","eBird",2017,2024,2,FALSE,"Asemospiza obscura","Least Concern","22723584","Preocupación Menor (LC)",FALSE
"Mollepata","Myiothlypis luteoviridis","Fauna","Myiothlypis luteoviridis (Bonaparte, 1845)","Aves","Passeriformes","Parulidae","Myiothlypis",28,"GBIF / iNaturalist","eBird / iNaturalist",2008,2025,2,FALSE,"Myiothlypis luteoviridis","Least Concern","105296047","Preocupación Menor (LC)",FALSE
"Mollepata","Eriocnemis luciani","Fauna","Eriocnemis luciani (Bourcier, 1847)","Aves","Apodiformes","Trochilidae","Eriocnemis",27,"GBIF","eBird",2009,2024,2,FALSE,"Eriocnemis luciani","Least Concern","61162182","Preocupación Menor (LC)",FALSE
"Mollepata","Piaya cayana","Fauna","Piaya cayana (Linnaeus, 1766)","Aves","Cuculiformes","Cuculidae","Piaya",27,"GBIF / iNaturalist","eBird / iNaturalist",2013,2024,1,TRUE,"Piaya cayana","Least Concern","61418830","Preocupación Menor (LC)",FALSE
"Mollepata","Nothoprocta taczanowskii","Fauna","Nothoprocta taczanowskii P.L.Sclater & Salvin, 1875","Aves","Tinamiformes","Tinamidae","Nothoprocta",26,"GBIF","eBird",2018,2024,5,FALSE,"Nothoprocta taczanowskii","Vulnerable","22678246","Vulnerable (VU)",TRUE
"Mollepata","Scytalopus simonsi","Fauna","Scytalopus simonsi Chubb, 1917","Aves","Passeriformes","Rhinocryptidae","Scytalopus",26,"GBIF","eBird",2014,2023,3,FALSE,"Scytalopus simonsi","Least Concern","22729298","Preocupación Menor (LC)",FALSE
"Mollepata","Muscisaxicola juninensis","Fauna","Muscisaxicola juninensis Taczanowski, 1884","Aves","Passeriformes","Tyrannidae","Muscisaxicola",25,"GBIF","eBird",2014,2024,4,FALSE,"Muscisaxicola juninensis","Least Concern","22700168","Preocupación Menor (LC)",FALSE
"Mollepata","Diglossa cyanea","Fauna","Diglossa cyanea (Lafresnaye, 1840)","Aves","Passeriformes","Thraupidae","Diglossa",24,"GBIF / iNaturalist","eBird / iNaturalist",2009,2024,3,FALSE,"Diglossa cyanea","Least Concern","22723715","Preocupación Menor (LC)",FALSE
"Mollepata","Catamblyrhynchus diadema","Fauna","Catamblyrhynchus diadema Lafresnaye, 1842","Aves","Passeriformes","Thraupidae","Catamblyrhynchus",23,"GBIF / iNaturalist","eBird / iNaturalist / Observation.org",2013,2025,1,TRUE,"Catamblyrhynchus diadema","Least Concern","22723021","Preocupación Menor (LC)",FALSE
"Mollepata","Catharus ustulatus","Fauna","Catharus ustulatus (Nuttall, 1840)","Aves","Passeriformes","Turdidae","Catharus",23,"GBIF","eBird",2018,2022,3,FALSE,"Catharus ustulatus","Least Concern","103881682","Preocupación Menor (LC)",FALSE
"Mollepata","Fuchsia apetala","Flora","Fuchsia apetala Ruiz & Pav.","Magnoliopsida","Myrtales","Onagraceae","Fuchsia",23,"GBIF / iNaturalist","iNaturalist / Otros conjuntos mediados por GBIF",2004,2024,4,FALSE,"---","---",NA,"No Evaluada (NE)",FALSE
"Mollepata","Myiarchus tuberculifer","Fauna","Myiarchus tuberculifer (Orbigny & Lafresnaye, 1837)","Aves","Passeriformes","Tyrannidae","Myiarchus",23,"GBIF","eBird",2013,2024,2,FALSE,"Myiarchus tuberculifer","Least Concern","22700399","Preocupación Menor (LC)",FALSE
"Mollepata","Solanum candolleanum","Flora","Solanum candolleanum Berthault","Magnoliopsida","Solanales","Solanaceae","Solanum",23,"GBIF / iNaturalist","iNaturalist / Otros conjuntos mediados por GBIF",1958,2013,7,FALSE,"---","---",NA,"No Evaluada (NE)",FALSE
"Mollepata","Tremarctos ornatus","Fauna","Tremarctos ornatus (F.G.Cuvier, 1825)","Mammalia","Carnivora","Ursidae","Tremarctos",23,"GBIF / iNaturalist","iNaturalist / Otros conjuntos mediados por GBIF",2014,2023,2,FALSE,"Tremarctos ornatus","Vulnerable","22066","Vulnerable (VU)",TRUE
"Mollepata","Empidonax alnorum","Fauna","Empidonax alnorum Brewster, 1895","Aves","Passeriformes","Tyrannidae","Empidonax",22,"GBIF","eBird",2017,2022,3,FALSE,"Empidonax alnorum","Least Concern","22699845","Preocupación Menor (LC)",FALSE
"Mollepata","Merganetta armata","Fauna","Merganetta armata Gould, 1842","Aves","Anseriformes","Anatidae","Merganetta",22,"GBIF / iNaturalist","eBird / iNaturalist",2014,2025,6,FALSE,"Merganetta armata","Least Concern","22680118","Preocupación Menor (LC)",FALSE
"Mollepata","Muscisaxicola cinereus","Fauna","Muscisaxicola cinereus Philippi & Landbeck, 1864","Aves","Passeriformes","Tyrannidae","Muscisaxicola",22,"GBIF","eBird / Observation.org",2014,2024,5,FALSE,"Muscisaxicola cinereus","Least Concern","22700183","Preocupación Menor (LC)",FALSE
"Mollepata","Asthenes modesta","Fauna","Asthenes modesta (Eyton, 1851)","Aves","Passeriformes","Furnariidae","Asthenes",21,"GBIF","eBird",2011,2024,4,FALSE,"Asthenes modesta","Least Concern","22702511","Preocupación Menor (LC)",FALSE
"Mollepata","Phalacrocorax brasilianus","Fauna","Nannopterum brasilianum (J.F.Gmelin, 1789)","Aves","Suliformes","Phalacrocoracidae","Phalacrocorax",20,"GBIF","eBird",2015,2024,7,FALSE,"---","---",NA,"No Evaluada (NE)",FALSE
"Mollepata","Asthenes wyatti","Fauna","Asthenes wyatti (P.L.Sclater & Salvin, 1871)","Aves","Passeriformes","Furnariidae","Asthenes",19,"GBIF","eBird",2014,2024,5,FALSE,"Asthenes wyatti","Least Concern","103673405","Preocupación Menor (LC)",FALSE
"Mollepata","Coeligena torquata","Fauna","Coeligena inca (Gould, 1852)","Aves","Apodiformes","Trochilidae","Coeligena",19,"GBIF","eBird",2017,2022,1,TRUE,"Coeligena torquata","Least Concern","22726720","Preocupación Menor (LC)",FALSE
"Mollepata","Coeligena violifer","Fauna","Coeligena violifer (Gould, 1846)","Aves","Apodiformes","Trochilidae","Coeligena",19,"GBIF","eBird",2009,2024,2,FALSE,"Coeligena violifer","Least Concern","22726750","Preocupación Menor (LC)",FALSE
"Mollepata","Diglossa mystacalis","Fauna","Diglossa mystacalis Lafresnaye, 1846","Aves","Passeriformes","Thraupidae","Diglossa",19,"GBIF / iNaturalist","eBird / iNaturalist",2011,2024,1,TRUE,"Diglossa mystacalis","Least Concern","22723664","Preocupación Menor (LC)",FALSE
"Mollepata","Muscisaxicola griseus","Fauna","Muscisaxicola griseus Taczanowski, 1884","Aves","Passeriformes","Tyrannidae","Muscisaxicola",19,"GBIF","eBird",2014,2023,5,FALSE,"Muscisaxicola griseus","Least Concern","22733765","Preocupación Menor (LC)",FALSE
"Mollepata","Passiflora foetida","Flora","Passiflora foetida L.","Magnoliopsida","Malpighiales","Passifloraceae","Passiflora",18,"GBIF / iNaturalist","iNaturalist / Otros conjuntos mediados por GBIF",2004,2022,2,FALSE,"---","---",NA,"No Evaluada (NE)",FALSE
"Mollepata","Phaseolus vulgaris","Flora","Phaseolus vulgaris L.","Magnoliopsida","Fabales","Fabaceae","Phaseolus",18,"GBIF","Otros conjuntos mediados por GBIF",1982,1988,3,FALSE,"Phaseolus vulgaris","Least Concern","71777161","Preocupación Menor (LC)",FALSE
"Mollepata","Sporathraupis cyanocephala","Fauna","Sporathraupis cyanocephala (d'Orbigny & Lafresnaye, 1837)","Aves","Passeriformes","Thraupidae","Sporathraupis",18,"GBIF","eBird",2013,2024,2,FALSE,"Sporathraupis cyanocephala","Least Concern","22722549","Preocupación Menor (LC)",FALSE
"Mollepata","Cinclus leucocephalus","Fauna","Cinclus leucocephalus Tschudi, 1844","Aves","Passeriformes","Cinclidae","Cinclus",17,"GBIF / iNaturalist","eBird / iNaturalist",2014,2025,5,FALSE,"Cinclus leucocephalus","Least Concern","22708166","Preocupación Menor (LC)",FALSE
"Mollepata","Elaenia obscura","Fauna","Elaenia obscura (Orbigny & Lafresnaye, 1837)","Aves","Passeriformes","Tyrannidae","Elaenia",17,"GBIF","eBird",2017,2024,2,FALSE,"Elaenia obscura","Least Concern","103681177","Preocupación Menor (LC)",FALSE
"Mollepata","Nothoprocta ornata","Fauna","Nothoprocta ornata (G.R.Gray, 1867)","Aves","Tinamiformes","Tinamidae","Nothoprocta",17,"GBIF","eBird",2013,2023,7,FALSE,"Nothoprocta ornata","Least Concern","22678254","Preocupación Menor (LC)",FALSE
"Mollepata","Perezia multiflora","Flora","Perezia multiflora (Bonpl.) Less.","Magnoliopsida","Asterales","Asteraceae","Perezia",17,"GBIF / iNaturalist","iNaturalist / Otros conjuntos mediados por GBIF",2012,2026,1,TRUE,"---","---",NA,"No Evaluada (NE)",FALSE
"Mollepata","Scytalopus parvirostris","Fauna","Scytalopus parvirostris Zimmer, 1939","Aves","Passeriformes","Rhinocryptidae","Scytalopus",17,"GBIF","eBird",2008,2023,1,TRUE,"Scytalopus parvirostris","Least Concern","22729303","Preocupación Menor (LC)",FALSE
"Mollepata","Oenothera rosea","Flora","Oenothera rosea","Magnoliopsida","Myrtales","Onagraceae","Oenothera",16,"iNaturalist","iNaturalist",2011,2025,3,FALSE,"---","---",NA,"No Evaluada (NE)",FALSE
"Mollepata","Theristicus melanopis","Fauna","Theristicus branickii Berlepsch & Stolzmann, 1894","Aves","Pelecaniformes","Threskiornithidae","Theristicus",16,"GBIF","eBird",2014,2024,7,FALSE,"Theristicus melanopis","Least Concern","22734000","Preocupación Menor (LC)",FALSE
"Mollepata","Atlapetes canigenis","Fauna","Atlapetes canigenis Chapman, 1919","Aves","Passeriformes","Passerellidae","Atlapetes",15,"GBIF","eBird",2016,2023,2,FALSE,"Atlapetes canigenis","Least Concern","22728576","Preocupación Menor (LC)",FALSE
"Mollepata","Bubulcus ibis","Fauna","Ardea ibis Linnaeus, 1758","Aves","Pelecaniformes","Ardeidae","Bubulcus",15,"GBIF","eBird",2015,2021,8,FALSE,"Bubulcus ibis","Least Concern","22697109","Preocupación Menor (LC)",FALSE
"Mollepata","Chlorostilbon mellisugus","Fauna","Chlorostilbon mellisugus (Linnaeus, 1758)","Aves","Apodiformes","Trochilidae","Chlorostilbon",15,"GBIF","eBird",2016,2023,2,FALSE,"Chlorostilbon mellisugus","Least Concern","22687313","Preocupación Menor (LC)",FALSE
"Mollepata","Falco peregrinus","Fauna","Falco peregrinus Tunstall, 1771","Aves","Falconiformes","Falconidae","Falco",15,"GBIF","eBird",2011,2024,4,FALSE,"Falco peregrinus","Least Concern","45354964","Preocupación Menor (LC)",FALSE
"Mollepata","Gentiana sedifolia","Flora","Gentiana sedifolia","Magnoliopsida","Gentianales","Gentianaceae","Gentiana",15,"iNaturalist","iNaturalist",2014,2026,5,FALSE,"---","---",NA,"No Evaluada (NE)",FALSE
"Mollepata","Liabum solidagineum","Flora","Liabum solidagineum (Kunth) Less.","Magnoliopsida","Asterales","Asteraceae","Liabum",15,"GBIF","Otros conjuntos mediados por GBIF",2004,2007,2,FALSE,"---","---",NA,"No Evaluada (NE)",FALSE
"Mollepata","Neobartsia camporum","Flora","Neobartsia camporum","Magnoliopsida","Lamiales","Orobanchaceae","Neobartsia",15,"iNaturalist","iNaturalist",2014,2026,3,FALSE,"---","---",NA,"No Evaluada (NE)",FALSE
"Mollepata","Sicalis olivascens","Fauna","Sicalis olivascens (d'Orbigny & Lafresnaye, 1837)","Aves","Passeriformes","Thraupidae","Sicalis",15,"GBIF","eBird / Otros conjuntos mediados por GBIF",1974,2023,4,FALSE,"Sicalis olivascens","Least Concern","103838515","Preocupación Menor (LC)",FALSE
"Mollepata","Glaucidium bolivianum","Fauna","Glaucidium bolivianum C.König, 1991","Aves","Strigiformes","Strigidae","Glaucidium",14,"GBIF","eBird",2022,2023,3,FALSE,"Glaucidium bolivianum","Least Concern","22689229","Preocupación Menor (LC)",FALSE
"Mollepata","Myioborus miniatus","Fauna","Myioborus miniatus (Swainson, 1827)","Aves","Passeriformes","Parulidae","Myioborus",14,"GBIF","eBird",2009,2023,2,FALSE,"Myioborus miniatus","Least Concern","22721898","Preocupación Menor (LC)",FALSE
"Mollepata","Ochthoeca thoracica","Fauna","Ochthoeca thoracica Taczanowski, 1874","Aves","Passeriformes","Tyrannidae","Ochthoeca",14,"GBIF / iNaturalist","eBird / iNaturalist",2008,2025,1,TRUE,"Ochthoeca thoracica","Least Concern","103682795","Preocupación Menor (LC)",FALSE
"Mollepata","Porphyrospiza alaudina","Fauna","Rhopospina alaudina (Kittlitz, 1833)","Aves","Passeriformes","Thraupidae","Porphyrospiza",14,"GBIF","eBird",2008,2024,5,FALSE,"---","---",NA,"No Evaluada (NE)",FALSE
"Mollepata","Stenomesson pearcei","Flora","Stenomesson pearcei","Liliopsida","Asparagales","Amaryllidaceae","Stenomesson",14,"iNaturalist","iNaturalist",2005,2025,1,TRUE,"---","---",NA,"No Evaluada (NE)",FALSE
"Mollepata","Tecoma stans","Flora","Tecoma sambucifolia Kunth","Magnoliopsida","Lamiales","Bignoniaceae","Tecoma",14,"GBIF / iNaturalist","iNaturalist / Otros conjuntos mediados por GBIF",2004,2025,3,FALSE,"Tecoma stans","Least Concern","82858855","Preocupación Menor (LC)",FALSE
"Mollepata","Turdus serranus","Fauna","Turdus serranus Tschudi, 1844","Aves","Passeriformes","Turdidae","Turdus",14,"GBIF","eBird",2019,2024,2,FALSE,"Turdus serranus","Least Concern","22708855","Preocupación Menor (LC)",FALSE
"Mollepata","Astragalus garbancillo","Flora","Astragalus garbancillo","Magnoliopsida","Fabales","Fabaceae","Astragalus",13,"iNaturalist","iNaturalist",2014,2025,1,TRUE,"---","---",NA,"No Evaluada (NE)",FALSE
"Mollepata","Austrocylindropuntia floccosa","Flora","Austrocylindropuntia floccosa","Magnoliopsida","Caryophyllales","Cactaceae","Austrocylindropuntia",13,"iNaturalist","iNaturalist",2014,2026,2,FALSE,"Austrocylindropuntia floccosa","Least Concern","152545","Preocupación Menor (LC)",FALSE
"Mollepata","Begonia veitchii","Flora","Begonia veitchii Hook.fil.","Magnoliopsida","Cucurbitales","Begoniaceae","Begonia",13,"GBIF / iNaturalist","iNaturalist / Otros conjuntos mediados por GBIF",2004,2026,2,FALSE,"---","---",NA,"No Evaluada (NE)",FALSE
"Mollepata","Chalcostigma olivaceum","Fauna","Chalcostigma olivaceum (Lawrence, 1864)","Aves","Apodiformes","Trochilidae","Chalcostigma",13,"GBIF","eBird",2014,2024,3,FALSE,"Chalcostigma olivaceum","Least Concern","22688027","Preocupación Menor (LC)",FALSE
"Mollepata","Leonotis nepetifolia","Flora","Leonotis nepetifolia","Magnoliopsida","Lamiales","Lamiaceae","Leonotis",13,"iNaturalist","iNaturalist",2014,2026,2,FALSE,"---","---",NA,"No Evaluada (NE)",FALSE
"Mollepata","Macroptilium atropurpureum","Flora","Macroptilium atropurpureum (DC.) Urb.","Magnoliopsida","Fabales","Fabaceae","Macroptilium",13,"GBIF","Otros conjuntos mediados por GBIF",2004,2007,2,FALSE,"---","---",NA,"No Evaluada (NE)",FALSE
"Mollepata","Metriopelia ceciliae","Fauna","Metriopelia ceciliae (R.Lesson, 1845)","Aves","Columbiformes","Columbidae","Metriopelia",13,"GBIF","eBird",2013,2024,6,FALSE,"Metriopelia ceciliae","Least Concern","22690829","Preocupación Menor (LC)",FALSE
"Mollepata","Percnohierax leucorrhous","Fauna","Parabuteo leucorrhous (Quoy & Gaimard, 1824)","Aves","Accipitriformes","Accipitridae","Percnohierax",13,"GBIF / iNaturalist","eBird / iNaturalist",2015,2024,2,FALSE,"---","---",NA,"No Evaluada (NE)",FALSE
"Mollepata","Pheucticus chrysogaster","Fauna","Pheucticus chrysogaster (Lesson, 1832)","Aves","Passeriformes","Cardinalidae","Pheucticus",13,"GBIF","eBird",1978,2024,3,FALSE,"Pheucticus chrysogaster","Least Concern","22723803","Preocupación Menor (LC)",FALSE
"Mollepata","Sida cordifolia","Flora","Sida cordifolia L.","Magnoliopsida","Malvales","Malvaceae","Sida",13,"GBIF / iNaturalist","iNaturalist / Otros conjuntos mediados por GBIF",2003,2021,2,FALSE,"---","---",NA,"No Evaluada (NE)",FALSE
"Mollepata","Weinmannia trichosperma","Flora","Weinmannia producta Moric.","Magnoliopsida","Oxalidales","Cunoniaceae","Weinmannia",13,"GBIF","Otros conjuntos mediados por GBIF",2004,2007,2,FALSE,"Weinmannia trichosperma","Least Concern","61990715","Preocupación Menor (LC)",FALSE
"Mollepata","Dubusia castaneoventris","Fauna","Dubusia castaneoventris (P.L.Sclater, 1851)","Aves","Passeriformes","Thraupidae","Dubusia",12,"GBIF","eBird",2008,2023,2,FALSE,"Dubusia castaneoventris","Least Concern","22722686","Preocupación Menor (LC)",FALSE
"Mollepata","Grallaria rufula","Fauna","Grallaria occabambae (Chapman, 1923)","Aves","Passeriformes","Grallariidae","Grallaria",12,"GBIF / iNaturalist","eBird / iNaturalist",2005,2024,1,TRUE,"Grallaria rufula","Least Concern","103660383","Preocupación Menor (LC)",FALSE
"Mollepata","Margarornis squamiger","Fauna","Margarornis squamiger (Orbigny & Lafresnaye, 1838)","Aves","Passeriformes","Furnariidae","Margarornis",12,"GBIF","eBird",2009,2023,1,TRUE,"Margarornis squamiger","Least Concern","22702729","Preocupación Menor (LC)",FALSE
"Mollepata","Pluchea zamalloae","Flora","Pluchea zamalloae (Cabrera) H.Rob. & Cuatrec.","Magnoliopsida","Asterales","Asteraceae","Pluchea",12,"GBIF","Otros conjuntos mediados por GBIF",2007,2007,2,FALSE,"---","---",NA,"No Evaluada (NE)",FALSE
"Mollepata","Trema micranthum","Flora","Trema micranthum (L.) Blume","Magnoliopsida","Rosales","Cannabaceae","Trema",12,"GBIF","Otros conjuntos mediados por GBIF",2004,2006,1,TRUE,"Trema micranthum","Least Concern","136778595","Preocupación Menor (LC)",FALSE
"Mollepata","Apurimacia boliviana","Flora","Apurimacia boliviana (Britton) Lavin","Magnoliopsida","Fabales","Fabaceae","Apurimacia",11,"GBIF","Otros conjuntos mediados por GBIF",2002,2006,2,FALSE,"---","---",NA,"No Evaluada (NE)",FALSE
"Mollepata","Ayenia jussieui","Flora","Ayenia jussieui Cristóbal","Magnoliopsida","Malvales","Malvaceae","Ayenia",11,"GBIF","Otros conjuntos mediados por GBIF",2006,2006,1,TRUE,"---","---",NA,"No Evaluada (NE)",FALSE
"Mollepata","Buddleja americana","Flora","Buddleja americana L.","Magnoliopsida","Lamiales","Scrophulariaceae","Buddleja",11,"GBIF","Otros conjuntos mediados por GBIF",2007,2007,2,FALSE,"Buddleja americana","Least Concern","150120590","Preocupación Menor (LC)",FALSE
"Mollepata","Catamenia homochroa","Fauna","Catamenia homochroa P.L.Sclater, 1859","Aves","Passeriformes","Thraupidae","Catamenia",11,"GBIF","eBird",2014,2023,3,FALSE,"Catamenia homochroa","Least Concern","22723577","Preocupación Menor (LC)",FALSE
"Mollepata","Culcitium humile","Flora","Senecio modestus Wedd","Magnoliopsida","Asterales","Asteraceae","Culcitium",11,"GBIF / iNaturalist","iNaturalist / Otros conjuntos mediados por GBIF",2007,2026,1,TRUE,"---","---",NA,"No Evaluada (NE)",FALSE
"Mollepata","Euphonia laniirostris","Fauna","Euphonia laniirostris d'Orbigny & Lafresnaye, 1837","Aves","Passeriformes","Fringillidae","Euphonia",11,"GBIF","eBird",2020,2022,1,TRUE,"Euphonia laniirostris","Least Concern","22722724","Preocupación Menor (LC)",FALSE
"Mollepata","Solanum ochranthum","Flora","Solanum ochranthum Humb. & Bonpl. ex Dunal","Magnoliopsida","Solanales","Solanaceae","Solanum",11,"GBIF / iNaturalist","iNaturalist / Otros conjuntos mediados por GBIF",2004,2022,3,FALSE,"Solanum ochranthum","Least Concern","101528214","Preocupación Menor (LC)",FALSE
"Mollepata","Spinus olivaceus","Fauna","Spinus olivaceus von Berlepsch & Stolzmann, 1894","Aves","Passeriformes","Fringillidae","Spinus",11,"GBIF","eBird",2017,2022,2,FALSE,"Spinus olivaceus","Least Concern","22720389","Preocupación Menor (LC)",FALSE
"Mollepata","Veronica serpyllifolia","Flora","Veronica serpyllifolia","Magnoliopsida","Lamiales","Plantaginaceae","Veronica",11,"iNaturalist","iNaturalist",2014,2026,2,FALSE,"Veronica serpyllifolia","Least Concern","19620739","Preocupación Menor (LC)",FALSE
"Mollepata","Acanthospermum hispidum","Flora","Acanthospermum hispidum DC.","Magnoliopsida","Asterales","Asteraceae","Acanthospermum",10,"GBIF","Otros conjuntos mediados por GBIF",2003,2006,1,TRUE,"---","---",NA,"No Evaluada (NE)",FALSE
"Mollepata","Asclepias curassavica","Flora","Asclepias curassavica L.","Magnoliopsida","Gentianales","Apocynaceae","Asclepias",10,"GBIF / iNaturalist","iNaturalist / Otros conjuntos mediados por GBIF",2004,2026,2,FALSE,"Asclepias curassavica","Least Concern","124595336","Preocupación Menor (LC)",FALSE
"Mollepata","Bubo magellanicus","Fauna","Bubo magellanicus (R.Lesson, 1828)","Aves","Strigiformes","Strigidae","Bubo",10,"GBIF","eBird",2017,2022,6,FALSE,"Bubo magellanicus","Least Concern","61752097","Preocupación Menor (LC)",FALSE
"Mollepata","Escallonia myrtilloides","Flora","Escallonia myrtilloides L.fil.","Magnoliopsida","Escalloniales","Escalloniaceae","Escallonia",10,"GBIF / iNaturalist","iNaturalist / Otros conjuntos mediados por GBIF",2004,2026,2,FALSE,"Escallonia myrtilloides","Least Concern","243327956","Preocupación Menor (LC)",FALSE
"Mollepata","Heteropogon contortus","Flora","Heteropogon contortus (L.) P.Beauv. ex Roem. & Schult.","Liliopsida","Poales","Poaceae","Heteropogon",10,"GBIF","Otros conjuntos mediados por GBIF",2004,2006,2,FALSE,"---","---",NA,"No Evaluada (NE)",FALSE
"Mollepata","Oenothera multicaulis","Flora","Oenothera multicaulis Ruiz & Pav.","Magnoliopsida","Myrtales","Onagraceae","Oenothera",10,"GBIF / iNaturalist","iNaturalist / Otros conjuntos mediados por GBIF",2012,2026,2,FALSE,"---","---",NA,"No Evaluada (NE)",FALSE
"Mollepata","Solanum bukasovii","Flora","Solanum bukasovii Juz.","Magnoliopsida","Solanales","Solanaceae","Solanum",10,"GBIF","Otros conjuntos mediados por GBIF",NA,NA,3,FALSE,"---","---",NA,"No Evaluada (NE)",FALSE
"Mollepata","Spinus crassirostris","Fauna","Spinus crassirostris (Landbeck, 1877)","Aves","Passeriformes","Fringillidae","Spinus",10,"GBIF","eBird",2018,2023,5,FALSE,"Spinus crassirostris","Least Concern","22720380","Preocupación Menor (LC)",FALSE
"Mollepata","Urtica leptophylla","Flora","Urtica leptophylla Kunth","Magnoliopsida","Rosales","Urticaceae","Urtica",10,"GBIF / iNaturalist","iNaturalist / Otros conjuntos mediados por GBIF",2004,2026,3,FALSE,"---","---",NA,"No Evaluada (NE)",FALSE
"Mollepata","Vallea stipularis","Flora","Vallea stipularis","Magnoliopsida","Oxalidales","Elaeocarpaceae","Vallea",10,"iNaturalist","iNaturalist",2014,2026,2,FALSE,"Vallea stipularis","Least Concern","189172952","Preocupación Menor (LC)",FALSE
"Mollepata","Xenops rutilans","Fauna","Xenops rutilans Temminck, 1821","Aves","Passeriformes","Furnariidae","Xenops",10,"GBIF","eBird",2015,2022,1,TRUE,"---","---",NA,"No Evaluada (NE)",FALSE
"Mollepata","Baccharis johnwurdackiana","Flora","Baccharis johnwurdackiana H.Rob.","Magnoliopsida","Asterales","Asteraceae","Baccharis",9,"GBIF","Otros conjuntos mediados por GBIF",2007,2007,1,TRUE,"---","---",NA,"No Evaluada (NE)",FALSE
"Mollepata","Buddleja multiceps","Flora","Buddleja multiceps Kraenzl.","Magnoliopsida","Lamiales","Scrophulariaceae","Buddleja",9,"GBIF","Otros conjuntos mediados por GBIF",2004,2004,1,TRUE,"---","---",NA,"No Evaluada (NE)",FALSE
"Mollepata","Calceolaria atahualpae","Flora","Calceolaria atahualpae subsp. atahualpae","Magnoliopsida","Lamiales","Calceolariaceae","Calceolaria",9,"GBIF","Otros conjuntos mediados por GBIF",2004,2004,1,TRUE,"---","---",NA,"No Evaluada (NE)",FALSE
"Mollepata","Cornus peruviana","Flora","Cornus peruviana J.F.Macbr.","Magnoliopsida","Cornales","Cornaceae","Cornus",9,"GBIF","Otros conjuntos mediados por GBIF",2002,2004,1,TRUE,"Cornus peruviana","Least Concern","130049691","Preocupación Menor (LC)",FALSE
"Mollepata","Crypturellus cinereus","Fauna","Crypturellus cinereus (J.F.Gmelin, 1789)","Aves","Tinamiformes","Tinamidae","Crypturellus",9,"GBIF","eBird",2022,2022,2,FALSE,"Crypturellus cinereus","Least Concern","22678166","Preocupación Menor (LC)",FALSE
"Mollepata","Escallonia herrerae","Flora","Escallonia herrerae Mattf.","Magnoliopsida","Escalloniales","Escalloniaceae","Escallonia",9,"GBIF / iNaturalist","iNaturalist / Otros conjuntos mediados por GBIF",2007,2014,3,FALSE,"---","---",NA,"No Evaluada (NE)",FALSE
"Mollepata","Metzgeria polytricha","Flora","Metzgeria polytricha Spruce","Jungermanniopsida","Metzgeriales","Metzgeriaceae","Metzgeria",9,"GBIF","Otros conjuntos mediados por GBIF",2011,2011,1,TRUE,"---","---",NA,"No Evaluada (NE)",FALSE
"Mollepata","Pardirallus sanguinolentus","Fauna","Pardirallus sanguinolentus (Swainson, 1838)","Aves","Gruiformes","Rallidae","Pardirallus",9,"GBIF","eBird",2014,2024,4,FALSE,"Pardirallus sanguinolentus","Least Concern","22692772","Preocupación Menor (LC)",FALSE
"Mollepata","Pheugopedius eisenmanni","Fauna","Pheugopedius eisenmanni (T.A.Parker & O'Neill, 1985)","Aves","Passeriformes","Troglodytidae","Pheugopedius",9,"GBIF","eBird",2020,2024,1,TRUE,"Pheugopedius eisenmanni","Least Concern","22711407","Preocupación Menor (LC)",FALSE
"Mollepata","Rhopospina fruticeti","Fauna","Rhopospina fruticeti (Kittlitz, 1833)","Aves","Passeriformes","Thraupidae","Rhopospina",9,"GBIF","eBird",2015,2022,8,FALSE,"Rhopospina fruticeti","Least Concern","22723080","Preocupación Menor (LC)",FALSE
"Mollepata","Ruagea subviridiflora","Flora","Ruagea subviridiflora (C.DC. ex Harms) Harms","Magnoliopsida","Sapindales","Meliaceae","Ruagea",9,"GBIF","Otros conjuntos mediados por GBIF",2004,2004,1,TRUE,"Ruagea subviridiflora","Least Concern","158425935","Preocupación Menor (LC)",FALSE
"Mollepata","Sayornis nigricans","Fauna","Sayornis nigricans (Swainson, 1827)","Aves","Passeriformes","Tyrannidae","Sayornis",9,"GBIF","eBird",2015,2024,5,FALSE,"Sayornis nigricans","Least Concern","22699892","Preocupación Menor (LC)",FALSE
"Mollepata","Adiantum digitatum","Flora","Adiantum digitatum Hook.","Polypodiopsida","Polypodiales","Pteridaceae","Adiantum",8,"GBIF","Otros conjuntos mediados por GBIF",2004,2004,2,FALSE,"---","---",NA,"No Evaluada (NE)",FALSE
"Mollepata","Azorella multifida","Flora","Azorella multifida (Ruiz & Pav.) Pers.","Magnoliopsida","Apiales","Apiaceae","Azorella",8,"GBIF / iNaturalist","iNaturalist / Otros conjuntos mediados por GBIF",2012,2024,1,TRUE,"Azorella multifida","Least Concern","133249371","Preocupación Menor (LC)",FALSE
"Mollepata","Bomarea formosissima","Flora","Bomarea sanguinea Kraenzl.","Liliopsida","Liliales","Alstroemeriaceae","Bomarea",8,"GBIF / iNaturalist","iNaturalist / Otros conjuntos mediados por GBIF",2004,2022,1,TRUE,"---","---",NA,"No Evaluada (NE)",FALSE
"Mollepata","Bombus coccineus","Fauna","Bombus coccineus","Insecta","Hymenoptera","Apidae","Bombus",8,"iNaturalist","iNaturalist",2018,2025,1,TRUE,"Bombus coccineus","Least Concern","21215151","Preocupación Menor (LC)",FALSE
"Mollepata","Conirostrum sitticolor","Fauna","Conirostrum sitticolor Lafresnaye, 1840","Aves","Passeriformes","Thraupidae","Conirostrum",8,"GBIF","eBird",2019,2023,1,TRUE,"Conirostrum sitticolor","Least Concern","22722108","Preocupación Menor (LC)",FALSE
"Mollepata","Ferreyranthus vaginans","Flora","Ferreyranthus vaginans (Muschl.) H.Rob. & Brettell","Magnoliopsida","Asterales","Asteraceae","Ferreyranthus",8,"GBIF","Otros conjuntos mediados por GBIF",2004,2004,2,FALSE,"---","---",NA,"No Evaluada (NE)",FALSE
"Mollepata","Geoffroea decorticans","Flora","Geoffroea decorticans (Gillies ex Hook. & Arn.) Burkart","Magnoliopsida","Fabales","Fabaceae","Geoffroea",8,"GBIF","Otros conjuntos mediados por GBIF",2003,2006,2,FALSE,"Geoffroea decorticans","Vulnerable","38217","Vulnerable (VU)",TRUE
"Mollepata","Heliotropium incanum","Flora","Heliotropium incanum Ruiz & Pav.","Magnoliopsida","Boraginales","Heliotropiaceae","Heliotropium",8,"GBIF","Otros conjuntos mediados por GBIF",2003,2003,2,FALSE,"---","---",NA,"No Evaluada (NE)",FALSE
"Mollepata","Metardaris cosinga","Fauna","Metardaris cosinga cosinga","Insecta","Lepidoptera","Hesperiidae","Metardaris",8,"iNaturalist","iNaturalist",2014,2022,1,TRUE,"---","---",NA,"No Evaluada (NE)",FALSE
"Mollepata","Muscisaxicola maculirostris","Fauna","Muscisaxicola maculirostris Orbigny & Lafresnaye, 1837","Aves","Passeriformes","Tyrannidae","Muscisaxicola",8,"GBIF","eBird",2014,2022,6,FALSE,"Muscisaxicola maculirostris","Least Concern","22700132","Preocupación Menor (LC)",FALSE
"Mollepata","Oreonympha nobilis","Fauna","Oreonympha nobilis Gould, 1869","Aves","Apodiformes","Trochilidae","Oreonympha",8,"GBIF","eBird",2014,2023,6,FALSE,"Oreonympha nobilis","Least Concern","22727923","Preocupación Menor (LC)",FALSE
"Mollepata","Pachyramphus versicolor","Fauna","Pachyramphus versicolor (Hartlaub, 1843)","Aves","Passeriformes","Cotingidae","Pachyramphus",8,"GBIF","eBird",2019,2020,1,TRUE,"Pachyramphus versicolor","Least Concern","22700638","Preocupación Menor (LC)",FALSE
"Mollepata","Passiflora mixta","Flora","Passiflora mixta","Magnoliopsida","Malpighiales","Passifloraceae","Passiflora",8,"iNaturalist","iNaturalist",2013,2023,1,TRUE,"---","---",NA,"No Evaluada (NE)",FALSE
"Mollepata","Sicalis uropigyalis","Fauna","Sicalis uropigyalis (d'Orbigny & Lafresnaye, 1837)","Aves","Passeriformes","Thraupidae","Sicalis",8,"GBIF","eBird",2018,2024,3,FALSE,"Sicalis uropigyalis","Least Concern","22723316","Preocupación Menor (LC)",FALSE
"Mollepata","Solanum acuminatum","Flora","Solanum acuminatum Ruiz & Pav.","Magnoliopsida","Solanales","Solanaceae","Solanum",8,"GBIF","Otros conjuntos mediados por GBIF",2004,2004,1,TRUE,"---","---",NA,"No Evaluada (NE)",FALSE
"Mollepata","Solanum maturecalvans","Flora","Solanum maturecalvans Bitter","Magnoliopsida","Solanales","Solanaceae","Solanum",8,"GBIF","Otros conjuntos mediados por GBIF",2004,2004,1,TRUE,"Solanum maturecalvans","Least Concern","146114963","Preocupación Menor (LC)",FALSE
"Mollepata","Solanum saponaceum","Flora","Solanum saponaceum Dunal","Magnoliopsida","Solanales","Solanaceae","Solanum",8,"GBIF","Otros conjuntos mediados por GBIF",2006,2007,2,FALSE,"Solanum saponaceum","Least Concern","146117956","Preocupación Menor (LC)",FALSE
"Mollepata","Abatia spicata","Flora","Abatia spicata (Turcz.) Sleumer","Magnoliopsida","Malpighiales","Salicaceae","Abatia",7,"GBIF / iNaturalist","iNaturalist / Otros conjuntos mediados por GBIF",2004,2011,1,TRUE,"Abatia spicata","Vulnerable","257809359","Vulnerable (VU)",TRUE
"Mollepata","Anairetes agraphia","Fauna","Uromyias agraphia (Chapman, 1919)","Aves","Passeriformes","Tyrannidae","Anairetes",7,"GBIF","eBird",2013,2024,2,FALSE,"---","---",NA,"No Evaluada (NE)",FALSE
"Mollepata","Anairetes alpinus","Fauna","Anairetes alpinus (Carriker, 1933)","Aves","Passeriformes","Tyrannidae","Anairetes",7,"GBIF","eBird",2023,2024,3,FALSE,"Anairetes alpinus","Vulnerable","22699383","Vulnerable (VU)",TRUE
"Mollepata","Anas flavirostris","Fauna","Anas flavirostris Vieillot, 1816","Aves","Anseriformes","Anatidae","Anas",7,"GBIF","eBird",2014,2023,9,FALSE,"Anas flavirostris","---","22735557_1","No Evaluada (NE)",FALSE
"Mollepata","Anurolimnas viridis","Fauna","Rufirallus viridis (Müller & Pls, 1776)","Aves","Gruiformes","Rallidae","Anurolimnas",7,"GBIF","eBird",2017,2018,1,TRUE,"---","---",NA,"No Evaluada (NE)",FALSE
"Mollepata","Asplenium fragrans","Flora","Asplenium fragrans Sw.","Polypodiopsida","Polypodiales","Aspleniaceae","Asplenium",7,"GBIF","Otros conjuntos mediados por GBIF",2004,2004,1,TRUE,"---","---",NA,"No Evaluada (NE)",FALSE
"Mollepata","Asplenium sessilifolium","Flora","Asplenium sessilifolium Desv.","Polypodiopsida","Polypodiales","Aspleniaceae","Asplenium",7,"GBIF","Otros conjuntos mediados por GBIF",2004,2004,1,TRUE,"---","---",NA,"No Evaluada (NE)",FALSE
"Mollepata","Asthenes urubambensis","Fauna","Asthenes urubambensis (Chapman, 1919)","Aves","Passeriformes","Furnariidae","Asthenes",7,"GBIF","eBird",2018,2024,1,TRUE,"Asthenes urubambensis","Near Threatened","22702569","Casi Amenazada (NT)",FALSE
"Mollepata","Asthenes virgata","Fauna","Asthenes virgata (P.L.Sclater, 1874)","Aves","Passeriformes","Furnariidae","Asthenes",7,"GBIF","eBird",2022,2024,5,FALSE,"Asthenes virgata","Least Concern","22702575","Preocupación Menor (LC)",FALSE
"Mollepata","Baccharis trinervis","Flora","Baccharis trinervis (Lam.) Pers.","Magnoliopsida","Asterales","Asteraceae","Baccharis",7,"GBIF","Otros conjuntos mediados por GBIF",2007,2007,1,TRUE,"---","---",NA,"No Evaluada (NE)",FALSE
"Mollepata","Bomarea dulcis","Flora","Bomarea dulcis (Hook.) Beauverd","Liliopsida","Liliales","Alstroemeriaceae","Bomarea",7,"GBIF / iNaturalist","iNaturalist / Otros conjuntos mediados por GBIF",2012,2025,1,TRUE,"---","---",NA,"No Evaluada (NE)",FALSE
"Mollepata","Buthraupis montana","Fauna","Buthraupis montana (d'Orbigny & Lafresnaye, 1837)","Aves","Passeriformes","Thraupidae","Buthraupis",7,"GBIF","eBird",2021,2022,1,TRUE,"Buthraupis montana","Least Concern","22722601","Preocupación Menor (LC)",FALSE
"Mollepata","Cedrela odorata","Flora","Cedrela angustifolia Moc. & Sessé ex DC.","Magnoliopsida","Sapindales","Meliaceae","Cedrela",7,"GBIF","Otros conjuntos mediados por GBIF",2004,2004,1,TRUE,"Cedrela odorata","Vulnerable","32292","Vulnerable (VU)",TRUE
"Mollepata","Centrosema virginianum","Flora","Centrosema virginianum (L.) Benth.","Magnoliopsida","Fabales","Fabaceae","Centrosema",7,"GBIF","Otros conjuntos mediados por GBIF",2004,2004,1,TRUE,"Centrosema virginianum","Least Concern","130103833","Preocupación Menor (LC)",FALSE
"Mollepata","Cnemarchus erythropygius","Fauna","Cnemarchus erythropygius (P.L.Sclater, 1853)","Aves","Passeriformes","Tyrannidae","Cnemarchus",7,"GBIF","eBird",2009,2019,1,TRUE,"Cnemarchus erythropygius","Least Concern","22699978","Preocupación Menor (LC)",FALSE
"Mollepata","Coccyzus americanus","Fauna","Coccyzus americanus (Linnaeus, 1758)","Aves","Cuculiformes","Cuculidae","Coccyzus",7,"GBIF","eBird",2019,2019,3,FALSE,"Coccyzus americanus","Least Concern","22684331","Preocupación Menor (LC)",FALSE
"Mollepata","Dalechampia aristolochiifolia","Flora","Dalechampia aristolochiifolia Kunth","Magnoliopsida","Malpighiales","Euphorbiaceae","Dalechampia",7,"GBIF / iNaturalist","iNaturalist / Otros conjuntos mediados por GBIF",1963,2023,2,FALSE,"---","---",NA,"No Evaluada (NE)",FALSE
"Mollepata","Flaveria bidentis","Flora","Flaveria bidentis (L.) Kuntze","Magnoliopsida","Asterales","Asteraceae","Flaveria",7,"GBIF","Otros conjuntos mediados por GBIF",2003,2006,2,FALSE,"---","---",NA,"No Evaluada (NE)",FALSE
"Mollepata","Fuchsia boliviana","Flora","Fuchsia boliviana","Magnoliopsida","Myrtales","Onagraceae","Fuchsia",7,"iNaturalist","iNaturalist",2005,2024,2,FALSE,"Fuchsia boliviana","Least Concern","103127813","Preocupación Menor (LC)",FALSE
"Mollepata","Gaya calyptrata","Flora","Gaya calyptrata (Cav.) Kunth ex K.Schum.","Magnoliopsida","Malvales","Malvaceae","Gaya",7,"GBIF","Otros conjuntos mediados por GBIF",NA,NA,2,FALSE,"---","---",NA,"No Evaluada (NE)",FALSE
"Mollepata","Halenia umbellata","Flora","Halenia umbellata (Ruiz & Pav.) Gilg","Magnoliopsida","Gentianales","Gentianaceae","Halenia",7,"GBIF","Otros conjuntos mediados por GBIF",2004,2013,1,TRUE,"---","---",NA,"No Evaluada (NE)",FALSE
"Mollepata","Ipomoea pauciflora","Flora","Ipomoea pauciflora subsp. vargasiana (O'Donell) McPherson","Magnoliopsida","Solanales","Convolvulaceae","Ipomoea",7,"GBIF / iNaturalist","iNaturalist / Otros conjuntos mediados por GBIF",2007,2022,3,FALSE,"Ipomoea pauciflora","Least Concern","194013889","Preocupación Menor (LC)",FALSE
"Mollepata","Jacaranda mimosifolia","Flora","Jacaranda mimosifolia D.Don","Magnoliopsida","Lamiales","Bignoniaceae","Jacaranda",7,"GBIF","Otros conjuntos mediados por GBIF",2004,2004,1,TRUE,"Jacaranda mimosifolia","Vulnerable","32027","Vulnerable (VU)",TRUE
"Mollepata","Leptasthenura yanacensis","Fauna","Sylviorthorhynchus yanacensis (Carriker, 1933)","Aves","Passeriformes","Furnariidae","Leptasthenura",7,"GBIF","eBird",2007,2024,3,FALSE,"---","---",NA,"No Evaluada (NE)",FALSE
"Mollepata","Mentzelia scabra","Flora","Mentzelia scabra subsp. chilensis (Gay) Weigend","Magnoliopsida","Cornales","Loasaceae","Mentzelia",7,"GBIF / iNaturalist","iNaturalist / Otros conjuntos mediados por GBIF",2003,2026,2,FALSE,"---","---",NA,"No Evaluada (NE)",FALSE
"Mollepata","Muscisaxicola albifrons","Fauna","Muscisaxicola albifrons (Tschudi, 1844)","Aves","Passeriformes","Tyrannidae","Muscisaxicola",7,"GBIF","eBird",2014,2023,2,FALSE,"Muscisaxicola albifrons","Least Concern","22700193","Preocupación Menor (LC)",FALSE
"Mollepata","Muscisaxicola albilora","Fauna","Muscisaxicola albilora Lafresnaye, 1855","Aves","Passeriformes","Tyrannidae","Muscisaxicola",7,"GBIF","eBird",2013,2023,2,FALSE,"Muscisaxicola albilora","Least Concern","22700173","Preocupación Menor (LC)",FALSE
"Mollepata","Myiotheretes fumigatus","Fauna","Myiotheretes fumigatus (Boissonneau, 1840)","Aves","Passeriformes","Tyrannidae","Myiotheretes",7,"GBIF / iNaturalist","eBird / iNaturalist / Xeno-canto",2019,2024,1,TRUE,"Myiotheretes fumigatus","Least Concern","22699997","Preocupación Menor (LC)",FALSE
"Mollepata","Myiotheretes fuscorufus","Fauna","Myiotheretes fuscorufus (P.L.Sclater & Salvin, 1876)","Aves","Passeriformes","Tyrannidae","Myiotheretes",7,"GBIF","eBird",2019,2024,2,FALSE,"Myiotheretes fuscorufus","Least Concern","22700002","Preocupación Menor (LC)",FALSE
"Mollepata","Nasturtium officinale","Flora","Nasturtium officinale W.T.Aiton","Magnoliopsida","Brassicales","Brassicaceae","Nasturtium",7,"GBIF / iNaturalist","iNaturalist / Otros conjuntos mediados por GBIF",2007,2023,2,FALSE,"Nasturtium officinale","Least Concern","164311","Preocupación Menor (LC)",FALSE
"Mollepata","Notiochelidon flavipes","Fauna","Orochelidon flavipes (Chapman, 1922)","Aves","Passeriformes","Hirundinidae","Notiochelidon",7,"GBIF","eBird",2023,2024,3,FALSE,"---","---",NA,"No Evaluada (NE)",FALSE
"Mollepata","Oreocallis grandiflora","Flora","Oreocallis grandiflora (Lam.) R.Br.","Magnoliopsida","Proteales","Proteaceae","Oreocallis",7,"GBIF / iNaturalist","iNaturalist / Otros conjuntos mediados por GBIF",2004,2024,1,TRUE,"Oreocallis grandiflora","Least Concern","113181681","Preocupación Menor (LC)",FALSE
"Mollepata","Polylepis pepei","Flora","Polylepis pepei B.B.Simpson","Magnoliopsida","Rosales","Rosaceae","Polylepis",7,"GBIF","Otros conjuntos mediados por GBIF",2012,2013,1,TRUE,"Polylepis pepei","Endangered","32992","En Peligro (EN)",TRUE
"Mollepata","Ricinus communis","Flora","Ricinus communis","Magnoliopsida","Malpighiales","Euphorbiaceae","Ricinus",7,"iNaturalist","iNaturalist",2013,2025,2,FALSE,"Ricinus communis","Least Concern","18435603","Preocupación Menor (LC)",FALSE
"Mollepata","Ruellia floribunda","Flora","Ruellia floribunda Hook.","Magnoliopsida","Lamiales","Acanthaceae","Ruellia",7,"GBIF","Otros conjuntos mediados por GBIF",NA,NA,2,FALSE,"---","---",NA,"No Evaluada (NE)",FALSE
"Mollepata","Saracha punctata","Flora","Saracha punctata Ruiz & Pav.","Magnoliopsida","Solanales","Solanaceae","Saracha",7,"GBIF","Otros conjuntos mediados por GBIF",2007,2007,1,TRUE,"Saracha punctata","Least Concern","146119885","Preocupación Menor (LC)",FALSE
"Mollepata","Senecio peruensis","Flora","Senecio peruensis Cuatrec.","Magnoliopsida","Asterales","Asteraceae","Senecio",7,"GBIF / iNaturalist","iNaturalist / Otros conjuntos mediados por GBIF",2012,2024,1,TRUE,"---","---",NA,"No Evaluada (NE)",FALSE
"Mollepata","Stellaria cuspidata","Flora","Stellaria cuspidata Willd. ex D.F.K.Schltdl.","Magnoliopsida","Caryophyllales","Caryophyllaceae","Stellaria",7,"GBIF / iNaturalist","iNaturalist / Otros conjuntos mediados por GBIF",2013,2026,1,TRUE,"---","---",NA,"No Evaluada (NE)",FALSE
"Mollepata","Tigrisoma fasciatum","Fauna","Tigrisoma fasciatum (Such, 1825)","Aves","Pelecaniformes","Ardeidae","Tigrisoma",7,"GBIF / iNaturalist","eBird / iNaturalist",2020,2024,3,FALSE,"Tigrisoma fasciatum","Least Concern","22697264","Preocupación Menor (LC)",FALSE
"Mollepata","Trifolium amabile","Flora","Trifolium amabile Kunth","Magnoliopsida","Fabales","Fabaceae","Trifolium",7,"GBIF / iNaturalist","iNaturalist / Otros conjuntos mediados por GBIF",2012,2024,2,FALSE,"Trifolium amabile","Least Concern","19892797","Preocupación Menor (LC)",FALSE
"Mollepata","Amicia lobbiana","Flora","Amicia lobbiana Benth. ex Rusby","Magnoliopsida","Fabales","Fabaceae","Amicia",6,"GBIF","Otros conjuntos mediados por GBIF",2004,2004,1,TRUE,"---","---",NA,"No Evaluada (NE)",FALSE
"Mollepata","Arenaria digyna","Flora","Arenaria digyna Willd. ex D.F.K.Schltdl.","Magnoliopsida","Caryophyllales","Caryophyllaceae","Arenaria",6,"GBIF","Otros conjuntos mediados por GBIF",2012,2013,1,TRUE,"---","---",NA,"No Evaluada (NE)",FALSE
"Mollepata","Austroeupatorium inulifolium","Flora","Austroeupatorium inulifolium (Kunth) R.M.King & H.Rob.","Magnoliopsida","Asterales","Asteraceae","Austroeupatorium",6,"GBIF / iNaturalist","iNaturalist / Otros conjuntos mediados por GBIF",2004,2014,2,FALSE,"---","---",NA,"No Evaluada (NE)",FALSE
"Mollepata","Berberis commutata","Flora","Berberis commutata","Magnoliopsida","Ranunculales","Berberidaceae","Berberis",6,"iNaturalist","iNaturalist",2014,2025,2,FALSE,"---","---",NA,"No Evaluada (NE)",FALSE
"Mollepata","Bombus funebris","Fauna","Bombus funebris","Insecta","Hymenoptera","Apidae","Bombus",6,"iNaturalist","iNaturalist",2019,2026,2,FALSE,"Bombus funebris","Least Concern","21215159","Preocupación Menor (LC)",FALSE
"Mollepata","Caiophora chuquitensis","Flora","Caiophora chuquitensis (Meyen) Urb. & Gilg","Magnoliopsida","Cornales","Loasaceae","Caiophora",6,"GBIF / iNaturalist","iNaturalist / Otros conjuntos mediados por GBIF",2019,2025,2,FALSE,"---","---",NA,"No Evaluada (NE)",FALSE
"Mollepata","Cantua flexuosa","Flora","Cantua flexuosa (Ruiz & Pav.) Pers.","Magnoliopsida","Ericales","Polemoniaceae","Cantua",6,"GBIF / iNaturalist","iNaturalist / Otros conjuntos mediados por GBIF",2004,2025,1,TRUE,"---","---",NA,"No Evaluada (NE)",FALSE
"Mollepata","Ceiba boliviana","Flora","Ceiba boliviana Britten & Baker fil.","Magnoliopsida","Malvales","Malvaceae","Ceiba",6,"GBIF","Otros conjuntos mediados por GBIF",2004,2004,1,TRUE,"Ceiba boliviana","Least Concern","146073239","Preocupación Menor (LC)",FALSE
"Mollepata","Cissus obliqua","Flora","Cissus obliqua Ruiz & Pav.","Magnoliopsida","Vitales","Vitaceae","Cissus",6,"GBIF","Otros conjuntos mediados por GBIF",2004,2004,2,FALSE,"---","---",NA,"No Evaluada (NE)",FALSE
"Mollepata","Colaptes rubiginosus","Fauna","Colaptes rubiginosus (Swainson, 1820)","Aves","Piciformes","Picidae","Colaptes",6,"GBIF","eBird",2012,2023,3,FALSE,"Colaptes rubiginosus","Least Concern","61533973","Preocupación Menor (LC)",FALSE
"Mollepata","Conirostrum binghami","Fauna","Conirostrum binghami (Chapman, 1919)","Aves","Passeriformes","Thraupidae","Conirostrum",6,"GBIF","eBird",2011,2022,4,FALSE,"Conirostrum binghami","Near Threatened","22722114","Casi Amenazada (NT)",FALSE
"Mollepata","Creurgops dentatus","Fauna","Creurgops dentatus (P.L.Sclater & Salvin, 1876)","Aves","Passeriformes","Thraupidae","Creurgops",6,"GBIF","eBird",2021,2022,1,TRUE,"Creurgops dentatus","Least Concern","22722366","Preocupación Menor (LC)",FALSE
"Mollepata","Cucumis dipsaceus","Flora","Cucumis dipsaceus Ehrenb. ex Spach","Magnoliopsida","Cucurbitales","Cucurbitaceae","Cucumis",6,"GBIF","Otros conjuntos mediados por GBIF",NA,NA,2,FALSE,"---","---",NA,"No Evaluada (NE)",FALSE
"Mollepata","Culcitium canescens","Flora","Culcitium canescens","Magnoliopsida","Asterales","Asteraceae","Culcitium",6,"iNaturalist","iNaturalist",2014,2025,2,FALSE,"---","---",NA,"No Evaluada (NE)",FALSE
"Mollepata","Cyrtochilum rhodoneurum","Flora","Neodryas weberbaueriana (Kraenzl.) Schltr.","Liliopsida","Asparagales","Orchidaceae","Cyrtochilum",6,"GBIF / iNaturalist","iNaturalist / Otros conjuntos mediados por GBIF",2004,2022,1,TRUE,"---","---",NA,"No Evaluada (NE)",FALSE
"Mollepata","Danaus plexippus","Fauna","Danaus plexippus","Insecta","Lepidoptera","Nymphalidae","Danaus",6,"iNaturalist","iNaturalist",2015,2025,2,FALSE,"Danaus plexippus","Least Concern","159971","Preocupación Menor (LC)",FALSE
"Mollepata","Frullania holostipula","Flora","Frullania holostipula S.Hatt. & D.G.Griffin","Jungermanniopsida","Porellales","Frullaniaceae","Frullania",6,"GBIF","Otros conjuntos mediados por GBIF",NA,NA,1,TRUE,"---","---",NA,"No Evaluada (NE)",FALSE
"Mollepata","Haplophaedia assimilis","Fauna","Haplophaedia assimilis (D.G.Elliot, 1876)","Aves","Apodiformes","Trochilidae","Haplophaedia",6,"GBIF","eBird",2014,2024,1,TRUE,"Haplophaedia assimilis","Least Concern","22733901","Preocupación Menor (LC)",FALSE
"Mollepata","Heliangelus amethysticollis","Fauna","Heliangelus amethysticollis (d'Orbigny & Lafresnaye, 1838)","Aves","Apodiformes","Trochilidae","Heliangelus",6,"GBIF","eBird",2019,2023,2,FALSE,"Heliangelus amethysticollis","Least Concern","60859997","Preocupación Menor (LC)",FALSE
"Mollepata","Ipomoea batatas","Flora","Ipomoea batatas (L.) Lam.","Magnoliopsida","Solanales","Convolvulaceae","Ipomoea",6,"GBIF","Otros conjuntos mediados por GBIF",NA,NA,2,FALSE,"Ipomoea batatas","Data Deficient","71775024","Datos Insuficientes (DD)",FALSE
"Mollepata","Luma chequen","Flora","Luma chequen (Molina) A.Gray","Magnoliopsida","Myrtales","Myrtaceae","Luma",6,"GBIF","Otros conjuntos mediados por GBIF",2007,2007,1,TRUE,"Luma chequen","Least Concern","131397194","Preocupación Menor (LC)",FALSE
"Mollepata","Munnozia trinervis","Flora","Munnozia trinervis Ruiz & Pav.","Magnoliopsida","Asterales","Asteraceae","Munnozia",6,"GBIF","Otros conjuntos mediados por GBIF",2004,2004,1,TRUE,"---","---",NA,"No Evaluada (NE)",FALSE
"Mollepata","Muscisaxicola flavinucha","Fauna","Muscisaxicola flavinucha Lafresnaye, 1855","Aves","Passeriformes","Tyrannidae","Muscisaxicola",6,"GBIF","eBird",2017,2023,2,FALSE,"Muscisaxicola flavinucha","Least Concern","22700198","Preocupación Menor (LC)",FALSE
"Mollepata","Nicandra physalodes","Flora","Nicandra physalodes (L.) Gaertn.","Magnoliopsida","Solanales","Solanaceae","Nicandra",6,"GBIF / iNaturalist","iNaturalist / Otros conjuntos mediados por GBIF",2004,2026,2,FALSE,"---","---",NA,"No Evaluada (NE)",FALSE
"Mollepata","Ochthoeca frontalis","Fauna","Silvicultrix frontalis (Lafresnaye, 1847)","Aves","Passeriformes","Tyrannidae","Ochthoeca",6,"GBIF","eBird",2013,2023,1,TRUE,"---","---",NA,"No Evaluada (NE)",FALSE
"Mollepata","Opuntia ficus-indica","Flora","Opuntia ficus-indica","Magnoliopsida","Caryophyllales","Cactaceae","Opuntia",6,"iNaturalist","iNaturalist",2014,2024,3,FALSE,"Opuntia ficus-indica","Data Deficient","151706","Datos Insuficientes (DD)",FALSE
"Mollepata","Ourisia chamaedrifolia","Flora","Ourisia chamaedrifolia","Magnoliopsida","Lamiales","Plantaginaceae","Ourisia",6,"iNaturalist","iNaturalist",2021,2025,1,TRUE,"---","---",NA,"No Evaluada (NE)",FALSE
"Mollepata","Physalis pubescens","Flora","Physalis pubescens L.","Magnoliopsida","Solanales","Solanaceae","Physalis",6,"GBIF","Otros conjuntos mediados por GBIF",2004,2004,1,TRUE,"Physalis pubescens","Least Concern","109716665","Preocupación Menor (LC)",FALSE
"Mollepata","Prosopis chilensis","Flora","Prosopis chilensis (Molina) Stuntz","Magnoliopsida","Fabales","Fabaceae","Prosopis",6,"GBIF","Otros conjuntos mediados por GBIF",2004,2004,1,TRUE,"---","---",NA,"No Evaluada (NE)",FALSE
"Mollepata","Racinaea tetrantha","Flora","Racinaea tetrantha","Liliopsida","Poales","Bromeliaceae","Racinaea",6,"iNaturalist","iNaturalist",2005,2022,1,TRUE,"---","---",NA,"No Evaluada (NE)",FALSE
"Mollepata","Rockhausenia nubigena","Flora","Rockhausenia nubigena (Kunth) D.J.N.Hind","Magnoliopsida","Asterales","Asteraceae","Rockhausenia",6,"GBIF / iNaturalist","iNaturalist / Otros conjuntos mediados por GBIF",2007,2023,3,FALSE,"---","---",NA,"No Evaluada (NE)",FALSE
"Mollepata","Rupornis magnirostris","Fauna","Rupornis magnirostris (Gmelin, 1788)","Aves","Accipitriformes","Accipitridae","Rupornis",6,"GBIF","eBird",2020,2024,3,FALSE,"Rupornis magnirostris","Least Concern","22695880","Preocupación Menor (LC)",FALSE
"Mollepata","Serpophaga cinerea","Fauna","Serpophaga cinerea (Tschudi, 1844)","Aves","Passeriformes","Tyrannidae","Serpophaga",6,"GBIF","eBird",2018,2024,3,FALSE,"Serpophaga cinerea","Least Concern","22699331","Preocupación Menor (LC)",FALSE
"Mollepata","Solanum brevicaule","Flora","Solanum coelestispetalum Vargas","Magnoliopsida","Solanales","Solanaceae","Solanum",6,"GBIF","Otros conjuntos mediados por GBIF",NA,NA,8,FALSE,"Solanum brevicaule","Least Concern","71779365","Preocupación Menor (LC)",FALSE
"Mollepata","Solanum luteoalbum","Flora","Solanum luteoalbum Pers.","Magnoliopsida","Solanales","Solanaceae","Solanum",6,"GBIF","Otros conjuntos mediados por GBIF",2004,2004,2,FALSE,"---","---",NA,"No Evaluada (NE)",FALSE
"Mollepata","Sorghastrum stipoides","Flora","Sorghastrum stipoides (Kunth) Nash","Liliopsida","Poales","Poaceae","Sorghastrum",6,"GBIF","Otros conjuntos mediados por GBIF",2004,2004,1,TRUE,"Sorghastrum stipoides","Least Concern","136661279","Preocupación Menor (LC)",FALSE
"Mollepata","Tangara vassorii","Fauna","Tangara vassorii (Boissonneau, 1840)","Aves","Passeriformes","Thraupidae","Tangara",6,"GBIF","eBird",2022,2023,1,TRUE,"Tangara vassorii","Least Concern","103849068","Preocupación Menor (LC)",FALSE
"Mollepata","Taraxacum officinale","Flora","Taraxacum officinale Weber ex F.H.Wigg.","Magnoliopsida","Asterales","Asteraceae","Taraxacum",6,"GBIF / iNaturalist","iNaturalist / Otros conjuntos mediados por GBIF",2013,2025,3,FALSE,"---","---",NA,"No Evaluada (NE)",FALSE
"Mollepata","Troglodytes aedon","Fauna","Troglodytes aedon Vieillot, 1809","Aves","Passeriformes","Troglodytidae","Troglodytes",6,"GBIF","Xeno-canto",2019,2019,2,FALSE,"Troglodytes aedon","Least Concern","103886826","Preocupación Menor (LC)",FALSE
"Mollepata","Tropaeolum crenatiflorum","Flora","Tropaeolum crenatiflorum Hook.","Magnoliopsida","Brassicales","Tropaeolaceae","Tropaeolum",6,"GBIF","Otros conjuntos mediados por GBIF",2004,2004,1,TRUE,"---","---",NA,"No Evaluada (NE)",FALSE
"Mollepata","Tyto furcata","Fauna","Tyto furcata (Temminck, 1827)","Aves","Strigiformes","Tytonidae","Tyto",6,"GBIF","eBird",2017,2019,3,FALSE,"---","---",NA,"No Evaluada (NE)",FALSE
"Mollepata","Veniliornis nigriceps","Fauna","Dryobates nigriceps (d'Orbigny, 1841)","Aves","Piciformes","Picidae","Veniliornis",6,"GBIF","eBird",2013,2024,2,FALSE,"Veniliornis nigriceps","Least Concern","22681190","Preocupación Menor (LC)",FALSE
"Mollepata","Zanthoxylum lepidopteriphilum","Flora","Zanthoxylum lepidopteriphilum Reynel","Magnoliopsida","Sapindales","Rutaceae","Zanthoxylum",6,"GBIF","Otros conjuntos mediados por GBIF",2004,2004,1,TRUE,"---","---",NA,"No Evaluada (NE)",FALSE
"Mollepata","Aeronautes montivagus","Fauna","Aeronautes montivagus (d'Orbigny & Lafresnaye, 1837)","Aves","Apodiformes","Apodidae","Aeronautes",5,"GBIF","eBird",2009,2022,4,FALSE,"Aeronautes montivagus","Least Concern","22686736","Preocupación Menor (LC)",FALSE
"Mollepata","Alternanthera pubiflora","Flora","Alternanthera pubiflora (Benth.) Kuntze","Magnoliopsida","Caryophyllales","Amaranthaceae","Alternanthera",5,"GBIF","Otros conjuntos mediados por GBIF",2003,2003,1,TRUE,"---","---",NA,"No Evaluada (NE)",FALSE
"Mollepata","Asplenium harpeodes","Flora","Asplenium harpeodes Kunze","Polypodiopsida","Polypodiales","Aspleniaceae","Asplenium",5,"GBIF","Otros conjuntos mediados por GBIF",2004,2004,1,TRUE,"---","---",NA,"No Evaluada (NE)",FALSE
"Mollepata","Asplenium squamosum","Flora","Asplenium squamosum L.","Polypodiopsida","Polypodiales","Aspleniaceae","Asplenium",5,"GBIF","Otros conjuntos mediados por GBIF",2004,2004,1,TRUE,"---","---",NA,"No Evaluada (NE)",FALSE
"Mollepata","Astragalus uniflorus","Flora","Astragalus uniflorus DC.","Magnoliopsida","Fabales","Fabaceae","Astragalus",5,"GBIF","Otros conjuntos mediados por GBIF",2012,2012,1,TRUE,"---","---",NA,"No Evaluada (NE)",FALSE
"Mollepata","Bidens andicola","Flora","Bidens andicola Kunth","Magnoliopsida","Asterales","Asteraceae","Bidens",5,"GBIF / iNaturalist","iNaturalist / Otros conjuntos mediados por GBIF",2012,2025,3,FALSE,"---","---",NA,"No Evaluada (NE)",FALSE
"Mollepata","Bromus lanatus","Flora","Bromus lanatus Kunth","Liliopsida","Poales","Poaceae","Bromus",5,"GBIF","Otros conjuntos mediados por GBIF",2012,2012,1,TRUE,"---","---",NA,"No Evaluada (NE)",FALSE
"Mollepata","Calceolaria engleriana","Flora","Calceolaria engleriana subsp. engleriana","Magnoliopsida","Lamiales","Calceolariaceae","Calceolaria",5,"GBIF / iNaturalist","iNaturalist / Otros conjuntos mediados por GBIF",2007,2014,1,TRUE,"---","---",NA,"No Evaluada (NE)",FALSE
"Mollepata","Cedrela montana","Flora","Cedrela montana Moritz ex Turcz.","Magnoliopsida","Sapindales","Meliaceae","Cedrela",5,"GBIF","Otros conjuntos mediados por GBIF",2002,2002,1,TRUE,"Cedrela montana","Vulnerable","171987166","Vulnerable (VU)",TRUE
"Mollepata","Cerastium glomeratum","Flora","Cerastium glomeratum Thuill.","Magnoliopsida","Caryophyllales","Caryophyllaceae","Cerastium",5,"GBIF","Otros conjuntos mediados por GBIF",2012,2013,1,TRUE,"---","---",NA,"No Evaluada (NE)",FALSE
"Mollepata","Ceroxylon pityrophyllum","Flora","Ceroxylon pityrophyllum (Mart.) Mart. ex H.Wendl.","Liliopsida","Arecales","Arecaceae","Ceroxylon",5,"GBIF","Otros conjuntos mediados por GBIF",2004,2004,1,TRUE,"Ceroxylon pityrophyllum","Least Concern","236306525","Preocupación Menor (LC)",FALSE
"Mollepata","Cervantesia tomentosa","Flora","Cervantesia tomentosa Ruiz & Pav.","Magnoliopsida","Santalales","Cervantesiaceae","Cervantesia",5,"GBIF / iNaturalist","iNaturalist / Otros conjuntos mediados por GBIF",2004,2022,1,TRUE,"Cervantesia tomentosa","Least Concern","42533079","Preocupación Menor (LC)",FALSE
"Mollepata","Chloris virgata","Flora","Chloris virgata Sw.","Liliopsida","Poales","Poaceae","Chloris",5,"GBIF","Otros conjuntos mediados por GBIF",NA,NA,2,FALSE,"---","---",NA,"No Evaluada (NE)",FALSE
"Mollepata","Chrysanthellum indicum","Flora","Chrysanthellum indicum subsp. afroamericanum B.L.Turner","Magnoliopsida","Asterales","Asteraceae","Chrysanthellum",5,"GBIF","Otros conjuntos mediados por GBIF",2003,2003,1,TRUE,"---","---",NA,"No Evaluada (NE)",FALSE
"Mollepata","Cistothorus platensis","Fauna","Cistothorus platensis (Latham, 1790)","Aves","Passeriformes","Troglodytidae","Cistothorus",5,"GBIF","eBird",2021,2024,1,TRUE,"Cistothorus platensis","Least Concern","103886997","Preocupación Menor (LC)",FALSE
"Mollepata","Coeligena coeligena","Fauna","Coeligena coeligena (R.Lesson, 1833)","Aves","Apodiformes","Trochilidae","Coeligena",5,"GBIF","eBird",2017,2023,1,TRUE,"Coeligena coeligena","Least Concern","22687807","Preocupación Menor (LC)",FALSE
"Mollepata","Cyrtochilum aureum","Flora","Cyrtochilum aureum","Liliopsida","Asparagales","Orchidaceae","Cyrtochilum",5,"iNaturalist","iNaturalist",2013,2024,1,TRUE,"---","---",NA,"No Evaluada (NE)",FALSE
"Mollepata","Delostoma integrifolium","Flora","Delostoma integrifolium D.Don","Magnoliopsida","Lamiales","Bignoniaceae","Delostoma",5,"GBIF / iNaturalist","iNaturalist / Otros conjuntos mediados por GBIF",2004,2005,1,TRUE,"Delostoma integrifolium","Least Concern","194012430","Preocupación Menor (LC)",FALSE
"Mollepata","Dione vanillae","Fauna","Dione vanillae","Insecta","Lepidoptera","Nymphalidae","Dione",5,"iNaturalist","iNaturalist",2019,2023,2,FALSE,"---","---",NA,"No Evaluada (NE)",FALSE
"Mollepata","Duranta mutisii","Flora","Duranta mutisii L.f.","Magnoliopsida","Lamiales","Verbenaceae","Duranta",5,"GBIF","Otros conjuntos mediados por GBIF",2004,2004,1,TRUE,"Duranta mutisii","Least Concern","189174038","Preocupación Menor (LC)",FALSE
"Mollepata","Euphonia cyanocephala","Fauna","Chlorophonia cyanocephala (Vieillot, 1819)","Aves","Passeriformes","Fringillidae","Euphonia",5,"GBIF","eBird",2008,2021,1,TRUE,"Euphonia cyanocephala","Least Concern","22722741","Preocupación Menor (LC)",FALSE
"Mollepata","Galium hypocarpium","Flora","Galium hypocarpium (L.) Endl. ex Griseb.","Magnoliopsida","Gentianales","Rubiaceae","Galium",5,"GBIF / iNaturalist","iNaturalist / Otros conjuntos mediados por GBIF",2004,2025,1,TRUE,"---","---",NA,"No Evaluada (NE)",FALSE
"Mollepata","Genista monspessulana","Flora","Genista monspessulana","Magnoliopsida","Fabales","Fabaceae","Genista",5,"iNaturalist","iNaturalist",2014,2025,3,FALSE,"---","---",NA,"No Evaluada (NE)",FALSE
"Mollepata","Gentianella scarlatiflora","Flora","Gentianella scarlatiflora (Gilg) J.S.Pringle","Magnoliopsida","Gentianales","Gentianaceae","Gentianella",5,"GBIF","Otros conjuntos mediados por GBIF",2004,2013,1,TRUE,"---","---",NA,"No Evaluada (NE)",FALSE
"Mollepata","Gunnera magellanica","Flora","Gunnera magellanica Lam.","Magnoliopsida","Gunnerales","Gunneraceae","Gunnera",5,"GBIF / iNaturalist","iNaturalist / Otros conjuntos mediados por GBIF",2012,2014,1,TRUE,"---","---",NA,"No Evaluada (NE)",FALSE
"Mollepata","Haplospiza rustica","Fauna","Haplospiza rustica (Tschudi, 1844)","Aves","Passeriformes","Thraupidae","Haplospiza",5,"GBIF","eBird",2018,2024,1,TRUE,"---","---",NA,"No Evaluada (NE)",FALSE
"Mollepata","Hesperomeles ferruginea","Flora","Hesperomeles ferruginea","Magnoliopsida","Rosales","Rosaceae","Hesperomeles",5,"iNaturalist","iNaturalist",2014,2024,1,TRUE,"Hesperomeles ferruginea","Least Concern","194005381","Preocupación Menor (LC)",FALSE
"Mollepata","Hoffmannseggia viscosa","Flora","Hoffmannseggia viscosa (Ruiz & Pav.) Hook. & Arn.","Magnoliopsida","Fabales","Fabaceae","Hoffmannseggia",5,"GBIF","Otros conjuntos mediados por GBIF",2004,2004,1,TRUE,"---","---",NA,"No Evaluada (NE)",FALSE
"Mollepata","Hypanartia bella","Fauna","Hypanartia bella","Insecta","Lepidoptera","Nymphalidae","Hypanartia",5,"iNaturalist","iNaturalist",2019,2024,2,FALSE,"---","---",NA,"No Evaluada (NE)",FALSE
"Mollepata","Ipomoea dumetorum","Flora","Ipomoea dumetorum Willd. ex Roem. & Schult.","Magnoliopsida","Solanales","Convolvulaceae","Ipomoea",5,"GBIF","Otros conjuntos mediados por GBIF",2004,2004,2,FALSE,"---","---",NA,"No Evaluada (NE)",FALSE
"Mollepata","Lantana canescens","Flora","Lantana canescens Kunth","Magnoliopsida","Lamiales","Verbenaceae","Lantana",5,"GBIF","Otros conjuntos mediados por GBIF",NA,NA,1,TRUE,"---","---",NA,"No Evaluada (NE)",FALSE
"Mollepata","Melochia mollis","Flora","Melochia mollis (Kunth) Triana & Planch.","Magnoliopsida","Malvales","Malvaceae","Melochia",5,"GBIF","Otros conjuntos mediados por GBIF",2003,2003,1,TRUE,"---","---",NA,"No Evaluada (NE)",FALSE
"Mollepata","Muscisaxicola fluviatilis","Fauna","Syrtidicola fluviatilis (P.L.Sclater & Salvin, 1866)","Aves","Passeriformes","Tyrannidae","Muscisaxicola",5,"GBIF","eBird",2019,2023,3,FALSE,"Muscisaxicola fluviatilis","Least Concern","22700137","Preocupación Menor (LC)",FALSE
"Mollepata","Neobartsia flava","Flora","Bartsia flava subsp. minor Molau","Magnoliopsida","Lamiales","Orobanchaceae","Neobartsia",5,"GBIF","Otros conjuntos mediados por GBIF",2012,2013,1,TRUE,"---","---",NA,"No Evaluada (NE)",FALSE
"Mollepata","Nicotiana tomentosa","Flora","Nicotiana tomentosa Ruiz & Pav.","Magnoliopsida","Solanales","Solanaceae","Nicotiana",5,"GBIF / iNaturalist","iNaturalist / Otros conjuntos mediados por GBIF",2007,2023,3,FALSE,"Nicotiana tomentosa","Least Concern","146118663","Preocupación Menor (LC)",FALSE
"Mollepata","Nothura darwinii","Fauna","Nothura darwinii G.R.Gray, 1867","Aves","Tinamiformes","Tinamidae","Nothura",5,"GBIF","eBird",2017,2022,4,FALSE,"Nothura darwinii","Least Concern","22678271","Preocupación Menor (LC)",FALSE
"Mollepata","Onoseris gnaphalioides","Flora","Onoseris gnaphalioides Muschl.","Magnoliopsida","Asterales","Asteraceae","Onoseris",5,"GBIF / iNaturalist","iNaturalist / Otros conjuntos mediados por GBIF",2003,2022,1,TRUE,"---","---",NA,"No Evaluada (NE)",FALSE
"Mollepata","Paroaria gularis","Fauna","Paroaria gularis (Linnaeus, 1766)","Aves","Passeriformes","Thraupidae","Paroaria",5,"GBIF","eBird",2024,2024,1,TRUE,"Paroaria gularis","---","22736357_1","No Evaluada (NE)",FALSE
"Mollepata","Passiflora trifoliata","Flora","Passiflora trifoliata Cav.","Magnoliopsida","Malpighiales","Passifloraceae","Passiflora",5,"GBIF / iNaturalist","iNaturalist / Otros conjuntos mediados por GBIF",2004,2025,2,FALSE,"---","---",NA,"No Evaluada (NE)",FALSE
"Mollepata","Pecluma curvans","Flora","Pecluma curvans (Mett.) M.G.Price","Polypodiopsida","Polypodiales","Polypodiaceae","Pecluma",5,"GBIF","Otros conjuntos mediados por GBIF",2004,2004,2,FALSE,"---","---",NA,"No Evaluada (NE)",FALSE
"Mollepata","Peperomia hartwegiana","Flora","Peperomia hartwegiana Miq.","Magnoliopsida","Piperales","Piperaceae","Peperomia",5,"GBIF","Otros conjuntos mediados por GBIF",2004,2004,1,TRUE,"---","---",NA,"No Evaluada (NE)",FALSE
"Mollepata","Persea subcordata","Flora","Persea subcordata (Ruiz & Pav.) Nees","Magnoliopsida","Laurales","Lauraceae","Persea",5,"GBIF","Otros conjuntos mediados por GBIF",2004,2004,1,TRUE,"Persea subcordata","Least Concern","180470164","Preocupación Menor (LC)",FALSE
"Mollepata","Poa subspicata","Flora","Poa subspicata (J.Presl) Kunth","Liliopsida","Poales","Poaceae","Poa",5,"GBIF","Otros conjuntos mediados por GBIF",2012,2012,1,TRUE,"---","---",NA,"No Evaluada (NE)",FALSE
"Mollepata","Poissonia orbicularis","Flora","Coursetia orbicularis Benth.","Magnoliopsida","Fabales","Fabaceae","Poissonia",5,"GBIF","Otros conjuntos mediados por GBIF",2006,2006,3,FALSE,"---","---",NA,"No Evaluada (NE)",FALSE
"Mollepata","Polystichum orbiculatum","Flora","Polystichum orbiculatum (Desv.) J.Rémy & Fée","Polypodiopsida","Polypodiales","Dryopteridaceae","Polystichum",5,"GBIF / iNaturalist","iNaturalist / Otros conjuntos mediados por GBIF",2007,2018,1,TRUE,"---","---",NA,"No Evaluada (NE)",FALSE
"Mollepata","Prunus debilis","Flora","Prunus williamsii J.F.Macbr.","Magnoliopsida","Rosales","Rosaceae","Prunus",5,"GBIF","Otros conjuntos mediados por GBIF",2004,2004,1,TRUE,"Prunus debilis","Least Concern","135733328","Preocupación Menor (LC)",FALSE
"Mollepata","Ruagea hirsuta","Flora","Guarea hirsuta C.DC.","Magnoliopsida","Sapindales","Meliaceae","Ruagea",5,"GBIF","Otros conjuntos mediados por GBIF",2004,2004,1,TRUE,"Ruagea hirsuta","Least Concern","158425890","Preocupación Menor (LC)",FALSE
"Mollepata","Sapindus saponaria","Flora","Sapindus saponaria L.","Magnoliopsida","Sapindales","Sapindaceae","Sapindus",5,"GBIF","Otros conjuntos mediados por GBIF",NA,NA,1,TRUE,"Sapindus saponaria","Least Concern","156771087","Preocupación Menor (LC)",FALSE
"Mollepata","Solanum chmielewskii","Flora","Solanum chmielewskii (C.M.Rick, Kesicki, Fobes & M.Holle) D.M.Spooner, G.J.Anderson & R.K.Jansen","Magnoliopsida","Solanales","Solanaceae","Solanum",5,"GBIF","Otros conjuntos mediados por GBIF",2004,2004,2,FALSE,"Solanum chmielewskii","Endangered","71781267","En Peligro (EN)",TRUE
"Mollepata","Streptoprocne rutila","Fauna","Streptoprocne rutila (Vieillot, 1817)","Aves","Apodiformes","Apodidae","Streptoprocne",5,"GBIF","eBird",2014,2018,3,FALSE,"Streptoprocne rutila","Least Concern","22686424","Preocupación Menor (LC)",FALSE
"Mollepata","Tagetes multiflora","Flora","Tagetes multiflora","Magnoliopsida","Asterales","Asteraceae","Tagetes",5,"iNaturalist","iNaturalist",2019,2022,3,FALSE,"---","---",NA,"No Evaluada (NE)",FALSE
"Mollepata","Talinum paniculatum","Flora","Talinum paniculatum (Jacq.) Gaertn.","Magnoliopsida","Caryophyllales","Talinaceae","Talinum",5,"GBIF","Otros conjuntos mediados por GBIF",2003,2003,1,TRUE,"---","---",NA,"No Evaluada (NE)",FALSE
"Mollepata","Thlypopsis superciliaris","Fauna","Thlypopsis superciliaris (Lafresnaye, 1840)","Aves","Passeriformes","Thraupidae","Thlypopsis",5,"GBIF","eBird",2022,2024,1,TRUE,"Thlypopsis superciliaris","Least Concern","22722223","Preocupación Menor (LC)",FALSE
"Mollepata","Tillandsia denudata","Flora","Tillandsia denudata","Liliopsida","Poales","Bromeliaceae","Tillandsia",5,"iNaturalist","iNaturalist",2019,2026,1,TRUE,"---","---",NA,"No Evaluada (NE)",FALSE
"Mollepata","Tillandsia streptocarpa","Flora","Tillandsia streptocarpa Baker","Liliopsida","Poales","Bromeliaceae","Tillandsia",5,"GBIF / iNaturalist","iNaturalist / Otros conjuntos mediados por GBIF",2004,2025,2,FALSE,"---","---",NA,"No Evaluada (NE)",FALSE
"Mollepata","Tropaeolum fintelmannii","Flora","Tropaeolum fintelmannii Wagener ex Schltdl.","Magnoliopsida","Brassicales","Tropaeolaceae","Tropaeolum",5,"GBIF","Otros conjuntos mediados por GBIF",2004,2004,1,TRUE,"---","---",NA,"No Evaluada (NE)",FALSE
"Mollepata","Tyrannus melancholicus","Fauna","Tyrannus melancholicus Vieillot, 1819","Aves","Passeriformes","Tyrannidae","Tyrannus",5,"GBIF","eBird",2014,2022,4,FALSE,"Tyrannus melancholicus","Least Concern","22700485","Preocupación Menor (LC)",FALSE
"Mollepata","Varronia cylindristachya","Flora","Varronia cylindristachya Ruiz & Pav.","Magnoliopsida","Boraginales","Cordiaceae","Varronia",5,"GBIF","Otros conjuntos mediados por GBIF",2004,2004,1,TRUE,"---","---",NA,"No Evaluada (NE)",FALSE
"Mollepata","Zinnia peruviana","Flora","Zinnia peruviana (L.) L.","Magnoliopsida","Asterales","Asteraceae","Zinnia",5,"GBIF","Otros conjuntos mediados por GBIF",2003,2003,2,FALSE,"---","---",NA,"No Evaluada (NE)",FALSE
"Mollepata","Adiantum raddianum","Flora","Adiantum raddianum C.Presl","Polypodiopsida","Polypodiales","Pteridaceae","Adiantum",4,"GBIF","Otros conjuntos mediados por GBIF",2004,2004,2,FALSE,"---","---",NA,"No Evaluada (NE)",FALSE
"Mollepata","Amazona mercenaria","Fauna","Amazona mercenaria (Tschudi, 1844)","Aves","Psittaciformes","Psittacidae","Amazona",4,"GBIF","eBird",2015,2023,2,FALSE,"---","---",NA,"No Evaluada (NE)",FALSE
"Mollepata","Apis mellifera","Fauna","Apis mellifera","Insecta","Hymenoptera","Apidae","Apis",4,"iNaturalist","iNaturalist",2018,2024,4,FALSE,"---","---",NA,"No Evaluada (NE)",FALSE
"Mollepata","Apodanthera mandonii","Flora","Apodanthera mandonii Cogn.","Magnoliopsida","Cucurbitales","Cucurbitaceae","Apodanthera",4,"GBIF","Otros conjuntos mediados por GBIF",2002,2002,1,TRUE,"---","---",NA,"No Evaluada (NE)",FALSE
"Mollepata","Baccharis latifolia","Flora","Baccharis latifolia","Magnoliopsida","Asterales","Asteraceae","Baccharis",4,"iNaturalist","iNaturalist",2008,2024,5,FALSE,"Baccharis latifolia","Least Concern","42532611","Preocupación Menor (LC)",FALSE
"Mollepata","Bomarea involucrosa","Flora","Bomarea involucrosa (Herb.) Baker","Liliopsida","Liliales","Alstroemeriaceae","Bomarea",4,"GBIF / iNaturalist","iNaturalist / Otros conjuntos mediados por GBIF",2004,2014,2,FALSE,"---","---",NA,"No Evaluada (NE)",FALSE
"Mollepata","Bothriochloa barbinodis","Flora","Bothriochloa perforata (Trin. ex E.Fourn.) Herter","Liliopsida","Poales","Poaceae","Bothriochloa",4,"GBIF","Otros conjuntos mediados por GBIF",NA,NA,1,TRUE,"---","---",NA,"No Evaluada (NE)",FALSE
"Mollepata","Caiophora cirsiifolia","Flora","Caiophora cirsiifolia C.Presl","Magnoliopsida","Cornales","Loasaceae","Caiophora",4,"GBIF","Otros conjuntos mediados por GBIF",2007,2007,2,FALSE,"---","---",NA,"No Evaluada (NE)",FALSE
"Mollepata","Calceolaria chaetostemon","Flora","Calceolaria chaetostemon Pennell","Magnoliopsida","Lamiales","Calceolariaceae","Calceolaria",4,"GBIF / iNaturalist","iNaturalist / Otros conjuntos mediados por GBIF",2004,2023,1,TRUE,"---","---",NA,"No Evaluada (NE)",FALSE
"Mollepata","Campyloneurum asplundii","Flora","Campyloneurum asplundii (C.Chr.) Ching","Polypodiopsida","Polypodiales","Polypodiaceae","Campyloneurum",4,"GBIF","Otros conjuntos mediados por GBIF",2004,2004,1,TRUE,"---","---",NA,"No Evaluada (NE)",FALSE
"Mollepata","Cardamine bonariensis","Flora","Cardamine bonariensis Pers.","Magnoliopsida","Brassicales","Brassicaceae","Cardamine",4,"GBIF","Otros conjuntos mediados por GBIF",2012,2012,1,TRUE,"---","---",NA,"No Evaluada (NE)",FALSE
"Mollepata","Carex crinalis","Flora","Carex crinalis Boott","Liliopsida","Poales","Cyperaceae","Carex",4,"GBIF","Otros conjuntos mediados por GBIF",2012,2013,1,TRUE,"---","---",NA,"No Evaluada (NE)",FALSE
"Mollepata","Castilleja nubigena","Flora","Castilleja nubigena","Magnoliopsida","Lamiales","Orobanchaceae","Castilleja",4,"iNaturalist","iNaturalist",2026,2026,1,TRUE,"Castilleja nubigena","Least Concern","46158","Preocupación Menor (LC)",FALSE
"Mollepata","Castilleja pumila","Flora","Castilleja pumila (Benth.) Wedd.","Magnoliopsida","Lamiales","Orobanchaceae","Castilleja",4,"GBIF / iNaturalist","iNaturalist / Otros conjuntos mediados por GBIF",2012,2024,3,FALSE,"---","---",NA,"No Evaluada (NE)",FALSE
"Mollepata","Clematis haenkeana","Flora","Clematis haenkeana C.Presl","Magnoliopsida","Ranunculales","Ranunculaceae","Clematis",4,"GBIF","Otros conjuntos mediados por GBIF",2004,2004,2,FALSE,"---","---",NA,"No Evaluada (NE)",FALSE
"Mollepata","Conirostrum albifrons","Fauna","Conirostrum albifrons Lafresnaye, 1842","Aves","Passeriformes","Thraupidae","Conirostrum",4,"GBIF","eBird",2015,2023,1,TRUE,"Conirostrum albifrons","Least Concern","22722111","Preocupación Menor (LC)",FALSE
"Mollepata","Crypturellus obsoletus","Fauna","Crypturellus obsoletus (Temminck, 1815)","Aves","Tinamiformes","Tinamidae","Crypturellus",4,"GBIF","eBird",2017,2024,2,FALSE,"Crypturellus obsoletus","Least Concern","22678176","Preocupación Menor (LC)",FALSE
"Mollepata","Cyathostegia matthewsii","Flora","Cyathostegia matthewsii (Benth.) Schery","Magnoliopsida","Fabales","Fabaceae","Cyathostegia",4,"GBIF","Otros conjuntos mediados por GBIF",2004,2004,2,FALSE,"---","---",NA,"No Evaluada (NE)",FALSE
"Mollepata","Cyrtochilum retusum","Flora","Oncidium retusum (Lindl.) Beer","Liliopsida","Asparagales","Orchidaceae","Cyrtochilum",4,"GBIF","Otros conjuntos mediados por GBIF",2004,2004,1,TRUE,"---","---",NA,"No Evaluada (NE)",FALSE
"Mollepata","Deschampsia ovata","Flora","Deyeuxia ovata J.Presl","Liliopsida","Poales","Poaceae","Deschampsia",4,"GBIF","Otros conjuntos mediados por GBIF",2012,2012,1,TRUE,"---","---",NA,"No Evaluada (NE)",FALSE
"Mollepata","Ephedra rupestris","Flora","Ephedra rupestris","Gnetopsida","Ephedrales","Ephedraceae","Ephedra",4,"iNaturalist","iNaturalist",2023,2026,1,TRUE,"Ephedra rupestris","Least Concern","201681","Preocupación Menor (LC)",FALSE
"Mollepata","Epidendrum excisum","Flora","Epidendrum excisum Lindl.","Liliopsida","Asparagales","Orchidaceae","Epidendrum",4,"GBIF","Otros conjuntos mediados por GBIF",2004,2004,1,TRUE,"---","---",NA,"No Evaluada (NE)",FALSE
"Mollepata","Equisetum bogotense","Flora","Equisetum bogotense","Polypodiopsida","Equisetales","Equisetaceae","Equisetum",4,"iNaturalist","iNaturalist",2024,2026,3,FALSE,"---","---",NA,"No Evaluada (NE)",FALSE
"Mollepata","Escallonia resinosa","Flora","Escallonia resinosa (Ruiz & Pav.) Pers.","Magnoliopsida","Escalloniales","Escalloniaceae","Escallonia",4,"GBIF / iNaturalist","iNaturalist / Otros conjuntos mediados por GBIF",2004,2026,5,FALSE,"Escallonia resinosa","Near Threatened","42532740","Casi Amenazada (NT)",FALSE
"Mollepata","Fuchsia decussata","Flora","Fuchsia decussata Ruiz & Pav.","Magnoliopsida","Myrtales","Onagraceae","Fuchsia",4,"GBIF","Otros conjuntos mediados por GBIF",2004,2004,1,TRUE,"---","---",NA,"No Evaluada (NE)",FALSE
"Mollepata","Fulica ardesiaca","Fauna","Fulica ardesiaca Tschudi, 1843","Aves","Gruiformes","Rallidae","Fulica",4,"GBIF","eBird / Observation.org",1987,2014,8,FALSE,"Fulica ardesiaca","Least Concern","22692932","Preocupación Menor (LC)",FALSE
"Mollepata","Galianthe peruviana","Flora","Galianthe peruviana (Pers.) E.L.Cabral","Magnoliopsida","Gentianales","Rubiaceae","Galianthe",4,"GBIF","Otros conjuntos mediados por GBIF",2004,2004,1,TRUE,"---","---",NA,"No Evaluada (NE)",FALSE
"Mollepata","Gamochaeta americana","Flora","Gamochaeta americana (Mill.) Wedd.","Magnoliopsida","Asterales","Asteraceae","Gamochaeta",4,"GBIF","Otros conjuntos mediados por GBIF",2012,2012,1,TRUE,"---","---",NA,"No Evaluada (NE)",FALSE
"Mollepata","Gonolobus parviflorus","Flora","Gonolobus parviflorus Decne.","Magnoliopsida","Gentianales","Apocynaceae","Gonolobus",4,"GBIF","Otros conjuntos mediados por GBIF",2004,2004,2,FALSE,"---","---",NA,"No Evaluada (NE)",FALSE
"Mollepata","Hamadryas februa","Fauna","Hamadryas februa","Insecta","Lepidoptera","Nymphalidae","Hamadryas",4,"iNaturalist","iNaturalist",2015,2025,2,FALSE,"---","---",NA,"No Evaluada (NE)",FALSE
"Mollepata","Hesperoxiphion peruvianum","Flora","Hesperoxiphion peruvianum","Liliopsida","Asparagales","Iridaceae","Hesperoxiphion",4,"iNaturalist","iNaturalist",2018,2025,3,FALSE,"---","---",NA,"No Evaluada (NE)",FALSE
"Mollepata","Lessonia oreas","Fauna","Lessonia oreas (P.L.Sclater & Salvin, 1869)","Aves","Passeriformes","Tyrannidae","Lessonia",4,"GBIF","eBird",2011,2018,3,FALSE,"Lessonia oreas","Least Concern","22700213","Preocupación Menor (LC)",FALSE
"Mollepata","Mandevilla brachyloba","Flora","Mandevilla brachyloba (Müll.Arg.) Schum.","Magnoliopsida","Gentianales","Apocynaceae","Mandevilla",4,"GBIF","Otros conjuntos mediados por GBIF",2004,2004,2,FALSE,"---","---",NA,"No Evaluada (NE)",FALSE
"Mollepata","Mionectes striaticollis","Fauna","Mionectes striaticollis (Orbigny & Lafresnaye, 1837)","Aves","Passeriformes","Tyrannidae","Mionectes",4,"GBIF","eBird",2021,2022,1,TRUE,"Mionectes striaticollis","Least Concern","22698790","Preocupación Menor (LC)",FALSE
"Mollepata","Monnina herrerae","Flora","Monnina herrerae Ferreyra","Magnoliopsida","Fabales","Polygalaceae","Monnina",4,"GBIF","Otros conjuntos mediados por GBIF",2007,2007,1,TRUE,"---","---",NA,"No Evaluada (NE)",FALSE
"Mollepata","Mutisia venusta","Flora","Mutisia venusta S.F.Blake","Magnoliopsida","Asterales","Asteraceae","Mutisia",4,"GBIF","Otros conjuntos mediados por GBIF",2004,2004,1,TRUE,"---","---",NA,"No Evaluada (NE)",FALSE
"Mollepata","Myiothlypis chrysogaster","Fauna","Myiothlypis chrysogaster (Tschudi, 1844)","Aves","Passeriformes","Parulidae","Myiothlypis",4,"GBIF","eBird",2024,2024,1,TRUE,"Myiothlypis chrysogaster","Least Concern","103799796","Preocupación Menor (LC)",FALSE
"Mollepata","Nasa raimondii","Flora","Nasa raimondii (Standl. & F.A.Barkley) Weigend","Magnoliopsida","Cornales","Loasaceae","Nasa",4,"GBIF","Otros conjuntos mediados por GBIF",2004,2004,1,TRUE,"---","---",NA,"No Evaluada (NE)",FALSE
"Mollepata","Neobartsia elongata","Flora","Bartsia elongata Wedd.","Magnoliopsida","Lamiales","Orobanchaceae","Neobartsia",4,"GBIF","Otros conjuntos mediados por GBIF",2007,2007,1,TRUE,"---","---",NA,"No Evaluada (NE)",FALSE
"Mollepata","Ophryosporus peruvianus","Flora","Ophryosporus peruvianus (J.F.Gmel.) R.M.King & H.Rob.","Magnoliopsida","Asterales","Asteraceae","Ophryosporus",4,"GBIF","Otros conjuntos mediados por GBIF",NA,NA,2,FALSE,"---","---",NA,"No Evaluada (NE)",FALSE
"Mollepata","Oxyura ferruginea","Fauna","Oxyura jamaicensis ferruginea (Eyton, 1838)","Aves","Anseriformes","Anatidae","Oxyura",4,"GBIF / iNaturalist","eBird / iNaturalist / Observation.org",2014,2023,4,FALSE,"Oxyura ferruginea","Least Concern","22727757","Preocupación Menor (LC)",FALSE
"Mollepata","Phalaropus tricolor","Fauna","Phalaropus tricolor (Vieillot, 1819)","Aves","Charadriiformes","Scolopacidae","Phalaropus",4,"GBIF","eBird",2011,2015,3,FALSE,"---","---",NA,"No Evaluada (NE)",FALSE
"Mollepata","Phaseolus augusti","Flora","Phaseolus augusti Harms","Magnoliopsida","Fabales","Fabaceae","Phaseolus",4,"GBIF","Otros conjuntos mediados por GBIF",1988,2004,3,FALSE,"---","---",NA,"No Evaluada (NE)",FALSE
"Mollepata","Phlegmariurus crassus","Flora","Phlegmariurus crassus (Humb. & Bonpl. ex Willd.) B.Øllg.","Lycopodiopsida","Lycopodiales","Lycopodiaceae","Phlegmariurus",4,"GBIF / iNaturalist","iNaturalist / Otros conjuntos mediados por GBIF",2013,2025,3,FALSE,"---","---",NA,"No Evaluada (NE)",FALSE
"Mollepata","Pilea dauciodora","Flora","Pilea dauciodora (Ruiz & Pav.) Wedd.","Magnoliopsida","Rosales","Urticaceae","Pilea",4,"GBIF","Otros conjuntos mediados por GBIF",2004,2004,1,TRUE,"---","---",NA,"No Evaluada (NE)",FALSE
"Mollepata","Plantago rigida","Flora","Plantago rigida","Magnoliopsida","Lamiales","Plantaginaceae","Plantago",4,"iNaturalist","iNaturalist",2014,2025,2,FALSE,"Plantago rigida","Least Concern","133319030","Preocupación Menor (LC)",FALSE
"Mollepata","Polistes xanthogaster","Fauna","Polistes xanthogaster","Insecta","Hymenoptera","Eumenidae","Polistes",4,"iNaturalist","iNaturalist",2023,2025,2,FALSE,"---","---",NA,"No Evaluada (NE)",FALSE
"Mollepata","Raphanus sativus","Flora","Raphanus sativus L.","Magnoliopsida","Brassicales","Brassicaceae","Raphanus",4,"GBIF","Otros conjuntos mediados por GBIF",2007,2007,1,TRUE,"---","---",NA,"No Evaluada (NE)",FALSE
"Mollepata","Ribes cuneifolium","Flora","Ribes cuneifolium Ruiz & Pav.","Magnoliopsida","Saxifragales","Grossulariaceae","Ribes",4,"GBIF / iNaturalist","iNaturalist / Otros conjuntos mediados por GBIF",2013,2024,3,FALSE,"---","---",NA,"No Evaluada (NE)",FALSE
"Mollepata","Salvia dombeyi","Flora","Salvia dombeyi","Magnoliopsida","Lamiales","Lamiaceae","Salvia",4,"iNaturalist","iNaturalist",2022,2026,2,FALSE,"---","---",NA,"No Evaluada (NE)",FALSE
"Mollepata","Schizoeaca helleri","Fauna","Asthenes helleri (Chapman, 1923)","Aves","Passeriformes","Furnariidae","Schizoeaca",4,"GBIF","eBird",2018,2024,2,FALSE,"---","---",NA,"No Evaluada (NE)",FALSE
"Mollepata","Schizoeaca vilcabambae","Fauna","Asthenes vilcabambae (Vaurie, Weske & Terborgh, 1972)","Aves","Passeriformes","Furnariidae","Schizoeaca",4,"GBIF","eBird",2024,2024,1,TRUE,"---","---",NA,"No Evaluada (NE)",FALSE
"Mollepata","Senegalia ebingeri","Flora","Senegalia ebingeri Seigler","Magnoliopsida","Fabales","Fabaceae","Senegalia",4,"GBIF","Otros conjuntos mediados por GBIF",2003,2003,2,FALSE,"---","---",NA,"No Evaluada (NE)",FALSE
"Mollepata","Serpocaulon subandinum","Flora","Serpocaulon subandinum (Sodiro) A.R.Sm.","Polypodiopsida","Polypodiales","Polypodiaceae","Serpocaulon",4,"GBIF","Otros conjuntos mediados por GBIF",2004,2004,1,TRUE,"---","---",NA,"No Evaluada (NE)",FALSE
"Mollepata","Sessea stipulata","Flora","Sessea stipulata Ruiz & Pav.","Magnoliopsida","Solanales","Solanaceae","Sessea",4,"GBIF / iNaturalist","iNaturalist / Otros conjuntos mediados por GBIF",2004,2005,2,FALSE,"---","---",NA,"No Evaluada (NE)",FALSE
"Mollepata","Solanum cochabambense","Flora","Solanum cochabambense Bitter","Magnoliopsida","Solanales","Solanaceae","Solanum",4,"GBIF","Otros conjuntos mediados por GBIF",2004,2004,1,TRUE,"---","---",NA,"No Evaluada (NE)",FALSE
"Mollepata","Solanum lycopersicum","Flora","Solanum lycopersicum L.","Magnoliopsida","Solanales","Solanaceae","Solanum",4,"GBIF","Otros conjuntos mediados por GBIF",NA,NA,2,FALSE,"---","---",NA,"No Evaluada (NE)",FALSE
"Mollepata","Solanum neorickii","Flora","Solanum neorickii D.M.Spooner, G.J.Anderson & R.K.Jansen","Magnoliopsida","Solanales","Solanaceae","Solanum",4,"GBIF","Otros conjuntos mediados por GBIF",2006,2006,2,FALSE,"Solanum neorickii","Least Concern","71782550","Preocupación Menor (LC)",FALSE
"Mollepata","Spartium junceum","Flora","Spartium junceum","Magnoliopsida","Fabales","Fabaceae","Spartium",4,"iNaturalist","iNaturalist",2014,2024,3,FALSE,"---","---",NA,"No Evaluada (NE)",FALSE
"Mollepata","Spatula cyanoptera","Fauna","Spatula cyanoptera (Vieillot, 1816)","Aves","Anseriformes","Anatidae","Spatula",4,"GBIF","eBird",2014,2024,7,FALSE,"Spatula cyanoptera","Least Concern","22680233","Preocupación Menor (LC)",FALSE
"Mollepata","Spatula puna","Fauna","Spatula puna (Tschudi, 1844)","Aves","Anseriformes","Anatidae","Spatula",4,"GBIF","eBird",2013,2022,6,FALSE,"Spatula puna","Least Concern","22680326","Preocupación Menor (LC)",FALSE
"Mollepata","Spizaetus isidori","Fauna","Spizaetus isidori (Des Murs, 1845)","Aves","Accipitriformes","Accipitridae","Spizaetus",4,"GBIF","eBird",2018,2020,1,TRUE,"Spizaetus isidori","Endangered","22696207","En Peligro (EN)",TRUE
"Mollepata","Stachys herrerae","Flora","Stachys herrerae Epling","Magnoliopsida","Lamiales","Lamiaceae","Stachys",4,"GBIF","Otros conjuntos mediados por GBIF",2004,2004,1,TRUE,"---","---",NA,"No Evaluada (NE)",FALSE
"Mollepata","Tarasa thyrsoidea","Flora","Tarasa thyrsoidea Krapov.","Magnoliopsida","Malvales","Malvaceae","Tarasa",4,"GBIF","Otros conjuntos mediados por GBIF",2004,2004,1,TRUE,"---","---",NA,"No Evaluada (NE)",FALSE
"Mollepata","Tecoma fulva","Flora","Tecoma fulva subsp. altoandina J.R.I.Wood","Magnoliopsida","Lamiales","Bignoniaceae","Tecoma",4,"GBIF / iNaturalist","iNaturalist / Otros conjuntos mediados por GBIF",2005,2022,2,FALSE,"Tecoma fulva","Least Concern","243324058","Preocupación Menor (LC)",FALSE
"Mollepata","Trifolium repens","Flora","Trifolium repens","Magnoliopsida","Fabales","Fabaceae","Trifolium",4,"iNaturalist","iNaturalist",2014,2026,4,FALSE,"---","---",NA,"No Evaluada (NE)",FALSE
"Mollepata","Trogon personatus","Fauna","Trogon personatus Gould, 1842","Aves","Trogoniformes","Trogonidae","Trogon",4,"GBIF","eBird",2014,2022,1,TRUE,"Trogon personatus","Least Concern","22682807","Preocupación Menor (LC)",FALSE
"Mollepata","Vanessa carye","Fauna","Vanessa carye","Insecta","Lepidoptera","Nymphalidae","Vanessa",4,"iNaturalist","iNaturalist",2021,2024,2,FALSE,"---","---",NA,"No Evaluada (NE)",FALSE
"Mollepata","Zentrygon frenata","Fauna","Zentrygon frenata (Tschudi, 1843)","Aves","Columbiformes","Columbidae","Zentrygon",4,"GBIF / iNaturalist","eBird / iNaturalist",2016,2025,1,TRUE,"Zentrygon frenata","Least Concern","22690950","Preocupación Menor (LC)",FALSE
"Mollepata","Achyrocline alata","Flora","Achyrocline alata (Kunth) DC.","Magnoliopsida","Asterales","Asteraceae","Achyrocline",3,"GBIF","Otros conjuntos mediados por GBIF",2004,2004,2,FALSE,"---","---",NA,"No Evaluada (NE)",FALSE
"Mollepata","Agriornis andicola","Fauna","Agriornis albicauda (Philippi & Landbeck, 1863)","Aves","Passeriformes","Tyrannidae","Agriornis",3,"GBIF","eBird",2018,2024,4,FALSE,"---","---",NA,"No Evaluada (NE)",FALSE
"Mollepata","Aldama helianthoides","Flora","Rhysolepis helianthoides (Rich.) A.J.Moore & H.Rob.","Magnoliopsida","Asterales","Asteraceae","Aldama",3,"GBIF / iNaturalist","iNaturalist / Otros conjuntos mediados por GBIF",2005,2019,2,FALSE,"---","---",NA,"No Evaluada (NE)",FALSE
"Mollepata","Andigena hypoglauca","Fauna","Andigena hypoglauca (Gould, 1833)","Aves","Piciformes","Ramphastidae","Andigena",3,"GBIF","eBird",2018,2024,1,TRUE,"Andigena hypoglauca","Least Concern","22682055","Preocupación Menor (LC)",FALSE
"Mollepata","Aralia soratensis","Flora","Aralia soratensis Marchal","Magnoliopsida","Apiales","Araliaceae","Aralia",3,"GBIF","Otros conjuntos mediados por GBIF",NA,NA,2,FALSE,"Aralia soratensis","Least Concern","243325020","Preocupación Menor (LC)",FALSE
"Mollepata","Atlapetes tricolor","Fauna","Atlapetes tricolor (Taczanowski, 1875)","Aves","Passeriformes","Passerellidae","Atlapetes",3,"GBIF","eBird",2018,2018,1,TRUE,"Atlapetes tricolor","Least Concern","103774148","Preocupación Menor (LC)",FALSE
"Mollepata","Berberis saxicola","Flora","Berberis saxicola Lechl.","Magnoliopsida","Ranunculales","Berberidaceae","Berberis",3,"GBIF","Otros conjuntos mediados por GBIF",2012,2012,1,TRUE,"---","---",NA,"No Evaluada (NE)",FALSE
"Mollepata","Blechnum appendiculatum","Flora","Blechnum appendiculatum Willd.","Polypodiopsida","Polypodiales","Blechnaceae","Blechnum",3,"GBIF","Otros conjuntos mediados por GBIF",2004,2004,1,TRUE,"---","---",NA,"No Evaluada (NE)",FALSE
"Mollepata","Boissonneaua matthewsii","Fauna","Boissonneaua matthewsii (Bourcier, 1847)","Aves","Apodiformes","Trochilidae","Boissonneaua",3,"GBIF","eBird",2019,2024,2,FALSE,"Boissonneaua matthewsii","Least Concern","22687871","Preocupación Menor (LC)",FALSE
"Mollepata","Bouteloua curtipendula","Flora","Bouteloua curtipendula (Michx.) Torr.","Liliopsida","Poales","Poaceae","Bouteloua",3,"GBIF","Otros conjuntos mediados por GBIF",NA,NA,1,TRUE,"---","---",NA,"No Evaluada (NE)",FALSE
"Mollepata","Buddleja montana","Flora","Buddleja montana Britton","Magnoliopsida","Lamiales","Scrophulariaceae","Buddleja",3,"GBIF","Otros conjuntos mediados por GBIF",2004,2004,2,FALSE,"---","---",NA,"No Evaluada (NE)",FALSE
"Mollepata","Calceolaria conocarpa","Flora","Calceolaria conocarpa Pennell","Magnoliopsida","Lamiales","Calceolariaceae","Calceolaria",3,"GBIF","Otros conjuntos mediados por GBIF",2004,2004,1,TRUE,"---","---",NA,"No Evaluada (NE)",FALSE
"Mollepata","Calceolaria tripartita","Flora","Calceolaria tripartita Ruiz & Pav.","Magnoliopsida","Lamiales","Calceolariaceae","Calceolaria",3,"GBIF","Otros conjuntos mediados por GBIF",2007,2007,2,FALSE,"---","---",NA,"No Evaluada (NE)",FALSE
"Mollepata","Cantua buxifolia","Flora","Cantua buxifolia","Magnoliopsida","Ericales","Polemoniaceae","Cantua",3,"iNaturalist","iNaturalist",2023,2025,5,FALSE,"Cantua buxifolia","Least Concern","146078128","Preocupación Menor (LC)",FALSE
"Mollepata","Capsella bursa-pastoris","Flora","Capsella bursa-pastoris (L.) Medik.","Magnoliopsida","Brassicales","Brassicaceae","Capsella",3,"GBIF / iNaturalist","iNaturalist / Otros conjuntos mediados por GBIF",2013,2022,1,TRUE,"---","---",NA,"No Evaluada (NE)",FALSE
"Mollepata","Carex meridensis","Flora","Carex meridensis (Steyerm.) J.R.Starr","Liliopsida","Poales","Cyperaceae","Carex",3,"GBIF","Otros conjuntos mediados por GBIF",2013,2013,1,TRUE,"---","---",NA,"No Evaluada (NE)",FALSE
"Mollepata","Carex pichinchensis","Flora","Carex pichinchensis Kunth","Liliopsida","Poales","Cyperaceae","Carex",3,"GBIF / iNaturalist","iNaturalist / Otros conjuntos mediados por GBIF",2012,2024,1,TRUE,"---","---",NA,"No Evaluada (NE)",FALSE
"Mollepata","Cavia tschudii","Fauna","Cavia tschudii","Mammalia","Rodentia","Caviidae","Cavia",3,"iNaturalist","iNaturalist",2014,2025,1,TRUE,"Cavia tschudii","Least Concern","4068","Preocupación Menor (LC)",FALSE
"Mollepata","Cerastium crassipes","Flora","Cerastium crassipes Bartl.","Magnoliopsida","Caryophyllales","Caryophyllaceae","Cerastium",3,"GBIF / iNaturalist","iNaturalist / Otros conjuntos mediados por GBIF",2012,2014,1,TRUE,"---","---",NA,"No Evaluada (NE)",FALSE
"Mollepata","Cerastium mollissimum","Flora","Cerastium mollissimum Poir.","Magnoliopsida","Caryophyllales","Caryophyllaceae","Cerastium",3,"GBIF","Otros conjuntos mediados por GBIF",2013,2013,1,TRUE,"---","---",NA,"No Evaluada (NE)",FALSE
"Mollepata","Chalcostigma ruficeps","Fauna","Chalcostigma ruficeps (Gould, 1846)","Aves","Apodiformes","Trochilidae","Chalcostigma",3,"GBIF","eBird",2009,2024,1,TRUE,"Chalcostigma ruficeps","Least Concern","22688024","Preocupación Menor (LC)",FALSE
"Mollepata","Chromolaena laevigata","Flora","Chromolaena laevigata (Lam.) R.M.King & H.Rob.","Magnoliopsida","Asterales","Asteraceae","Chromolaena",3,"GBIF","Otros conjuntos mediados por GBIF",2004,2004,2,FALSE,"---","---",NA,"No Evaluada (NE)",FALSE
"Mollepata","Cinnycerthia fulva","Fauna","Cinnycerthia fulva (P.L.Sclater, 1874)","Aves","Passeriformes","Troglodytidae","Cinnycerthia",3,"GBIF","eBird",2014,2022,1,TRUE,"Cinnycerthia fulva","Least Concern","22733810","Preocupación Menor (LC)",FALSE
"Mollepata","Circus cinereus","Fauna","Circus cinereus Vieillot, 1816","Aves","Accipitriformes","Accipitridae","Circus",3,"GBIF","eBird",2015,2023,5,FALSE,"Circus cinereus","Least Concern","22695393","Preocupación Menor (LC)",FALSE
"Mollepata","Contopus fumigatus","Fauna","Contopus fumigatus (Orbigny & Lafresnaye, 1837)","Aves","Passeriformes","Tyrannidae","Contopus",3,"GBIF","eBird",1987,2021,1,TRUE,"Contopus fumigatus","Least Concern","22699804","Preocupación Menor (LC)",FALSE
"Mollepata","Coriaria microphylla","Flora","Coriaria ruscifolia subsp. microphylla (Poir.) L.E.Skog","Magnoliopsida","Cucurbitales","Coriariaceae","Coriaria",3,"GBIF","Otros conjuntos mediados por GBIF",2004,2004,1,TRUE,"---","---",NA,"No Evaluada (NE)",FALSE
"Mollepata","Corryocactus erectus","Flora","Corryocactus erectus","Magnoliopsida","Caryophyllales","Cactaceae","Corryocactus",3,"iNaturalist","iNaturalist",2019,2024,3,FALSE,"Corryocactus erectus","Vulnerable","152189","Vulnerable (VU)",TRUE
"Mollepata","Cranioleuca marcapatae","Fauna","Cranioleuca marcapatae Zimmer, 1935","Aves","Passeriformes","Furnariidae","Cranioleuca",3,"GBIF","eBird",2014,2021,2,FALSE,"Cranioleuca marcapatae","Least Concern","103674421","Preocupación Menor (LC)",FALSE
"Mollepata","Danaus gilippus","Fauna","Danaus candidus Clark, 1941","Insecta","Lepidoptera","Nymphalidae","Danaus",3,"GBIF / iNaturalist","iNaturalist / Otros conjuntos mediados por GBIF",2004,2024,2,FALSE,"Danaus gilippus","Least Concern","160668","Preocupación Menor (LC)",FALSE
"Mollepata","Draba soratensis","Flora","Draba soratensis Wedd.","Magnoliopsida","Brassicales","Brassicaceae","Draba",3,"GBIF","Otros conjuntos mediados por GBIF",2007,2007,1,TRUE,"---","---",NA,"No Evaluada (NE)",FALSE
"Mollepata","Elaenia flavogaster","Fauna","Elaenia flavogaster (Thunberg, 1822)","Aves","Passeriformes","Tyrannidae","Elaenia",3,"GBIF","eBird",2022,2024,2,FALSE,"Elaenia flavogaster","Least Concern","22699262","Preocupación Menor (LC)",FALSE
"Mollepata","Elaphoglossum mathewsii","Flora","Elaphoglossum mathewsii (Fée) T.Moore","Polypodiopsida","Polypodiales","Dryopteridaceae","Elaphoglossum",3,"GBIF","Otros conjuntos mediados por GBIF",2007,2007,1,TRUE,"---","---",NA,"No Evaluada (NE)",FALSE
"Mollepata","Elaphoglossum vittarioides","Flora","Elaphoglossum vittarioides Mickel","Polypodiopsida","Polypodiales","Dryopteridaceae","Elaphoglossum",3,"GBIF","Otros conjuntos mediados por GBIF",2007,2007,1,TRUE,"---","---",NA,"No Evaluada (NE)",FALSE
"Mollepata","Erythrina falcata","Flora","Erythrina falcata","Magnoliopsida","Fabales","Fabaceae","Erythrina",3,"iNaturalist","iNaturalist",2014,2024,2,FALSE,"Erythrina falcata","Least Concern","153627277","Preocupación Menor (LC)",FALSE
"Mollepata","Euchroma giganteum","Fauna","Euchroma giganteum","Insecta","Coleoptera","Buprestidae","Euchroma",3,"iNaturalist","iNaturalist",2021,2026,1,TRUE,"---","---",NA,"No Evaluada (NE)",FALSE
"Mollepata","Galium weberbaueri","Flora","Galium weberbaueri K.Krause","Magnoliopsida","Gentianales","Rubiaceae","Galium",3,"GBIF","Otros conjuntos mediados por GBIF",2004,2004,1,TRUE,"---","---",NA,"No Evaluada (NE)",FALSE
"Mollepata","Gentianella dolichopoda","Flora","Gentianella dolichopoda","Magnoliopsida","Gentianales","Gentianaceae","Gentianella",3,"iNaturalist","iNaturalist",2025,2025,1,TRUE,"---","---",NA,"No Evaluada (NE)",FALSE
"Mollepata","Geositta tenuirostris","Fauna","Geositta tenuirostris (Lafresnaye, 1836)","Aves","Passeriformes","Furnariidae","Geositta",3,"GBIF","eBird",2014,2018,5,FALSE,"Geositta tenuirostris","Least Concern","22702009","Preocupación Menor (LC)",FALSE
"Mollepata","Goniopteris tristis","Flora","Thelypteris tristis (Kunze) R.M.Tryon","Polypodiopsida","Polypodiales","Thelypteridaceae","Goniopteris",3,"GBIF","Otros conjuntos mediados por GBIF",2004,2004,1,TRUE,"---","---",NA,"No Evaluada (NE)",FALSE
"Mollepata","Heliodoxa branickii","Fauna","Heliodoxa branickii (Taczanowski, 1874)","Aves","Apodiformes","Trochilidae","Heliodoxa",3,"GBIF","eBird",2024,2024,1,TRUE,"Heliodoxa branickii","Least Concern","22687725","Preocupación Menor (LC)",FALSE
"Mollepata","Hirundo rustica","Fauna","Hirundo rustica Linnaeus, 1758","Aves","Passeriformes","Hirundinidae","Hirundo",3,"GBIF","eBird",2014,2018,4,FALSE,"Hirundo rustica","Least Concern","22712252","Preocupación Menor (LC)",FALSE
"Mollepata","Idiopsar brachyurus","Fauna","Idiopsar brachyurus Cassin, 1867","Aves","Passeriformes","Thraupidae","Idiopsar",3,"GBIF","eBird",2017,2023,1,TRUE,"Idiopsar brachyurus","Least Concern","22723179","Preocupación Menor (LC)",FALSE
"Mollepata","Lachemilla pinnata","Flora","Lachemilla pinnata (Ruiz & Pav.) Rothm.","Magnoliopsida","Rosales","Rosaceae","Lachemilla",3,"GBIF","Otros conjuntos mediados por GBIF",2012,2012,1,TRUE,"---","---",NA,"No Evaluada (NE)",FALSE
"Mollepata","Leucopternis albicollis","Fauna","Pseudastur albicollis (Latham, 1790)","Aves","Accipitriformes","Accipitridae","Leucopternis",3,"GBIF","eBird",2011,2019,3,FALSE,"---","---",NA,"No Evaluada (NE)",FALSE
"Mollepata","Lycaste macrophylla","Flora","Lycaste macrophylla (Poepp. & Endl.) Lindl.","Liliopsida","Asparagales","Orchidaceae","Lycaste",3,"GBIF","Otros conjuntos mediados por GBIF",2004,2004,1,TRUE,"---","---",NA,"No Evaluada (NE)",FALSE
"Mollepata","Lysipomia laciniata","Flora","Lysipomia laciniata laciniata","Magnoliopsida","Asterales","Campanulaceae","Lysipomia",3,"iNaturalist","iNaturalist",2024,2025,2,FALSE,"---","---",NA,"No Evaluada (NE)",FALSE
"Mollepata","Mniodes kunthiana","Flora","Belloa kunthiana (DC.) Anderb. & S.E.Freire","Magnoliopsida","Asterales","Asteraceae","Mniodes",3,"GBIF","Otros conjuntos mediados por GBIF",2012,2013,1,TRUE,"---","---",NA,"No Evaluada (NE)",FALSE
"Mollepata","Muehlenbeckia volcanica","Flora","Muehlenbeckia volcanica (Benth.) Endl.","Magnoliopsida","Caryophyllales","Polygonaceae","Muehlenbeckia",3,"GBIF / iNaturalist","iNaturalist / Otros conjuntos mediados por GBIF",2012,2025,1,TRUE,"---","---",NA,"No Evaluada (NE)",FALSE
"Mollepata","Myadestes ralloides","Fauna","Myadestes ralloides (Orbigny, 1840)","Aves","Passeriformes","Turdidae","Myadestes",3,"GBIF","eBird",2016,2024,1,TRUE,"Myadestes ralloides","Least Concern","22708605","Preocupación Menor (LC)",FALSE
"Mollepata","Myiophobus fasciatus","Fauna","Myiophobus fasciatus (Statius Muller, 1776)","Aves","Passeriformes","Tyrannidae","Myiophobus",3,"GBIF","eBird",2018,2024,2,FALSE,"Myiophobus fasciatus","Least Concern","103682408","Preocupación Menor (LC)",FALSE
"Mollepata","Odontophorus balliviani","Fauna","Odontophorus balliviani Gould, 1846","Aves","Galliformes","Odontophoridae","Odontophorus",3,"GBIF","eBird",2022,2024,1,TRUE,"Odontophorus balliviani","Least Concern","22679693","Preocupación Menor (LC)",FALSE
"Mollepata","Orthosia retinaculata","Flora","Orthosia retinaculata (Schltr.) Liede & Meve","Magnoliopsida","Gentianales","Apocynaceae","Orthosia",3,"GBIF","Otros conjuntos mediados por GBIF",2002,2002,1,TRUE,"---","---",NA,"No Evaluada (NE)",FALSE
"Mollepata","Passiflora tripartita","Flora","Passiflora tripartita (Juss.) Poir.","Magnoliopsida","Malpighiales","Passifloraceae","Passiflora",3,"GBIF / iNaturalist","iNaturalist / Otros conjuntos mediados por GBIF",2002,2024,2,FALSE,"---","---",NA,"No Evaluada (NE)",FALSE
"Mollepata","Pecluma divaricata","Flora","Pecluma divaricata (E.Fourn.) Mickel & Beitel","Polypodiopsida","Polypodiales","Polypodiaceae","Pecluma",3,"GBIF","Otros conjuntos mediados por GBIF",2004,2004,1,TRUE,"---","---",NA,"No Evaluada (NE)",FALSE
"Mollepata","Peperomia galioides","Flora","Peperomia galioides Kunth","Magnoliopsida","Piperales","Piperaceae","Peperomia",3,"GBIF / iNaturalist","iNaturalist / Otros conjuntos mediados por GBIF",2004,2021,1,TRUE,"---","---",NA,"No Evaluada (NE)",FALSE
"Mollepata","Phlegmariurus phylicifolius","Flora","Huperzia phylicifolia (Desv. ex Poir.) Holub","Lycopodiopsida","Lycopodiales","Lycopodiaceae","Phlegmariurus",3,"GBIF","Otros conjuntos mediados por GBIF",2004,2004,1,TRUE,"---","---",NA,"No Evaluada (NE)",FALSE
"Mollepata","Pilea serpyllacea","Flora","Pilea serpyllacea","Magnoliopsida","Rosales","Urticaceae","Pilea",3,"iNaturalist","iNaturalist",2021,2024,1,TRUE,"---","---",NA,"No Evaluada (NE)",FALSE
"Mollepata","Polylepis rodolfovasquezii","Flora","Polylepis rodolfovasquezii L.Valenz. & Villalba","Magnoliopsida","Rosales","Rosaceae","Polylepis",3,"GBIF","Otros conjuntos mediados por GBIF",2012,2012,1,TRUE,"Polylepis rodolfo-vasquezii","Endangered","231842574","En Peligro (EN)",TRUE
"Mollepata","Pseudocolaptes boissonneautii","Fauna","Pseudocolaptes boissonneautii (Lafresnaye, 1840)","Aves","Passeriformes","Furnariidae","Pseudocolaptes",3,"GBIF","eBird",2018,2024,1,TRUE,"Pseudocolaptes boissonneauii","Least Concern","22702751","Preocupación Menor (LC)",FALSE
"Mollepata","Puya densiflora","Flora","Puya densiflora Harms","Liliopsida","Poales","Bromeliaceae","Puya",3,"GBIF","Otros conjuntos mediados por GBIF",2004,2004,1,TRUE,"---","---",NA,"No Evaluada (NE)",FALSE
"Mollepata","Randia armata","Flora","Randia armata (Sw.) DC.","Magnoliopsida","Gentianales","Rubiaceae","Randia",3,"GBIF","Otros conjuntos mediados por GBIF",2004,2004,1,TRUE,"Randia armata","Least Concern","150115885","Preocupación Menor (LC)",FALSE
"Mollepata","Rumex acetosella","Flora","Rumex acetosella","Magnoliopsida","Caryophyllales","Polygonaceae","Rumex",3,"iNaturalist","iNaturalist",2014,2024,1,TRUE,"---","---",NA,"No Evaluada (NE)",FALSE
"Mollepata","Sauroglossum aurantiacum","Flora","Sauroglossum aurantiacum","Liliopsida","Asparagales","Orchidaceae","Sauroglossum",3,"iNaturalist","iNaturalist",2015,2021,1,TRUE,"---","---",NA,"No Evaluada (NE)",FALSE
"Mollepata","Senecio praeruptorum","Flora","Senecio praeruptorum Sch.Bip.","Magnoliopsida","Asterales","Asteraceae","Senecio",3,"GBIF","Otros conjuntos mediados por GBIF",2012,2012,1,TRUE,"---","---",NA,"No Evaluada (NE)",FALSE
"Mollepata","Senecio rufescens","Flora","Senecio rufescens","Magnoliopsida","Asterales","Asteraceae","Senecio",3,"iNaturalist","iNaturalist",2024,2026,1,TRUE,"---","---",NA,"No Evaluada (NE)",FALSE
"Mollepata","Siphocampylus corynoides","Flora","Siphocampylus corynoides E.Wimm.","Magnoliopsida","Asterales","Campanulaceae","Siphocampylus",3,"GBIF","Otros conjuntos mediados por GBIF",2007,2007,2,FALSE,"---","---",NA,"No Evaluada (NE)",FALSE
"Mollepata","Sobralia dichotoma","Flora","Sobralia dichotoma","Liliopsida","Asparagales","Orchidaceae","Sobralia",3,"iNaturalist","iNaturalist",2023,2024,1,TRUE,"---","---",NA,"No Evaluada (NE)",FALSE
"Mollepata","Solanum caripense","Flora","Solanum caripense Humb. & Bonpl. ex Dunal","Magnoliopsida","Solanales","Solanaceae","Solanum",3,"GBIF","Otros conjuntos mediados por GBIF",2002,2002,2,FALSE,"---","---",NA,"No Evaluada (NE)",FALSE
"Mollepata","Solanum violaceimarmoratum","Flora","Solanum violaceimarmoratum Bitter","Magnoliopsida","Solanales","Solanaceae","Solanum",3,"GBIF","Otros conjuntos mediados por GBIF",NA,NA,2,FALSE,"Solanum violaceimarmoratum","Least Concern","62758625","Preocupación Menor (LC)",FALSE
"Mollepata","Stellaria media","Flora","Stellaria media (L.) Vill.","Magnoliopsida","Caryophyllales","Caryophyllaceae","Stellaria",3,"GBIF / iNaturalist","iNaturalist / Otros conjuntos mediados por GBIF",2012,2025,1,TRUE,"---","---",NA,"No Evaluada (NE)",FALSE
"Mollepata","Tephrosia cinerea","Flora","Tephrosia cinerea (L.) Pers.","Magnoliopsida","Fabales","Fabaceae","Tephrosia",3,"GBIF","Otros conjuntos mediados por GBIF",2004,2006,1,TRUE,"Tephrosia cinerea","Least Concern","218731967","Preocupación Menor (LC)",FALSE
"Mollepata","Tillandsia minutiflora","Flora","Tillandsia minutiflora Donadio","Liliopsida","Poales","Bromeliaceae","Tillandsia",3,"GBIF / iNaturalist","iNaturalist / Otros conjuntos mediados por GBIF",2006,2023,1,TRUE,"---","---",NA,"No Evaluada (NE)",FALSE
"Mollepata","Tradescantia praetermissa","Flora","Tradescantia praetermissa M.Pell.","Liliopsida","Commelinales","Commelinaceae","Tradescantia",3,"GBIF","Otros conjuntos mediados por GBIF",2004,2004,1,TRUE,"---","---",NA,"No Evaluada (NE)",FALSE
"Mollepata","Tragus berteronianus","Flora","Tragus berteronianus Schult.","Liliopsida","Poales","Poaceae","Tragus",3,"GBIF","Otros conjuntos mediados por GBIF",NA,NA,1,TRUE,"---","---",NA,"No Evaluada (NE)",FALSE
"Mollepata","Trichoceros antennifer","Flora","Trichoceros antennifer (Bonpl.) Kunth","Liliopsida","Asparagales","Orchidaceae","Trichoceros",3,"GBIF / iNaturalist","iNaturalist / Otros conjuntos mediados por GBIF",2004,2022,1,TRUE,"---","---",NA,"No Evaluada (NE)",FALSE
"Mollepata","Tropaeolum peregrinum","Flora","Tropaeolum peregrinum L.","Magnoliopsida","Brassicales","Tropaeolaceae","Tropaeolum",3,"GBIF","Otros conjuntos mediados por GBIF",2004,2004,3,FALSE,"---","---",NA,"No Evaluada (NE)",FALSE
"Mollepata","Urtica magellanica","Flora","Urtica magellanica A.Juss. ex Poir.","Magnoliopsida","Rosales","Urticaceae","Urtica",3,"GBIF","Otros conjuntos mediados por GBIF",2012,2012,1,TRUE,"---","---",NA,"No Evaluada (NE)",FALSE
"Mollepata","Valeriana vilcabambensis","Flora","Valeriana vilcabambensis Sylvester & Barrie","Magnoliopsida","Dipsacales","Caprifoliaceae","Valeriana",3,"GBIF","Otros conjuntos mediados por GBIF",2012,2012,1,TRUE,"---","---",NA,"No Evaluada (NE)",FALSE
"Mollepata","Vallea ecuadorensis","Flora","Vallea ecuadorensis J.Jaram.","Magnoliopsida","Oxalidales","Elaeocarpaceae","Vallea",3,"GBIF / iNaturalist","iNaturalist / Otros conjuntos mediados por GBIF",2004,2023,1,TRUE,"Vallea ecuadorensis","Least Concern","45167","Preocupación Menor (LC)",FALSE
"Mollepata","Vasconcellea quercifolia","Flora","Carica quercifolia (A.St.-Hil.) Hieron.","Magnoliopsida","Brassicales","Caricaceae","Vasconcellea",3,"GBIF / iNaturalist","iNaturalist / Otros conjuntos mediados por GBIF",2021,2021,1,TRUE,"---","---",NA,"No Evaluada (NE)",FALSE
"Mollepata","Veronica persica","Flora","Veronica persica","Magnoliopsida","Lamiales","Plantaginaceae","Veronica",3,"iNaturalist","iNaturalist",2023,2025,2,FALSE,"---","---",NA,"No Evaluada (NE)",FALSE
"Mollepata","Acaena elongata","Flora","Acaena elongata","Magnoliopsida","Rosales","Rosaceae","Acaena",2,"iNaturalist","iNaturalist",2024,2026,1,TRUE,"---","---",NA,"No Evaluada (NE)",FALSE
"Mollepata","Achyrocline satureioides","Flora","Achyrocline saturejoides","Magnoliopsida","Asterales","Asteraceae","Achyrocline",2,"iNaturalist","iNaturalist",2014,2026,1,TRUE,"---","---",NA,"No Evaluada (NE)",FALSE
"Mollepata","Actitis macularius","Fauna","Actitis macularius (Linnaeus, 1766)","Aves","Charadriiformes","Scolopacidae","Actitis",2,"GBIF","eBird",2017,2020,4,FALSE,"Actitis macularius","Least Concern","22693277","Preocupación Menor (LC)",FALSE
"Mollepata","Ageratina pentlandiana","Flora","Ageratina pentlandiana","Magnoliopsida","Asterales","Asteraceae","Ageratina",2,"iNaturalist","iNaturalist",2022,2023,1,TRUE,"---","---",NA,"No Evaluada (NE)",FALSE
"Mollepata","Alnus acuminata","Flora","Alnus acuminata","Magnoliopsida","Fagales","Betulaceae","Alnus",2,"iNaturalist","iNaturalist",2014,2014,3,FALSE,"Alnus acuminata","Least Concern","32025","Preocupación Menor (LC)",FALSE
"Mollepata","Alonsoa meridionalis","Flora","Alonsoa meridionalis","Magnoliopsida","Lamiales","Scrophulariaceae","Alonsoa",2,"iNaturalist","iNaturalist",2022,2025,1,TRUE,"---","---",NA,"No Evaluada (NE)",FALSE
"Mollepata","Amblycercus holosericeus","Fauna","Amblycercus holosericeus (Deppe, 1830)","Aves","Passeriformes","Icteridae","Amblycercus",2,"GBIF","eBird",2017,2017,1,TRUE,"Amblycercus holosericeus","Least Concern","22724065","Preocupación Menor (LC)",FALSE
"Mollepata","Anas georgica","Fauna","Anas georgica J.F.Gmelin, 1789","Aves","Anseriformes","Anatidae","Anas",2,"GBIF","eBird",2014,2020,8,FALSE,"Anas georgica","Least Concern","22680310","Preocupación Menor (LC)",FALSE
"Mollepata","Anthurium paraguayense","Flora","Anthurium paraguayense Engl.","Liliopsida","Alismatales","Araceae","Anthurium",2,"GBIF","Otros conjuntos mediados por GBIF",2004,2004,1,TRUE,"---","---",NA,"No Evaluada (NE)",FALSE
"Mollepata","Anthus bogotensis","Fauna","Anthus bogotensis P.L.Sclater, 1855","Aves","Passeriformes","Motacillidae","Anthus",2,"GBIF","eBird",2023,2024,2,FALSE,"Anthus bogotensis","Least Concern","22718600","Preocupación Menor (LC)",FALSE
"Mollepata","Anthus brevirostris","Fauna","Anthus brevirostris Taczanowski, 1875","Aves","Passeriformes","Motacillidae","Anthus",2,"GBIF","eBird",2019,2020,3,FALSE,"Anthus brevirostris","Least Concern","232638555","Preocupación Menor (LC)",FALSE
"Mollepata","Ardea alba","Fauna","Ardea alba Linnaeus, 1758","Aves","Pelecaniformes","Ardeidae","Ardea",2,"GBIF","eBird",2014,2020,7,FALSE,"Ardea alba","Least Concern","22697043","Preocupación Menor (LC)",FALSE
"Mollepata","Arenaria soratensis","Flora","Arenaria soratensis","Magnoliopsida","Caryophyllales","Caryophyllaceae","Arenaria",2,"iNaturalist","iNaturalist",2021,2024,3,FALSE,"---","---",NA,"No Evaluada (NE)",FALSE
"Mollepata","Aristida adscensionis","Flora","Aristida adscensionis L.","Liliopsida","Poales","Poaceae","Aristida",2,"GBIF","Otros conjuntos mediados por GBIF",NA,NA,2,FALSE,"Aristida adscensionis","Least Concern","18917905","Preocupación Menor (LC)",FALSE
"Mollepata","Arremon brunneinucha","Fauna","Arremon brunneinucha (Lafresnaye, 1839)","Aves","Passeriformes","Passerellidae","Arremon",2,"GBIF","eBird",2021,2022,1,TRUE,"Arremon brunneinucha","Least Concern","22721519","Preocupación Menor (LC)",FALSE
"Mollepata","Asplenium monanthes","Flora","Asplenium monanthes L.","Polypodiopsida","Polypodiales","Aspleniaceae","Asplenium",2,"GBIF","Otros conjuntos mediados por GBIF",2004,2004,2,FALSE,"---","---",NA,"No Evaluada (NE)",FALSE
"Mollepata","Asthenes huancavelicae","Fauna","Asthenes huancavelicae usheri Morrison, 1947","Aves","Passeriformes","Furnariidae","Asthenes",2,"GBIF","Xeno-canto",2008,2008,2,FALSE,"Asthenes huancavelicae","Least Concern","103673286","Preocupación Menor (LC)",FALSE
"Mollepata","Baccharis saliens","Flora","Baccharis solomonii H.Rob.","Magnoliopsida","Asterales","Asteraceae","Baccharis",2,"GBIF","Otros conjuntos mediados por GBIF",2004,2004,2,FALSE,"---","---",NA,"No Evaluada (NE)",FALSE
"Mollepata","Barbaceniopsis vargasiana","Flora","Barbaceniopsis vargasiana","Liliopsida","Pandanales","Velloziaceae","Barbaceniopsis",2,"iNaturalist","iNaturalist",2021,2021,2,FALSE,"---","---",NA,"No Evaluada (NE)",FALSE
"Mollepata","Begonia octopetala","Flora","Begonia octopetala subsp. octopetala","Magnoliopsida","Cucurbitales","Begoniaceae","Begonia",2,"GBIF / iNaturalist","iNaturalist / Otros conjuntos mediados por GBIF",1950,2018,1,TRUE,"---","---",NA,"No Evaluada (NE)",FALSE
"Mollepata","Berberis lutea","Flora","Berberis lutea Ruiz & Pav.","Magnoliopsida","Ranunculales","Berberidaceae","Berberis",2,"GBIF","Otros conjuntos mediados por GBIF",2012,2013,1,TRUE,"Berberis lutea","Least Concern","177514834","Preocupación Menor (LC)",FALSE
"Mollepata","Bocconia integrifolia","Flora","Bocconia integrifolia Bonpl.","Magnoliopsida","Ranunculales","Papaveraceae","Bocconia",2,"GBIF","Otros conjuntos mediados por GBIF",2004,2004,1,TRUE,"---","---",NA,"No Evaluada (NE)",FALSE
"Mollepata","Bomarea crocea","Flora","Bomarea crocea","Liliopsida","Liliales","Alstroemeriaceae","Bomarea",2,"iNaturalist","iNaturalist",2014,2014,1,TRUE,"---","---",NA,"No Evaluada (NE)",FALSE
"Mollepata","Bomarea ovata","Flora","Bomarea ovata (Cav.) Mirb.","Liliopsida","Liliales","Alstroemeriaceae","Bomarea",2,"GBIF","Otros conjuntos mediados por GBIF",2004,2004,2,FALSE,"---","---",NA,"No Evaluada (NE)",FALSE
"Mollepata","Bomarea setacea","Flora","Bomarea glomerata Herb.","Liliopsida","Liliales","Alstroemeriaceae","Bomarea",2,"GBIF","Otros conjuntos mediados por GBIF",2004,2004,1,TRUE,"Bomarea setacea","Least Concern","131347484","Preocupación Menor (LC)",FALSE
"Mollepata","Bos taurus","Fauna","Bos taurus","Mammalia","Artiodactyla","Bovidae","Bos",2,"iNaturalist","iNaturalist",2025,2025,2,FALSE,"Bos gaurus","Vulnerable","2891","Vulnerable (VU)",TRUE
"Mollepata","Browningia hertlingiana","Flora","Azureocereus hertlingianus","Magnoliopsida","Caryophyllales","Cactaceae","Browningia",2,"iNaturalist","iNaturalist",2017,2021,1,TRUE,"Browningia hertlingiana","Least Concern","152226","Preocupación Menor (LC)",FALSE
"Mollepata","Brugmansia sanguinea","Flora","Brugmansia sanguinea","Magnoliopsida","Solanales","Solanaceae","Brugmansia",2,"iNaturalist","iNaturalist",2018,2025,2,FALSE,"Brugmansia sanguinea","Extinct in the Wild","51247690","No Evaluada (NE)",FALSE
"Mollepata","Buddleja diffusa","Flora","Buddleja diffusa Ruiz & Pav.","Magnoliopsida","Lamiales","Scrophulariaceae","Buddleja",2,"GBIF","Otros conjuntos mediados por GBIF",2004,2004,1,TRUE,"---","---",NA,"No Evaluada (NE)",FALSE
"Mollepata","Buteo brachyurus","Fauna","Buteo brachyurus Vieillot, 1816","Aves","Accipitriformes","Accipitridae","Buteo",2,"GBIF","eBird",2017,2022,3,FALSE,"Buteo brachyurus","Least Concern","22695897","Preocupación Menor (LC)",FALSE
"Mollepata","Cacicus cela","Fauna","Cacicus cela (Linnaeus, 1758)","Aves","Passeriformes","Icteridae","Cacicus",2,"GBIF","eBird",2020,2023,2,FALSE,"Cacicus cela","Least Concern","103792683","Preocupación Menor (LC)",FALSE
"Mollepata","Campephilus haematogaster","Fauna","Campephilus haematogaster (Tschudi, 1844)","Aves","Piciformes","Picidae","Campephilus",2,"GBIF","eBird",2021,2021,1,TRUE,"Campephilus haematogaster","Least Concern","22727150","Preocupación Menor (LC)",FALSE
"Mollepata","Cardamine ovata","Flora","Cardamine ovata Benth.","Magnoliopsida","Brassicales","Brassicaceae","Cardamine",2,"GBIF","Otros conjuntos mediados por GBIF",2004,2004,1,TRUE,"---","---",NA,"No Evaluada (NE)",FALSE
"Mollepata","Cardamine vulgaris","Flora","Cardamine vulgaris Phil.","Magnoliopsida","Brassicales","Brassicaceae","Cardamine",2,"GBIF","Otros conjuntos mediados por GBIF",2012,2012,1,TRUE,"---","---",NA,"No Evaluada (NE)",FALSE
"Mollepata","Cathartes aura","Fauna","Cathartes aura (Linnaeus, 1758)","Aves","Accipitriformes","Cathartidae","Cathartes",2,"GBIF","eBird",2015,2018,7,FALSE,"Cathartes aura","Least Concern","22697627","Preocupación Menor (LC)",FALSE
"Mollepata","Cenchrus echinatus","Flora","Cenchrus echinatus L.","Liliopsida","Poales","Poaceae","Cenchrus",2,"GBIF","Otros conjuntos mediados por GBIF",NA,NA,2,FALSE,"Cenchrus echinatus","Least Concern","13506981","Preocupación Menor (LC)",FALSE
"Mollepata","Cestrum rigidum","Flora","Cestrum rigidum Rusby","Magnoliopsida","Solanales","Solanaceae","Cestrum",2,"GBIF","Otros conjuntos mediados por GBIF",2004,2004,1,TRUE,"---","---",NA,"No Evaluada (NE)",FALSE
"Mollepata","Chamaecrista glandulosa","Flora","Chamaecrista glandulosa (L.) Greene","Magnoliopsida","Fabales","Fabaceae","Chamaecrista",2,"GBIF","Otros conjuntos mediados por GBIF",2006,2006,1,TRUE,"Chamaecrista glandulosa","Least Concern","19891867","Preocupación Menor (LC)",FALSE
"Mollepata","Chersodoma antennaria","Flora","Chersodoma antennaria (Wedd.) Cabrera","Magnoliopsida","Asterales","Asteraceae","Chersodoma",2,"GBIF","Otros conjuntos mediados por GBIF",2013,2013,1,TRUE,"---","---",NA,"No Evaluada (NE)",FALSE
"Mollepata","Cinclodes aricomae","Fauna","Cinclodes aricomae (Carriker, 1932)","Aves","Passeriformes","Furnariidae","Cinclodes",2,"GBIF","eBird",2023,2023,1,TRUE,"Cinclodes aricomae","Endangered","22724402","En Peligro (EN)",TRUE
"Mollepata","Cinnagrostis intermedia","Flora","Deyeuxia intermedia J.Presl","Liliopsida","Poales","Poaceae","Cinnagrostis",2,"GBIF","Otros conjuntos mediados por GBIF",2012,2013,1,TRUE,"---","---",NA,"No Evaluada (NE)",FALSE
"Mollepata","Cinnagrostis tarmensis","Flora","Deyeuxia tarmensis (Pilg.) Sodiro","Liliopsida","Poales","Poaceae","Cinnagrostis",2,"GBIF","Otros conjuntos mediados por GBIF",2012,2013,1,TRUE,"---","---",NA,"No Evaluada (NE)",FALSE
"Mollepata","Cleistocactus pungens","Flora","Cleistocactus pungens","Magnoliopsida","Caryophyllales","Cactaceae","Cleistocactus",2,"iNaturalist","iNaturalist",2023,2024,1,TRUE,"Cleistocactus pungens","Data Deficient","152186","Datos Insuficientes (DD)",FALSE
"Mollepata","Convolvulus crenatifolius","Flora","Convolvulus crenatifolius subsp. crenatifolius","Magnoliopsida","Solanales","Convolvulaceae","Convolvulus",2,"GBIF","Otros conjuntos mediados por GBIF",2004,2004,2,FALSE,"---","---",NA,"No Evaluada (NE)",FALSE
"Mollepata","Copaxa medea","Fauna","Copaxa medea","Insecta","Lepidoptera","Saturniidae","Copaxa",2,"iNaturalist","iNaturalist",2013,2018,1,TRUE,"---","---",NA,"No Evaluada (NE)",FALSE
"Mollepata","Cortaderia jubata","Flora","Cortaderia jubata (Lemoine) Stapf","Liliopsida","Poales","Poaceae","Cortaderia",2,"GBIF","Otros conjuntos mediados por GBIF",2004,2004,1,TRUE,"---","---",NA,"No Evaluada (NE)",FALSE
"Mollepata","Cyanocorax yncas","Fauna","Cyanocorax yncas (Boddaert, 1783)","Aves","Passeriformes","Corvidae","Cyanocorax",2,"GBIF","eBird",2020,2022,2,FALSE,"Cyanocorax yncas","Least Concern","22705738","Preocupación Menor (LC)",FALSE
"Mollepata","Cyclospermum leptophyllum","Flora","Cyclospermum leptophyllum (Pers.) Sprague ex Britton & P.Wilson","Magnoliopsida","Apiales","Apiaceae","Cyclospermum",2,"GBIF","Otros conjuntos mediados por GBIF",NA,NA,2,FALSE,"---","---",NA,"No Evaluada (NE)",FALSE
"Mollepata","Cyperus hermaphroditus","Flora","Cyperus hermaphroditus (Jacq.) Standl.","Liliopsida","Poales","Cyperaceae","Cyperus",2,"GBIF","Otros conjuntos mediados por GBIF",2004,2004,1,TRUE,"---","---",NA,"No Evaluada (NE)",FALSE
"Mollepata","Cyrtochilum microxiphium","Flora","Cyrtochilum microxiphium","Liliopsida","Asparagales","Orchidaceae","Cyrtochilum",2,"iNaturalist","iNaturalist",2023,2023,1,TRUE,"---","---",NA,"No Evaluada (NE)",FALSE
"Mollepata","Dacnis cayana","Fauna","Dacnis cayana (Linnaeus, 1766)","Aves","Passeriformes","Thraupidae","Dacnis",2,"GBIF","eBird",2020,2022,3,FALSE,"Dacnis cayana","Least Concern","22722991","Preocupación Menor (LC)",FALSE
"Mollepata","Desmodium intortum","Flora","Desmodium intortum","Magnoliopsida","Fabales","Fabaceae","Desmodium",2,"iNaturalist","iNaturalist",2025,2026,1,TRUE,"Desmodium intortum","Least Concern","19891529","Preocupación Menor (LC)",FALSE
"Mollepata","Diabrotica speciosa","Fauna","Diabrotica speciosa","Insecta","Coleoptera","Chrysomelidae","Diabrotica",2,"iNaturalist","iNaturalist",2018,2023,1,TRUE,"---","---",NA,"No Evaluada (NE)",FALSE
"Mollepata","Diglossa caerulescens","Fauna","Diglossa caerulescens (P.L.Sclater, 1856)","Aves","Passeriformes","Thraupidae","Diglossa",2,"GBIF","eBird",2022,2022,1,TRUE,"Diglossa caerulescens","Least Concern","22723708","Preocupación Menor (LC)",FALSE
"Mollepata","Diphasiastrum thyoides","Flora","Lycopodium thyoides Humb. & Bonpl. ex Willd.","Lycopodiopsida","Lycopodiales","Lycopodiaceae","Diphasiastrum",2,"GBIF","Otros conjuntos mediados por GBIF",2004,2004,1,TRUE,"---","---",NA,"No Evaluada (NE)",FALSE
"Mollepata","Distimake weberbaueri","Flora","Distimake weberbaueri","Magnoliopsida","Solanales","Convolvulaceae","Distimake",2,"iNaturalist","iNaturalist",2021,2024,1,TRUE,"---","---",NA,"No Evaluada (NE)",FALSE
"Mollepata","Draba cuzcoensis","Flora","Draba cuzcoensis O.E.Schulz","Magnoliopsida","Brassicales","Brassicaceae","Draba",2,"GBIF","Otros conjuntos mediados por GBIF",2013,2013,1,TRUE,"---","---",NA,"No Evaluada (NE)",FALSE
"Mollepata","Elaenia gigas","Fauna","Elaenia gigas P.L.Sclater, 1871","Aves","Passeriformes","Tyrannidae","Elaenia",2,"GBIF","eBird",2019,2020,1,TRUE,"Elaenia gigas","Least Concern","22699283","Preocupación Menor (LC)",FALSE
"Mollepata","Elaenia parvirostris","Fauna","Elaenia parvirostris Pelzeln, 1868","Aves","Passeriformes","Tyrannidae","Elaenia",2,"GBIF","eBird",2022,2022,1,TRUE,"Elaenia parvirostris","Least Concern","22699274","Preocupación Menor (LC)",FALSE
"Mollepata","Epidendrum acuminatum","Flora","Epidendrum acuminatum Ruiz & Pav.","Liliopsida","Asparagales","Orchidaceae","Epidendrum",2,"GBIF","Otros conjuntos mediados por GBIF",2004,2004,1,TRUE,"---","---",NA,"No Evaluada (NE)",FALSE
"Mollepata","Epidendrum lezlieae","Flora","Epidendrum lezlieae R.Vásquez & Ibisch","Liliopsida","Asparagales","Orchidaceae","Epidendrum",2,"GBIF","Otros conjuntos mediados por GBIF",2004,2004,1,TRUE,"---","---",NA,"No Evaluada (NE)",FALSE
"Mollepata","Epidendrum secundum","Flora","Epidendrum secundum Jacq.","Liliopsida","Asparagales","Orchidaceae","Epidendrum",2,"GBIF","Otros conjuntos mediados por GBIF",2004,2004,1,TRUE,"---","---",NA,"No Evaluada (NE)",FALSE
"Mollepata","Epilobium denticulatum","Flora","Epilobium denticulatum Ruiz & Pav.","Magnoliopsida","Myrtales","Onagraceae","Epilobium",2,"GBIF / iNaturalist","iNaturalist / Otros conjuntos mediados por GBIF",2013,2023,2,FALSE,"---","---",NA,"No Evaluada (NE)",FALSE
"Mollepata","Eryngium weberbaueri","Flora","Eryngium weberbaueri H.Wolff","Magnoliopsida","Apiales","Apiaceae","Eryngium",2,"GBIF","Otros conjuntos mediados por GBIF",2004,2004,1,TRUE,"---","---",NA,"No Evaluada (NE)",FALSE
"Mollepata","Euphorbia laurifolia","Flora","Euphorbia laurifolia","Magnoliopsida","Malpighiales","Euphorbiaceae","Euphorbia",2,"iNaturalist","iNaturalist",2021,2021,2,FALSE,"Euphorbia laurifolia","Least Concern","194011396","Preocupación Menor (LC)",FALSE
"Mollepata","Euploca humilis","Flora","Heliotropium ternatum Vahl","Magnoliopsida","Boraginales","Heliotropiaceae","Euploca",2,"GBIF","Otros conjuntos mediados por GBIF",NA,NA,1,TRUE,"---","---",NA,"No Evaluada (NE)",FALSE
"Mollepata","Eustephia coccinea","Flora","Eustephia coccinea","Liliopsida","Asparagales","Amaryllidaceae","Eustephia",2,"iNaturalist","iNaturalist",2014,2014,2,FALSE,"---","---",NA,"No Evaluada (NE)",FALSE
"Mollepata","Foeniculum vulgare","Flora","Foeniculum vulgare","Magnoliopsida","Apiales","Apiaceae","Foeniculum",2,"iNaturalist","iNaturalist",2022,2023,1,TRUE,"---","---",NA,"No Evaluada (NE)",FALSE
"Mollepata","Fulica gigantea","Fauna","Fulica gigantea Eydoux & Souleyet, 1841","Aves","Gruiformes","Rallidae","Fulica",2,"GBIF / iNaturalist","eBird / iNaturalist",2019,2023,2,FALSE,"Fulica gigantea","Least Concern","22692943","Preocupación Menor (LC)",FALSE
"Mollepata","Gallinula chloropus","Fauna","Gallinula galeata (Lichtenstein & Mhc, 1818)","Aves","Gruiformes","Rallidae","Gallinula",2,"GBIF","eBird",1987,2014,8,FALSE,"Gallinula chloropus","Least Concern","62120190","Preocupación Menor (LC)",FALSE
"Mollepata","Gaultheria glomerata","Flora","Gaultheria glomerata","Magnoliopsida","Ericales","Ericaceae","Gaultheria",2,"iNaturalist","iNaturalist",2014,2014,1,TRUE,"Gaultheria glomerata","Least Concern","133306154","Preocupación Menor (LC)",FALSE
"Mollepata","Gentianella ruizii","Flora","Gentianella ruizii (Griseb.) Holub","Magnoliopsida","Gentianales","Gentianaceae","Gentianella",2,"GBIF","Otros conjuntos mediados por GBIF",2004,2004,1,TRUE,"---","---",NA,"No Evaluada (NE)",FALSE
"Mollepata","Geranium core-core","Flora","Geranium core-core Steud.","Magnoliopsida","Geraniales","Geraniaceae","Geranium",2,"GBIF","Otros conjuntos mediados por GBIF",2012,2012,1,TRUE,"---","---",NA,"No Evaluada (NE)",FALSE
"Mollepata","Glaucidium brasilianum","Fauna","Glaucidium brasilianum (J.F.Gmelin, 1788)","Aves","Strigiformes","Strigidae","Glaucidium",2,"GBIF","eBird",2022,2022,1,TRUE,"Glaucidium brasilianum","Least Concern","22689248","Preocupación Menor (LC)",FALSE
"Mollepata","Gossypium barbadense","Flora","Gossypium barbadense L.","Magnoliopsida","Malvales","Malvaceae","Gossypium",2,"GBIF","Otros conjuntos mediados por GBIF",2004,2004,1,TRUE,"Gossypium barbadense","Least Concern","71774244","Preocupación Menor (LC)",FALSE
"Mollepata","Gynoxys cuzcoensis","Flora","Gynoxys cuzcoensis Cuatrec.","Magnoliopsida","Asterales","Asteraceae","Gynoxys",2,"GBIF","Otros conjuntos mediados por GBIF",2012,2013,1,TRUE,"---","---",NA,"No Evaluada (NE)",FALSE
"Mollepata","Harpalejeunea cinchonae","Flora","Harpalejeunea cinchonae (Nees) Schiffn.","Jungermanniopsida","Porellales","Lejeuneaceae","Harpalejeunea",2,"GBIF","Otros conjuntos mediados por GBIF",2011,2011,1,TRUE,"---","---",NA,"No Evaluada (NE)",FALSE
"Mollepata","Henicorhina leucophrys","Fauna","Henicorhina leucophrys (Tschudi, 1844)","Aves","Passeriformes","Troglodytidae","Henicorhina",2,"GBIF","eBird",2014,2024,2,FALSE,"Henicorhina leucophrys","Least Concern","103889800","Preocupación Menor (LC)",FALSE
"Mollepata","Hippeastrum machupijchense","Flora","Hippeastrum machupijchense","Liliopsida","Asparagales","Amaryllidaceae","Hippeastrum",2,"iNaturalist","iNaturalist",2021,2023,1,TRUE,"---","---",NA,"No Evaluada (NE)",FALSE
"Mollepata","Hydrocotyle filipes","Flora","Hydrocotyle filipes Mathias","Magnoliopsida","Apiales","Araliaceae","Hydrocotyle",2,"GBIF","Otros conjuntos mediados por GBIF",2013,2013,1,TRUE,"---","---",NA,"No Evaluada (NE)",FALSE
"Mollepata","Hypolepis obtusata","Flora","Hypolepis obtusata (C.Presl) Kuhn","Polypodiopsida","Polypodiales","Dennstaedtiaceae","Hypolepis",2,"GBIF","Otros conjuntos mediados por GBIF",2007,2007,1,TRUE,"---","---",NA,"No Evaluada (NE)",FALSE
"Mollepata","Ibicella lutea","Flora","Ibicella lutea (Lindl.) Van Eselt.","Magnoliopsida","Lamiales","Martyniaceae","Ibicella",2,"GBIF","Otros conjuntos mediados por GBIF",NA,NA,1,TRUE,"---","---",NA,"No Evaluada (NE)",FALSE
"Mollepata","Indigofera suffruticosa","Flora","Indigofera suffruticosa Mill.","Magnoliopsida","Fabales","Fabaceae","Indigofera",2,"GBIF","Otros conjuntos mediados por GBIF",2006,2006,1,TRUE,"---","---",NA,"No Evaluada (NE)",FALSE
"Mollepata","Ipomoea alba","Flora","Ipomoea alba L.","Magnoliopsida","Solanales","Convolvulaceae","Ipomoea",2,"GBIF","Otros conjuntos mediados por GBIF",2006,2006,1,TRUE,"Ipomoea alba","Least Concern","126421388","Preocupación Menor (LC)",FALSE
"Mollepata","Ipomoea cuscoensis","Flora","Ipomoea cuscoensis J.R.I.Wood & P.Muñoz","Magnoliopsida","Solanales","Convolvulaceae","Ipomoea",2,"GBIF","Otros conjuntos mediados por GBIF",2003,2003,2,FALSE,"---","---",NA,"No Evaluada (NE)",FALSE
"Mollepata","Ipomoea sericosepala","Flora","Turbina cordata (Choisy) D.F.Austin & Staples","Magnoliopsida","Solanales","Convolvulaceae","Ipomoea",2,"GBIF","Otros conjuntos mediados por GBIF",NA,NA,2,FALSE,"---","---",NA,"No Evaluada (NE)",FALSE
"Mollepata","Iridosornis analis","Fauna","Iridosornis analis (Tschudi, 1844)","Aves","Passeriformes","Thraupidae","Iridosornis",2,"GBIF","eBird",2022,2022,1,TRUE,"Iridosornis analis","Least Concern","22722669","Preocupación Menor (LC)",FALSE
"Mollepata","Iridosornis jelskii","Fauna","Iridosornis jelskii Cabanis, 1873","Aves","Passeriformes","Thraupidae","Iridosornis",2,"GBIF","eBird",2022,2022,1,TRUE,"Iridosornis jelskii","Least Concern","22722672","Preocupación Menor (LC)",FALSE
"Mollepata","Jobinia tarmensis","Flora","Jobinia tarmensis","Magnoliopsida","Gentianales","Apocynaceae","Jobinia",2,"iNaturalist","iNaturalist",2014,2014,1,TRUE,"---","---",NA,"No Evaluada (NE)",FALSE
"Mollepata","Junonia vestina","Fauna","Junonia vestina","Insecta","Lepidoptera","Nymphalidae","Junonia",2,"iNaturalist","iNaturalist",2024,2024,3,FALSE,"---","---",NA,"No Evaluada (NE)",FALSE
"Mollepata","Lachemilla andina","Flora","Lachemilla andina (L.M.Perry) Rothm.","Magnoliopsida","Rosales","Rosaceae","Lachemilla",2,"GBIF","Otros conjuntos mediados por GBIF",2013,2013,1,TRUE,"---","---",NA,"No Evaluada (NE)",FALSE
"Mollepata","Lepidocolaptes lacrymiger","Fauna","Lepidocolaptes lacrymiger (Des Murs, 1849)","Aves","Passeriformes","Furnariidae","Lepidocolaptes",2,"GBIF","eBird",2014,2019,2,FALSE,"Lepidocolaptes lacrymiger","Least Concern","22733132","Preocupación Menor (LC)",FALSE
"Mollepata","Leptasthenura xenothorax","Fauna","Leptasthenura xenothorax Chapman, 1921","Aves","Passeriformes","Furnariidae","Leptasthenura",2,"GBIF","eBird / Otros conjuntos mediados por GBIF",1991,2018,2,FALSE,"Leptasthenura xenothorax","Near Threatened","22702183","Casi Amenazada (NT)",FALSE
"Mollepata","Leptopogon taczanowskii","Fauna","Leptopogon taczanowskii Hellmayr, 1917","Aves","Passeriformes","Tyrannidae","Leptopogon",2,"GBIF","eBird",2024,2024,1,TRUE,"Leptopogon taczanowskii","Least Concern","22698810","Preocupación Menor (LC)",FALSE
"Mollepata","Leptosittaca branickii","Fauna","Leptosittaca branickii Berlepsch & Stolzmann, 1894","Aves","Psittaciformes","Psittacidae","Leptosittaca",2,"GBIF","eBird",2018,2018,1,TRUE,"Leptosittaca branickii","Least Concern","22685755","Preocupación Menor (LC)",FALSE
"Mollepata","Leptotila rufaxilla","Fauna","Leptotila rufaxilla (Richard & Bernard, 1792)","Aves","Columbiformes","Columbidae","Leptotila",2,"GBIF","eBird",2022,2022,1,TRUE,"Leptotila rufaxilla","Least Concern","22690877","Preocupación Menor (LC)",FALSE
"Mollepata","Luzula gigantea","Flora","Luzula gigantea Desv.","Liliopsida","Poales","Juncaceae","Luzula",2,"GBIF","Otros conjuntos mediados por GBIF",2012,2012,1,TRUE,"---","---",NA,"No Evaluada (NE)",FALSE
"Mollepata","Luzula racemosa","Flora","Luzula racemosa Desv.","Liliopsida","Poales","Juncaceae","Luzula",2,"GBIF","Otros conjuntos mediados por GBIF",2012,2012,2,FALSE,"---","---",NA,"No Evaluada (NE)",FALSE
"Mollepata","Lycianthes lycioides","Flora","Lycianthes lycioides (L.) Hassl.","Magnoliopsida","Solanales","Solanaceae","Lycianthes",2,"GBIF / iNaturalist","iNaturalist / Otros conjuntos mediados por GBIF",2002,2012,2,FALSE,"---","---",NA,"No Evaluada (NE)",FALSE
"Mollepata","Lymanbensonia choquequiraensis","Flora","Lymanbensonia choquequiraensis","Magnoliopsida","Caryophyllales","Cactaceae","Lymanbensonia",2,"iNaturalist","iNaturalist",2021,2022,1,TRUE,"---","---",NA,"No Evaluada (NE)",FALSE
"Mollepata","Margyricarpus pinnatus","Flora","Margyricarpus pinnatus","Magnoliopsida","Rosales","Rosaceae","Margyricarpus",2,"iNaturalist","iNaturalist",2014,2024,1,TRUE,"---","---",NA,"No Evaluada (NE)",FALSE
"Mollepata","Maytenus jelskii","Flora","Maytenus jelskii","Magnoliopsida","Celastrales","Celastraceae","Maytenus",2,"iNaturalist","iNaturalist",2014,2014,1,TRUE,"Maytenus jelskii","Least Concern","239408412","Preocupación Menor (LC)",FALSE
"Mollepata","Metriopelia melanoptera","Fauna","Metriopelia melanoptera (Molina, 1782)","Aves","Columbiformes","Columbidae","Metriopelia",2,"GBIF","eBird",2019,2021,4,FALSE,"Metriopelia melanoptera","Least Concern","22690839","Preocupación Menor (LC)",FALSE
"Mollepata","Metzgeria laciniata","Flora","Metzgeria laciniata Kuwah.","Jungermanniopsida","Metzgeriales","Metzgeriaceae","Metzgeria",2,"GBIF","Otros conjuntos mediados por GBIF",2011,2011,1,TRUE,"---","---",NA,"No Evaluada (NE)",FALSE
"Mollepata","Monnina lechleriana","Flora","Monnina lechleriana Chodat","Magnoliopsida","Fabales","Polygalaceae","Monnina",2,"GBIF","Otros conjuntos mediados por GBIF",2004,2004,1,TRUE,"---","---",NA,"No Evaluada (NE)",FALSE
"Mollepata","Montia fontana","Flora","Montia fontana L.","Magnoliopsida","Caryophyllales","Montiaceae","Montia",2,"GBIF","Otros conjuntos mediados por GBIF",2013,2013,1,TRUE,"Montia fontana","Least Concern","164123","Preocupación Menor (LC)",FALSE
"Mollepata","Myiodynastes chrysocephalus","Fauna","Myiodynastes chrysocephalus (Tschudi, 1844)","Aves","Passeriformes","Tyrannidae","Myiodynastes",2,"GBIF","eBird",2018,2023,1,TRUE,"Myiodynastes chrysocephalus","Least Concern","131366585","Preocupación Menor (LC)",FALSE
"Mollepata","Myriopteris aurea","Flora","Cheilanthes bonariensis (Willd.) Proctor","Polypodiopsida","Polypodiales","Pteridaceae","Myriopteris",2,"GBIF","Otros conjuntos mediados por GBIF",2004,2004,1,TRUE,"---","---",NA,"No Evaluada (NE)",FALSE
"Mollepata","Myrrhinium atropurpureum","Flora","Myrrhinium atropurpureum","Magnoliopsida","Myrtales","Myrtaceae","Myrrhinium",2,"iNaturalist","iNaturalist",2021,2022,1,TRUE,"Myrrhinium atropurpureum","Critically Endangered","35665","En Peligro Crítico (CR)",TRUE
"Mollepata","Nasa ranunculifolia","Flora","Nasa ranunculifolia macrantha","Magnoliopsida","Cornales","Loasaceae","Nasa",2,"iNaturalist","iNaturalist",2019,2026,1,TRUE,"---","---",NA,"No Evaluada (NE)",FALSE
"Mollepata","Nasa vargasii","Flora","Nasa vargasii (J.F.Macbr) Weigend","Magnoliopsida","Cornales","Loasaceae","Nasa",2,"GBIF / iNaturalist","iNaturalist / Otros conjuntos mediados por GBIF",2022,2022,2,FALSE,"---","---",NA,"No Evaluada (NE)",FALSE
"Mollepata","Neobartsia weberbaueri","Flora","Bartsia weberbaueri Diels","Magnoliopsida","Lamiales","Orobanchaceae","Neobartsia",2,"GBIF","Otros conjuntos mediados por GBIF",2004,2004,1,TRUE,"---","---",NA,"No Evaluada (NE)",FALSE
"Mollepata","Nertera granadensis","Flora","Nertera granadensis","Magnoliopsida","Gentianales","Rubiaceae","Nertera",2,"iNaturalist","iNaturalist",2024,2026,1,TRUE,"---","---",NA,"No Evaluada (NE)",FALSE
"Mollepata","Nicotiana benavidesii","Flora","Nicotiana benavidesii Goodsp.","Magnoliopsida","Solanales","Solanaceae","Nicotiana",2,"GBIF","Otros conjuntos mediados por GBIF",2006,2006,2,FALSE,"---","---",NA,"No Evaluada (NE)",FALSE
"Mollepata","Nicotiana glauca","Flora","Nicotiana glauca Graham","Magnoliopsida","Solanales","Solanaceae","Nicotiana",2,"GBIF","Otros conjuntos mediados por GBIF",2006,2006,2,FALSE,"Nicotiana glauca","Least Concern","120370204","Preocupación Menor (LC)",FALSE
"Mollepata","Odocoileus virginianus","Fauna","Odocoileus virginianus peruvianus","Mammalia","Artiodactyla","Cervidae","Odocoileus",2,"iNaturalist","iNaturalist",2022,2022,2,FALSE,"Odocoileus virginianus","Least Concern","42394","Preocupación Menor (LC)",FALSE
"Mollepata","Oressinoma typhla","Fauna","Oressinoma sorata Salvin, 1868","Insecta","Lepidoptera","Nymphalidae","Oressinoma",2,"GBIF / iNaturalist","iNaturalist / Otros conjuntos mediados por GBIF",2004,2024,1,TRUE,"---","---",NA,"No Evaluada (NE)",FALSE
"Mollepata","Otholobium pubescens","Flora","Otholobium pubescens (Poir.) J.W.Grimes","Magnoliopsida","Fabales","Fabaceae","Psoralea",2,"GBIF","Otros conjuntos mediados por GBIF",2004,2004,1,TRUE,"---","---",NA,"No Evaluada (NE)",FALSE
"Mollepata","Passiflora gracilens","Flora","Passiflora gracilens (A.Gray) Harms","Magnoliopsida","Malpighiales","Passifloraceae","Passiflora",2,"GBIF","Otros conjuntos mediados por GBIF",2004,2004,2,FALSE,"---","---",NA,"No Evaluada (NE)",FALSE
"Mollepata","Passiflora ligularis","Flora","Passiflora ligularis Juss.","Magnoliopsida","Malpighiales","Passifloraceae","Passiflora",2,"GBIF / iNaturalist","iNaturalist / Otros conjuntos mediados por GBIF",2022,2025,1,TRUE,"---","---",NA,"No Evaluada (NE)",FALSE
"Mollepata","Passiflora trisecta","Flora","Passiflora trisecta Mast.","Magnoliopsida","Malpighiales","Passifloraceae","Passiflora",2,"GBIF / iNaturalist","iNaturalist / Otros conjuntos mediados por GBIF",2022,2022,1,TRUE,"---","---",NA,"No Evaluada (NE)",FALSE
"Mollepata","Patagioenas plumbea","Fauna","Patagioenas plumbea (Vieillot, 1818)","Aves","Columbiformes","Columbidae","Patagioenas",2,"GBIF","eBird",2015,2019,2,FALSE,"Patagioenas plumbea","Least Concern","22690321","Preocupación Menor (LC)",FALSE
"Mollepata","Pellaea ovata","Flora","Pellaea ovata (Desv.) Weath.","Polypodiopsida","Polypodiales","Pteridaceae","Pellaea",2,"GBIF","Otros conjuntos mediados por GBIF",NA,NA,2,FALSE,"---","---",NA,"No Evaluada (NE)",FALSE
"Mollepata","Perezia pinnatifida","Flora","Perezia coerulescens","Magnoliopsida","Asterales","Asteraceae","Perezia",2,"iNaturalist","iNaturalist",2014,2025,1,TRUE,"---","---",NA,"No Evaluada (NE)",FALSE
"Mollepata","Peucetia rubrolineata","Fauna","Peucetia rubrolineata","Arachnida","Araneae","Oxyopidae","Peucetia",2,"iNaturalist","iNaturalist",2024,2024,1,TRUE,"---","---",NA,"No Evaluada (NE)",FALSE
"Mollepata","Pharomachrus auriceps","Fauna","Pharomachrus auriceps (Gould, 1842)","Aves","Trogoniformes","Trogonidae","Pharomachrus",2,"GBIF","eBird",2009,2014,1,TRUE,"Pharomachrus auriceps","Least Concern","22682738","Preocupación Menor (LC)",FALSE
"Mollepata","Phenax laevigatus","Flora","Phenax laevigatus Wedd.","Magnoliopsida","Rosales","Urticaceae","Phenax",2,"GBIF","Otros conjuntos mediados por GBIF",2004,2004,1,TRUE,"Phenax laevigatus","Least Concern","193983816","Preocupación Menor (LC)",FALSE
"Mollepata","Phenax mexicanus","Flora","Phenax bullatus Rusby","Magnoliopsida","Rosales","Urticaceae","Phenax",2,"GBIF","Otros conjuntos mediados por GBIF",2004,2004,1,TRUE,"Phenax mexicanus","Least Concern","151217859","Preocupación Menor (LC)",FALSE
"Mollepata","Philibertia campanulata","Flora","Philibertia campanulata (Lindl.) Nicholson","Magnoliopsida","Gentianales","Apocynaceae","Philibertia",2,"GBIF","Otros conjuntos mediados por GBIF",2004,2004,1,TRUE,"---","---",NA,"No Evaluada (NE)",FALSE
"Mollepata","Phyllomyias sclateri","Fauna","Phyllomyias sclateri Berlepsch, 1901","Aves","Passeriformes","Tyrannidae","Phyllomyias",2,"GBIF","eBird",2015,2022,1,TRUE,"Phyllomyias sclateri","Least Concern","22699097","Preocupación Menor (LC)",FALSE
"Mollepata","Physalis peruviana","Flora","Physalis peruviana","Magnoliopsida","Solanales","Solanaceae","Physalis",2,"iNaturalist","iNaturalist",2014,2021,2,FALSE,"---","---",NA,"No Evaluada (NE)",FALSE
"Mollepata","Picumnus dorbignyanus","Fauna","Picumnus dorbignyanus Lafresnaye, 1845","Aves","Piciformes","Picidae","Picumnus",2,"GBIF","eBird",2022,2022,1,TRUE,"Picumnus dorbignyanus","Least Concern","22680742","Preocupación Menor (LC)",FALSE
"Mollepata","Pionus tumultuosus","Fauna","Pionus tumultuosus (Tschudi, 1844)","Aves","Psittaciformes","Psittacidae","Pionus",2,"GBIF","eBird",2020,2022,1,TRUE,"Pionus tumultuosus","Least Concern","22727615","Preocupación Menor (LC)",FALSE
"Mollepata","Pipra fasciicauda","Fauna","Pipra fasciicauda Hellmayr, 1906","Aves","Passeriformes","Pipridae","Pipra",2,"GBIF","eBird",2022,2022,1,TRUE,"Pipra fasciicauda","Least Concern","22700988","Preocupación Menor (LC)",FALSE
"Mollepata","Pipraeidea melanonota","Fauna","Pipraeidea melanonota (Vieillot, 1819)","Aves","Passeriformes","Thraupidae","Pipraeidea",2,"GBIF","eBird",2013,2013,2,FALSE,"Pipraeidea melanonota","Least Concern","22722691","Preocupación Menor (LC)",FALSE
"Mollepata","Pipreola arcuata","Fauna","Pipreola arcuata (Lafresnaye, 1843)","Aves","Passeriformes","Cotingidae","Pipreola",2,"GBIF","eBird",2022,2022,1,TRUE,"Pipreola arcuata","Least Concern","22700788","Preocupación Menor (LC)",FALSE
"Mollepata","Plantago australis","Flora","Plantago australis Lam.","Magnoliopsida","Lamiales","Plantaginaceae","Plantago",2,"GBIF","Otros conjuntos mediados por GBIF",2013,2013,1,TRUE,"---","---",NA,"No Evaluada (NE)",FALSE
"Mollepata","Poa annua","Flora","Festuca tenuiculmis Tovar","Liliopsida","Poales","Poaceae","Poa",2,"GBIF","Otros conjuntos mediados por GBIF",2012,2013,1,TRUE,"Poa annua","Least Concern","168729","Preocupación Menor (LC)",FALSE
"Mollepata","Poissonia eriantha","Flora","Poissonia eriantha (Benth.) Hauman","Magnoliopsida","Fabales","Fabaceae","Poissonia",2,"GBIF","Otros conjuntos mediados por GBIF",2006,2006,1,TRUE,"---","---",NA,"No Evaluada (NE)",FALSE
"Mollepata","Polylepis incana","Flora","Polylepis incana","Magnoliopsida","Rosales","Rosaceae","Polylepis",2,"iNaturalist","iNaturalist",2025,2025,2,FALSE,"Polylepis incana","Least Concern","32990","Preocupación Menor (LC)",FALSE
"Mollepata","Prestonia quinquangularis","Flora","Prestonia quinquangularis","Magnoliopsida","Gentianales","Apocynaceae","Prestonia",2,"iNaturalist","iNaturalist",2021,2021,1,TRUE,"---","---",NA,"No Evaluada (NE)",FALSE
"Mollepata","Pseudognaphalium lanuginosum","Flora","Pseudognaphalium melanosphaeroides (Sch.Bip. ex Wedd.) Anderb.","Magnoliopsida","Asterales","Asteraceae","Pseudognaphalium",2,"GBIF","Otros conjuntos mediados por GBIF",2012,2013,1,TRUE,"---","---",NA,"No Evaluada (NE)",FALSE
"Mollepata","Pterichis silvestris","Flora","Pterichis silvestris Schltr.","Liliopsida","Asparagales","Orchidaceae","Pterichis",2,"GBIF / iNaturalist","iNaturalist / Otros conjuntos mediados por GBIF",2004,2022,1,TRUE,"---","---",NA,"No Evaluada (NE)",FALSE
"Mollepata","Pteris muricatopedata","Flora","Pteris muricatopedata Arbeláez","Polypodiopsida","Polypodiales","Pteridaceae","Pteris",2,"GBIF","Otros conjuntos mediados por GBIF",2004,2004,1,TRUE,"---","---",NA,"No Evaluada (NE)",FALSE
"Mollepata","Rhodocalyx riedelii","Flora","Prestonia riedelii (Müll.Arg.) Markgr.","Magnoliopsida","Gentianales","Apocynaceae","Rhodocalyx",2,"GBIF","Otros conjuntos mediados por GBIF",2004,2004,1,TRUE,"---","---",NA,"No Evaluada (NE)",FALSE
"Mollepata","Ribes bolivianum","Flora","Ribes bolivianum Jancz.","Magnoliopsida","Saxifragales","Grossulariaceae","Ribes",2,"GBIF","Otros conjuntos mediados por GBIF",2012,2012,1,TRUE,"Ribes bolivianum","Least Concern","133163691","Preocupación Menor (LC)",FALSE
"Mollepata","Riccardia hans-meyeri","Flora","Riccardia hans-meyeri (Steph.) Meenks & C.De Jong","Jungermanniopsida","Metzgeriales","Aneuraceae","Riccardia",2,"GBIF","Otros conjuntos mediados por GBIF",2012,2012,1,TRUE,"---","---",NA,"No Evaluada (NE)",FALSE
"Mollepata","Riparia riparia","Fauna","Riparia riparia (Linnaeus, 1758)","Aves","Passeriformes","Hirundinidae","Riparia",2,"GBIF","eBird",2014,2018,2,FALSE,"Riparia riparia","Least Concern","103815961","Preocupación Menor (LC)",FALSE
"Mollepata","Rockhausenia pygmaea","Flora","Rockhausenia pygmaea (Gillies ex Hook. & Arn.) D.J.N.Hind","Magnoliopsida","Asterales","Asteraceae","Rockhausenia",2,"GBIF","Otros conjuntos mediados por GBIF",2012,2013,1,TRUE,"---","---",NA,"No Evaluada (NE)",FALSE
"Mollepata","Rollandia rolland","Fauna","Rollandia rolland (Quoy & Gaimard, 1824)","Aves","Podicipediformes","Podicipedidae","Rollandia",2,"GBIF","eBird",2014,2018,7,FALSE,"Rollandia rolland","Least Concern","22696530","Preocupación Menor (LC)",FALSE
"Mollepata","Rubus peruvianus","Flora","Rubus peruvianus Fritsch","Magnoliopsida","Rosales","Rosaceae","Rubus",2,"GBIF","Otros conjuntos mediados por GBIF",2004,2004,2,FALSE,"---","---",NA,"No Evaluada (NE)",FALSE
"Mollepata","Rubus roseus","Flora","Rubus roseus Poir.","Magnoliopsida","Rosales","Rosaceae","Rubus",2,"GBIF","Otros conjuntos mediados por GBIF",2004,2004,1,TRUE,"---","---",NA,"No Evaluada (NE)",FALSE
"Mollepata","Sacoila lanceolata","Flora","Sacoila lanceolata","Liliopsida","Asparagales","Orchidaceae","Sacoila",2,"iNaturalist","iNaturalist",2021,2021,1,TRUE,"---","---",NA,"No Evaluada (NE)",FALSE
"Mollepata","Salpichroa didieriana","Flora","Salpichroa didieriana","Magnoliopsida","Solanales","Solanaceae","Salpichroa",2,"iNaturalist","iNaturalist",2023,2025,1,TRUE,"---","---",NA,"No Evaluada (NE)",FALSE
"Mollepata","Schinus molle","Flora","Schinus molle","Magnoliopsida","Sapindales","Anacardiaceae","Schinus",2,"iNaturalist","iNaturalist",2022,2024,2,FALSE,"Schinus molle","Least Concern","61984171","Preocupación Menor (LC)",FALSE
"Mollepata","Scytalopus schulenbergi","Fauna","Scytalopus schulenbergi B.M.Whitney, 1994","Aves","Passeriformes","Rhinocryptidae","Scytalopus",2,"GBIF","eBird",2023,2023,1,TRUE,"Scytalopus schulenbergi","Least Concern","22724472","Preocupación Menor (LC)",FALSE
"Mollepata","Senecio adenophyllus","Flora","Senecio adenophyllus","Magnoliopsida","Asterales","Asteraceae","Senecio",2,"iNaturalist","iNaturalist",2014,2022,1,TRUE,"---","---",NA,"No Evaluada (NE)",FALSE
"Mollepata","Senecio expansus","Flora","Senecio expansus","Magnoliopsida","Asterales","Asteraceae","Senecio",2,"iNaturalist","iNaturalist",2022,2025,1,TRUE,"---","---",NA,"No Evaluada (NE)",FALSE
"Mollepata","Senecio panticallensis","Flora","Senecio panticallensis","Magnoliopsida","Asterales","Asteraceae","Senecio",2,"iNaturalist","iNaturalist",2014,2014,1,TRUE,"---","---",NA,"No Evaluada (NE)",FALSE
"Mollepata","Senecio rhizomatus","Flora","Senecio rhizomatus","Magnoliopsida","Asterales","Asteraceae","Senecio",2,"iNaturalist","iNaturalist",2022,2025,1,TRUE,"---","---",NA,"No Evaluada (NE)",FALSE
"Mollepata","Setophaga pitiayumi","Fauna","Setophaga pitiayumi (Vieillot, 1817)","Aves","Passeriformes","Parulidae","Setophaga",2,"GBIF","eBird",2018,2020,1,TRUE,"Setophaga pitiayumi","Least Concern","103798640","Preocupación Menor (LC)",FALSE
"Mollepata","Sicalis luteola","Fauna","Sicalis luteola (Sparrman, 1789)","Aves","Passeriformes","Thraupidae","Sicalis",2,"GBIF","eBird",2014,2024,3,FALSE,"Sicalis luteola","Least Concern","22735428","Preocupación Menor (LC)",FALSE
"Mollepata","Solanum acaule","Flora","Solanum acaule Bitter","Magnoliopsida","Solanales","Solanaceae","Solanum",2,"GBIF","Otros conjuntos mediados por GBIF",1972,1972,3,FALSE,"Solanum acaule","Least Concern","71777551","Preocupación Menor (LC)",FALSE
"Mollepata","Solanum buesii","Flora","Solanum buesii Vargas","Magnoliopsida","Solanales","Solanaceae","Solanum",2,"GBIF","Otros conjuntos mediados por GBIF",NA,NA,1,TRUE,"Solanum buesii","Endangered","71779394","En Peligro (EN)",TRUE
"Mollepata","Solanum iltisii","Flora","Solanum iltisii K.E.Roe","Magnoliopsida","Solanales","Solanaceae","Solanum",2,"GBIF","Otros conjuntos mediados por GBIF",2004,2004,2,FALSE,"Solanum iltisii","Least Concern","171586273","Preocupación Menor (LC)",FALSE
"Mollepata","Solanum laxissimum","Flora","Solanum laxissimum Bitter","Magnoliopsida","Solanales","Solanaceae","Solanum",2,"GBIF","Otros conjuntos mediados por GBIF",NA,NA,1,TRUE,"---","---",NA,"No Evaluada (NE)",FALSE
"Mollepata","Solanum nitidum","Flora","Solanum nitidum Ruiz & Pav.","Magnoliopsida","Solanales","Solanaceae","Solanum",2,"GBIF / iNaturalist","iNaturalist / Otros conjuntos mediados por GBIF",2002,2023,4,FALSE,"Solanum nitidum","Least Concern","146118081","Preocupación Menor (LC)",FALSE
"Mollepata","Solanum tuberosum","Flora","Solanum tuberosum L.","Magnoliopsida","Solanales","Solanaceae","Solanum",2,"GBIF / iNaturalist","iNaturalist / Otros conjuntos mediados por GBIF",2013,2025,4,FALSE,"Solanum etuberosum","Least Concern","101526038","Preocupación Menor (LC)",FALSE
"Mollepata","Soliva mexicana","Flora","Cotula mexicana (DC.) Cabrera","Magnoliopsida","Asterales","Asteraceae","Soliva",2,"GBIF","Otros conjuntos mediados por GBIF",2013,2013,1,TRUE,"---","---",NA,"No Evaluada (NE)",FALSE
"Mollepata","Spermacoce confusa","Flora","Spermacoce confusa Rendle","Magnoliopsida","Gentianales","Rubiaceae","Spermacoce",2,"GBIF","Otros conjuntos mediados por GBIF",2006,2006,2,FALSE,"Spermacoce confusa","Least Concern","218791173","Preocupación Menor (LC)",FALSE
"Mollepata","Sphenopsis frontalis","Fauna","Sphenopsis frontalis (Tschudi, 1844)","Aves","Passeriformes","Thraupidae","Sphenopsis",2,"GBIF","eBird",2020,2023,1,TRUE,"Sphenopsis frontalis","Least Concern","22722230","Preocupación Menor (LC)",FALSE
"Mollepata","Sphenopsis melanotis","Fauna","Sphenopsis melanotis (P.L.Sclater, 1855)","Aves","Passeriformes","Thraupidae","Sphenopsis",2,"GBIF","eBird",2014,2017,1,TRUE,"Sphenopsis melanotis","Least Concern","103823252","Preocupación Menor (LC)",FALSE
"Mollepata","Sporophila angolensis","Fauna","Sporophila angolensis (Linnaeus, 1766)","Aves","Passeriformes","Thraupidae","Sporophila",2,"GBIF","eBird",2017,2017,1,TRUE,"Sporophila angolensis","Least Concern","22723542","Preocupación Menor (LC)",FALSE
"Mollepata","Stenocercus ochoai","Fauna","Stenocercus ochoai","Squamata",NA,"Tropiduridae","Stenocercus",2,"iNaturalist","iNaturalist",2023,2025,1,TRUE,"Stenocercus ochoai","Least Concern","48617241","Preocupación Menor (LC)",FALSE
"Mollepata","Stipa hans-meyeri","Flora","Stipa hans-meyeri Pilg.","Liliopsida","Poales","Poaceae","Stipa",2,"GBIF","Otros conjuntos mediados por GBIF",2013,2013,1,TRUE,"---","---",NA,"No Evaluada (NE)",FALSE
"Mollepata","Strix albitarsis","Fauna","Strix albitarsis (Bonaparte, 1850)","Aves","Strigiformes","Strigidae","Strix",2,"GBIF","eBird",2016,2023,1,TRUE,"---","---",NA,"No Evaluada (NE)",FALSE
"Mollepata","Thlypopsis ornata","Fauna","Thlypopsis ornata (P.L.Sclater, 1859)","Aves","Passeriformes","Thraupidae","Thlypopsis",2,"GBIF","eBird",2021,2024,1,TRUE,"Thlypopsis ornata","Least Concern","22722257","Preocupación Menor (LC)",FALSE
"Mollepata","Tillandsia capillaris","Flora","Tillandsia capillaris Ruiz & Pav.","Liliopsida","Poales","Bromeliaceae","Tillandsia",2,"GBIF","Otros conjuntos mediados por GBIF",NA,NA,2,FALSE,"Tillandsia capillaris","Least Concern","131368708","Preocupación Menor (LC)",FALSE
"Mollepata","Tillandsia caulescens","Flora","Tillandsia caulescens Brongn. ex Baker","Liliopsida","Poales","Bromeliaceae","Tillandsia",2,"GBIF","Otros conjuntos mediados por GBIF",2006,2006,1,TRUE,"---","---",NA,"No Evaluada (NE)",FALSE
"Mollepata","Tillandsia engleriana","Flora","Tillandsia engleriana Wittm.","Liliopsida","Poales","Bromeliaceae","Tillandsia",2,"GBIF","Otros conjuntos mediados por GBIF",2004,2004,1,TRUE,"Tillandsia engleriana","Critically Endangered","191080183","En Peligro Crítico (CR)",TRUE
"Mollepata","Tillandsia geminiflora","Flora","Tillandsia geminiflora Brongn.","Liliopsida","Poales","Bromeliaceae","Tillandsia",2,"GBIF","Otros conjuntos mediados por GBIF",2004,2004,1,TRUE,"Tillandsia geminiflora","Least Concern","44392233","Preocupación Menor (LC)",FALSE
"Mollepata","Tillandsia ionochroma","Flora","Tillandsia ionochroma André ex Mez","Liliopsida","Poales","Bromeliaceae","Tillandsia",2,"GBIF","Otros conjuntos mediados por GBIF",2004,2004,1,TRUE,"---","---",NA,"No Evaluada (NE)",FALSE
"Mollepata","Tropaeolum minus","Flora","Tropaeolum minus","Magnoliopsida","Brassicales","Tropaeolaceae","Tropaeolum",2,"iNaturalist","iNaturalist",2019,2022,2,FALSE,"---","---",NA,"No Evaluada (NE)",FALSE
"Mollepata","Tropaeolum warmingianum","Flora","Tropaeolum warmingianum Rohrb.","Magnoliopsida","Brassicales","Tropaeolaceae","Tropaeolum",2,"GBIF","Otros conjuntos mediados por GBIF",2006,2006,1,TRUE,"---","---",NA,"No Evaluada (NE)",FALSE
"Mollepata","Vachellia aroma","Flora","Acacia aroma Gillies ex Hook. & Arn.","Magnoliopsida","Fabales","Fabaceae","Vachellia",2,"GBIF","Otros conjuntos mediados por GBIF",2004,2004,2,FALSE,"Vachellia aroma","Least Concern","198984214","Preocupación Menor (LC)",FALSE
"Mollepata","Veronica arvensis","Flora","Veronica arvensis L.","Magnoliopsida","Lamiales","Plantaginaceae","Veronica",2,"GBIF","Otros conjuntos mediados por GBIF",2012,2013,1,TRUE,"---","---",NA,"No Evaluada (NE)",FALSE
"Mollepata","Vicugna pacos","Fauna","Lama pacos","Mammalia","Artiodactyla","Camelidae","Vicugna",2,"iNaturalist","iNaturalist",2025,2025,2,FALSE,"---","---",NA,"No Evaluada (NE)",FALSE
"Mollepata","Vireo leucophrys","Fauna","Vireo leucophrys (Lafresnaye, 1844)","Aves","Passeriformes","Vireonidae","Vireo",2,"GBIF","eBird",2020,2020,2,FALSE,"Vireo leucophrys","Least Concern","22705273","Preocupación Menor (LC)",FALSE
"Mollepata","Wissadula boliviana","Flora","Wissadula boliviana R.E.Fr.","Magnoliopsida","Malvales","Malvaceae","Wissadula",2,"GBIF","Otros conjuntos mediados por GBIF",2004,2004,1,TRUE,"Wissadula boliviana","Least Concern","128237409","Preocupación Menor (LC)",FALSE
"Mollepata","Xenops genibarbis","Fauna","Xenops genibarbis Illiger, 1811","Aves","Passeriformes","Furnariidae","Xenops",2,"GBIF","eBird",2015,2015,1,TRUE,"Xenops genibarbis","Least Concern","103670758","Preocupación Menor (LC)",FALSE
"Mollepata","Adelomyia melanogenys","Fauna","Adelomyia melanogenys (Fraser, 1840)","Aves","Apodiformes","Trochilidae","Adelomyia",1,"GBIF","eBird",2022,2022,2,FALSE,"Adelomyia melanogenys","Least Concern","22687696","Preocupación Menor (LC)",FALSE
"Mollepata","Adenaria floribunda","Flora","Adenaria floribunda","Magnoliopsida","Myrtales","Lythraceae","Adenaria",1,"iNaturalist","iNaturalist",2021,2021,1,TRUE,"Adenaria floribunda","Least Concern","135868152","Preocupación Menor (LC)",FALSE
"Mollepata","Adiantum poiretii","Flora","Adiantum poiretii","Polypodiopsida","Polypodiales","Pteridaceae","Adiantum",1,"iNaturalist","iNaturalist",2025,2025,1,TRUE,"---","---",NA,"No Evaluada (NE)",FALSE
"Mollepata","Aetheolaena betonicifolia","Flora","Aetheolaena campanulata","Magnoliopsida","Asterales","Asteraceae","Aetheolaena",1,"iNaturalist","iNaturalist",2014,2014,1,TRUE,"---","---",NA,"No Evaluada (NE)",FALSE
"Mollepata","Aglaoctenus lagotis","Fauna","Aglaoctenus lagotis","Arachnida","Araneae","Lycosidae","Aglaoctenus",1,"iNaturalist","iNaturalist",2026,2026,2,FALSE,"---","---",NA,"No Evaluada (NE)",FALSE
"Mollepata","Aldama lanceolata","Flora","Aldama lanceolata","Magnoliopsida","Asterales","Asteraceae","Aldama",1,"iNaturalist","iNaturalist",2014,2014,1,TRUE,"---","---",NA,"No Evaluada (NE)",FALSE
"Mollepata","Alstroemeria pygmaea","Flora","Alstroemeria pygmaea","Liliopsida","Liliales","Alstroemeriaceae","Alstroemeria",1,"iNaturalist","iNaturalist",2024,2024,1,TRUE,"---","---",NA,"No Evaluada (NE)",FALSE
"Mollepata","Amazonetta brasiliensis","Fauna","Amazonetta brasiliensis","Aves","Anseriformes","Anatidae","Amazonetta",1,"iNaturalist","iNaturalist",2025,2025,1,TRUE,"Amazonetta brasiliensis","Least Concern","22680115","Preocupación Menor (LC)",FALSE
"Mollepata","Anastrophyllum auritum","Flora","Anastrophyllum auritum (Lehm.) Steph.","Jungermanniopsida","Jungermanniales","Anastrophyllaceae","Anastrophyllum",1,"GBIF","Otros conjuntos mediados por GBIF",2012,2012,1,TRUE,"---","---",NA,"No Evaluada (NE)",FALSE
"Mollepata","Anchietea frangulifolia","Flora","Anchietea frangulifolia (Kunth) Melch.","Magnoliopsida","Malpighiales","Violaceae","Anchietea",1,"GBIF","Otros conjuntos mediados por GBIF",2004,2004,1,TRUE,"---","---",NA,"No Evaluada (NE)",FALSE
"Mollepata","Ancognatha scarabaeoides","Fauna","Ancognatha scarabaeoides","Insecta","Coleoptera","Scarabaeidae","Ancognatha",1,"iNaturalist","iNaturalist",2026,2026,1,TRUE,"---","---",NA,"No Evaluada (NE)",FALSE
"Mollepata","Andinocleome lechleri","Flora","Cleome lechleri","Magnoliopsida","Brassicales","Cleomaceae","Andinocleome",1,"iNaturalist","iNaturalist",2014,2014,1,TRUE,"---","---",NA,"No Evaluada (NE)",FALSE
"Mollepata","Anisognathus lacrymosus","Fauna","Anisognathus lacrymosus (Du Bus de Gisignies, 1846)","Aves","Passeriformes","Thraupidae","Anisognathus",1,"GBIF","eBird",2019,2019,1,TRUE,"Anisognathus lacrymosus","Least Concern","22722630","Preocupación Menor (LC)",FALSE
"Mollepata","Apiomerus luctuosus","Fauna","Apiomerus obesus Lima, Seabra & Hathaway, 1951","Insecta","Hemiptera","Reduviidae","Apiomerus",1,"GBIF","Otros conjuntos mediados por GBIF",1951,1951,1,TRUE,"---","---",NA,"No Evaluada (NE)",FALSE
"Mollepata","Aratinga wagleri","Fauna","Psittacara frontatus","Aves","Psittaciformes","Psittacidae","Aratinga",1,"iNaturalist","iNaturalist",2013,2013,2,FALSE,"---","---",NA,"No Evaluada (NE)",FALSE
"Mollepata","Ardea cocoi","Fauna","Ardea cocoi Linnaeus, 1766","Aves","Pelecaniformes","Ardeidae","Ardea",1,"GBIF","eBird",2020,2020,4,FALSE,"Ardea cocoi","Least Concern","22697001","Preocupación Menor (LC)",FALSE
"Mollepata","Arenaria orbignyana","Flora","Arenaria orbignyana","Magnoliopsida","Caryophyllales","Caryophyllaceae","Arenaria",1,"iNaturalist","iNaturalist",2024,2024,1,TRUE,"Arenaria orbignyana","Least Concern","131363125","Preocupación Menor (LC)",FALSE
"Mollepata","Arenaria tetragyna","Flora","Arenaria tetragyna","Magnoliopsida","Caryophyllales","Caryophyllaceae","Arenaria",1,"iNaturalist","iNaturalist",2024,2024,2,FALSE,"Arenaria tetragyna","Least Concern","131363540","Preocupación Menor (LC)",FALSE
"Mollepata","Argemone subfusiformis","Flora","Argemone subfusiformis","Magnoliopsida","Ranunculales","Papaveraceae","Argemone",1,"iNaturalist","iNaturalist",2024,2024,1,TRUE,"---","---",NA,"No Evaluada (NE)",FALSE
"Mollepata","Aristeguietia discolor","Flora","Aristeguietia discolor","Magnoliopsida","Asterales","Asteraceae","Aristeguietia",1,"iNaturalist","iNaturalist",2014,2014,1,TRUE,"Aristeguietia discolor","near threatened","36814","No Evaluada (NE)",FALSE
"Mollepata","Asplenium castaneum","Flora","Asplenium castaneum Schltdl. & Cham.","Polypodiopsida","Polypodiales","Aspleniaceae","Asplenium",1,"GBIF","Otros conjuntos mediados por GBIF",2013,2013,1,TRUE,"---","---",NA,"No Evaluada (NE)",FALSE
"Mollepata","Asplenium haenkeanum","Flora","Asplenium haenkeanum (C.Presl) Hieron.","Polypodiopsida","Polypodiales","Aspleniaceae","Asplenium",1,"GBIF","Otros conjuntos mediados por GBIF",2013,2013,1,TRUE,"---","---",NA,"No Evaluada (NE)",FALSE
"Mollepata","Athene cunicularia","Fauna","Athene cunicularia (Molina, 1782)","Aves","Strigiformes","Strigidae","Athene",1,"GBIF","eBird",2019,2019,5,FALSE,"Athene cunicularia","Least Concern","22689353","Preocupación Menor (LC)",FALSE
"Mollepata","Austrolycopodium magellanicum","Flora","Austrolycopodium magellanicum (P.Beauv.) Holub","Lycopodiopsida","Lycopodiales","Lycopodiaceae","Austrolycopodium",1,"GBIF","Otros conjuntos mediados por GBIF",2012,2012,1,TRUE,"---","---",NA,"No Evaluada (NE)",FALSE
"Mollepata","Azorella pedunculata","Flora","Azorella pedunculata","Magnoliopsida","Apiales","Apiaceae","Azorella",1,"iNaturalist","iNaturalist",2026,2026,1,TRUE,"---","---",NA,"No Evaluada (NE)",FALSE
"Mollepata","Baccharis alpina","Flora","Baccharis alpina","Magnoliopsida","Asterales","Asteraceae","Baccharis",1,"iNaturalist","iNaturalist",2025,2025,1,TRUE,"---","---",NA,"No Evaluada (NE)",FALSE
"Mollepata","Baccharis genistelloides","Flora","Baccharis genistelloides","Magnoliopsida","Asterales","Asteraceae","Baccharis",1,"iNaturalist","iNaturalist",2026,2026,1,TRUE,"---","---",NA,"No Evaluada (NE)",FALSE
"Mollepata","Baccharis tola","Flora","Baccharis tola Phil.","Magnoliopsida","Asterales","Asteraceae","Baccharis",1,"GBIF","Otros conjuntos mediados por GBIF",2013,2013,1,TRUE,"---","---",NA,"No Evaluada (NE)",FALSE
"Mollepata","Barnadesia arborea","Flora","Barnadesia arborea","Magnoliopsida","Asterales","Asteraceae","Barnadesia",1,"iNaturalist","iNaturalist",2022,2022,1,TRUE,"---","---",NA,"No Evaluada (NE)",FALSE
"Mollepata","Basileuterus tristriatus","Fauna","Basileuterus tristriatus (Tschudi, 1844)","Aves","Passeriformes","Parulidae","Basileuterus",1,"GBIF","eBird",2018,2018,1,TRUE,"Basileuterus tristriatus","Least Concern","232775023","Preocupación Menor (LC)",FALSE
"Mollepata","Battus polydamas","Fauna","Battus polydamas","Insecta","Lepidoptera","Papilionidae","Battus",1,"iNaturalist","iNaturalist",2024,2024,1,TRUE,"Battus polydamas","Least Concern","110520503","Preocupación Menor (LC)",FALSE
"Mollepata","Begonia acerifolia","Flora","Begonia acerifolia","Magnoliopsida","Cucurbitales","Begoniaceae","Begonia",1,"iNaturalist","iNaturalist",2026,2026,2,FALSE,"Begonia acerifolia","Near Threatened","43049","Casi Amenazada (NT)",FALSE
"Mollepata","Begonia bracteosa","Flora","Begonia bracteosa","Magnoliopsida","Cucurbitales","Begoniaceae","Begonia",1,"iNaturalist","iNaturalist",2026,2026,1,TRUE,"---","---",NA,"No Evaluada (NE)",FALSE
"Mollepata","Begonia clarkei","Flora","Begonia clarkei Hook.fil.","Magnoliopsida","Cucurbitales","Begoniaceae","Begonia",1,"GBIF","Otros conjuntos mediados por GBIF",2004,2004,1,TRUE,"---","---",NA,"No Evaluada (NE)",FALSE
"Mollepata","Bostryx cuspidatus","Fauna","Bostryx cuspidatus (Morelet, 1863)","Gastropoda","Stylommatophora","Bulimulidae","Bostryx",1,"GBIF","Otros conjuntos mediados por GBIF",1969,1969,1,TRUE,"---","---",NA,"No Evaluada (NE)",FALSE
"Mollepata","Bostryx laurentii","Fauna","Bulinus laurentii G.B.Sowerby I, 1833","Gastropoda","Stylommatophora","Bulimulidae","Bostryx",1,"GBIF","Otros conjuntos mediados por GBIF",NA,NA,1,TRUE,"---","---",NA,"No Evaluada (NE)",FALSE
"Mollepata","Brachyotum rostratum","Flora","Brachyotum rostratum","Magnoliopsida","Myrtales","Melastomataceae","Brachyotum",1,"iNaturalist","iNaturalist",2014,2014,1,TRUE,"---","---",NA,"No Evaluada (NE)",FALSE
"Mollepata","Braunia subincana","Flora","Braunia subincana Broth.","Bryopsida","Hedwigiales","Hedwigiaceae","Braunia",1,"GBIF","Otros conjuntos mediados por GBIF",2012,2012,1,TRUE,"---","---",NA,"No Evaluada (NE)",FALSE
"Mollepata","Breutelia tomentosa","Flora","Breutelia tomentosa (Sw. ex Brid.) A.Jaeger","Bryopsida","Bartramiales","Bartramiaceae","Breutelia",1,"GBIF","Otros conjuntos mediados por GBIF",1949,1949,1,TRUE,"---","---",NA,"No Evaluada (NE)",FALSE
"Mollepata","Bromus catharticus","Flora","Bromus catharticus Vahl","Liliopsida","Poales","Poaceae","Bromus",1,"GBIF","Otros conjuntos mediados por GBIF",2013,2013,1,TRUE,"---","---",NA,"No Evaluada (NE)",FALSE
"Mollepata","Bucklandiella crispipila","Flora","Racomitrium crispipilum (Taylor) A.Jaeger","Bryopsida","Grimmiales","Grimmiaceae","Bucklandiella",1,"GBIF","Otros conjuntos mediados por GBIF",1949,1949,1,TRUE,"---","---",NA,"No Evaluada (NE)",FALSE
"Mollepata","Buddleja incana","Flora","Buddleja incana","Magnoliopsida","Lamiales","Scrophulariaceae","Buddleja",1,"iNaturalist","iNaturalist",2014,2014,1,TRUE,"Buddleja incana","Least Concern","131369352","Preocupación Menor (LC)",FALSE
"Mollepata","Calceolaria myriophylla","Flora","Calceolaria myriophylla","Magnoliopsida","Lamiales","Calceolariaceae","Calceolaria",1,"iNaturalist","iNaturalist",2014,2014,3,FALSE,"---","---",NA,"No Evaluada (NE)",FALSE
"Mollepata","Calidris melanotos","Fauna","Calidris melanotos (Vieillot, 1819)","Aves","Charadriiformes","Scolopacidae","Calidris",1,"GBIF","eBird",2014,2014,3,FALSE,"Calidris melanotos","Least Concern","22693408","Preocupación Menor (LC)",FALSE
"Mollepata","Callistemon viminalis","Flora","Melaleuca viminalis","Magnoliopsida","Myrtales","Myrtaceae","Callistemon",1,"iNaturalist","iNaturalist",2021,2021,1,TRUE,"---","---",NA,"No Evaluada (NE)",FALSE
"Mollepata","Campylorhynchus turdinus","Fauna","Campylorhynchus turdinus (Wied-Neuwied, 1821)","Aves","Passeriformes","Troglodytidae","Campylorhynchus",1,"GBIF","eBird",2023,2023,1,TRUE,"Campylorhynchus turdinus","Least Concern","22711306","Preocupación Menor (LC)",FALSE
"Mollepata","Caracara plancus","Fauna","Caracara plancus (J.F.Miller, 1777)","Aves","Falconiformes","Falconidae","Caracara",1,"GBIF","eBird",2018,2018,2,FALSE,"Caracara plancus","Least Concern","22729784","Preocupación Menor (LC)",FALSE
"Mollepata","Cardiospermum corindum","Flora","Cardiospermum corindum L.","Magnoliopsida","Sapindales","Sapindaceae","Cardiospermum",1,"GBIF","Otros conjuntos mediados por GBIF",2003,2003,2,FALSE,"---","---",NA,"No Evaluada (NE)",FALSE
"Mollepata","Carex hebetata","Flora","Carex hebetata","Liliopsida","Poales","Cyperaceae","Carex",1,"iNaturalist","iNaturalist",2026,2026,1,TRUE,"---","---",NA,"No Evaluada (NE)",FALSE
"Mollepata","Carex macloviana","Flora","Carex macloviana d'Urv.","Liliopsida","Poales","Cyperaceae","Carex",1,"GBIF","Otros conjuntos mediados por GBIF",2012,2012,1,TRUE,"---","---",NA,"No Evaluada (NE)",FALSE
"Mollepata","Castilleja laciniata","Flora","Castilleja laciniata","Magnoliopsida","Lamiales","Orobanchaceae","Castilleja",1,"iNaturalist","iNaturalist",2022,2022,1,TRUE,"---","---",NA,"No Evaluada (NE)",FALSE
"Mollepata","Castilleja virgata","Flora","Castilleja virgata","Magnoliopsida","Lamiales","Orobanchaceae","Castilleja",1,"iNaturalist","iNaturalist",2025,2025,1,TRUE,"---","---",NA,"No Evaluada (NE)",FALSE
"Mollepata","Castilleja virgatoides","Flora","Castilleja virgatoides Edwin","Magnoliopsida","Lamiales","Orobanchaceae","Castilleja",1,"GBIF","Otros conjuntos mediados por GBIF",2013,2013,1,TRUE,"---","---",NA,"No Evaluada (NE)",FALSE
"Mollepata","Cerastium subspicatum","Flora","Cerastium subspicatum Wedd.","Magnoliopsida","Caryophyllales","Caryophyllaceae","Cerastium",1,"GBIF","Otros conjuntos mediados por GBIF",2013,2013,1,TRUE,"---","---",NA,"No Evaluada (NE)",FALSE
"Mollepata","Chaerophyllum andicola","Flora","Oreomyrrhis andicola (Lag. ex DC.) Hook.fil.","Magnoliopsida","Apiales","Apiaceae","Chaerophyllum",1,"GBIF","Otros conjuntos mediados por GBIF",2012,2012,1,TRUE,"---","---",NA,"No Evaluada (NE)",FALSE
"Mollepata","Chaetura cinereiventris","Fauna","Chaetura cinereiventris P.L.Sclater, 1862","Aves","Apodiformes","Apodidae","Chaetura",1,"GBIF","eBird",2024,2024,1,TRUE,"Chaetura cinereiventris","Least Concern","22686701","Preocupación Menor (LC)",FALSE
"Mollepata","Chloraea multilineolata","Flora","Chloraea multilineolata","Liliopsida","Asparagales","Orchidaceae","Chloraea",1,"iNaturalist","iNaturalist",2021,2021,1,TRUE,"---","---",NA,"No Evaluada (NE)",FALSE
"Mollepata","Chloraea reticulata","Flora","Chloraea reticulata","Liliopsida","Asparagales","Orchidaceae","Chloraea",1,"iNaturalist","iNaturalist",2021,2021,2,FALSE,"---","---",NA,"No Evaluada (NE)",FALSE
"Mollepata","Chondrohierax uncinatus","Fauna","Chondrohierax uncinatus (Temminck, 1822)","Aves","Accipitriformes","Accipitridae","Chondrohierax",1,"GBIF","eBird",2023,2023,1,TRUE,"Chondrohierax uncinatus","Least Concern","22694971","Preocupación Menor (LC)",FALSE
"Mollepata","Chusquea scandens","Flora","Chusquea scandens","Liliopsida","Poales","Poaceae","Chusquea",1,"iNaturalist","iNaturalist",2024,2024,1,TRUE,"---","---",NA,"No Evaluada (NE)",FALSE
"Mollepata","Cinnagrostis rigescens","Flora","Deyeuxia rigescens (J.Presl) Türpe","Liliopsida","Poales","Poaceae","Cinnagrostis",1,"GBIF","Otros conjuntos mediados por GBIF",2012,2012,1,TRUE,"---","---",NA,"No Evaluada (NE)",FALSE
"Mollepata","Cinnagrostis vicunarum","Flora","Deyeuxia vicunarum Wedd.","Liliopsida","Poales","Poaceae","Cinnagrostis",1,"GBIF","Otros conjuntos mediados por GBIF",2012,2012,1,TRUE,"---","---",NA,"No Evaluada (NE)",FALSE
"Mollepata","Citharexylum herrerae","Flora","Citharexylum herrerae","Magnoliopsida","Lamiales","Verbenaceae","Citharexylum",1,"iNaturalist","iNaturalist",2014,2014,1,TRUE,"---","---",NA,"No Evaluada (NE)",FALSE
"Mollepata","Citharexylum laurifolium","Flora","Citharexylum laurifolium Hayek","Magnoliopsida","Lamiales","Verbenaceae","Citharexylum",1,"GBIF","Otros conjuntos mediados por GBIF",2004,2004,1,TRUE,"---","---",NA,"No Evaluada (NE)",FALSE
"Mollepata","Clitoria ternatea","Flora","Clitoria ternatea","Magnoliopsida","Fabales","Fabaceae","Clitoria",1,"iNaturalist","iNaturalist",2023,2023,1,TRUE,"---","---",NA,"No Evaluada (NE)",FALSE
"Mollepata","Coereba flaveola","Fauna","Coereba flaveola (Linnaeus, 1758)","Aves","Passeriformes","Thraupidae","Coereba",1,"GBIF","eBird",2018,2018,1,TRUE,"Coereba flaveola","Least Concern","22722080","Preocupación Menor (LC)",FALSE
"Mollepata","Condea tafallae","Flora","Condea tafallae","Magnoliopsida","Lamiales","Lamiaceae","Condea",1,"iNaturalist","iNaturalist",2021,2021,1,TRUE,"Condea tafallae","Least Concern","146073044","Preocupación Menor (LC)",FALSE
"Mollepata","Conirostrum speciosum","Fauna","Conirostrum speciosum (Temminck, 1824)","Aves","Passeriformes","Thraupidae","Conirostrum",1,"GBIF","eBird",2024,2024,1,TRUE,"Conirostrum speciosum","Least Concern","22722083","Preocupación Menor (LC)",FALSE
"Mollepata","Conium maculatum","Flora","Conium maculatum","Magnoliopsida","Apiales","Apiaceae","Conium",1,"iNaturalist","iNaturalist",2022,2022,3,FALSE,"---","---",NA,"No Evaluada (NE)",FALSE
"Mollepata","Coragyps atratus","Fauna","Coragyps atratus (Bechstein, 1793)","Aves","Accipitriformes","Cathartidae","Coragyps",1,"GBIF","eBird",2014,2014,4,FALSE,"Coragyps atratus","Least Concern","22697624","Preocupación Menor (LC)",FALSE
"Mollepata","Cranichis ciliata","Flora","Cranichis ciliata","Liliopsida","Asparagales","Orchidaceae","Cranichis",1,"iNaturalist","iNaturalist",2021,2021,1,TRUE,"---","---",NA,"No Evaluada (NE)",FALSE
"Mollepata","Croton thurifer","Flora","Croton thurifer Kunth","Magnoliopsida","Malpighiales","Euphorbiaceae","Croton",1,"GBIF","Otros conjuntos mediados por GBIF",2019,2019,1,TRUE,"---","---",NA,"No Evaluada (NE)",FALSE
"Mollepata","Cybdelis phaesyle","Fauna","Cybdelis boliviana","Insecta","Lepidoptera","Nymphalidae","Cybdelis",1,"iNaturalist","iNaturalist",2024,2024,1,TRUE,"---","---",NA,"No Evaluada (NE)",FALSE
"Mollepata","Cyrtochilum caespitosum","Flora","Cyrtochilum caespitosum","Liliopsida","Asparagales","Orchidaceae","Cyrtochilum",1,"iNaturalist","iNaturalist",2022,2022,1,TRUE,"---","---",NA,"No Evaluada (NE)",FALSE
"Mollepata","Datura stramonium","Flora","Datura stramonium","Magnoliopsida","Solanales","Solanaceae","Datura",1,"iNaturalist","iNaturalist",2024,2024,1,TRUE,"---","---",NA,"No Evaluada (NE)",FALSE
"Mollepata","Dendrophorbium fortunatum","Flora","Dendrophorbium fortunatum","Magnoliopsida","Asterales","Asteraceae","Dendrophorbium",1,"iNaturalist","iNaturalist",2014,2014,1,TRUE,"---","---",NA,"No Evaluada (NE)",FALSE
"Mollepata","Descurainia myriophylla","Flora","Descurainia myriophylla","Magnoliopsida","Brassicales","Brassicaceae","Descurainia",1,"iNaturalist","iNaturalist",2024,2024,3,FALSE,"---","---",NA,"No Evaluada (NE)",FALSE
"Mollepata","Digitalis purpurea","Flora","Digitalis purpurea","Magnoliopsida","Lamiales","Plantaginaceae","Digitalis",1,"iNaturalist","iNaturalist",2025,2025,1,TRUE,"---","---",NA,"No Evaluada (NE)",FALSE
"Mollepata","Dione glycera","Fauna","Dione glycera","Insecta","Lepidoptera","Nymphalidae","Dione",1,"iNaturalist","iNaturalist",2019,2019,1,TRUE,"---","---",NA,"No Evaluada (NE)",FALSE
"Mollepata","Dione juno","Fauna","Dione juno","Insecta","Lepidoptera","Nymphalidae","Dione",1,"iNaturalist","iNaturalist",2026,2026,2,FALSE,"---","---",NA,"No Evaluada (NE)",FALSE
"Mollepata","Distichium capillaceum","Flora","Distichium capillaceum (Hedw.) Bruch & Schimp.","Bryopsida","Scouleriales","Distichiaceae","Distichium",1,"GBIF","Otros conjuntos mediados por GBIF",1977,1977,1,TRUE,"---","---",NA,"No Evaluada (NE)",FALSE
"Mollepata","Drepanolejeunea cutervoensis","Flora","Drepanolejeunea cutervoensis (Loitl.) Grolle","Jungermanniopsida","Porellales","Lejeuneaceae","Drepanolejeunea",1,"GBIF","Otros conjuntos mediados por GBIF",2012,2012,1,TRUE,"---","---",NA,"No Evaluada (NE)",FALSE
"Mollepata","Drymoea alcera","Fauna","Drymoea alcera","Insecta","Lepidoptera","Geometridae","Drymoea",1,"GBIF","Otros conjuntos mediados por GBIF",2004,2004,1,TRUE,"---","---",NA,"No Evaluada (NE)",FALSE
"Mollepata","Drymophila striaticeps","Fauna","Drymophila striaticeps Chapman, 1912","Aves","Passeriformes","Thamnophilidae","Drymophila",1,"GBIF","eBird",2021,2021,1,TRUE,"Drymophila striaticeps","Least Concern","103658699","Preocupación Menor (LC)",FALSE
"Mollepata","Dynamine mylitta","Fauna","Dynamine postverta","Insecta","Lepidoptera","Nymphalidae","Dynamine",1,"iNaturalist","iNaturalist",2024,2024,1,TRUE,"---","---",NA,"No Evaluada (NE)",FALSE
"Mollepata","Dysphania ambrosioides","Flora","Dysphania ambrosioides","Magnoliopsida","Caryophyllales","Amaranthaceae","Dysphania",1,"iNaturalist","iNaturalist",2022,2022,1,TRUE,"---","---",NA,"No Evaluada (NE)",FALSE
"Mollepata","Egretta thula","Fauna","Egretta thula (Molina, 1782)","Aves","Pelecaniformes","Ardeidae","Egretta",1,"GBIF","eBird",2014,2014,4,FALSE,"Egretta thula","Least Concern","22696974","Preocupación Menor (LC)",FALSE
"Mollepata","Eleocharis albibracteata","Flora","Eleocharis albibracteata Nees & Meyen ex Kunth","Liliopsida","Poales","Cyperaceae","Eleocharis",1,"GBIF","Otros conjuntos mediados por GBIF",2012,2012,1,TRUE,"---","---",NA,"No Evaluada (NE)",FALSE
"Mollepata","Elleanthus amethystinus","Flora","Elleanthus amethystinus","Liliopsida","Asparagales","Orchidaceae","Elleanthus",1,"iNaturalist","iNaturalist",2022,2022,1,TRUE,"---","---",NA,"No Evaluada (NE)",FALSE
"Mollepata","Empidonomus aurantioatrocristatus","Fauna","Empidonomus aurantioatrocristatus (Orbigny & Lafresnaye, 1837)","Aves","Passeriformes","Tyrannidae","Empidonomus",1,"GBIF","eBird",2018,2018,3,FALSE,"---","---",NA,"No Evaluada (NE)",FALSE
"Mollepata","Entodon beyrichii","Flora","Entodon beyrichii (Schwägr.) Müll.Hal.","Bryopsida","Hypnales","Entodontaceae","Entodon",1,"GBIF","Otros conjuntos mediados por GBIF",NA,NA,1,TRUE,"---","---",NA,"No Evaluada (NE)",FALSE
"Mollepata","Epidendrum megagastrium","Flora","Epidendrum megagastrium","Liliopsida","Asparagales","Orchidaceae","Epidendrum",1,"iNaturalist","iNaturalist",2014,2014,1,TRUE,"---","---",NA,"No Evaluada (NE)",FALSE
"Mollepata","Epiphyllum phyllanthus","Flora","Epiphyllum phyllanthus","Magnoliopsida","Caryophyllales","Cactaceae","Epiphyllum",1,"iNaturalist","iNaturalist",2022,2022,1,TRUE,"Epiphyllum phyllanthus","Least Concern","46520","Preocupación Menor (LC)",FALSE
"Mollepata","Eristalis tenax","Fauna","Eristalis tenax","Insecta","Diptera","Syrphidae","Eristalis",1,"iNaturalist","iNaturalist",2023,2023,2,FALSE,"---","---",NA,"No Evaluada (NE)",FALSE
"Mollepata","Erythrophyllopsis andina","Flora","Erythrophyllopsis andina (Sull.) R.H.Zander","Bryopsida","Pottiales","Pottiaceae","Erythrophyllopsis",1,"GBIF","Otros conjuntos mediados por GBIF",1982,1982,2,FALSE,"---","---",NA,"No Evaluada (NE)",FALSE
"Mollepata","Esenbeckia warscewiczii","Flora","Esenbeckia warscewiczii Engl.","Magnoliopsida","Sapindales","Rutaceae","Esenbeckia",1,"GBIF","Otros conjuntos mediados por GBIF",2006,2006,2,FALSE,"---","---",NA,"No Evaluada (NE)",FALSE
"Mollepata","Eudule limbata","Fauna","Eudule limbata","Insecta","Lepidoptera","Geometridae","Eudule",1,"iNaturalist","iNaturalist",2026,2026,1,TRUE,"---","---",NA,"No Evaluada (NE)",FALSE
"Mollepata","Eulaema polychroma","Fauna","Eulaema polychroma","Insecta","Hymenoptera","Apidae","Eulaema",1,"iNaturalist","iNaturalist",2024,2024,1,TRUE,"---","---",NA,"No Evaluada (NE)",FALSE
"Mollepata","Euphonia minuta","Fauna","Euphonia minuta Cabanis, 1849","Aves","Passeriformes","Fringillidae","Euphonia",1,"GBIF","eBird",2011,2011,1,TRUE,"Euphonia minuta","Least Concern","22722760","Preocupación Menor (LC)",FALSE
"Mollepata","Falco rufigularis","Fauna","Falco rufigularis Daudin, 1800","Aves","Falconiformes","Falconidae","Falco",1,"GBIF","eBird",2024,2024,1,TRUE,"Falco rufigularis","Least Concern","22696457","Preocupación Menor (LC)",FALSE
"Mollepata","Festuca casapaltensis","Flora","Festuca casapaltensis Ball","Liliopsida","Poales","Poaceae","Festuca",1,"GBIF","Otros conjuntos mediados por GBIF",2012,2012,1,TRUE,"---","---",NA,"No Evaluada (NE)",FALSE
"Mollepata","Festuca procera","Flora","Festuca sublimis Pilg.","Liliopsida","Poales","Poaceae","Festuca",1,"GBIF","Otros conjuntos mediados por GBIF",NA,NA,1,TRUE,"---","---",NA,"No Evaluada (NE)",FALSE
"Mollepata","Frullania clandestina","Flora","Frullania clandestina (Nees & Mont.) Nees","Jungermanniopsida","Porellales","Frullaniaceae","Frullania",1,"GBIF","Otros conjuntos mediados por GBIF",NA,NA,1,TRUE,"---","---",NA,"No Evaluada (NE)",FALSE
"Mollepata","Frullania cuencensis","Flora","Frullania cuencensis Taylor","Jungermanniopsida","Porellales","Frullaniaceae","Frullania",1,"GBIF","Otros conjuntos mediados por GBIF",2011,2011,1,TRUE,"---","---",NA,"No Evaluada (NE)",FALSE
"Mollepata","Furcraea andina","Flora","Furcraea andina","Liliopsida","Asparagales","Asparagaceae","Furcraea",1,"iNaturalist","iNaturalist",2023,2023,1,TRUE,"---","---",NA,"No Evaluada (NE)",FALSE
"Mollepata","Galinsoga quadriradiata","Flora","Galinsoga quadriradiata","Magnoliopsida","Asterales","Asteraceae","Galinsoga",1,"iNaturalist","iNaturalist",2026,2026,1,TRUE,"---","---",NA,"No Evaluada (NE)",FALSE
"Mollepata","Gallinago andina","Fauna","Gallinago andina Taczanowski, 1875","Aves","Charadriiformes","Scolopacidae","Gallinago",1,"GBIF","eBird",2013,2013,2,FALSE,"Gallinago andina","Least Concern","22693115","Preocupación Menor (LC)",FALSE
"Mollepata","Gaultheria prostrata","Flora","Gaultheria prostrata W.W.Sm.","Magnoliopsida","Ericales","Ericaceae","Gaultheria",1,"GBIF","Otros conjuntos mediados por GBIF",2012,2012,1,TRUE,"---","---",NA,"No Evaluada (NE)",FALSE
"Mollepata","Gentianella viridiflora","Flora","Gentianella viridiflora","Magnoliopsida","Gentianales","Gentianaceae","Gentianella",1,"iNaturalist","iNaturalist",2025,2025,1,TRUE,"---","---",NA,"No Evaluada (NE)",FALSE
"Mollepata","Geositta cunicularia","Fauna","Geositta cunicularia (Vieillot, 1816)","Aves","Passeriformes","Furnariidae","Geositta",1,"GBIF","eBird",2014,2014,3,FALSE,"Geositta cunicularia","Least Concern","22701981","Preocupación Menor (LC)",FALSE
"Mollepata","Geothlypis velata","Fauna","Geothlypis velata (Vieillot, 1809)","Aves","Passeriformes","Parulidae","Geothlypis",1,"GBIF","eBird",2019,2019,1,TRUE,"---","---",NA,"No Evaluada (NE)",FALSE
"Mollepata","Geranium sessiliflorum","Flora","Geranium sessiliflorum Cav.","Magnoliopsida","Geraniales","Geraniaceae","Geranium",1,"GBIF","Otros conjuntos mediados por GBIF",2012,2012,4,FALSE,"---","---",NA,"No Evaluada (NE)",FALSE
"Mollepata","Golofa eacus","Fauna","Golofa eacus","Insecta","Coleoptera","Scarabaeidae","Golofa",1,"iNaturalist","iNaturalist",2018,2018,1,TRUE,"---","---",NA,"No Evaluada (NE)",FALSE
"Mollepata","Gomphomacromia fallax","Fauna","Gomphomacromia fallax","Insecta","Odonata","Synthemistidae","Gomphomacromia",1,"iNaturalist","iNaturalist",2015,2015,1,TRUE,"Gomphomacromia fallax","Least Concern","159002","Preocupación Menor (LC)",FALSE
"Mollepata","Gynoxys longifolia","Flora","Gynoxys longifolia","Magnoliopsida","Asterales","Asteraceae","Gynoxys",1,"iNaturalist","iNaturalist",2014,2014,2,FALSE,"---","---",NA,"No Evaluada (NE)",FALSE
"Mollepata","Habenaria eustachya","Flora","Habenaria eustachya","Liliopsida","Asparagales","Orchidaceae","Habenaria",1,"iNaturalist","iNaturalist",2022,2022,1,TRUE,"Habenaria eustachya","Least Concern","256833445","Preocupación Menor (LC)",FALSE
"Mollepata","Hedeoma mandoniana","Flora","Hedeoma mandoniana Wedd.","Magnoliopsida","Lamiales","Lamiaceae","Hedeoma",1,"GBIF","Otros conjuntos mediados por GBIF",2012,2012,1,TRUE,"---","---",NA,"No Evaluada (NE)",FALSE
"Mollepata","Heliconius erato","Fauna","Heliconius erato microclea","Insecta","Lepidoptera","Nymphalidae","Heliconius",1,"iNaturalist","iNaturalist",2025,2025,1,TRUE,"---","---",NA,"No Evaluada (NE)",FALSE
"Mollepata","Heliconius microclea","Fauna","Heliconius microclea Kaye, 1907","Insecta","Lepidoptera","Nymphalidae","Heliconius",1,"GBIF","Otros conjuntos mediados por GBIF",2004,2004,1,TRUE,"---","---",NA,"No Evaluada (NE)",FALSE
"Mollepata","Heliodoxa leadbeateri","Fauna","Heliodoxa leadbeateri (Bourcier, 1843)","Aves","Apodiformes","Trochilidae","Heliodoxa",1,"GBIF","eBird",2019,2019,1,TRUE,"Heliodoxa leadbeateri","Least Concern","22687743","Preocupación Menor (LC)",FALSE
"Mollepata","Hieracium streptochaetum","Flora","Hieracium streptochaetum Zahn","Magnoliopsida","Asterales","Asteraceae","Hieracium",1,"GBIF","Otros conjuntos mediados por GBIF",2012,2012,1,TRUE,"---","---",NA,"No Evaluada (NE)",FALSE
"Mollepata","Hoplosphyrum griseum","Fauna","Hoplosphyrum griseum","Insecta","Orthoptera","Mogoplistidae","Hoplosphyrum",1,"iNaturalist","iNaturalist",2025,2025,1,TRUE,"---","---",NA,"No Evaluada (NE)",FALSE
"Mollepata","Hypochaeris meyeniana","Flora","Hypochaeris meyeniana","Magnoliopsida","Asterales","Asteraceae","Hypochaeris",1,"iNaturalist","iNaturalist",2024,2024,1,TRUE,"---","---",NA,"No Evaluada (NE)",FALSE
"Mollepata","Hypoestes phyllostachya","Flora","Hypoestes phyllostachya","Magnoliopsida","Lamiales","Acanthaceae","Hypoestes",1,"iNaturalist","iNaturalist",2019,2019,1,TRUE,"---","---",NA,"No Evaluada (NE)",FALSE
"Mollepata","Ida grandis","Flora","Ida grandis","Liliopsida","Asparagales","Orchidaceae","Ida",1,"iNaturalist","iNaturalist",2022,2022,1,TRUE,"---","---",NA,"No Evaluada (NE)",FALSE
"Mollepata","Ida heynderycxii","Flora","Ida heynderycxii","Liliopsida","Asparagales","Orchidaceae","Ida",1,"iNaturalist","iNaturalist",2023,2023,1,TRUE,"---","---",NA,"No Evaluada (NE)",FALSE
"Mollepata","Ida locusta","Flora","Ida locusta","Liliopsida","Asparagales","Orchidaceae","Ida",1,"iNaturalist","iNaturalist",2023,2023,1,TRUE,"---","---",NA,"No Evaluada (NE)",FALSE
"Mollepata","Ipomoea purpurea","Flora","Ipomoea purpurea","Magnoliopsida","Solanales","Convolvulaceae","Ipomoea",1,"iNaturalist","iNaturalist",2024,2024,2,FALSE,"---","---",NA,"No Evaluada (NE)",FALSE
"Mollepata","Jaltomata herrerae","Flora","Jaltomata herrerae","Magnoliopsida","Solanales","Solanaceae","Jaltomata",1,"iNaturalist","iNaturalist",2021,2021,1,TRUE,"---","---",NA,"No Evaluada (NE)",FALSE
"Mollepata","Jungia rugosa","Flora","Jungia rugosa","Magnoliopsida","Asterales","Asteraceae","Jungia",1,"iNaturalist","iNaturalist",2014,2014,1,TRUE,"---","---",NA,"No Evaluada (NE)",FALSE
"Mollepata","Kalanchoe houghtonii","Flora","Kalanchoe × houghtonii","Magnoliopsida","Saxifragales","Crassulaceae","Kalanchoe",1,"iNaturalist","iNaturalist",2024,2024,1,TRUE,"---","---",NA,"No Evaluada (NE)",FALSE
"Mollepata","Kleinothraupis atropileus","Fauna","Kleinothraupis atropileus","Aves","Passeriformes","Thraupidae","Kleinothraupis",1,"iNaturalist","iNaturalist",2023,2023,2,FALSE,"Kleinothraupis atropileus","Least Concern","103823004","Preocupación Menor (LC)",FALSE
"Mollepata","Kleinothraupis parodii","Fauna","Kleinothraupis parodii (Weske & Terborgh, 1974)","Aves","Passeriformes","Thraupidae","Kleinothraupis",1,"GBIF","eBird",2014,2014,2,FALSE,"Kleinothraupis parodii","Near Threatened","22722219","Casi Amenazada (NT)",FALSE
"Mollepata","Knipolegus poecilurus","Fauna","Knipolegus poecilurus (P.L.Sclater, 1862)","Aves","Passeriformes","Tyrannidae","Knipolegus",1,"GBIF","eBird",2019,2019,1,TRUE,"Knipolegus poecilurus","Least Concern","22700244","Preocupación Menor (LC)",FALSE
"Mollepata","Koeleria oreophila","Flora","Koeleria oreophila (Louis-Marie) Barberá, Quintanar, Soreng & P.M.Peterson","Liliopsida","Poales","Poaceae","Koeleria",1,"GBIF","Otros conjuntos mediados por GBIF",NA,NA,1,TRUE,"---","---",NA,"No Evaluada (NE)",FALSE
"Mollepata","Lachemilla aphanoides","Flora","Lachemilla aphanoides (Mutis ex L.fil.) Rothm.","Magnoliopsida","Rosales","Rosaceae","Lachemilla",1,"GBIF","Otros conjuntos mediados por GBIF",2013,2013,1,TRUE,"---","---",NA,"No Evaluada (NE)",FALSE
"Mollepata","Lantana scabiosiflora","Flora","Lantana scabiosiflora","Magnoliopsida","Lamiales","Verbenaceae","Lantana",1,"iNaturalist","iNaturalist",2021,2021,2,FALSE,"---","---",NA,"No Evaluada (NE)",FALSE
"Mollepata","Lasiophila orbifera","Fauna","Lasiophila orbifera Butler, 1868","Insecta","Lepidoptera","Nymphalidae","Lasiophila",1,"GBIF","Otros conjuntos mediados por GBIF",2004,2004,1,TRUE,"---","---",NA,"No Evaluada (NE)",FALSE
"Mollepata","Lepechinia meyenii","Flora","Lepechinia meyenii","Magnoliopsida","Lamiales","Lamiaceae","Lepechinia",1,"iNaturalist","iNaturalist",2026,2026,1,TRUE,"---","---",NA,"No Evaluada (NE)",FALSE
"Mollepata","Lepidium abrotanifolium","Flora","Lepidium abrotanifolium Turcz.","Magnoliopsida","Brassicales","Brassicaceae","Lepidium",1,"GBIF","Otros conjuntos mediados por GBIF",2012,2012,1,TRUE,"---","---",NA,"No Evaluada (NE)",FALSE
"Mollepata","Leptodontium pungens","Flora","Leptodontium pungens (Mitt.) Kindb.","Bryopsida","Pottiales","Pottiaceae","Leptodontium",1,"GBIF","Otros conjuntos mediados por GBIF",1982,1982,2,FALSE,"---","---",NA,"No Evaluada (NE)",FALSE
"Mollepata","Lippia antaica","Flora","Lippia antaica","Magnoliopsida","Lamiales","Verbenaceae","Lippia",1,"iNaturalist","iNaturalist",2009,2009,2,FALSE,"---","---",NA,"No Evaluada (NE)",FALSE
"Mollepata","Lontra longicaudis","Fauna","Lontra longicaudis","Mammalia","Carnivora","Mustelidae","Lontra",1,"iNaturalist","iNaturalist",2024,2024,1,TRUE,"Lontra longicaudis","Near Threatened","12304","Casi Amenazada (NT)",FALSE
"Mollepata","Lurocalis rufiventris","Fauna","Lurocalis rufiventris Taczanowski, 1884","Aves","Caprimulgiformes","Caprimulgidae","Lurocalis",1,"GBIF","eBird",2024,2024,1,TRUE,"Lurocalis rufiventris","Least Concern","22689698","Preocupación Menor (LC)",FALSE
"Mollepata","Lycalopex culpaeus","Fauna","Lycalopex culpaeus","Mammalia","Carnivora","Canidae","Lycalopex",1,"iNaturalist","iNaturalist",2009,2009,2,FALSE,"Lycalopex culpaeus","Least Concern","6929","Preocupación Menor (LC)",FALSE
"Mollepata","Lycopodium clavatum","Flora","Lycopodium clavatum","Lycopodiopsida","Lycopodiales","Lycopodiaceae","Lycopodium",1,"iNaturalist","iNaturalist",2014,2014,1,TRUE,"---","---",NA,"No Evaluada (NE)",FALSE
"Mollepata","Lymanopoda eubagioides","Fauna","Lymanopoda eubagioides","Insecta","Lepidoptera","Nymphalidae","Lymanopoda",1,"iNaturalist","iNaturalist",2013,2013,1,TRUE,"---","---",NA,"No Evaluada (NE)",FALSE
"Mollepata","Lymanopoda shefteli","Fauna","Lymanopoda shefteli","Insecta","Lepidoptera","Nymphalidae","Lymanopoda",1,"iNaturalist","iNaturalist",2024,2024,1,TRUE,"---","---",NA,"No Evaluada (NE)",FALSE
"Mollepata","Lysimachia arvensis","Flora","Lysimachia arvensis","Magnoliopsida","Ericales","Primulaceae","Lysimachia",1,"iNaturalist","iNaturalist",2024,2024,1,TRUE,"---","---",NA,"No Evaluada (NE)",FALSE
"Mollepata","Maclura tinctoria","Flora","Maclura tinctoria","Magnoliopsida","Rosales","Moraceae","Maclura",1,"iNaturalist","iNaturalist",2021,2021,1,TRUE,"Maclura tinctoria","Least Concern","61886731","Preocupación Menor (LC)",FALSE
"Mollepata","Medicago lupulina","Flora","Medicago lupulina","Magnoliopsida","Fabales","Fabaceae","Medicago",1,"iNaturalist","iNaturalist",2025,2025,1,TRUE,"---","---",NA,"No Evaluada (NE)",FALSE
"Mollepata","Megascops albogularis","Fauna","Megascops albogularis (Cassin, 1849)","Aves","Strigiformes","Strigidae","Megascops",1,"GBIF","eBird",2014,2014,1,TRUE,"Megascops albogularis","Least Concern","22688903","Preocupación Menor (LC)",FALSE
"Mollepata","Megastraea undosa","Fauna","Megastraea undosa (W.Wood, 1828)","Gastropoda","Trochida","Turbinidae","Megastraea",1,"GBIF","Otros conjuntos mediados por GBIF",NA,NA,1,TRUE,"---","---",NA,"No Evaluada (NE)",FALSE
"Mollepata","Melochia leucantha","Flora","Melochia leucantha","Magnoliopsida","Malvales","Malvaceae","Melochia",1,"iNaturalist","iNaturalist",2021,2021,1,TRUE,"---","---",NA,"No Evaluada (NE)",FALSE
"Mollepata","Metzgeria agnewiae","Flora","Metzgeria agnewiae Kuwah.","Jungermanniopsida","Metzgeriales","Metzgeriaceae","Metzgeria",1,"GBIF","Otros conjuntos mediados por GBIF",2011,2011,1,TRUE,"---","---",NA,"No Evaluada (NE)",FALSE
"Mollepata","Metzgeria consanguinea","Flora","Metzgeria attenuata Steph.","Jungermanniopsida","Metzgeriales","Metzgeriaceae","Metzgeria",1,"GBIF","Otros conjuntos mediados por GBIF",2011,2011,1,TRUE,"---","---",NA,"No Evaluada (NE)",FALSE
"Mollepata","Metzgeria scyphigera","Flora","Metzgeria scyphigera A.Evans","Jungermanniopsida","Metzgeriales","Metzgeriaceae","Metzgeria",1,"GBIF","Otros conjuntos mediados por GBIF",2011,2011,1,TRUE,"---","---",NA,"No Evaluada (NE)",FALSE
"Mollepata","Microcerella curiosa","Fauna","Boetia curiosa Dodge, 1965","Insecta","Diptera","Sarcophagidae","Microcerella",1,"GBIF","Otros conjuntos mediados por GBIF",1951,1951,1,TRUE,"---","---",NA,"No Evaluada (NE)",FALSE
"Mollepata","Microspingus trifasciatus","Fauna","Microspingus trifasciatus","Aves","Passeriformes","Thraupidae","Microspingus",1,"iNaturalist","iNaturalist",2019,2019,1,TRUE,"Microspingus trifasciatus","Least Concern","22722248","Preocupación Menor (LC)",FALSE
"Mollepata","Micrurus annellatus","Fauna","Micrurus annellatus","Squamata",NA,"Elapidae","Micrurus",1,"iNaturalist","iNaturalist",2024,2024,1,TRUE,"Micrurus annellatus","Least Concern","15202826","Preocupación Menor (LC)",FALSE
"Mollepata","Minthostachys mollis","Flora","Minthostachys mollis","Magnoliopsida","Lamiales","Lamiaceae","Minthostachys",1,"iNaturalist","iNaturalist",2014,2014,1,TRUE,"---","---",NA,"No Evaluada (NE)",FALSE
"Mollepata","Mirabilis viscosa","Flora","Mirabilis viscosa","Magnoliopsida","Caryophyllales","Nyctaginaceae","Mirabilis",1,"iNaturalist","iNaturalist",2021,2021,1,TRUE,"---","---",NA,"No Evaluada (NE)",FALSE
"Mollepata","Mniodes longifolia","Flora","Belloa longifolia (Cuatrec. & Aristeg.) Sagást. & M.O.Dillon","Magnoliopsida","Asterales","Asteraceae","Mniodes",1,"GBIF","Otros conjuntos mediados por GBIF",2012,2012,1,TRUE,"---","---",NA,"No Evaluada (NE)",FALSE
"Mollepata","Momotus aequatorialis","Fauna","Momotus aequatorialis Gould, 1858","Aves","Coraciiformes","Momotidae","Momotus",1,"GBIF","eBird",2014,2014,1,TRUE,"Momotus aequatorialis","Least Concern","22729189","Preocupación Menor (LC)",FALSE
"Mollepata","Muhlenbergia ligularis","Flora","Muhlenbergia ligularis (Hack.) Hitchc.","Liliopsida","Poales","Poaceae","Muhlenbergia",1,"GBIF","Otros conjuntos mediados por GBIF",2012,2012,1,TRUE,"---","---",NA,"No Evaluada (NE)",FALSE
"Mollepata","Musa acuminata","Flora","Musa acuminata","Liliopsida","Zingiberales","Musaceae","Musa",1,"iNaturalist","iNaturalist",2025,2025,1,TRUE,"Musa acuminata","Least Concern","22486320","Preocupación Menor (LC)",FALSE
"Mollepata","Mycteria americana","Fauna","Mycteria americana Linnaeus, 1758","Aves","Ciconiiformes","Ciconiidae","Mycteria",1,"GBIF","eBird",2019,2019,2,FALSE,"Mycteria americana","Least Concern","22697648","Preocupación Menor (LC)",FALSE
"Mollepata","Myiophobus ochraceiventris","Fauna","Nephelomyias ochraceiventris (Cabanis, 1873)","Aves","Passeriformes","Tyrannidae","Myiophobus",1,"GBIF","eBird",2023,2023,1,TRUE,"---","---",NA,"No Evaluada (NE)",FALSE
"Mollepata","Myiothlypis coronata","Fauna","Myiothlypis coronata (Tschudi, 1844)","Aves","Passeriformes","Parulidae","Myiothlypis",1,"GBIF","eBird",2015,2015,1,TRUE,"Myiothlypis coronata","Least Concern","22721992","Preocupación Menor (LC)",FALSE
"Mollepata","Myoxanthus serripetalus","Flora","Myoxanthus serripetalus","Liliopsida","Asparagales","Orchidaceae","Myoxanthus",1,"iNaturalist","iNaturalist",2022,2022,1,TRUE,"---","---",NA,"No Evaluada (NE)",FALSE
"Mollepata","Myrosmodes paludosa","Flora","Myrosmodes paludosa (Rchb.f.) P.Ortiz","Liliopsida","Asparagales","Orchidaceae","Myrosmodes",1,"GBIF","Otros conjuntos mediados por GBIF",2013,2013,1,TRUE,"Myrosmodes paludosa","Least Concern","131368079","Preocupación Menor (LC)",FALSE
"Mollepata","Nicotiana paniculata","Flora","Nicotiana paniculata","Magnoliopsida","Solanales","Solanaceae","Nicotiana",1,"iNaturalist","iNaturalist",2024,2024,1,TRUE,"---","---",NA,"No Evaluada (NE)",FALSE
"Mollepata","Nicotiana raimondii","Flora","Nicotiana raimondii J.F.Macbr.","Magnoliopsida","Solanales","Solanaceae","Nicotiana",1,"GBIF","Otros conjuntos mediados por GBIF",2012,2012,2,FALSE,"---","---",NA,"No Evaluada (NE)",FALSE
"Mollepata","Oeda informis","Fauna","Oeda informis","Insecta","Hemiptera","Membracidae","Oeda",1,"iNaturalist","iNaturalist",2024,2024,1,TRUE,"---","---",NA,"No Evaluada (NE)",FALSE
"Mollepata","Oenothera versicolor","Flora","Oenothera versicolor","Magnoliopsida","Myrtales","Onagraceae","Oenothera",1,"iNaturalist","iNaturalist",2005,2005,1,TRUE,"---","---",NA,"No Evaluada (NE)",FALSE
"Mollepata","Oncidium lykaiosii","Flora","Oncidium lykaiosii","Liliopsida","Asparagales","Orchidaceae","Oncidium",1,"iNaturalist","iNaturalist",2022,2022,1,TRUE,"---","---",NA,"No Evaluada (NE)",FALSE
"Mollepata","Oncidium retusum","Flora","Oncidium retusum","Liliopsida","Asparagales","Orchidaceae","Oncidium",1,"iNaturalist","iNaturalist",2026,2026,1,TRUE,"---","---",NA,"No Evaluada (NE)",FALSE
"Mollepata","Oncidium weddellii","Flora","Oncidium weddellii","Liliopsida","Asparagales","Orchidaceae","Oncidium",1,"iNaturalist","iNaturalist",2022,2022,1,TRUE,"---","---",NA,"No Evaluada (NE)",FALSE
"Mollepata","Onoseris albicans","Flora","Onoseris albicans","Magnoliopsida","Asterales","Asteraceae","Onoseris",1,"iNaturalist","iNaturalist",2021,2021,2,FALSE,"---","---",NA,"No Evaluada (NE)",FALSE
"Mollepata","Onoseris cabrerae","Flora","Onoseris cabrerae Ferreyra","Magnoliopsida","Asterales","Asteraceae","Onoseris",1,"GBIF","Otros conjuntos mediados por GBIF",NA,NA,2,FALSE,"---","---",NA,"No Evaluada (NE)",FALSE
"Mollepata","Opuntia pubescens","Flora","Opuntia pubescens","Magnoliopsida","Caryophyllales","Cactaceae","Opuntia",1,"iNaturalist","iNaturalist",2021,2021,1,TRUE,"Opuntia pubescens","Least Concern","152852","Preocupación Menor (LC)",FALSE
"Mollepata","Oreopanax thaumasiophyllus","Flora","Oreopanax thaumasiophyllus","Magnoliopsida","Apiales","Araliaceae","Oreopanax",1,"iNaturalist","iNaturalist",2014,2014,1,TRUE,"Oreopanax thaumasiophyllus","Endangered","132873240","En Peligro (EN)",TRUE
"Mollepata","Oritrophium hieracioides","Flora","Oritrophium hieracioides","Magnoliopsida","Asterales","Asteraceae","Oritrophium",1,"iNaturalist","iNaturalist",2025,2025,1,TRUE,"---","---",NA,"No Evaluada (NE)",FALSE
"Mollepata","Oxalis phaeotricha","Flora","Oxalis phaeotricha Diels","Magnoliopsida","Oxalidales","Oxalidaceae","Oxalis",1,"GBIF","Otros conjuntos mediados por GBIF",2012,2012,1,TRUE,"---","---",NA,"No Evaluada (NE)",FALSE
"Mollepata","Panyapedaliodes drymaea","Fauna","Panyapedaliodes drymaea","Insecta","Lepidoptera","Nymphalidae","Panyapedaliodes",1,"iNaturalist","iNaturalist",2014,2014,1,TRUE,"---","---",NA,"No Evaluada (NE)",FALSE
"Mollepata","Paspalum ceresia","Flora","Paspalum ceresia","Liliopsida","Poales","Poaceae","Paspalum",1,"iNaturalist","iNaturalist",2021,2021,1,TRUE,"---","---",NA,"No Evaluada (NE)",FALSE
"Mollepata","Peperomia tetraphylla","Flora","Peperomia tetraphylla","Magnoliopsida","Piperales","Piperaceae","Peperomia",1,"iNaturalist","iNaturalist",2021,2021,1,TRUE,"---","---",NA,"No Evaluada (NE)",FALSE
"Mollepata","Perezia pungens","Flora","Perezia pungens","Magnoliopsida","Asterales","Asteraceae","Perezia",1,"iNaturalist","iNaturalist",2019,2019,2,FALSE,"---","---",NA,"No Evaluada (NE)",FALSE
"Mollepata","Persea americana","Flora","Persea americana","Magnoliopsida","Laurales","Lauraceae","Persea",1,"iNaturalist","iNaturalist",2013,2013,2,FALSE,"Persea americana","Least Concern","96986556","Preocupación Menor (LC)",FALSE
"Mollepata","Phacellodomus striaticeps","Fauna","Phacellodomus striaticeps (Orbigny & Lafresnaye, 1838)","Aves","Passeriformes","Furnariidae","Phacellodomus",1,"GBIF","eBird",2014,2014,6,FALSE,"Phacellodomus striaticeps","Least Concern","22702613","Preocupación Menor (LC)",FALSE
"Mollepata","Phaethornis guy","Fauna","Phaethornis guy (R.Lesson, 1833)","Aves","Apodiformes","Trochilidae","Phaethornis",1,"GBIF","eBird",2024,2024,1,TRUE,"Phaethornis guy","Least Concern","22686934","Preocupación Menor (LC)",FALSE
"Mollepata","Philoglossa mimuloides","Flora","Philoglossa mimuloides","Magnoliopsida","Asterales","Asteraceae","Philoglossa",1,"iNaturalist","iNaturalist",2014,2014,1,TRUE,"---","---",NA,"No Evaluada (NE)",FALSE
"Mollepata","Phlegmariurus andinus","Flora","Phlegmariurus andinus","Lycopodiopsida","Lycopodiales","Lycopodiaceae","Phlegmariurus",1,"iNaturalist","iNaturalist",2024,2024,1,TRUE,"---","---",NA,"No Evaluada (NE)",FALSE
"Mollepata","Phoebis philea","Fauna","Phoebis philea (Linnaeus, 1763)","Insecta","Lepidoptera","Pieridae","Phoebis",1,"GBIF","Observation.org",2024,2024,1,TRUE,"---","---",NA,"No Evaluada (NE)",FALSE
"Mollepata","Phoenix canariensis","Flora","Phoenix canariensis","Liliopsida","Arecales","Arecaceae","Phoenix",1,"iNaturalist","iNaturalist",2026,2026,2,FALSE,"Phoenix canariensis","Least Concern","13416997","Preocupación Menor (LC)",FALSE
"Mollepata","Phytolacca bogotensis","Flora","Phytolacca bogotensis","Magnoliopsida","Caryophyllales","Phytolaccaceae","Phytolacca",1,"iNaturalist","iNaturalist",2014,2014,1,TRUE,"---","---",NA,"No Evaluada (NE)",FALSE
"Mollepata","Pilopogon guadalupensis","Flora","Pilopogon guadalupensis (Brid.) J.-P.Frahm","Bryopsida","Dicranales","Leucobryaceae","Pilopogon",1,"GBIF","Otros conjuntos mediados por GBIF",1982,1982,1,TRUE,"---","---",NA,"No Evaluada (NE)",FALSE
"Mollepata","Pineda incana","Flora","Pineda incana","Magnoliopsida","Malpighiales","Salicaceae","Pineda",1,"iNaturalist","iNaturalist",2023,2023,1,TRUE,"---","---",NA,"No Evaluada (NE)",FALSE
"Mollepata","Piranga flava","Fauna","Piranga flava (Vieillot, 1822)","Aves","Passeriformes","Cardinalidae","Piranga",1,"GBIF","eBird",2018,2018,2,FALSE,"Piranga flava","Least Concern","103811599","Preocupación Menor (LC)",FALSE
"Mollepata","Piranga olivacea","Fauna","Piranga olivacea (J.F.Gmelin, 1789)","Aves","Passeriformes","Cardinalidae","Piranga",1,"GBIF","eBird",2022,2022,1,TRUE,"Piranga olivacea","Least Concern","22722466","Preocupación Menor (LC)",FALSE
"Mollepata","Plagiochasma rupestre","Flora","Plagiochasma rupestre","Marchantiopsida","Marchantiales","Aytoniaceae","Plagiochasma",1,"iNaturalist","iNaturalist",2022,2022,1,TRUE,"---","---",NA,"No Evaluada (NE)",FALSE
"Mollepata","Plagiochila bicuspidata","Flora","Plagiochila bicuspidata Gottsche","Jungermanniopsida","Jungermanniales","Plagiochilaceae","Plagiochila",1,"GBIF","Otros conjuntos mediados por GBIF",2012,2012,1,TRUE,"---","---",NA,"No Evaluada (NE)",FALSE
"Mollepata","Plagiochila exigua","Flora","Plagiochila exigua (Taylor) Taylor","Jungermanniopsida","Jungermanniales","Plagiochilaceae","Plagiochila",1,"GBIF","Otros conjuntos mediados por GBIF",2011,2011,1,TRUE,"---","---",NA,"No Evaluada (NE)",FALSE
"Mollepata","Plantago tubulosa","Flora","Plantago tubulosa","Magnoliopsida","Lamiales","Plantaginaceae","Plantago",1,"iNaturalist","iNaturalist",2023,2023,2,FALSE,"---","---",NA,"No Evaluada (NE)",FALSE
"Mollepata","Pleurothallis cordata","Flora","Pleurothallis cordata (Ruiz & Pav.) Lindl.","Liliopsida","Asparagales","Orchidaceae","Pleurothallis",1,"GBIF","Otros conjuntos mediados por GBIF",2004,2004,1,TRUE,"---","---",NA,"No Evaluada (NE)",FALSE
"Mollepata","Pleurozium schreberi","Flora","Pleurozium schreberi (Willd. ex Brid.) Mitt.","Bryopsida","Hypnales","Hylocomiaceae","Pleurozium",1,"GBIF","Otros conjuntos mediados por GBIF",NA,NA,1,TRUE,"---","---",NA,"No Evaluada (NE)",FALSE
"Mollepata","Poa gymnantha","Flora","Poa gymnantha Pilg.","Liliopsida","Poales","Poaceae","Poa",1,"GBIF","Otros conjuntos mediados por GBIF",2012,2012,1,TRUE,"---","---",NA,"No Evaluada (NE)",FALSE
"Mollepata","Poa horridula","Flora","Poa horridula Pilg.","Liliopsida","Poales","Poaceae","Poa",1,"GBIF","Otros conjuntos mediados por GBIF",2013,2013,3,FALSE,"---","---",NA,"No Evaluada (NE)",FALSE
"Mollepata","Podiceps occipitalis","Fauna","Podiceps occipitalis juninensis","Aves","Podicipediformes","Podicipedidae","Podiceps",1,"iNaturalist","iNaturalist",2023,2023,3,FALSE,"Podiceps occipitalis","Least Concern","62114375","Preocupación Menor (LC)",FALSE
"Mollepata","Ponthieva mandonii","Flora","Ponthieva mandonii","Liliopsida","Asparagales","Orchidaceae","Ponthieva",1,"iNaturalist","iNaturalist",2022,2022,1,TRUE,"---","---",NA,"No Evaluada (NE)",FALSE
"Mollepata","Proctoporus unsaacae","Fauna","Proctoporus unsaacae","Squamata",NA,"Gymnophthalmidae","Proctoporus",1,"iNaturalist","iNaturalist",2023,2023,2,FALSE,"Proctoporus unsaacae","Least Concern","48283758","Preocupación Menor (LC)",FALSE
"Mollepata","Prunus persica","Flora","Prunus persica","Magnoliopsida","Rosales","Rosaceae","Prunus",1,"iNaturalist","iNaturalist",2025,2025,2,FALSE,"---","---",NA,"No Evaluada (NE)",FALSE
"Mollepata","Psarocolius atrovirens","Fauna","Psarocolius atrovirens (Orbigny & Lafresnaye, 1838)","Aves","Passeriformes","Icteridae","Psarocolius",1,"GBIF","eBird",2022,2022,1,TRUE,"Psarocolius atrovirens","Least Concern","22723988","Preocupación Menor (LC)",FALSE
"Mollepata","Psarocolius decumanus","Fauna","Psarocolius decumanus (Pallas, 1769)","Aves","Passeriformes","Icteridae","Psarocolius",1,"GBIF","eBird",2011,2011,1,TRUE,"Psarocolius decumanus","Least Concern","22723982","Preocupación Menor (LC)",FALSE
"Mollepata","Puya ferruginea","Flora","Puya ferruginea","Liliopsida","Poales","Bromeliaceae","Puya",1,"iNaturalist","iNaturalist",2014,2014,1,TRUE,"---","---",NA,"No Evaluada (NE)",FALSE
"Mollepata","Puya weberbaueri","Flora","Puya weberbaueri","Liliopsida","Poales","Bromeliaceae","Puya",1,"iNaturalist","iNaturalist",2022,2022,1,TRUE,"---","---",NA,"No Evaluada (NE)",FALSE
"Mollepata","Pyrolirion arvense","Flora","Pyrolirion arvense","Liliopsida","Asparagales","Amaryllidaceae","Pyrolirion",1,"iNaturalist","iNaturalist",2021,2021,1,TRUE,"---","---",NA,"No Evaluada (NE)",FALSE
"Mollepata","Pyrrhura picta","Fauna","Pyrrhura roseifrons (G.R.Gray, 1859)","Aves","Psittaciformes","Psittacidae","Pyrrhura",1,"GBIF","eBird",1978,1978,1,TRUE,"Pyrrhura picta","Least Concern","45422115","Preocupación Menor (LC)",FALSE
"Mollepata","Ribes brachybotrys","Flora","Ribes brachybotrys (Wedd.) Jancz.","Magnoliopsida","Saxifragales","Grossulariaceae","Ribes",1,"GBIF","Otros conjuntos mediados por GBIF",2012,2012,1,TRUE,"---","---",NA,"No Evaluada (NE)",FALSE
"Mollepata","Ribes incarnatum","Flora","Ribes incarnatum","Magnoliopsida","Saxifragales","Grossulariaceae","Ribes",1,"iNaturalist","iNaturalist",2014,2014,1,TRUE,"Ribes incarnatum","Least Concern","133163694","Preocupación Menor (LC)",FALSE
"Mollepata","Richardia brasiliensis","Flora","Richardia brasiliensis","Magnoliopsida","Gentianales","Rubiaceae","Richardia",1,"iNaturalist","iNaturalist",2021,2021,2,FALSE,"---","---",NA,"No Evaluada (NE)",FALSE
"Mollepata","Rockhausenia orbignyana","Flora","Rockhausenia orbignyana","Magnoliopsida","Asterales","Asteraceae","Rockhausenia",1,"iNaturalist","iNaturalist",2022,2022,1,TRUE,"---","---",NA,"No Evaluada (NE)",FALSE
"Mollepata","Rockhausenia pectinata","Flora","Rockhausenia pectinata","Magnoliopsida","Asterales","Asteraceae","Rockhausenia",1,"iNaturalist","iNaturalist",2022,2022,1,TRUE,"---","---",NA,"No Evaluada (NE)",FALSE
"Mollepata","Rockhausenia villosa","Flora","Rockhausenia villosa","Magnoliopsida","Asterales","Asteraceae","Rockhausenia",1,"iNaturalist","iNaturalist",2019,2019,1,TRUE,"---","---",NA,"No Evaluada (NE)",FALSE
"Mollepata","Rumex obtusifolius","Flora","Rumex obtusifolius","Magnoliopsida","Caryophyllales","Polygonaceae","Rumex",1,"iNaturalist","iNaturalist",2014,2014,1,TRUE,"---","---",NA,"No Evaluada (NE)",FALSE
"Mollepata","Saltator coerulescens","Fauna","Saltator coerulescens Vieillot, 1817","Aves","Passeriformes","Thraupidae","Saltator",1,"GBIF","eBird",1987,1987,1,TRUE,"Saltator coerulescens","Least Concern","103812647","Preocupación Menor (LC)",FALSE
"Mollepata","Saltator maximus","Fauna","Saltator maximus (P.L.S.Müller, 1776)","Aves","Passeriformes","Thraupidae","Saltator",1,"GBIF","eBird",2023,2023,2,FALSE,"Saltator maximus","Least Concern","22723872","Preocupación Menor (LC)",FALSE
"Mollepata","Salvia cyanicalyx","Flora","Salvia cyanicalyx","Magnoliopsida","Lamiales","Lamiaceae","Salvia",1,"iNaturalist","iNaturalist",2024,2024,1,TRUE,"---","---",NA,"No Evaluada (NE)",FALSE
"Mollepata","Salvia sagittata","Flora","Salvia sagittata","Magnoliopsida","Lamiales","Lamiaceae","Salvia",1,"iNaturalist","iNaturalist",2019,2019,1,TRUE,"---","---",NA,"No Evaluada (NE)",FALSE
"Mollepata","Sambucus peruviana","Flora","Sambucus peruviana","Magnoliopsida","Dipsacales","Viburnaceae","Sambucus",1,"iNaturalist","iNaturalist",2014,2014,4,FALSE,"Sambucus peruviana","Least Concern","151212245","Preocupación Menor (LC)",FALSE
"Mollepata","Sarcoramphus papa","Fauna","Sarcoramphus papa (Linnaeus, 1758)","Aves","Accipitriformes","Cathartidae","Sarcoramphus",1,"GBIF","eBird",2004,2004,1,TRUE,"Sarcoramphus papa","Least Concern","22697645","Preocupación Menor (LC)",FALSE
"Mollepata","Saxifraga boussingaultii","Flora","Saxifraga boussingaultii","Magnoliopsida","Saxifragales","Saxifragaceae","Saxifraga",1,"iNaturalist","iNaturalist",2025,2025,1,TRUE,"---","---",NA,"No Evaluada (NE)",FALSE
"Mollepata","Scytalopus atratus","Fauna","Scytalopus atratus Hellmayr, 1922","Aves","Passeriformes","Rhinocryptidae","Scytalopus",1,"GBIF","eBird",2019,2019,1,TRUE,"Scytalopus atratus","Least Concern","22729245","Preocupación Menor (LC)",FALSE
"Mollepata","Seemannia sylvatica","Flora","Seemannia sylvatica","Magnoliopsida","Lamiales","Gesneriaceae","Seemannia",1,"iNaturalist","iNaturalist",2026,2026,1,TRUE,"---","---",NA,"No Evaluada (NE)",FALSE
"Mollepata","Senecio chrysolepis","Flora","Senecio chrysolepis Phil.","Magnoliopsida","Asterales","Asteraceae","Senecio",1,"GBIF","Otros conjuntos mediados por GBIF",2012,2012,1,TRUE,"---","---",NA,"No Evaluada (NE)",FALSE
"Mollepata","Senecio collinus","Flora","Senecio collinus","Magnoliopsida","Asterales","Asteraceae","Senecio",1,"iNaturalist","iNaturalist",2014,2014,1,TRUE,"---","---",NA,"No Evaluada (NE)",FALSE
"Mollepata","Senecio genisianus","Flora","Senecio genisianus Cuatrec.","Magnoliopsida","Asterales","Asteraceae","Senecio",1,"GBIF","Otros conjuntos mediados por GBIF",2013,2013,1,TRUE,"---","---",NA,"No Evaluada (NE)",FALSE
"Mollepata","Senecio serratifolius","Flora","Senecio serratifolius","Magnoliopsida","Asterales","Asteraceae","Senecio",1,"iNaturalist","iNaturalist",2022,2022,1,TRUE,"Senecio serratifolius","Least Concern","133162984","Preocupación Menor (LC)",FALSE
"Mollepata","Senegalia praecox","Flora","Acacia praecox Griseb.","Magnoliopsida","Fabales","Fabaceae","Senegalia",1,"GBIF","Otros conjuntos mediados por GBIF",2002,2002,1,TRUE,"Senegalia praecox","Least Concern","160417955","Preocupación Menor (LC)",FALSE
"Mollepata","Senna aymara","Flora","Senna aymara","Magnoliopsida","Fabales","Fabaceae","Senna",1,"iNaturalist","iNaturalist",2014,2014,1,TRUE,"---","---",NA,"No Evaluada (NE)",FALSE
"Mollepata","Serjania dasyclados","Flora","Serjania dasyclados Radlk.","Magnoliopsida","Sapindales","Sapindaceae","Serjania",1,"GBIF","Otros conjuntos mediados por GBIF",NA,NA,1,TRUE,"---","---",NA,"No Evaluada (NE)",FALSE
"Mollepata","Serjania parvifolia","Flora","Serjania parvifolia Kunth","Magnoliopsida","Sapindales","Sapindaceae","Serjania",1,"GBIF","Otros conjuntos mediados por GBIF",2004,2004,1,TRUE,"---","---",NA,"No Evaluada (NE)",FALSE
"Mollepata","Sicalis lutea","Fauna","Sicalis lutea (d'Orbigny & Lafresnaye, 1837)","Aves","Passeriformes","Thraupidae","Sicalis",1,"GBIF","eBird",2023,2023,1,TRUE,"Sicalis lutea","Least Concern","22723311","Preocupación Menor (LC)",FALSE
"Mollepata","Sigesbeckia jorullensis","Flora","Sigesbeckia jorullensis","Magnoliopsida","Asterales","Asteraceae","Sigesbeckia",1,"iNaturalist","iNaturalist",2024,2024,2,FALSE,"---","---",NA,"No Evaluada (NE)",FALSE
"Mollepata","Siphocampylus actinothrix","Flora","Siphocampylus actinothrix","Magnoliopsida","Asterales","Campanulaceae","Siphocampylus",1,"iNaturalist","iNaturalist",2014,2014,1,TRUE,"---","---",NA,"No Evaluada (NE)",FALSE
"Mollepata","Siphocampylus krauseanus","Flora","Siphocampylus krauseanus","Magnoliopsida","Asterales","Campanulaceae","Siphocampylus",1,"iNaturalist","iNaturalist",2014,2014,1,TRUE,"---","---",NA,"No Evaluada (NE)",FALSE
"Mollepata","Siphocampylus tupaeformis","Flora","Siphocampylus tupaeformis","Magnoliopsida","Asterales","Campanulaceae","Siphocampylus",1,"iNaturalist","iNaturalist",2019,2019,2,FALSE,"---","---",NA,"No Evaluada (NE)",FALSE
"Mollepata","Sisyrinchium brevipes","Flora","Sisyrinchium brevipes Baker","Liliopsida","Asparagales","Iridaceae","Sisyrinchium",1,"GBIF","Otros conjuntos mediados por GBIF",2012,2012,1,TRUE,"---","---",NA,"No Evaluada (NE)",FALSE
"Mollepata","Solanum americanum","Flora","Solanum americanum Mill.","Magnoliopsida","Solanales","Solanaceae","Solanum",1,"GBIF","Otros conjuntos mediados por GBIF",2012,2012,1,TRUE,"---","---",NA,"No Evaluada (NE)",FALSE
"Mollepata","Solanum anomalostemon","Flora","Solanum anomalostemon","Magnoliopsida","Solanales","Solanaceae","Solanum",1,"iNaturalist","iNaturalist",2025,2025,2,FALSE,"Solanum anomalostemon","Endangered","212622591","En Peligro (EN)",TRUE
"Mollepata","Solanum asperolanatum","Flora","Solanum asperolanatum Ruiz & Pav.","Magnoliopsida","Solanales","Solanaceae","Solanum",1,"GBIF","Otros conjuntos mediados por GBIF",2004,2004,2,FALSE,"Solanum asperolanatum","Least Concern","101520928","Preocupación Menor (LC)",FALSE
"Mollepata","Solanum caricaefolium","Flora","Solanum caricaefolium","Magnoliopsida","Solanales","Solanaceae","Solanum",1,"iNaturalist","iNaturalist",2018,2018,1,TRUE,"---","---",NA,"No Evaluada (NE)",FALSE
"Mollepata","Solanum catilliflorum","Flora","Solanum catilliflorum G.J.Anderson, Martine, Prohens & Nuez","Magnoliopsida","Solanales","Solanaceae","Solanum",1,"GBIF","Otros conjuntos mediados por GBIF",2012,2012,1,TRUE,"Solanum catilliflorum","Endangered","101521999","En Peligro (EN)",TRUE
"Mollepata","Sporophila caerulescens","Fauna","Sporophila caerulescens (Vieillot, 1823)","Aves","Passeriformes","Thraupidae","Sporophila",1,"GBIF","eBird",2023,2023,1,TRUE,"Sporophila caerulescens","Least Concern","22723451","Preocupación Menor (LC)",FALSE
"Mollepata","Stellaria weddellii","Flora","Stellaria weddellii","Magnoliopsida","Caryophyllales","Caryophyllaceae","Stellaria",1,"iNaturalist","iNaturalist",2025,2025,1,TRUE,"---","---",NA,"No Evaluada (NE)",FALSE
"Mollepata","Streptopogon lindigii","Flora","Streptopogon lindigii Hampe","Bryopsida","Pottiales","Pottiaceae","Streptopogon",1,"GBIF","Otros conjuntos mediados por GBIF",NA,NA,1,TRUE,"---","---",NA,"No Evaluada (NE)",FALSE
"Mollepata","Streptosolen jamesonii","Flora","Streptosolen jamesonii","Magnoliopsida","Solanales","Solanaceae","Streptosolen",1,"iNaturalist","iNaturalist",2022,2022,3,FALSE,"---","---",NA,"No Evaluada (NE)",FALSE
"Mollepata","Strymon bazochii","Fauna","Strymon bazochii","Insecta","Lepidoptera","Lycaenidae","Strymon",1,"iNaturalist","iNaturalist",2026,2026,2,FALSE,"---","---",NA,"No Evaluada (NE)",FALSE
"Mollepata","Synallaxis hypospodia","Fauna","Synallaxis hypospodia P.L.Sclater, 1874","Aves","Passeriformes","Furnariidae","Synallaxis",1,"GBIF","eBird",2022,2022,1,TRUE,"Synallaxis hypospodia","Least Concern","22702314","Preocupación Menor (LC)",FALSE
"Mollepata","Tachuris rubrigastra","Fauna","Tachuris rubrigastra (Vieillot, 1817)","Aves","Passeriformes","Tyrannidae","Tachuris",1,"GBIF","eBird",2014,2014,3,FALSE,"Tachuris rubrigastra","Least Concern","22699410","Preocupación Menor (LC)",FALSE
"Mollepata","Tachymenis peruviana","Fauna","Tachymenis peruviana","Squamata",NA,"Colubridae","Tachymenis",1,"iNaturalist","iNaturalist",2023,2023,2,FALSE,"Tachymenis peruviana","Least Concern","48617848","Preocupación Menor (LC)",FALSE
"Mollepata","Tangara xanthocephala","Fauna","Tangara xanthocephala (Tschudi, 1844)","Aves","Passeriformes","Thraupidae","Tangara",1,"GBIF","eBird",2020,2020,2,FALSE,"Tangara xanthocephala","Least Concern","22722854","Preocupación Menor (LC)",FALSE
"Mollepata","Tapera naevia","Fauna","Tapera naevia (Linnaeus, 1766)","Aves","Cuculiformes","Cuculidae","Tapera",1,"GBIF","eBird",2023,2023,1,TRUE,"Tapera naevia","Least Concern","22684444","Preocupación Menor (LC)",FALSE
"Mollepata","Tara spinosa","Flora","Tara spinosa","Magnoliopsida","Fabales","Fabaceae","Tara",1,"iNaturalist","iNaturalist",2014,2014,1,TRUE,"Tara spinosa","Least Concern","226181521","Preocupación Menor (LC)",FALSE
"Mollepata","Tarasa capitata","Flora","Tarasa capitata","Magnoliopsida","Malvales","Malvaceae","Tarasa",1,"iNaturalist","iNaturalist",2018,2018,1,TRUE,"---","---",NA,"No Evaluada (NE)",FALSE
"Mollepata","Thamnophilus caerulescens","Fauna","Thamnophilus caerulescens Vieillot, 1816","Aves","Passeriformes","Thamnophilidae","Thamnophilus",1,"GBIF","eBird",2024,2024,1,TRUE,"Thamnophilus caerulescens","Least Concern","22701338","Preocupación Menor (LC)",FALSE
"Mollepata","Thecla oxida","Fauna","Rhamma oxida","Insecta","Lepidoptera","Lycaenidae","Thecla",1,"iNaturalist","iNaturalist",2026,2026,1,TRUE,"---","---",NA,"No Evaluada (NE)",FALSE
"Mollepata","Tillandsia pyramidata","Flora","Tillandsia pyramidata","Liliopsida","Poales","Bromeliaceae","Tillandsia",1,"iNaturalist","iNaturalist",2024,2024,1,TRUE,"---","---",NA,"No Evaluada (NE)",FALSE
"Mollepata","Tillandsia recurvata","Flora","Tillandsia recurvata","Liliopsida","Poales","Bromeliaceae","Tillandsia",1,"iNaturalist","iNaturalist",2014,2014,2,FALSE,"Tillandsia recurvata","Least Concern","126360189","Preocupación Menor (LC)",FALSE
"Mollepata","Tillandsia usneoides","Flora","Tillandsia usneoides","Liliopsida","Poales","Bromeliaceae","Tillandsia",1,"iNaturalist","iNaturalist",2022,2022,3,FALSE,"Tillandsia usneoides","Least Concern","131368905","Preocupación Menor (LC)",FALSE
"Mollepata","Tinamus guttatus","Fauna","Tinamus guttatus Pelzeln, 1863","Aves","Tinamiformes","Tinamidae","Tinamus",1,"GBIF","eBird",2022,2022,2,FALSE,"Tinamus guttatus","Near Threatened","22678151","Casi Amenazada (NT)",FALSE
"Mollepata","Todirostrum cinereum","Fauna","Todirostrum cinereum (Linnaeus, 1766)","Aves","Passeriformes","Tyrannidae","Todirostrum",1,"GBIF","eBird",2020,2020,1,TRUE,"Todirostrum cinereum","Least Concern","22699027","Preocupación Menor (LC)",FALSE
"Mollepata","Trichlora peruviana","Flora","Trichlora peruviana","Liliopsida","Asparagales","Amaryllidaceae","Trichlora",1,"iNaturalist","iNaturalist",2021,2021,1,TRUE,"---","---",NA,"No Evaluada (NE)",FALSE
"Mollepata","Trichocereus cuzcoensis","Flora","Trichocereus cuzcoensis","Magnoliopsida","Caryophyllales","Cactaceae","Trichocereus",1,"iNaturalist","iNaturalist",2023,2023,2,FALSE,"---","---",NA,"No Evaluada (NE)",FALSE
"Mollepata","Trihesperus glaucus","Flora","Trihesperus glaucus","Liliopsida","Asparagales","Asparagaceae","Trihesperus",1,"iNaturalist","iNaturalist",2021,2021,1,TRUE,"---","---",NA,"No Evaluada (NE)",FALSE
"Mollepata","Tringa flavipes","Fauna","Tringa flavipes (J.F.Gmelin, 1789)","Aves","Charadriiformes","Scolopacidae","Tringa",1,"GBIF","eBird",2014,2014,6,FALSE,"Tringa flavipes","Vulnerable","22693235","Vulnerable (VU)",TRUE
"Mollepata","Tripodanthus acutifolius","Flora","Tripodanthus acutifolius","Magnoliopsida","Santalales","Loranthaceae","Tripodanthus",1,"iNaturalist","iNaturalist",2014,2014,1,TRUE,"Tripodanthus acutifolius","Least Concern","163032881","Preocupación Menor (LC)",FALSE
"Mollepata","Tristerix longebracteatus","Flora","Tristerix longebracteatus (Desr.) Barlow & Wiens","Magnoliopsida","Santalales","Loranthaceae","Tristerix",1,"GBIF","Otros conjuntos mediados por GBIF",2012,2012,1,TRUE,"---","---",NA,"No Evaluada (NE)",FALSE
"Mollepata","Tristerix longibracteatus","Flora","Tristerix longibracteatus (Desr.) Barlow & Wiens","Magnoliopsida","Santalales","Loranthaceae","Tristerix",1,"GBIF","Otros conjuntos mediados por GBIF",2012,2012,1,TRUE,"---","---",NA,"No Evaluada (NE)",FALSE
"Mollepata","Triumfetta calycina","Flora","Triumfetta calycina Turcz.","Magnoliopsida","Malvales","Malvaceae","Triumfetta",1,"GBIF","Otros conjuntos mediados por GBIF",2004,2004,1,TRUE,"---","---",NA,"No Evaluada (NE)",FALSE
"Mollepata","Turdus leucops","Fauna","Turdus leucops Taczanowski, 1877","Aves","Passeriformes","Turdidae","Turdus",1,"GBIF","eBird",2019,2019,1,TRUE,"Turdus leucops","Least Concern","22708684","Preocupación Menor (LC)",FALSE
"Mollepata","Tyrannus tyrannus","Fauna","Tyrannus tyrannus (Linnaeus, 1758)","Aves","Passeriformes","Tyrannidae","Tyrannus",1,"GBIF","Otros conjuntos mediados por GBIF",1974,1974,1,TRUE,"Tyrannus tyrannus","Least Concern","22700506","Preocupación Menor (LC)",FALSE
"Mollepata","Upucerthia validirostris","Fauna","Upucerthia validirostris (Burmeister, 1861)","Aves","Passeriformes","Furnariidae","Upucerthia",1,"GBIF","eBird",2011,2011,4,FALSE,"Upucerthia validirostris","Least Concern","103670909","Preocupación Menor (LC)",FALSE
"Mollepata","Urbanus proteus","Fauna","Urbanus proteus","Insecta","Lepidoptera","Hesperiidae","Urbanus",1,"iNaturalist","iNaturalist",2023,2023,1,TRUE,"---","---",NA,"No Evaluada (NE)",FALSE
"Mollepata","Uropsalis segmentata","Fauna","Uropsalis segmentata (Cassin, 1849)","Aves","Caprimulgiformes","Caprimulgidae","Uropsalis",1,"GBIF","eBird",2016,2016,1,TRUE,"Uropsalis segmentata","Least Concern","22690040","Preocupación Menor (LC)",FALSE
"Mollepata","Urtica flabellata","Flora","Urtica flabellata","Magnoliopsida","Rosales","Urticaceae","Urtica",1,"iNaturalist","iNaturalist",2025,2025,1,TRUE,"---","---",NA,"No Evaluada (NE)",FALSE
"Mollepata","Valeriana micropterina","Flora","Valeriana micropterina","Magnoliopsida","Dipsacales","Caprifoliaceae","Valeriana",1,"iNaturalist","iNaturalist",2022,2022,1,TRUE,"---","---",NA,"No Evaluada (NE)",FALSE
"Mollepata","Vanellus chilensis","Fauna","Vanellus chilensis (Molina, 1782)","Aves","Charadriiformes","Charadriidae","Vanellus",1,"GBIF","eBird",2024,2024,2,FALSE,"Vanellus chilensis","Least Concern","22694075","Preocupación Menor (LC)",FALSE
"Mollepata","Vanessa braziliensis","Fauna","Vanessa braziliensis","Insecta","Lepidoptera","Nymphalidae","Vanessa",1,"iNaturalist","iNaturalist",2022,2022,2,FALSE,"---","---",NA,"No Evaluada (NE)",FALSE
"Mollepata","Verbena litoralis","Flora","Verbena litoralis","Magnoliopsida","Lamiales","Verbenaceae","Verbena",1,"iNaturalist","iNaturalist",2011,2011,1,TRUE,"---","---",NA,"No Evaluada (NE)",FALSE
"Mollepata","Veronica peregrina","Flora","Veronica peregrina","Magnoliopsida","Lamiales","Plantaginaceae","Veronica",1,"iNaturalist","iNaturalist",2024,2024,1,TRUE,"Veronica peregrina","Least Concern","168634","Preocupación Menor (LC)",FALSE
"Mollepata","Vinca major","Flora","Vinca major","Magnoliopsida","Gentianales","Apocynaceae","Vinca",1,"iNaturalist","iNaturalist",2025,2025,2,FALSE,"---","---",NA,"No Evaluada (NE)",FALSE
"Mollepata","Viola pygmaea","Flora","Viola pygmaea","Magnoliopsida","Malpighiales","Violaceae","Viola",1,"iNaturalist","iNaturalist",2023,2023,3,FALSE,"---","---",NA,"No Evaluada (NE)",FALSE
"Mollepata","Volatinia jacarina","Fauna","Volatinia jacarina (Linnaeus, 1766)","Aves","Passeriformes","Thraupidae","Volatinia",1,"GBIF","eBird",2016,2016,3,FALSE,"Volatinia jacarina","Least Concern","22723396","Preocupación Menor (LC)",FALSE
"Mollepata","Vriesea patula","Flora","Tillandsia patula","Liliopsida","Poales","Bromeliaceae","Vriesea",1,"iNaturalist","iNaturalist",2022,2022,1,TRUE,"---","---",NA,"No Evaluada (NE)",FALSE
"Mollepata","Werneria ciliolata","Flora","Werneria ciliolata","Magnoliopsida","Asterales","Asteraceae","Werneria",1,"iNaturalist","iNaturalist",2022,2022,1,TRUE,"---","---",NA,"No Evaluada (NE)",FALSE
"Mollepata","Xiphocolaptes promeropirhynchus","Fauna","Xiphocolaptes promeropirhynchus (Lesson, 1840)","Aves","Passeriformes","Furnariidae","Xiphocolaptes",1,"GBIF","eBird",2023,2023,1,TRUE,"Xiphocolaptes promeropirhynchus","Least Concern","22703063","Preocupación Menor (LC)",FALSE
"Mollepata","Xylocopa viridigastra","Fauna","Xylocopa viridigastra","Insecta","Hymenoptera","Apidae","Xylocopa",1,"iNaturalist","iNaturalist",2022,2022,1,TRUE,"---","---",NA,"No Evaluada (NE)",FALSE
"Mollepata","Yphthimoides leguialimai","Fauna","Yphthimoides leguialimai","Insecta","Lepidoptera","Nymphalidae","Yphthimoides",1,"iNaturalist","iNaturalist",2024,2024,2,FALSE,"---","---",NA,"No Evaluada (NE)",FALSE
"Mollepata","Zanthoxylum tambopatense","Flora","Zanthoxylum tambopatense Reynel","Magnoliopsida","Sapindales","Rutaceae","Zanthoxylum",1,"GBIF","Otros conjuntos mediados por GBIF",2002,2002,1,TRUE,"---","---",NA,"No Evaluada (NE)",FALSE
"Mollepata","Zerene cesonia","Fauna","Zerene cesonia","Insecta","Lepidoptera","Pieridae","Zerene",1,"iNaturalist","iNaturalist",2025,2025,1,TRUE,"Zerene cesonia","Least Concern","173004869","Preocupación Menor (LC)",FALSE
"Pucyura","Amaranthus caudatus","Flora","Amaranthus caudatus L.","Magnoliopsida","Caryophyllales","Amaranthaceae","Amaranthus",24,"GBIF","Otros conjuntos mediados por GBIF",2006,2006,1,TRUE,"---","---",NA,"No Evaluada (NE)",FALSE
"Pucyura","Amaranthus hybridus","Flora","Amaranthus hybridus L.","Magnoliopsida","Caryophyllales","Amaranthaceae","Amaranthus",12,"GBIF","Otros conjuntos mediados por GBIF",2006,2006,1,TRUE,"---","---",NA,"No Evaluada (NE)",FALSE
"Pucyura","Amaranthus powellii","Flora","Amaranthus powellii S.Watson","Magnoliopsida","Caryophyllales","Amaranthaceae","Amaranthus",6,"GBIF","Otros conjuntos mediados por GBIF",2006,2006,1,TRUE,"---","---",NA,"No Evaluada (NE)",FALSE
"Pucyura","Patagioenas maculosa","Fauna","Patagioenas maculosa (Temminck, 1813)","Aves","Columbiformes","Columbidae","Patagioenas",6,"GBIF","eBird",2013,2024,9,FALSE,"Patagioenas maculosa","Least Concern","22728285","Preocupación Menor (LC)",FALSE
"Pucyura","Plegadis ridgwayi","Fauna","Plegadis ridgwayi (Allen, 1876)","Aves","Pelecaniformes","Threskiornithidae","Plegadis",5,"GBIF","eBird",2024,2024,9,FALSE,"Plegadis ridgwayi","Least Concern","22697429","Preocupación Menor (LC)",FALSE
"Pucyura","Vanellus resplendens","Fauna","Vanellus resplendens (Tschudi, 1843)","Aves","Charadriiformes","Charadriidae","Vanellus",5,"GBIF / iNaturalist","eBird / iNaturalist",2017,2024,8,FALSE,"Vanellus resplendens","Least Concern","22694078","Preocupación Menor (LC)",FALSE
"Pucyura","Hordeum vulgare","Flora","Hordeum vulgare subsp. vulgare","Liliopsida","Poales","Poaceae","Hordeum",4,"GBIF","Otros conjuntos mediados por GBIF",NA,NA,1,TRUE,"---","---",NA,"No Evaluada (NE)",FALSE
"Pucyura","Turdus chiguanco","Fauna","Turdus chiguanco Orbigny & Lafresnaye, 1837","Aves","Passeriformes","Turdidae","Turdus",4,"GBIF","eBird",2014,2023,9,FALSE,"Turdus chiguanco","Least Concern","103889964","Preocupación Menor (LC)",FALSE
"Pucyura","Zonotrichia capensis","Fauna","Zonotrichia capensis (P.L.S.Müller, 1776)","Aves","Passeriformes","Passerellidae","Zonotrichia",4,"GBIF","eBird",2014,2024,9,FALSE,"Zonotrichia capensis","Least Concern","22721079","Preocupación Menor (LC)",FALSE
"Pucyura","Azorella biloba","Flora","Azorella biloba","Magnoliopsida","Apiales","Apiaceae","Azorella",3,"iNaturalist","iNaturalist",2024,2024,1,TRUE,"Azorella biloba","Least Concern","133248454","Preocupación Menor (LC)",FALSE
"Pucyura","Bubulcus ibis","Fauna","Ardea ibis Linnaeus, 1758","Aves","Pelecaniformes","Ardeidae","Bubulcus",3,"GBIF","eBird",2015,2023,8,FALSE,"Bubulcus ibis","Least Concern","22697109","Preocupación Menor (LC)",FALSE
"Pucyura","Tachymenis peruviana","Fauna","Tachymenis peruviana Wiegmann, 1834","Squamata",NA,"Colubridae","Tachymenis",3,"GBIF","Otros conjuntos mediados por GBIF",1915,1915,2,FALSE,"Tachymenis peruviana","Least Concern","48617848","Preocupación Menor (LC)",FALSE
"Pucyura","Agave americana","Flora","Agave cordillerensis","Liliopsida","Asparagales","Asparagaceae","Agave",2,"iNaturalist","iNaturalist",2018,2025,2,FALSE,"Agave americana","Least Concern","13507070","Preocupación Menor (LC)",FALSE
"Pucyura","Anas flavirostris","Fauna","Anas flavirostris Vieillot, 1816","Aves","Anseriformes","Anatidae","Anas",2,"GBIF","eBird",2014,2017,9,FALSE,"Anas flavirostris","---","22735557_1","No Evaluada (NE)",FALSE
"Pucyura","Astroblepus sabalo","Fauna","Astroblepus sabalo (Valenciennes, 1840)",NA,"Siluriformes","Astroblepidae","Astroblepus",2,"GBIF","Otros conjuntos mediados por GBIF",1915,1915,1,TRUE,"Astroblepus sabalo","Data Deficient","49830603","Datos Insuficientes (DD)",FALSE
"Pucyura","Colaptes rupicola","Fauna","Colaptes rupicola d'Orbigny, 1840","Aves","Piciformes","Picidae","Colaptes",2,"GBIF","eBird",2023,2023,9,FALSE,"Colaptes rupicola","Least Concern","22726426","Preocupación Menor (LC)",FALSE
"Pucyura","Columba livia","Fauna","Columba livia J.F.Gmelin, 1789","Aves","Columbiformes","Columbidae","Columba",2,"GBIF","eBird",2014,2015,9,FALSE,"Columba livia","Least Concern","22690066","Preocupación Menor (LC)",FALSE
"Pucyura","Falco sparverius","Fauna","Falco sparverius Linnaeus, 1758","Aves","Falconiformes","Falconidae","Falco",2,"GBIF / iNaturalist","eBird / iNaturalist",2022,2025,9,FALSE,"Falco sparverius","Least Concern","22696395","Preocupación Menor (LC)",FALSE
"Pucyura","Lysipomia laciniata","Flora","Lysipomia laciniata laciniata","Magnoliopsida","Asterales","Campanulaceae","Lysipomia",2,"iNaturalist","iNaturalist",2024,2024,2,FALSE,"---","---",NA,"No Evaluada (NE)",FALSE
"Pucyura","Rhionaeschna fissifrons","Fauna","Rhionaeschna fissifrons","Insecta","Odonata","Aeshnidae","Rhionaeschna",2,"iNaturalist","iNaturalist",2024,2024,1,TRUE,"Rhionaeschna fissifrons","Data Deficient","49254399","Datos Insuficientes (DD)",FALSE
"Pucyura","Rockhausenia nubigena","Flora","Rockhausenia nubigena","Magnoliopsida","Asterales","Asteraceae","Rockhausenia",2,"iNaturalist","iNaturalist",2024,2024,3,FALSE,"---","---",NA,"No Evaluada (NE)",FALSE
"Pucyura","Solanum brevicaule","Flora","Solanum brevicaule Bitter","Magnoliopsida","Solanales","Solanaceae","Solanum",2,"GBIF","Otros conjuntos mediados por GBIF",NA,NA,8,FALSE,"Solanum brevicaule","Least Concern","71779365","Preocupación Menor (LC)",FALSE
"Pucyura","Solanum tuberosum","Flora","Solanum stenotomum subsp. goniocalyx (Juz. & Bukasov) Hawkes","Magnoliopsida","Solanales","Solanaceae","Solanum",2,"GBIF","Otros conjuntos mediados por GBIF",NA,NA,4,FALSE,"Solanum etuberosum","Least Concern","101526038","Preocupación Menor (LC)",FALSE
"Pucyura","Spinus magellanicus","Fauna","Spinus magellanicus (Vieillot, 1805)","Aves","Passeriformes","Fringillidae","Spinus",2,"GBIF","eBird / Observation.org",2008,2015,9,FALSE,"Spinus magellanicus","Least Concern","22720383","Preocupación Menor (LC)",FALSE
"Pucyura","Viola pygmaea","Flora","Viola pygmaea","Magnoliopsida","Malpighiales","Violaceae","Viola",2,"iNaturalist","iNaturalist",2024,2024,3,FALSE,"---","---",NA,"No Evaluada (NE)",FALSE
"Pucyura","Zenaida auriculata","Fauna","Zenaida auriculata (Des Murs, 1847)","Aves","Columbiformes","Columbidae","Zenaida",2,"GBIF","eBird",2014,2015,8,FALSE,"Zenaida auriculata","Least Concern","22690747","Preocupación Menor (LC)",FALSE
"Pucyura","Amaranthus tricolor","Flora","Amaranthus tricolor L.","Magnoliopsida","Caryophyllales","Amaranthaceae","Amaranthus",1,"GBIF","Otros conjuntos mediados por GBIF",NA,NA,1,TRUE,"---","---",NA,"No Evaluada (NE)",FALSE
"Pucyura","Anas georgica","Fauna","Anas georgica J.F.Gmelin, 1789","Aves","Anseriformes","Anatidae","Anas",1,"GBIF","eBird",2017,2017,8,FALSE,"Anas georgica","Least Concern","22680310","Preocupación Menor (LC)",FALSE
"Pucyura","Arenaria tetragyna","Flora","Arenaria tetragyna","Magnoliopsida","Caryophyllales","Caryophyllaceae","Arenaria",1,"iNaturalist","iNaturalist",2024,2024,2,FALSE,"Arenaria tetragyna","Least Concern","131363540","Preocupación Menor (LC)",FALSE
"Pucyura","Atractus peruvianus","Fauna","Atractus peruvianus (Jan, 1862)","Squamata",NA,"Colubridae","Atractus",1,"GBIF","Otros conjuntos mediados por GBIF",1915,1915,1,TRUE,"Atractus peruvianus","Data Deficient","48617425","Datos Insuficientes (DD)",FALSE
"Pucyura","Austrocylindropuntia subulata","Flora","Austrocylindropuntia subulata","Magnoliopsida","Caryophyllales","Cactaceae","Austrocylindropuntia",1,"iNaturalist","iNaturalist",2018,2018,3,FALSE,"Austrocylindropuntia subulata","Least Concern","152809","Preocupación Menor (LC)",FALSE
"Pucyura","Begonia veitchii","Flora","Begonia veitchii","Magnoliopsida","Cucurbitales","Begoniaceae","Begonia",1,"iNaturalist","iNaturalist",2024,2024,2,FALSE,"---","---",NA,"No Evaluada (NE)",FALSE
"Pucyura","Bombus funebris","Fauna","Bombus funebris Smith, 1854","Insecta","Hymenoptera","Apidae","Bombus",1,"GBIF","Otros conjuntos mediados por GBIF",1979,1979,2,FALSE,"Bombus funebris","Least Concern","21215159","Preocupación Menor (LC)",FALSE
"Pucyura","Cantua buxifolia","Flora","Cantua buxifolia","Magnoliopsida","Ericales","Polemoniaceae","Cantua",1,"iNaturalist","iNaturalist",2024,2024,5,FALSE,"Cantua buxifolia","Least Concern","146078128","Preocupación Menor (LC)",FALSE
"Pucyura","Catamenia analis","Fauna","Catamenia analis (d'Orbigny & Lafresnaye, 1837)","Aves","Passeriformes","Thraupidae","Catamenia",1,"GBIF","eBird",2017,2017,9,FALSE,"Catamenia analis","Least Concern","22723570","Preocupación Menor (LC)",FALSE
"Pucyura","Chroicocephalus serranus","Fauna","Chroicocephalus serranus (Tschudi, 1844)","Aves","Charadriiformes","Laridae","Chroicocephalus",1,"GBIF","eBird",2015,2015,9,FALSE,"---","---",NA,"No Evaluada (NE)",FALSE
"Pucyura","Cinclodes fuscus","Fauna","Cinclodes albiventris (Philippi & Landbeck, 1861)","Aves","Passeriformes","Furnariidae","Cinclodes",1,"GBIF","eBird",2014,2014,8,FALSE,"Cinclodes fuscus","---","22736220_1","No Evaluada (NE)",FALSE
"Pucyura","Colibri coruscans","Fauna","Colibri coruscans (Gould, 1846)","Aves","Apodiformes","Trochilidae","Colibri",1,"GBIF","Observation.org",2008,2008,9,FALSE,"Colibri coruscans","Least Concern","22687114","Preocupación Menor (LC)",FALSE
"Pucyura","Conium maculatum","Flora","Conium maculatum","Magnoliopsida","Apiales","Apiaceae","Conium",1,"iNaturalist","iNaturalist",2024,2024,3,FALSE,"---","---",NA,"No Evaluada (NE)",FALSE
"Pucyura","Dipsas peruana","Fauna","Dipsas peruana (Boettger, 1898)","Squamata",NA,"Colubridae","Dipsas",1,"GBIF","Otros conjuntos mediados por GBIF",1915,1915,1,TRUE,"Dipsas peruana","Least Concern","176796","Preocupación Menor (LC)",FALSE
"Pucyura","Elliotomyia chionogaster","Fauna","Elliotomyia chionogaster","Aves","Apodiformes","Trochilidae","Elliotomyia",1,"iNaturalist","iNaturalist",2022,2022,7,FALSE,"Elliotomyia chionogaster","Least Concern","22687509","Preocupación Menor (LC)",FALSE
"Pucyura","Falco femoralis","Fauna","Falco femoralis Temminck, 1822","Aves","Falconiformes","Falconidae","Falco",1,"GBIF","eBird",2017,2017,8,FALSE,"Falco femoralis","Least Concern","22696450","Preocupación Menor (LC)",FALSE
"Pucyura","Fulica ardesiaca","Fauna","Fulica ardesiaca Tschudi, 1843","Aves","Gruiformes","Rallidae","Fulica",1,"GBIF","eBird",2017,2017,8,FALSE,"Fulica ardesiaca","Least Concern","22692932","Preocupación Menor (LC)",FALSE
"Pucyura","Gallinula chloropus","Fauna","Gallinula galeata (Lichtenstein & Mhc, 1818)","Aves","Gruiformes","Rallidae","Gallinula",1,"GBIF","eBird",2017,2017,8,FALSE,"Gallinula chloropus","Least Concern","62120190","Preocupación Menor (LC)",FALSE
"Pucyura","Gazania splendens","Flora","Gazania × splendens","Magnoliopsida","Asterales","Asteraceae","Gazania",1,"iNaturalist","iNaturalist",2024,2024,1,TRUE,"---","---",NA,"No Evaluada (NE)",FALSE
"Pucyura","Geranium sessiliflorum","Flora","Geranium sessiliflorum Cav.","Magnoliopsida","Geraniales","Geraniaceae","Geranium",1,"GBIF","Otros conjuntos mediados por GBIF",1987,1987,4,FALSE,"---","---",NA,"No Evaluada (NE)",FALSE
"Pucyura","Glaucidium peruanum","Fauna","Glaucidium peruanum C.König, 1991","Aves","Strigiformes","Strigidae","Glaucidium",1,"GBIF","eBird",2024,2024,7,FALSE,"Glaucidium peruanum","Least Concern","22689253","Preocupación Menor (LC)",FALSE
"Pucyura","Hackelia revoluta","Flora","Hackelia revoluta","Magnoliopsida","Boraginales","Boraginaceae","Hackelia",1,"iNaturalist","iNaturalist",2024,2024,1,TRUE,"---","---",NA,"No Evaluada (NE)",FALSE
"Pucyura","Hordeum distichon","Flora","Hordeum vulgare subsp. distichon (L.) Körn.","Liliopsida","Poales","Poaceae","Hordeum",1,"GBIF","Otros conjuntos mediados por GBIF",NA,NA,1,TRUE,"---","---",NA,"No Evaluada (NE)",FALSE
"Pucyura","Ipomoea pauciflora","Flora","Ipomoea pauciflora vargasiana","Magnoliopsida","Solanales","Convolvulaceae","Ipomoea",1,"iNaturalist","iNaturalist",2022,2022,3,FALSE,"Ipomoea pauciflora","Least Concern","194013889","Preocupación Menor (LC)",FALSE
"Pucyura","Lesbia nuna","Fauna","Lesbia nuna (R.Lesson, 1832)","Aves","Apodiformes","Trochilidae","Lesbia",1,"GBIF","Observation.org",2008,2008,8,FALSE,"Lesbia nuna","Least Concern","22687974","Preocupación Menor (LC)",FALSE
"Pucyura","Lophonetta specularioides","Fauna","Lophonetta specularioides (P.P.King, 1828)","Aves","Anseriformes","Anatidae","Lophonetta",1,"GBIF","eBird",2017,2017,4,FALSE,"Lophonetta specularioides","Least Concern","22680130","Preocupación Menor (LC)",FALSE
"Pucyura","Medicago polymorpha","Flora","Medicago polymorpha","Magnoliopsida","Fabales","Fabaceae","Medicago",1,"iNaturalist","iNaturalist",2024,2024,2,FALSE,"---","---",NA,"No Evaluada (NE)",FALSE
"Pucyura","Merganetta armata","Fauna","Merganetta armata Gould, 1842","Aves","Anseriformes","Anatidae","Merganetta",1,"GBIF","eBird",2015,2015,6,FALSE,"Merganetta armata","Least Concern","22680118","Preocupación Menor (LC)",FALSE
"Pucyura","Muscisaxicola cinereus","Fauna","Muscisaxicola cinereus Philippi & Landbeck, 1864","Aves","Passeriformes","Tyrannidae","Muscisaxicola",1,"GBIF","eBird",2017,2017,5,FALSE,"Muscisaxicola cinereus","Least Concern","22700183","Preocupación Menor (LC)",FALSE
"Pucyura","Patagona gigas","Fauna","Patagona gigas (Vieillot, 1824)","Aves","Apodiformes","Trochilidae","Patagona",1,"GBIF","eBird",2014,2014,8,FALSE,"Patagona gigas","Least Concern","22687785","Preocupación Menor (LC)",FALSE
"Pucyura","Phalacrocorax brasilianus","Fauna","Nannopterum brasilianum (J.F.Gmelin, 1789)","Aves","Suliformes","Phalacrocoracidae","Phalacrocorax",1,"GBIF","eBird",2015,2015,7,FALSE,"---","---",NA,"No Evaluada (NE)",FALSE
"Pucyura","Phleocryptes melanops","Fauna","Phleocryptes melanops (Vieillot, 1817)","Aves","Passeriformes","Furnariidae","Phleocryptes",1,"GBIF","eBird",2017,2017,2,FALSE,"Phleocryptes melanops","Least Concern","22702646","Preocupación Menor (LC)",FALSE
"Pucyura","Phoenicopterus chilensis","Fauna","Phoenicopterus chilensis Molina, 1782","Aves","Phoenicopteriformes","Phoenicopteridae","Phoenicopterus",1,"GBIF","eBird",2017,2017,3,FALSE,"Phoenicopterus chilensis","Near Threatened","22697365","Casi Amenazada (NT)",FALSE
"Pucyura","Poospizopsis caesar","Fauna","Poospizopsis caesar (P.L.Sclater & Salvin, 1869)","Aves","Passeriformes","Thraupidae","Poospizopsis",1,"GBIF","eBird",2017,2017,9,FALSE,"Poospizopsis caesar","Least Concern","22723282","Preocupación Menor (LC)",FALSE
"Pucyura","Rauenia bonariensis","Fauna","Rauenia bonariensis (J.F.Gmelin, 1789)","Aves","Passeriformes","Thraupidae","Rauenia",1,"GBIF","eBird",2015,2015,8,FALSE,"---","---",NA,"No Evaluada (NE)",FALSE
"Pucyura","Rollandia rolland","Fauna","Rollandia rolland (Quoy & Gaimard, 1824)","Aves","Podicipediformes","Podicipedidae","Rollandia",1,"GBIF","eBird",2017,2017,7,FALSE,"Rollandia rolland","Least Concern","22696530","Preocupación Menor (LC)",FALSE
"Pucyura","Saltator aurantiirostris","Fauna","Saltator aurantiirostris Vieillot, 1817","Aves","Passeriformes","Thraupidae","Saltator",1,"GBIF","eBird",2017,2017,9,FALSE,"Saltator aurantiirostris","Least Concern","22723892","Preocupación Menor (LC)",FALSE
"Pucyura","Spatula cyanoptera","Fauna","Spatula cyanoptera (Vieillot, 1816)","Aves","Anseriformes","Anatidae","Spatula",1,"GBIF","eBird",2017,2017,7,FALSE,"Spatula cyanoptera","Least Concern","22680233","Preocupación Menor (LC)",FALSE
"Pucyura","Tachuris rubrigastra","Fauna","Tachuris rubrigastra (Vieillot, 1817)","Aves","Passeriformes","Tyrannidae","Tachuris",1,"GBIF","eBird",2017,2017,3,FALSE,"Tachuris rubrigastra","Least Concern","22699410","Preocupación Menor (LC)",FALSE
"Pucyura","Trifolium repens","Flora","Trifolium repens","Magnoliopsida","Fabales","Fabaceae","Trifolium",1,"iNaturalist","iNaturalist",2024,2024,4,FALSE,"---","---",NA,"No Evaluada (NE)",FALSE
"Pucyura","Tringa melanoleuca","Fauna","Tringa melanoleuca (J.F.Gmelin, 1789)","Aves","Charadriiformes","Scolopacidae","Tringa",1,"GBIF","eBird",2017,2017,5,FALSE,"Tringa melanoleuca","Near Threatened","22693231","Casi Amenazada (NT)",FALSE
"Pucyura","Vanessa carye","Fauna","Vanessa carye","Insecta","Lepidoptera","Nymphalidae","Vanessa",1,"iNaturalist","iNaturalist",2024,2024,2,FALSE,"---","---",NA,"No Evaluada (NE)",FALSE
"Pucyura","Viola pusillima","Flora","Viola pusillima","Magnoliopsida","Malpighiales","Violaceae","Viola",1,"iNaturalist","iNaturalist",2024,2024,1,TRUE,"---","---",NA,"No Evaluada (NE)",FALSE
"Zurite","Patagioenas maculosa","Fauna","Patagioenas maculosa (Temminck, 1813)","Aves","Columbiformes","Columbidae","Patagioenas",118,"GBIF","eBird",2021,2024,9,FALSE,"Patagioenas maculosa","Least Concern","22728285","Preocupación Menor (LC)",FALSE
"Zurite","Zonotrichia capensis","Fauna","Zonotrichia capensis (P.L.S.Müller, 1776)","Aves","Passeriformes","Passerellidae","Zonotrichia",113,"GBIF","eBird",2017,2024,9,FALSE,"Zonotrichia capensis","Least Concern","22721079","Preocupación Menor (LC)",FALSE
"Zurite","Spinus magellanicus","Fauna","Spinus magellanicus (Vieillot, 1805)","Aves","Passeriformes","Fringillidae","Spinus",112,"GBIF","eBird",2021,2024,9,FALSE,"Spinus magellanicus","Least Concern","22720383","Preocupación Menor (LC)",FALSE
"Zurite","Phrygilus punensis","Fauna","Phrygilus punensis Ridgway, 1887","Aves","Passeriformes","Thraupidae","Phrygilus",111,"GBIF","eBird",2021,2024,8,FALSE,"Phrygilus punensis","Least Concern","22723064","Preocupación Menor (LC)",FALSE
"Zurite","Zenaida auriculata","Fauna","Zenaida auriculata (Des Murs, 1847)","Aves","Columbiformes","Columbidae","Zenaida",110,"GBIF","eBird",2017,2024,8,FALSE,"Zenaida auriculata","Least Concern","22690747","Preocupación Menor (LC)",FALSE
"Zurite","Metallura tyrianthina","Fauna","Metallura tyrianthina (Loddiges, 1832)","Aves","Apodiformes","Trochilidae","Metallura",109,"GBIF","eBird",2016,2024,8,FALSE,"Metallura tyrianthina","Least Concern","22688015","Preocupación Menor (LC)",FALSE
"Zurite","Turdus chiguanco","Fauna","Turdus chiguanco Orbigny & Lafresnaye, 1837","Aves","Passeriformes","Turdidae","Turdus",108,"GBIF","eBird",2017,2024,9,FALSE,"Turdus chiguanco","Least Concern","103889964","Preocupación Menor (LC)",FALSE
"Zurite","Conirostrum cinereum","Fauna","Conirostrum cinereum d'Orbigny & Lafresnaye, 1838","Aves","Passeriformes","Thraupidae","Conirostrum",107,"GBIF","eBird",2017,2024,7,FALSE,"Conirostrum cinereum","Least Concern","22722096","Preocupación Menor (LC)",FALSE
"Zurite","Ochthoeca leucophrys","Fauna","Ochthoeca leucophrys (Orbigny & Lafresnaye, 1837)","Aves","Passeriformes","Tyrannidae","Ochthoeca",107,"GBIF","eBird",2021,2024,8,FALSE,"Ochthoeca leucophrys","Least Concern","22699943","Preocupación Menor (LC)",FALSE
"Zurite","Saltator aurantiirostris","Fauna","Saltator aurantiirostris Vieillot, 1817","Aves","Passeriformes","Thraupidae","Saltator",106,"GBIF","eBird",2017,2024,9,FALSE,"Saltator aurantiirostris","Least Concern","22723892","Preocupación Menor (LC)",FALSE
"Zurite","Troglodytes musculus","Fauna","Troglodytes musculus J.F.Naumann, 1823","Aves","Passeriformes","Troglodytidae","Troglodytes",97,"GBIF","eBird",2021,2024,8,FALSE,"---","---",NA,"No Evaluada (NE)",FALSE
"Zurite","Colibri coruscans","Fauna","Colibri coruscans (Gould, 1846)","Aves","Apodiformes","Trochilidae","Colibri",89,"GBIF","eBird",2021,2024,9,FALSE,"Colibri coruscans","Least Concern","22687114","Preocupación Menor (LC)",FALSE
"Zurite","Aglaeactis cupripennis","Fauna","Aglaeactis cupripennis (Bourcier, 1843)","Aves","Apodiformes","Trochilidae","Aglaeactis",88,"GBIF","eBird",2021,2024,8,FALSE,"Aglaeactis cupripennis","Least Concern","22687788","Preocupación Menor (LC)",FALSE
"Zurite","Asthenes ottonis","Fauna","Asthenes ottonis (Berlepsch, 1901)","Aves","Passeriformes","Furnariidae","Asthenes",86,"GBIF","eBird",2021,2024,8,FALSE,"Asthenes ottonis","Least Concern","22702497","Preocupación Menor (LC)",FALSE
"Zurite","Cranioleuca albicapilla","Fauna","Cranioleuca albicapilla (Cabanis, 1873)","Aves","Passeriformes","Furnariidae","Cranioleuca",84,"GBIF","eBird",2021,2024,8,FALSE,"Cranioleuca albicapilla","Least Concern","22702448","Preocupación Menor (LC)",FALSE
"Zurite","Xenodacnis parina","Fauna","Xenodacnis parina Cabanis, 1873","Aves","Passeriformes","Thraupidae","Xenodacnis",84,"GBIF","eBird",2021,2024,8,FALSE,"Xenodacnis parina","Least Concern","103839796","Preocupación Menor (LC)",FALSE
"Zurite","Colaptes rupicola","Fauna","Colaptes rupicola d'Orbigny, 1840","Aves","Piciformes","Picidae","Colaptes",82,"GBIF","eBird",2021,2024,9,FALSE,"Colaptes rupicola","Least Concern","22726426","Preocupación Menor (LC)",FALSE
"Zurite","Aglaeactis castelnaudii","Fauna","Aglaeactis castelnaudii (Bourcier & Mulsant, 1848)","Aves","Apodiformes","Trochilidae","Aglaeactis",75,"GBIF","eBird",2021,2024,6,FALSE,"Aglaeactis castelnaudii","Near Threatened","22687791","Casi Amenazada (NT)",FALSE
"Zurite","Rauenia bonariensis","Fauna","Rauenia bonariensis (J.F.Gmelin, 1789)","Aves","Passeriformes","Thraupidae","Rauenia",71,"GBIF","eBird",2021,2024,8,FALSE,"---","---",NA,"No Evaluada (NE)",FALSE
"Zurite","Catamenia analis","Fauna","Catamenia analis (d'Orbigny & Lafresnaye, 1837)","Aves","Passeriformes","Thraupidae","Catamenia",67,"GBIF / iNaturalist","eBird / iNaturalist",2021,2024,9,FALSE,"Catamenia analis","Least Concern","22723570","Preocupación Menor (LC)",FALSE
"Zurite","Diglossa brunneiventris","Fauna","Diglossa brunneiventris Lafresnaye, 1846","Aves","Passeriformes","Thraupidae","Diglossa",67,"GBIF","eBird",2021,2024,7,FALSE,"Diglossa brunneiventris","Least Concern","22723677","Preocupación Menor (LC)",FALSE
"Zurite","Cinclodes fuscus","Fauna","Cinclodes albiventris (Philippi & Landbeck, 1861)","Aves","Passeriformes","Furnariidae","Cinclodes",63,"GBIF","eBird",2021,2024,8,FALSE,"Cinclodes fuscus","---","22736220_1","No Evaluada (NE)",FALSE
"Zurite","Poospizopsis caesar","Fauna","Poospizopsis caesar (P.L.Sclater & Salvin, 1869)","Aves","Passeriformes","Thraupidae","Poospizopsis",63,"GBIF","eBird",2021,2024,9,FALSE,"Poospizopsis caesar","Least Concern","22723282","Preocupación Menor (LC)",FALSE
"Zurite","Scytalopus urubambae","Fauna","Scytalopus urubambae Zimmer, 1939","Aves","Passeriformes","Rhinocryptidae","Scytalopus",59,"GBIF","eBird",2021,2024,4,FALSE,"Scytalopus urubambae","Least Concern","22733286","Preocupación Menor (LC)",FALSE
"Zurite","Catamenia inornata","Fauna","Catamenia inornata (Lafresnaye, 1847)","Aves","Passeriformes","Thraupidae","Catamenia",54,"GBIF","eBird",2021,2024,7,FALSE,"Catamenia inornata","Least Concern","22723573","Preocupación Menor (LC)",FALSE
"Zurite","Buteo polyosoma","Fauna","Geranoaetus polyosoma (Quoy & Gaimard, 1824)","Aves","Accipitriformes","Accipitridae","Buteo",52,"GBIF / iNaturalist","eBird / iNaturalist",2016,2024,7,FALSE,"---","---",NA,"No Evaluada (NE)",FALSE
"Zurite","Columba livia","Fauna","Columba livia J.F.Gmelin, 1789","Aves","Columbiformes","Columbidae","Columba",51,"GBIF","eBird",2021,2024,9,FALSE,"Columba livia","Least Concern","22690066","Preocupación Menor (LC)",FALSE
"Zurite","Metriopelia ceciliae","Fauna","Metriopelia ceciliae (R.Lesson, 1845)","Aves","Columbiformes","Columbidae","Metriopelia",48,"GBIF","eBird",2021,2024,6,FALSE,"Metriopelia ceciliae","Least Concern","22690829","Preocupación Menor (LC)",FALSE
"Zurite","Lesbia nuna","Fauna","Lesbia nuna (R.Lesson, 1832)","Aves","Apodiformes","Trochilidae","Lesbia",41,"GBIF","eBird",2021,2024,8,FALSE,"Lesbia nuna","Least Concern","22687974","Preocupación Menor (LC)",FALSE
"Zurite","Notiochelidon murina","Fauna","Orochelidon murina (Cassin, 1853)","Aves","Passeriformes","Hirundinidae","Notiochelidon",41,"GBIF","eBird",2021,2024,8,FALSE,"---","---",NA,"No Evaluada (NE)",FALSE
"Zurite","Oreonympha nobilis","Fauna","Oreonympha nobilis Gould, 1869","Aves","Apodiformes","Trochilidae","Oreonympha",40,"GBIF","eBird",2022,2024,6,FALSE,"Oreonympha nobilis","Least Concern","22727923","Preocupación Menor (LC)",FALSE
"Zurite","Ochthoeca rufipectoralis","Fauna","Ochthoeca rufipectoralis (Orbigny & Lafresnaye, 1837)","Aves","Passeriformes","Tyrannidae","Ochthoeca",36,"GBIF","eBird",2021,2024,6,FALSE,"Ochthoeca rufipectoralis","Least Concern","22699930","Preocupación Menor (LC)",FALSE
"Zurite","Patagona gigas","Fauna","Patagona gigas (Vieillot, 1824)","Aves","Apodiformes","Trochilidae","Patagona",35,"GBIF","eBird",2019,2024,8,FALSE,"Patagona gigas","Least Concern","22687785","Preocupación Menor (LC)",FALSE
"Zurite","Bolborhynchus orbygnesius","Fauna","Bolborhynchus orbygnesius (Souance, 1856)","Aves","Psittaciformes","Psittacidae","Bolborhynchus",33,"GBIF","eBird",2021,2024,4,FALSE,"Bolborhynchus orbygnesius","Least Concern","22685916","Preocupación Menor (LC)",FALSE
"Zurite","Geospizopsis plebejus","Fauna","Geospizopsis plebejus (Tschudi, 1844)","Aves","Passeriformes","Thraupidae","Geospizopsis",32,"GBIF","eBird",2022,2023,8,FALSE,"Geospizopsis plebejus","Least Concern","22723100","Preocupación Menor (LC)",FALSE
"Zurite","Rhopospina fruticeti","Fauna","Rhopospina fruticeti (Kittlitz, 1833)","Aves","Passeriformes","Thraupidae","Rhopospina",29,"GBIF","eBird",2021,2024,8,FALSE,"Rhopospina fruticeti","Least Concern","22723080","Preocupación Menor (LC)",FALSE
"Zurite","Falco sparverius","Fauna","Falco sparverius Linnaeus, 1758","Aves","Falconiformes","Falconidae","Falco",26,"GBIF / iNaturalist","eBird / iNaturalist",2022,2024,9,FALSE,"Falco sparverius","Least Concern","22696395","Preocupación Menor (LC)",FALSE
"Zurite","Lesbia victoriae","Fauna","Lesbia victoriae (Bourcier & Mulsant, 1846)","Aves","Apodiformes","Trochilidae","Lesbia",24,"GBIF","eBird",2021,2024,8,FALSE,"Lesbia victoriae","Least Concern","22687971","Preocupación Menor (LC)",FALSE
"Zurite","Falco peregrinus","Fauna","Falco peregrinus Tunstall, 1771","Aves","Falconiformes","Falconidae","Falco",23,"GBIF","eBird",2021,2024,4,FALSE,"Falco peregrinus","Least Concern","45354964","Preocupación Menor (LC)",FALSE
"Zurite","Plegadis ridgwayi","Fauna","Plegadis ridgwayi (Allen, 1876)","Aves","Pelecaniformes","Threskiornithidae","Plegadis",23,"GBIF","eBird",2018,2024,9,FALSE,"Plegadis ridgwayi","Least Concern","22697429","Preocupación Menor (LC)",FALSE
"Zurite","Phacellodomus striaticeps","Fauna","Phacellodomus striaticeps (Orbigny & Lafresnaye, 1838)","Aves","Passeriformes","Furnariidae","Phacellodomus",22,"GBIF","eBird",2021,2023,6,FALSE,"Phacellodomus striaticeps","Least Concern","22702613","Preocupación Menor (LC)",FALSE
"Zurite","Agriornis montanus","Fauna","Agriornis montanus (Orbigny & Lafresnaye, 1837)","Aves","Passeriformes","Tyrannidae","Agriornis",21,"GBIF","eBird",2021,2024,6,FALSE,"Agriornis montanus","Least Concern","22700072","Preocupación Menor (LC)",FALSE
"Zurite","Anairetes flavirostris","Fauna","Anairetes flavirostris P.L.Sclater & Salvin, 1876","Aves","Passeriformes","Tyrannidae","Anairetes",21,"GBIF","eBird",2022,2024,8,FALSE,"Anairetes flavirostris","Least Concern","22699397","Preocupación Menor (LC)",FALSE
"Zurite","Muscisaxicola rufivertex","Fauna","Muscisaxicola rufivertex Orbigny & Lafresnaye, 1837","Aves","Passeriformes","Tyrannidae","Muscisaxicola",21,"GBIF","eBird",2021,2024,8,FALSE,"Muscisaxicola rufivertex","Least Concern","103683296","Preocupación Menor (LC)",FALSE
"Zurite","Bubulcus ibis","Fauna","Ardea ibis Linnaeus, 1758","Aves","Pelecaniformes","Ardeidae","Bubulcus",19,"GBIF","eBird",2019,2024,8,FALSE,"Bubulcus ibis","Least Concern","22697109","Preocupación Menor (LC)",FALSE
"Zurite","Nothoprocta taczanowskii","Fauna","Nothoprocta taczanowskii P.L.Sclater & Salvin, 1875","Aves","Tinamiformes","Tinamidae","Nothoprocta",19,"GBIF","eBird",2021,2023,5,FALSE,"Nothoprocta taczanowskii","Vulnerable","22678246","Vulnerable (VU)",TRUE
"Zurite","Thlypopsis ruficeps","Fauna","Thlypopsis ruficeps (d'Orbigny & Lafresnaye, 1837)","Aves","Passeriformes","Thraupidae","Thlypopsis",19,"GBIF","eBird",2022,2024,5,FALSE,"Thlypopsis ruficeps","Least Concern","22722269","Preocupación Menor (LC)",FALSE
"Zurite","Nothoprocta pentlandii","Fauna","Nothoprocta pentlandii (G.R.Gray, 1867)","Aves","Tinamiformes","Tinamidae","Nothoprocta",18,"GBIF","eBird",2021,2024,6,FALSE,"Nothoprocta pentlandii","Least Concern","22678259","Preocupación Menor (LC)",FALSE
"Zurite","Myiotheretes striaticollis","Fauna","Myiotheretes striaticollis (P.L.Sclater, 1853)","Aves","Passeriformes","Tyrannidae","Myiotheretes",17,"GBIF","eBird",2021,2024,6,FALSE,"Myiotheretes striaticollis","Least Concern","22699987","Preocupación Menor (LC)",FALSE
"Zurite","Chroicocephalus serranus","Fauna","Chroicocephalus serranus (Tschudi, 1844)","Aves","Charadriiformes","Laridae","Chroicocephalus",16,"GBIF","eBird",2019,2024,9,FALSE,"---","---",NA,"No Evaluada (NE)",FALSE
"Zurite","Pheucticus aureoventris","Fauna","Pheucticus aureoventris (d'Orbigny & Lafresnaye, 1837)","Aves","Passeriformes","Cardinalidae","Pheucticus",16,"GBIF","eBird",2022,2024,7,FALSE,"Pheucticus aureoventris","Least Concern","22723810","Preocupación Menor (LC)",FALSE
"Zurite","Chaetocercus mulsant","Fauna","Chaetocercus mulsant (Bourcier, 1843)","Aves","Apodiformes","Trochilidae","Chaetocercus",13,"GBIF","eBird",2022,2024,4,FALSE,"Chaetocercus mulsant","Least Concern","22688251","Preocupación Menor (LC)",FALSE
"Zurite","Glaucidium peruanum","Fauna","Glaucidium peruanum C.König, 1991","Aves","Strigiformes","Strigidae","Glaucidium",13,"GBIF","eBird",2022,2024,7,FALSE,"Glaucidium peruanum","Least Concern","22689253","Preocupación Menor (LC)",FALSE
"Zurite","Muscisaxicola maculirostris","Fauna","Muscisaxicola maculirostris Orbigny & Lafresnaye, 1837","Aves","Passeriformes","Tyrannidae","Muscisaxicola",12,"GBIF","eBird",2022,2024,6,FALSE,"Muscisaxicola maculirostris","Least Concern","22700132","Preocupación Menor (LC)",FALSE
"Zurite","Nothoprocta ornata","Fauna","Nothoprocta ornata (G.R.Gray, 1867)","Aves","Tinamiformes","Tinamidae","Nothoprocta",12,"GBIF","eBird",2022,2024,7,FALSE,"Nothoprocta ornata","Least Concern","22678254","Preocupación Menor (LC)",FALSE
"Zurite","Ampelion rubrocristatus","Fauna","Ampelion rubrocristatus (Orbigny & Lafresnaye, 1837)","Aves","Passeriformes","Cotingidae","Ampelion",11,"GBIF","eBird",2023,2023,8,FALSE,"Ampelion rubrocristatus","Least Concern","22700753","Preocupación Menor (LC)",FALSE
"Zurite","Diglossa sittoides","Fauna","Diglossa sittoides (d'Orbigny & Lafresnaye, 1838)","Aves","Passeriformes","Thraupidae","Diglossa",11,"GBIF","eBird",2023,2024,6,FALSE,"Diglossa sittoides","Least Concern","22723644","Preocupación Menor (LC)",FALSE
"Zurite","Geranoaetus melanoleucus","Fauna","Geranoaetus melanoleucus (Vieillot, 1819)","Aves","Accipitriformes","Accipitridae","Geranoaetus",11,"GBIF","eBird",2021,2024,8,FALSE,"Geranoaetus melanoleucus","Least Concern","22695845","Preocupación Menor (LC)",FALSE
"Zurite","Ochthoeca oenanthoides","Fauna","Ochthoeca oenanthoides (Orbigny & Lafresnaye, 1837)","Aves","Passeriformes","Tyrannidae","Ochthoeca",11,"GBIF","eBird",2021,2023,6,FALSE,"Ochthoeca oenanthoides","Least Concern","22699938","Preocupación Menor (LC)",FALSE
"Zurite","Grallaria andicolus","Fauna","Grallaria andicolus (Cabanis, 1873)","Aves","Passeriformes","Grallariidae","Grallaria",10,"GBIF","eBird",2023,2024,5,FALSE,"Grallaria andicolus","Least Concern","22703281","Preocupación Menor (LC)",FALSE
"Zurite","Muscisaxicola juninensis","Fauna","Muscisaxicola juninensis Taczanowski, 1884","Aves","Passeriformes","Tyrannidae","Muscisaxicola",10,"GBIF","eBird",2021,2023,4,FALSE,"Muscisaxicola juninensis","Least Concern","22700168","Preocupación Menor (LC)",FALSE
"Zurite","Vanellus resplendens","Fauna","Vanellus resplendens (Tschudi, 1843)","Aves","Charadriiformes","Charadriidae","Vanellus",10,"GBIF","eBird",2022,2024,8,FALSE,"Vanellus resplendens","Least Concern","22694078","Preocupación Menor (LC)",FALSE
"Zurite","Cathartes aura","Fauna","Cathartes aura (Linnaeus, 1758)","Aves","Accipitriformes","Cathartidae","Cathartes",9,"GBIF","eBird",2022,2023,7,FALSE,"Cathartes aura","Least Concern","22697627","Preocupación Menor (LC)",FALSE
"Zurite","Elaenia albiceps","Fauna","Elaenia albiceps (Orbigny & Lafresnaye, 1837)","Aves","Passeriformes","Tyrannidae","Elaenia",9,"GBIF","eBird",2023,2024,5,FALSE,"Elaenia albiceps","Least Concern","22699271","Preocupación Menor (LC)",FALSE
"Zurite","Metriopelia melanoptera","Fauna","Metriopelia melanoptera (Molina, 1782)","Aves","Columbiformes","Columbidae","Metriopelia",9,"GBIF","eBird",2022,2023,4,FALSE,"Metriopelia melanoptera","Least Concern","22690839","Preocupación Menor (LC)",FALSE
"Zurite","Ochthoeca fumicolor","Fauna","Ochthoeca fumicolor P.L.Sclater, 1856","Aves","Passeriformes","Tyrannidae","Ochthoeca",9,"GBIF","eBird",2021,2023,5,FALSE,"Ochthoeca fumicolor","Least Concern","103682812","Preocupación Menor (LC)",FALSE
"Zurite","Turdus fuscater","Fauna","Turdus fuscater Orbigny & Lafresnaye, 1837","Aves","Passeriformes","Turdidae","Turdus",9,"GBIF","eBird",2016,2024,7,FALSE,"Turdus fuscater","Least Concern","22708848","Preocupación Menor (LC)",FALSE
"Zurite","Bubo magellanicus","Fauna","Bubo magellanicus (R.Lesson, 1828)","Aves","Strigiformes","Strigidae","Bubo",8,"GBIF","eBird",2021,2024,6,FALSE,"Bubo magellanicus","Least Concern","61752097","Preocupación Menor (LC)",FALSE
"Zurite","Porphyrospiza alaudina","Fauna","Rhopospina alaudina (Kittlitz, 1833)","Aves","Passeriformes","Thraupidae","Porphyrospiza",8,"GBIF","eBird",2022,2024,5,FALSE,"---","---",NA,"No Evaluada (NE)",FALSE
"Zurite","Asthenes humilis","Fauna","Asthenes humilis (Cabanis, 1873)","Aves","Passeriformes","Furnariidae","Asthenes",7,"GBIF","eBird",2022,2023,3,FALSE,"Asthenes humilis","Least Concern","22702555","Preocupación Menor (LC)",FALSE
"Zurite","Asthenes virgata","Fauna","Asthenes virgata (P.L.Sclater, 1874)","Aves","Passeriformes","Furnariidae","Asthenes",7,"GBIF","eBird",2022,2023,5,FALSE,"Asthenes virgata","Least Concern","22702575","Preocupación Menor (LC)",FALSE
"Zurite","Asthenes wyatti","Fauna","Asthenes wyatti (P.L.Sclater & Salvin, 1871)","Aves","Passeriformes","Furnariidae","Asthenes",7,"GBIF","eBird",2021,2024,5,FALSE,"Asthenes wyatti","Least Concern","103673405","Preocupación Menor (LC)",FALSE
"Zurite","Atlapetes forbesi","Fauna","Atlapetes forbesi Morrison, 1947","Aves","Passeriformes","Passerellidae","Atlapetes",7,"GBIF","eBird",2022,2024,4,FALSE,"Atlapetes forbesi","Least Concern","22728563","Preocupación Menor (LC)",FALSE
"Zurite","Cinclodes atacamensis","Fauna","Cinclodes atacamensis (Philippi, 1857)","Aves","Passeriformes","Furnariidae","Cinclodes",7,"GBIF","eBird",2016,2024,8,FALSE,"Cinclodes atacamensis","Least Concern","22702114","Preocupación Menor (LC)",FALSE
"Zurite","Pachyramphus validus","Fauna","Pachyramphus validus (Lichtenstein, 1823)","Aves","Passeriformes","Cotingidae","Pachyramphus",7,"GBIF","eBird",2022,2024,5,FALSE,"Pachyramphus validus","Least Concern","22700683","Preocupación Menor (LC)",FALSE
"Zurite","Anairetes parulus","Fauna","Anairetes parulus (Kittlitz, 1830)","Aves","Passeriformes","Tyrannidae","Anairetes",6,"GBIF","eBird",2022,2024,7,FALSE,"Anairetes parulus","Least Concern","22699406","Preocupación Menor (LC)",FALSE
"Zurite","Falco femoralis","Fauna","Falco femoralis Temminck, 1822","Aves","Falconiformes","Falconidae","Falco",6,"GBIF / iNaturalist","eBird / iNaturalist",2019,2024,8,FALSE,"Falco femoralis","Least Concern","22696450","Preocupación Menor (LC)",FALSE
"Zurite","Polioxolmis rufipennis","Fauna","Cnemarchus rufipennis (Taczanowski, 1874)","Aves","Passeriformes","Tyrannidae","Polioxolmis",6,"GBIF","eBird",2021,2022,6,FALSE,"Polioxolmis rufipennis","Least Concern","22700123","Preocupación Menor (LC)",FALSE
"Zurite","Solanum tuberosum","Flora","Solanum stenotomum subsp. stenotomum","Magnoliopsida","Solanales","Solanaceae","Solanum",6,"GBIF","Otros conjuntos mediados por GBIF",NA,NA,4,FALSE,"Solanum etuberosum","Least Concern","101526038","Preocupación Menor (LC)",FALSE
"Zurite","Bombus opifex","Fauna","Bombus opifex","Insecta","Hymenoptera","Apidae","Bombus",5,"iNaturalist","iNaturalist",2025,2025,1,TRUE,"Bombus opifex","Least Concern","21215138","Preocupación Menor (LC)",FALSE
"Zurite","Geospizopsis unicolor","Fauna","Geospizopsis unicolor (d'Orbigny & Lafresnaye, 1837)","Aves","Passeriformes","Thraupidae","Geospizopsis",5,"GBIF","eBird",2022,2024,5,FALSE,"Geospizopsis unicolor","Least Concern","22723085","Preocupación Menor (LC)",FALSE
"Zurite","Scytalopus simonsi","Fauna","Scytalopus simonsi Chubb, 1917","Aves","Passeriformes","Rhinocryptidae","Scytalopus",5,"GBIF","eBird",2022,2024,3,FALSE,"Scytalopus simonsi","Least Concern","22729298","Preocupación Menor (LC)",FALSE
"Zurite","Spinus crassirostris","Fauna","Spinus crassirostris (Landbeck, 1877)","Aves","Passeriformes","Fringillidae","Spinus",5,"GBIF","eBird",2022,2023,5,FALSE,"Spinus crassirostris","Least Concern","22720380","Preocupación Menor (LC)",FALSE
"Zurite","Anas flavirostris","Fauna","Anas flavirostris Vieillot, 1816","Aves","Anseriformes","Anatidae","Anas",4,"GBIF","eBird",2021,2024,9,FALSE,"Anas flavirostris","---","22735557_1","No Evaluada (NE)",FALSE
"Zurite","Ardea alba","Fauna","Ardea alba Linnaeus, 1758","Aves","Pelecaniformes","Ardeidae","Ardea",4,"GBIF","eBird",2021,2024,7,FALSE,"Ardea alba","Least Concern","22697043","Preocupación Menor (LC)",FALSE
"Zurite","Coragyps atratus","Fauna","Coragyps atratus (Bechstein, 1793)","Aves","Accipitriformes","Cathartidae","Coragyps",4,"GBIF","eBird",2022,2022,4,FALSE,"Coragyps atratus","Least Concern","22697624","Preocupación Menor (LC)",FALSE
"Zurite","Sicalis olivascens","Fauna","Sicalis olivascens (d'Orbigny & Lafresnaye, 1837)","Aves","Passeriformes","Thraupidae","Sicalis",4,"GBIF","eBird",2022,2022,4,FALSE,"Sicalis olivascens","Least Concern","103838515","Preocupación Menor (LC)",FALSE
"Zurite","Streptoprocne zonaris","Fauna","Streptoprocne zonaris (Shaw, 1796)","Aves","Apodiformes","Apodidae","Streptoprocne",4,"GBIF","eBird",2019,2022,6,FALSE,"Streptoprocne zonaris","Least Concern","22686476","Preocupación Menor (LC)",FALSE
"Zurite","Anas georgica","Fauna","Anas georgica J.F.Gmelin, 1789","Aves","Anseriformes","Anatidae","Anas",3,"GBIF","eBird",2019,2021,8,FALSE,"Anas georgica","Least Concern","22680310","Preocupación Menor (LC)",FALSE
"Zurite","Empidonax alnorum","Fauna","Empidonax alnorum Brewster, 1895","Aves","Passeriformes","Tyrannidae","Empidonax",3,"GBIF","eBird",2021,2021,3,FALSE,"Empidonax alnorum","Least Concern","22699845","Preocupación Menor (LC)",FALSE
"Zurite","Gallinula chloropus","Fauna","Gallinula galeata (Lichtenstein & Mhc, 1818)","Aves","Gruiformes","Rallidae","Gallinula",3,"GBIF","eBird",2021,2024,8,FALSE,"Gallinula chloropus","Least Concern","62120190","Preocupación Menor (LC)",FALSE
"Zurite","Hirundinea ferruginea","Fauna","Hirundinea ferruginea (Gmelin, 1788)","Aves","Passeriformes","Tyrannidae","Hirundinea",3,"GBIF","eBird",2023,2024,3,FALSE,"Hirundinea ferruginea","Least Concern","22699738","Preocupación Menor (LC)",FALSE
"Zurite","Nycticorax nycticorax","Fauna","Nycticorax nycticorax (Linnaeus, 1758)","Aves","Pelecaniformes","Ardeidae","Nycticorax",3,"GBIF","eBird",2021,2024,6,FALSE,"Nycticorax nycticorax","Least Concern","22697211","Preocupación Menor (LC)",FALSE
"Zurite","Spatula cyanoptera","Fauna","Spatula cyanoptera (Vieillot, 1816)","Aves","Anseriformes","Anatidae","Spatula",3,"GBIF","eBird",2019,2021,7,FALSE,"Spatula cyanoptera","Least Concern","22680233","Preocupación Menor (LC)",FALSE
"Zurite","Spatula puna","Fauna","Spatula puna (Tschudi, 1844)","Aves","Anseriformes","Anatidae","Spatula",3,"GBIF","eBird",2021,2023,6,FALSE,"Spatula puna","Least Concern","22680326","Preocupación Menor (LC)",FALSE
"Zurite","Theristicus melanopis","Fauna","Theristicus branickii Berlepsch & Stolzmann, 1894","Aves","Pelecaniformes","Threskiornithidae","Theristicus",3,"GBIF","eBird",2023,2024,7,FALSE,"Theristicus melanopis","Least Concern","22734000","Preocupación Menor (LC)",FALSE
"Zurite","Agelasticus thilius","Fauna","Agelasticus thilius (Molina, 1782)","Aves","Passeriformes","Icteridae","Agelasticus",2,"GBIF","eBird",2021,2021,4,FALSE,"Agelasticus thilius","Least Concern","22724178","Preocupación Menor (LC)",FALSE
"Zurite","Asio flammeus","Fauna","Asio flammeus (Pontoppidan, 1763)","Aves","Strigiformes","Strigidae","Asio",2,"GBIF / iNaturalist","eBird / iNaturalist",2023,2024,3,FALSE,"Asio flammeus","Least Concern","22689531","Preocupación Menor (LC)",FALSE
"Zurite","Buteo albigula","Fauna","Buteo albigula Philippi, 1899","Aves","Accipitriformes","Accipitridae","Buteo",2,"GBIF","eBird",2022,2022,5,FALSE,"Buteo albigula","Least Concern","22695900","Preocupación Menor (LC)",FALSE
"Zurite","Catharus ustulatus","Fauna","Catharus ustulatus (Nuttall, 1840)","Aves","Passeriformes","Turdidae","Catharus",2,"GBIF","eBird",2022,2022,3,FALSE,"Catharus ustulatus","Least Concern","103881682","Preocupación Menor (LC)",FALSE
"Zurite","Conirostrum ferrugineiventre","Fauna","Conirostrum ferrugineiventre P.L.Sclater, 1855","Aves","Passeriformes","Thraupidae","Conirostrum",2,"GBIF","eBird",2024,2024,3,FALSE,"Conirostrum ferrugineiventre","Least Concern","22722102","Preocupación Menor (LC)",FALSE
"Zurite","Egretta thula","Fauna","Egretta thula (Molina, 1782)","Aves","Pelecaniformes","Ardeidae","Egretta",2,"GBIF","eBird",2021,2021,4,FALSE,"Egretta thula","Least Concern","22696974","Preocupación Menor (LC)",FALSE
"Zurite","Fulica ardesiaca","Fauna","Fulica ardesiaca Tschudi, 1843","Aves","Gruiformes","Rallidae","Fulica",2,"GBIF","eBird",2021,2021,8,FALSE,"Fulica ardesiaca","Least Concern","22692932","Preocupación Menor (LC)",FALSE
"Zurite","Haplochelidon andecola","Fauna","Orochelidon andecola (d'Orbigny & Lafresnaye, 1837)","Aves","Passeriformes","Hirundinidae","Haplochelidon",2,"GBIF","eBird",2024,2024,7,FALSE,"---","---",NA,"No Evaluada (NE)",FALSE
"Zurite","Oreotrochilus estella","Fauna","Oreotrochilus estella (d'Orbigny, 1838)","Aves","Apodiformes","Trochilidae","Oreotrochilus",2,"GBIF","eBird",2022,2024,6,FALSE,"Oreotrochilus estella","Least Concern","60946163","Preocupación Menor (LC)",FALSE
"Zurite","Pseudocolopteryx acutipennis","Fauna","Pseudocolopteryx acutipennis (P.L.Sclater & Salvin, 1873)","Aves","Passeriformes","Tyrannidae","Pseudocolopteryx",2,"GBIF","eBird",2024,2024,3,FALSE,"Pseudocolopteryx acutipennis","Least Concern","22699430","Preocupación Menor (LC)",FALSE
"Zurite","Solanum brevicaule","Flora","Solanum coelestispetalum Vargas","Magnoliopsida","Solanales","Solanaceae","Solanum",2,"GBIF","Otros conjuntos mediados por GBIF",NA,NA,8,FALSE,"Solanum brevicaule","Least Concern","71779365","Preocupación Menor (LC)",FALSE
"Zurite","Solanum candolleanum","Flora","Solanum candolleanum Berthault","Magnoliopsida","Solanales","Solanaceae","Solanum",2,"GBIF","Otros conjuntos mediados por GBIF",NA,NA,7,FALSE,"---","---",NA,"No Evaluada (NE)",FALSE
"Zurite","Solanum chaucha","Flora","Solanum × chaucha Juz. & Bukasov","Magnoliopsida","Solanales","Solanaceae","Solanum",2,"GBIF","Otros conjuntos mediados por GBIF",NA,NA,1,TRUE,"---","---",NA,"No Evaluada (NE)",FALSE
"Zurite","Taraxacum","Flora","Taraxacum spec F.H.Wigg.","Magnoliopsida","Asterales","Asteraceae","Taraxacum",2,"GBIF","Otros conjuntos mediados por GBIF",2007,2007,1,TRUE,"---","---",NA,"No Evaluada (NE)",FALSE
"Zurite","Trifolium repens","Flora","Trifolium repens","Magnoliopsida","Fabales","Fabaceae","Trifolium",2,"iNaturalist","iNaturalist",2025,2025,4,FALSE,"---","---",NA,"No Evaluada (NE)",FALSE
"Zurite","Tringa flavipes","Fauna","Tringa flavipes (J.F.Gmelin, 1789)","Aves","Charadriiformes","Scolopacidae","Tringa",2,"GBIF","eBird",2021,2021,6,FALSE,"Tringa flavipes","Vulnerable","22693235","Vulnerable (VU)",TRUE
"Zurite","Tringa melanoleuca","Fauna","Tringa melanoleuca (J.F.Gmelin, 1789)","Aves","Charadriiformes","Scolopacidae","Tringa",2,"GBIF","eBird",2021,2021,5,FALSE,"Tringa melanoleuca","Near Threatened","22693231","Casi Amenazada (NT)",FALSE
"Zurite","Aeronautes andecolus","Fauna","Aeronautes andecolus (d'Orbigny & Lafresnaye, 1837)","Aves","Apodiformes","Apodidae","Aeronautes",1,"GBIF","eBird",2024,2024,7,FALSE,"Aeronautes andecolus","Least Concern","22686739","Preocupación Menor (LC)",FALSE
"Zurite","Aeronautes montivagus","Fauna","Aeronautes montivagus (d'Orbigny & Lafresnaye, 1837)","Aves","Apodiformes","Apodidae","Aeronautes",1,"GBIF","eBird",2024,2024,4,FALSE,"Aeronautes montivagus","Least Concern","22686736","Preocupación Menor (LC)",FALSE
"Zurite","Agriornis andicola","Fauna","Agriornis albicauda (Philippi & Landbeck, 1863)","Aves","Passeriformes","Tyrannidae","Agriornis",1,"GBIF","eBird",2024,2024,4,FALSE,"---","---",NA,"No Evaluada (NE)",FALSE
"Zurite","Anairetes alpinus","Fauna","Anairetes alpinus (Carriker, 1933)","Aves","Passeriformes","Tyrannidae","Anairetes",1,"GBIF","eBird",2023,2023,3,FALSE,"Anairetes alpinus","Vulnerable","22699383","Vulnerable (VU)",TRUE
"Zurite","Aratinga mitrata","Fauna","Psittacara mitratus (Tschudi, 1844)","Aves","Psittaciformes","Psittacidae","Aratinga",1,"GBIF","eBird",2024,2024,7,FALSE,"---","---",NA,"No Evaluada (NE)",FALSE
"Zurite","Athene cunicularia","Fauna","Athene cunicularia (Molina, 1782)","Aves","Strigiformes","Strigidae","Athene",1,"GBIF","eBird",2019,2019,5,FALSE,"Athene cunicularia","Least Concern","22689353","Preocupación Menor (LC)",FALSE
"Zurite","Boissonneaua matthewsii","Fauna","Boissonneaua matthewsii (Bourcier, 1847)","Aves","Apodiformes","Trochilidae","Boissonneaua",1,"GBIF","eBird",2024,2024,2,FALSE,"Boissonneaua matthewsii","Least Concern","22687871","Preocupación Menor (LC)",FALSE
"Zurite","Chalcostigma olivaceum","Fauna","Chalcostigma olivaceum (Lawrence, 1864)","Aves","Apodiformes","Trochilidae","Chalcostigma",1,"GBIF","eBird",2023,2023,3,FALSE,"Chalcostigma olivaceum","Least Concern","22688027","Preocupación Menor (LC)",FALSE
"Zurite","Conirostrum binghami","Fauna","Conirostrum binghami (Chapman, 1919)","Aves","Passeriformes","Thraupidae","Conirostrum",1,"GBIF","eBird",2024,2024,4,FALSE,"Conirostrum binghami","Near Threatened","22722114","Casi Amenazada (NT)",FALSE
"Zurite","Crypturellus cinereus","Fauna","Crypturellus cinereus (J.F.Gmelin, 1789)","Aves","Tinamiformes","Tinamidae","Crypturellus",1,"GBIF","eBird",2023,2023,2,FALSE,"Crypturellus cinereus","Least Concern","22678166","Preocupación Menor (LC)",FALSE
"Zurite","Dacnis cayana","Fauna","Dacnis cayana (Linnaeus, 1766)","Aves","Passeriformes","Thraupidae","Dacnis",1,"GBIF","eBird",2024,2024,3,FALSE,"Dacnis cayana","Least Concern","22722991","Preocupación Menor (LC)",FALSE
"Zurite","Dubusia castaneoventris","Fauna","Dubusia castaneoventris (P.L.Sclater, 1851)","Aves","Passeriformes","Thraupidae","Dubusia",1,"GBIF","eBird",2023,2023,2,FALSE,"Dubusia castaneoventris","Least Concern","22722686","Preocupación Menor (LC)",FALSE
"Zurite","Eristalis bogotensis","Fauna","Eristalis bogotensis","Insecta","Diptera","Syrphidae","Eristalis",1,"iNaturalist","iNaturalist",2022,2022,1,TRUE,"---","---",NA,"No Evaluada (NE)",FALSE
"Zurite","Fuchsia apetala","Flora","Fuchsia apetala","Magnoliopsida","Myrtales","Onagraceae","Fuchsia",1,"iNaturalist","iNaturalist",2022,2022,4,FALSE,"---","---",NA,"No Evaluada (NE)",FALSE
"Zurite","Gentiana sedifolia","Flora","Gentiana sedifolia","Magnoliopsida","Gentianales","Gentianaceae","Gentiana",1,"iNaturalist","iNaturalist",2022,2022,5,FALSE,"---","---",NA,"No Evaluada (NE)",FALSE
"Zurite","Geositta tenuirostris","Fauna","Geositta tenuirostris (Lafresnaye, 1836)","Aves","Passeriformes","Furnariidae","Geositta",1,"GBIF","eBird",2024,2024,5,FALSE,"Geositta tenuirostris","Least Concern","22702009","Preocupación Menor (LC)",FALSE
"Zurite","Lachemilla diplophylla","Flora","Alchemilla diplophylla","Magnoliopsida","Rosales","Rosaceae","Lachemilla",1,"iNaturalist","iNaturalist",2022,2022,1,TRUE,"---","---",NA,"No Evaluada (NE)",FALSE
"Zurite","Leptasthenura xenothorax","Fauna","Leptasthenura xenothorax Chapman, 1921","Aves","Passeriformes","Furnariidae","Leptasthenura",1,"GBIF","eBird",2024,2024,2,FALSE,"Leptasthenura xenothorax","Near Threatened","22702183","Casi Amenazada (NT)",FALSE
"Zurite","Lophonetta specularioides","Fauna","Lophonetta specularioides (P.P.King, 1828)","Aves","Anseriformes","Anatidae","Lophonetta",1,"GBIF","eBird",2024,2024,4,FALSE,"Lophonetta specularioides","Least Concern","22680130","Preocupación Menor (LC)",FALSE
"Zurite","Mesonychium garleppi","Fauna","Mesonychium garleppi","Insecta","Hymenoptera","Apidae","Mesonychium",1,"iNaturalist","iNaturalist",2022,2022,1,TRUE,"---","---",NA,"No Evaluada (NE)",FALSE
"Zurite","Muscisaxicola cinereus","Fauna","Muscisaxicola cinereus Philippi & Landbeck, 1864","Aves","Passeriformes","Tyrannidae","Muscisaxicola",1,"GBIF","eBird",2023,2023,5,FALSE,"Muscisaxicola cinereus","Least Concern","22700183","Preocupación Menor (LC)",FALSE
"Zurite","Muscisaxicola griseus","Fauna","Muscisaxicola griseus Taczanowski, 1884","Aves","Passeriformes","Tyrannidae","Muscisaxicola",1,"GBIF","eBird",2023,2023,5,FALSE,"Muscisaxicola griseus","Least Concern","22733765","Preocupación Menor (LC)",FALSE
"Zurite","Mutisia cochabambensis","Flora","Mutisia cochabambensis","Magnoliopsida","Asterales","Asteraceae","Mutisia",1,"iNaturalist","iNaturalist",2022,2022,1,TRUE,"---","---",NA,"No Evaluada (NE)",FALSE
"Zurite","Pardirallus sanguinolentus","Fauna","Pardirallus sanguinolentus (Swainson, 1838)","Aves","Gruiformes","Rallidae","Pardirallus",1,"GBIF","eBird",2024,2024,4,FALSE,"Pardirallus sanguinolentus","Least Concern","22692772","Preocupación Menor (LC)",FALSE
"Zurite","Patagioenas fasciata","Fauna","Patagioenas fasciata (Say, 1822)","Aves","Columbiformes","Columbidae","Patagioenas",1,"GBIF","eBird",2024,2024,5,FALSE,"Patagioenas fasciata","Least Concern","22725264","Preocupación Menor (LC)",FALSE
"Zurite","Rollandia rolland","Fauna","Rollandia rolland (Quoy & Gaimard, 1824)","Aves","Podicipediformes","Podicipedidae","Rollandia",1,"GBIF","eBird",2023,2023,7,FALSE,"Rollandia rolland","Least Concern","22696530","Preocupación Menor (LC)",FALSE
"Zurite","Spinus atratus","Fauna","Spinus atratus (d'Orbigny & Lafresnaye, 1837)","Aves","Passeriformes","Fringillidae","Spinus",1,"GBIF","eBird",2023,2023,4,FALSE,"Spinus atratus","Least Concern","22720401","Preocupación Menor (LC)",FALSE
"Zurite","Systellura longirostris","Fauna","Systellura longirostris (Bonaparte, 1825)","Aves","Caprimulgiformes","Caprimulgidae","Systellura",1,"GBIF","eBird",2023,2023,6,FALSE,"Systellura longirostris","Least Concern","22725678","Preocupación Menor (LC)",FALSE
"Zurite","Tinamus osgoodi","Fauna","Tinamus osgoodi Conover, 1949","Aves","Tinamiformes","Tinamidae","Tinamus",1,"GBIF","eBird",2023,2023,1,TRUE,"Tinamus osgoodi","Vulnerable","22678145","Vulnerable (VU)",TRUE
"Zurite","Tringa solitaria","Fauna","Tringa solitaria A.Wilson, 1813","Aves","Charadriiformes","Scolopacidae","Tringa",1,"GBIF","eBird",2023,2023,3,FALSE,"Tringa solitaria","Least Concern","22693239","Preocupación Menor (LC)",FALSE
"Zurite","Tropaeolum peregrinum","Flora","Tropaeolum peregrinum","Magnoliopsida","Brassicales","Tropaeolaceae","Tropaeolum",1,"iNaturalist","iNaturalist",2025,2025,3,FALSE,"---","---",NA,"No Evaluada (NE)",FALSE
"Zurite","Veniliornis nigriceps","Fauna","Dryobates nigriceps (d'Orbigny, 1841)","Aves","Piciformes","Picidae","Veniliornis",1,"GBIF","eBird",2022,2022,2,FALSE,"Veniliornis nigriceps","Least Concern","22681190","Preocupación Menor (LC)",FALSE
"Zurite","Viola pygmaea","Flora","Viola pygmaea","Magnoliopsida","Malpighiales","Violaceae","Viola",1,"iNaturalist","iNaturalist",2022,2022,3,FALSE,"---","---",NA,"No Evaluada (NE)",FALSE
"Zurite","Vultur gryphus","Fauna","Vultur gryphus Linnaeus, 1758","Aves","Accipitriformes","Cathartidae","Vultur",1,"GBIF","eBird",2023,2023,5,FALSE,"Vultur gryphus","Vulnerable","22697641","Vulnerable (VU)",TRUE
