"gbif_key","occurrence_id_original","inat_observation_id"
"5153642377","https://www.inaturalist.org/observations/275352562","275352562"
"5153648326","https://www.inaturalist.org/observations/275352753","275352753"
"6171431995","https://www.inaturalist.org/observations/275339496","275339496"
"6163160669","https://www.inaturalist.org/observations/339214026","339214026"
"6320229338","https://www.inaturalist.org/observations/338619533","338619533"
"6334444995","https://www.inaturalist.org/observations/338623143","338623143"
"6398734522","https://www.inaturalist.org/observations/338622976","338622976"
"6251783623","https://www.inaturalist.org/observations/357778136","357778136"
"6334697864","https://www.inaturalist.org/observations/364240280","364240280"
"6398964741","https://www.inaturalist.org/observations/369507574","369507574"
"6398670549","https://www.inaturalist.org/observations/367569906","367569906"
"6469781870","https://www.inaturalist.org/observations/385472937","385472937"
"5087329470","https://www.inaturalist.org/observations/263427038","263427038"
"5087698494","https://www.inaturalist.org/observations/264980305","264980305"
"5140052103","https://www.inaturalist.org/observations/272477576","272477576"
"6188490499","https://www.inaturalist.org/observations/269162876","269162876"
"5153744728","https://www.inaturalist.org/observations/277440366","277440366"
"5206352168","https://www.inaturalist.org/observations/291333228","291333228"
"5759623697","https://www.inaturalist.org/observations/310214762","310214762"
"6400493347","https://www.inaturalist.org/observations/310214049","310214049"
"6413965999","https://www.inaturalist.org/observations/373154197","373154197"
"5827676520","https://www.inaturalist.org/observations/313730276","313730276"
"5830866195","https://www.inaturalist.org/observations/315618251","315618251"
"5837691768","https://www.inaturalist.org/observations/315618271","315618271"
"5838037805","https://www.inaturalist.org/observations/315621005","315621005"
"5838382919","https://www.inaturalist.org/observations/315618258","315618258"
"5844643665","https://www.inaturalist.org/observations/315618241","315618241"
"5935791638","https://www.inaturalist.org/observations/315613191","315613191"
"6400564728","https://www.inaturalist.org/observations/315618250","315618250"
"5897567329","https://www.inaturalist.org/observations/326843145","326843145"
"6273607414","https://www.inaturalist.org/observations/323665882","323665882"
"4935657519","https://www.inaturalist.org/observations/213581228","213581228"
"4936886446","https://www.inaturalist.org/observations/213583564","213583564"
"4976427940","https://www.inaturalist.org/observations/249406597","249406597"
"4993775317","https://www.inaturalist.org/observations/254356789","254356789"
"4919662861","https://www.inaturalist.org/observations/231893384","231893384"
"4923691799","https://www.inaturalist.org/observations/234235443","234235443"
"4954786970","https://www.inaturalist.org/observations/246931102","246931102"
"5063035651","https://www.inaturalist.org/observations/258656115","258656115"
"5063049786","https://www.inaturalist.org/observations/258656116","258656116"
"5216135903","https://www.inaturalist.org/observations/293975505","293975505"
"4165392970","https://www.inaturalist.org/observations/173695842","173695842"
"4465681241","https://www.inaturalist.org/observations/193416322","193416322"
"4442357264","https://www.inaturalist.org/observations/191179898","191179898"
"4908731478","https://www.inaturalist.org/observations/195415105","195415105"
"3915318942","https://www.inaturalist.org/observations/135863767","135863767"
"3985625012","https://www.inaturalist.org/observations/142034001","142034001"
"5086976690","https://www.inaturalist.org/observations/142032134","142032134"
"3759092722","https://www.inaturalist.org/observations/95687331","95687331"
"3399320272","https://www.inaturalist.org/observations/99428587","99428587"
"6179176670","https://www.inaturalist.org/observations/103209407","103209407"
"3455226601","https://www.inaturalist.org/observations/24582355","24582355"
"2465162453","https://www.inaturalist.org/observations/35694131","35694131"
"2447823828","https://www.inaturalist.org/observations/13274677","13274677"
"4926376944","https://www.inaturalist.org/observations/236318343","236318343"
"6441278858","https://www.inaturalist.org/observations/371644116","371644116"
"2517944007","http://www.inaturalist.org/observations/1806121","1806121"
"3947383416","https://www.inaturalist.org/observations/69741123","69741123"
"2563599713","https://www.inaturalist.org/observations/37978621","37978621"
"2563601358","https://www.inaturalist.org/observations/37978617","37978617"
"4863449200","https://www.inaturalist.org/observations/214507746","214507746"
"1920785467","https://www.inaturalist.org/observations/13345846","13345846"
"2641364563","https://www.inaturalist.org/observations/47945578","47945578"
"2641485550","https://www.inaturalist.org/observations/47945548","47945548"
"6133217204","https://www.inaturalist.org/observations/336319357","336319357"
"6400154892","https://www.inaturalist.org/observations/369111280","369111280"
"6179355910","https://www.inaturalist.org/observations/342344757","342344757"
"2517949926","https://www.inaturalist.org/observations/27167946","27167946"
"2963759167","https://www.inaturalist.org/observations/63736033","63736033"
"5076961592","https://www.inaturalist.org/observations/262460736","262460736"
"5830531171","https://www.inaturalist.org/observations/262460709","262460709"
"5134043822","https://www.inaturalist.org/observations/271088510","271088510"
"5134069579","https://www.inaturalist.org/observations/271088508","271088508"
"5134080828","https://www.inaturalist.org/observations/271125328","271125328"
"5134137536","https://www.inaturalist.org/observations/271088520","271088520"
"5134143835","https://www.inaturalist.org/observations/271088511","271088511"
"5134157655","https://www.inaturalist.org/observations/271088505","271088505"
"5166954880","https://www.inaturalist.org/observations/271088496","271088496"
"5176343558","https://www.inaturalist.org/observations/271088495","271088495"
"6131450303","https://www.inaturalist.org/observations/278636321","278636321"
"5167461723","https://www.inaturalist.org/observations/282984597","282984597"
"5176691839","https://www.inaturalist.org/observations/285853397","285853397"
"5176748868","https://www.inaturalist.org/observations/286385039","286385039"
"5177293832","https://www.inaturalist.org/observations/286620425","286620425"
"6320946542","https://www.inaturalist.org/observations/282984857","282984857"
"6320164066","https://www.inaturalist.org/observations/292371471","292371471"
"5238307904","https://www.inaturalist.org/observations/300681284","300681284"
"5830841691","https://www.inaturalist.org/observations/300681400","300681400"
"5935715766","https://www.inaturalist.org/observations/291227932","291227932"
"5133659707","https://www.inaturalist.org/observations/253274128","253274128"
"4994261097","https://www.inaturalist.org/observations/254618446","254618446"
"5935605981","https://www.inaturalist.org/observations/328053872","328053872"
"3994100607","https://www.inaturalist.org/observations/141428614","141428614"
"1586935172","https://www.inaturalist.org/observations/7470839","7470839"
"5134105438","https://www.inaturalist.org/observations/271091030","271091030"
"4413362533","https://www.inaturalist.org/observations/170801495","170801495"
"4165784257","https://www.inaturalist.org/observations/174846619","174846619"
"4165964986","https://www.inaturalist.org/observations/174846912","174846912"
"4465654007","https://www.inaturalist.org/observations/174845638","174845638"
"3858357623","https://www.inaturalist.org/observations/119332089","119332089"
"3881810437","https://www.inaturalist.org/observations/120751078","120751078"
"3888738734","https://www.inaturalist.org/observations/129299027","129299027"
"3888789586","https://www.inaturalist.org/observations/129298991","129298991"
"3888855594","https://www.inaturalist.org/observations/129304010","129304010"
"3889065601","https://www.inaturalist.org/observations/129298865","129298865"
"3925487613","https://www.inaturalist.org/observations/138343990","138343990"
"5828285487","https://www.inaturalist.org/observations/100232371","100232371"
"6352725458","https://www.inaturalist.org/observations/336704866","336704866"
"2634466590","https://www.inaturalist.org/observations/47945543","47945543"
"3455252895","https://www.inaturalist.org/observations/47945541","47945541"
"5140798332","https://www.inaturalist.org/observations/275353325","275353325"
"5140798359","https://www.inaturalist.org/observations/275360345","275360345"
"5140812380","https://www.inaturalist.org/observations/275360642","275360642"
"5140921342","https://www.inaturalist.org/observations/275358843","275358843"
"5154694736","https://www.inaturalist.org/observations/278420038","278420038"
"4067344191","https://www.inaturalist.org/observations/151534906","151534906"
"4067311198","https://www.inaturalist.org/observations/151534909","151534909"
"4067657233","https://www.inaturalist.org/observations/151534903","151534903"
"4171612872","https://www.inaturalist.org/observations/176130611","176130611"
"4172030749","https://www.inaturalist.org/observations/176266015","176266015"
"3746952089","https://www.inaturalist.org/observations/109455659","109455659"
"3747122303","https://www.inaturalist.org/observations/109455656","109455656"
"3747205487","https://www.inaturalist.org/observations/109455663","109455663"
"3873452594","https://www.inaturalist.org/observations/127908161","127908161"
"6431315324","https://www.inaturalist.org/observations/377372656","377372656"
"6399485538","https://www.inaturalist.org/observations/369853301","369853301"
"5140888034","https://www.inaturalist.org/observations/275350497","275350497"
"5827843590","https://www.inaturalist.org/observations/311219277","311219277"
"5897081746","https://www.inaturalist.org/observations/325961010","325961010"
"5897349246","https://www.inaturalist.org/observations/325961011","325961011"
"5897530673","https://www.inaturalist.org/observations/325961013","325961013"
"4901527542","https://www.inaturalist.org/observations/223088029","223088029"
"5063575302","https://www.inaturalist.org/observations/259950825","259950825"
"4954526753","https://www.inaturalist.org/observations/246931501","246931501"
"6469686117","https://www.inaturalist.org/observations/384828245","384828245"
"4067565394","https://www.inaturalist.org/observations/151697346","151697346"
"5935812776","https://www.inaturalist.org/observations/331118522","331118522"
"4465431245","https://www.inaturalist.org/observations/193416324","193416324"
"4465435267","https://www.inaturalist.org/observations/193416320","193416320"
"4465739310","https://www.inaturalist.org/observations/193416318","193416318"
"4607008317","https://www.inaturalist.org/observations/205216176","205216176"
"3963355246","https://www.inaturalist.org/observations/141326001","141326001"
"3985741909","https://www.inaturalist.org/observations/139876001","139876001"
"3963504857","https://www.inaturalist.org/observations/140995652","140995652"
"4075648954","https://www.inaturalist.org/observations/151696748","151696748"
"3466528131","https://www.inaturalist.org/observations/105798972","105798972"
"2802754521","https://www.inaturalist.org/observations/49848853","49848853"
"3384268736","https://www.inaturalist.org/observations/94661748","94661748"
"3773286026","https://www.inaturalist.org/observations/116592005","116592005"
"4919166718","https://www.inaturalist.org/observations/231605290","231605290"
"6178580411","https://www.inaturalist.org/observations/341776535","341776535"
"6178596974","https://www.inaturalist.org/observations/341775949","341775949"
"6178680275","https://www.inaturalist.org/observations/341775946","341775946"
"6178733368","https://www.inaturalist.org/observations/341775952","341775952"
"6178894124","https://www.inaturalist.org/observations/341775955","341775955"
"6179115641","https://www.inaturalist.org/observations/341775954","341775954"
"6179279286","https://www.inaturalist.org/observations/341775958","341775958"
"6179439395","https://www.inaturalist.org/observations/341776533","341776533"
"6179450647","https://www.inaturalist.org/observations/341775959","341775959"
"6470403379","https://www.inaturalist.org/observations/384878185","384878185"
"6481203384","https://www.inaturalist.org/observations/381982388","381982388"
"6480056729","https://www.inaturalist.org/observations/388047654","388047654"
"5063166844","https://www.inaturalist.org/observations/259023554","259023554"
"5133648230","https://www.inaturalist.org/observations/270635940","270635940"
"5133668770","https://www.inaturalist.org/observations/270635939","270635939"
"5133692705","https://www.inaturalist.org/observations/270635936","270635936"
"5133692706","https://www.inaturalist.org/observations/270635963","270635963"
"5133711986","https://www.inaturalist.org/observations/270635938","270635938"
"5133721876","https://www.inaturalist.org/observations/270635946","270635946"
"5133758766","https://www.inaturalist.org/observations/270635952","270635952"
"5133763893","https://www.inaturalist.org/observations/270635953","270635953"
"5133777255","https://www.inaturalist.org/observations/270640671","270640671"
"5133782930","https://www.inaturalist.org/observations/270635944","270635944"
"5133847113","https://www.inaturalist.org/observations/270635945","270635945"
"5133876873","https://www.inaturalist.org/observations/270635955","270635955"
"5133895389","https://www.inaturalist.org/observations/270640674","270640674"
"5133920001","https://www.inaturalist.org/observations/270635947","270635947"
"5133937355","https://www.inaturalist.org/observations/270640673","270640673"
"5133979971","https://www.inaturalist.org/observations/270635951","270635951"
"5134056565","https://www.inaturalist.org/observations/271088503","271088503"
"5134114695","https://www.inaturalist.org/observations/271088502","271088502"
"5153377940","https://www.inaturalist.org/observations/275361424","275361424"
"5154144991","https://www.inaturalist.org/observations/278636310","278636310"
"5154804007","https://www.inaturalist.org/observations/278636320","278636320"
"5167245130","https://www.inaturalist.org/observations/283511103","283511103"
"5167363593","https://www.inaturalist.org/observations/282985894","282985894"
"5237574494","https://www.inaturalist.org/observations/301573378","301573378"
"5237688493","https://www.inaturalist.org/observations/301574014","301574014"
"5237838520","https://www.inaturalist.org/observations/301573724","301573724"
"5827714091","https://www.inaturalist.org/observations/311964495","311964495"
"6129986193","https://www.inaturalist.org/observations/313947390","313947390"
"5897084415","https://www.inaturalist.org/observations/325969061","325969061"
"5897094857","https://www.inaturalist.org/observations/325968440","325968440"
"5897210502","https://www.inaturalist.org/observations/325969504","325969504"
"5897253268","https://www.inaturalist.org/observations/325970003","325970003"
"5897299035","https://www.inaturalist.org/observations/325967984","325967984"
"5897459907","https://www.inaturalist.org/observations/325969652","325969652"
"5897708578","https://www.inaturalist.org/observations/325969347","325969347"
"5897845197","https://www.inaturalist.org/observations/325968860","325968860"
"5909326951","https://www.inaturalist.org/observations/328230307","328230307"
"5920073920","https://www.inaturalist.org/observations/329893594","329893594"
"5920153615","https://www.inaturalist.org/observations/329893365","329893365"
"5920454503","https://www.inaturalist.org/observations/329892630","329892630"
"4528253031","https://www.inaturalist.org/observations/200152794","200152794"
"5168477578","https://www.inaturalist.org/observations/283429545","283429545"
"4980305343","https://www.inaturalist.org/observations/251385092","251385092"
"4507899534","https://www.inaturalist.org/observations/195273154","195273154"
"4516699739","https://www.inaturalist.org/observations/195270868","195270868"
"5167517414","https://www.inaturalist.org/observations/116320175","116320175"
"4133596482","https://www.inaturalist.org/observations/151542625","151542625"
"4133631464","https://www.inaturalist.org/observations/151542628","151542628"
"4133658509","https://www.inaturalist.org/observations/151542631","151542631"
"4133729497","https://www.inaturalist.org/observations/151542627","151542627"
"4133906477","https://www.inaturalist.org/observations/151542630","151542630"
"3912206118","https://www.inaturalist.org/observations/135272896","135272896"
"3912223712","https://www.inaturalist.org/observations/135273594","135273594"
"3912276716","https://www.inaturalist.org/observations/135273163","135273163"
"3912286301","https://www.inaturalist.org/observations/135272444","135272444"
"3912342744","https://www.inaturalist.org/observations/135273780","135273780"
"4607091665","https://www.inaturalist.org/observations/205928249","205928249"
"4607150226","https://www.inaturalist.org/observations/205927228","205927228"
"4607249343","https://www.inaturalist.org/observations/205928819","205928819"
"4607550911","https://www.inaturalist.org/observations/205926682","205926682"
"4607634020","https://www.inaturalist.org/observations/205927555","205927555"
"3988499144","https://www.inaturalist.org/observations/143689770","143689770"
"3988553158","https://www.inaturalist.org/observations/143689771","143689771"
"3988690188","https://www.inaturalist.org/observations/143689767","143689767"
"3994045644","https://www.inaturalist.org/observations/143689772","143689772"
"3994060674","https://www.inaturalist.org/observations/143689769","143689769"
"3994101649","https://www.inaturalist.org/observations/143689768","143689768"
"3338068379","https://www.inaturalist.org/observations/90471838","90471838"
"3338135726","https://www.inaturalist.org/observations/90471841","90471841"
"3338140720","https://www.inaturalist.org/observations/90471840","90471840"
"3338153724","https://www.inaturalist.org/observations/90471842","90471842"
"4919138396","https://www.inaturalist.org/observations/232048962","232048962"
"4919381769","https://www.inaturalist.org/observations/232048952","232048952"
"4919396905","https://www.inaturalist.org/observations/232048954","232048954"
"4919456295","https://www.inaturalist.org/observations/232048974","232048974"
"4919548337","https://www.inaturalist.org/observations/232048963","232048963"
"4919606713","https://www.inaturalist.org/observations/232048983","232048983"
"4919616725","https://www.inaturalist.org/observations/232048960","232048960"
"4919703845","https://www.inaturalist.org/observations/232048969","232048969"
"4919725918","https://www.inaturalist.org/observations/232048971","232048971"
"2802982160","https://www.inaturalist.org/observations/49804633","49804633"
"2802614154","https://www.inaturalist.org/observations/49406548","49406548"
"2802662116","https://www.inaturalist.org/observations/49912498","49912498"
"3705623703","https://www.inaturalist.org/observations/107796458","107796458"
"3705630660","https://www.inaturalist.org/observations/107796459","107796459"
"3705646917","https://www.inaturalist.org/observations/107796463","107796463"
"3705664809","https://www.inaturalist.org/observations/107796465","107796465"
"2423120936","https://www.inaturalist.org/observations/32923386","32923386"
"2423121536","https://www.inaturalist.org/observations/32923444","32923444"
"2423122784","https://www.inaturalist.org/observations/32923458","32923458"
"2423123012","https://www.inaturalist.org/observations/32923662","32923662"
"2423123474","https://www.inaturalist.org/observations/32923529","32923529"
"2423124344","https://www.inaturalist.org/observations/32923553","32923553"
"2423124725","https://www.inaturalist.org/observations/32923399","32923399"
"2423125410","https://www.inaturalist.org/observations/32923420","32923420"
"2423125701","https://www.inaturalist.org/observations/32923579","32923579"
"2423125703","https://www.inaturalist.org/observations/32923593","32923593"
"2423126018","https://www.inaturalist.org/observations/32923495","32923495"
"2563462981","https://www.inaturalist.org/observations/32923625","32923625"
"3456579853","https://www.inaturalist.org/observations/105245614","105245614"
"3456840505","https://www.inaturalist.org/observations/103262186","103262186"
"3457037469","https://www.inaturalist.org/observations/105286376","105286376"
"3466084946","https://www.inaturalist.org/observations/105440158","105440158"
"3747279106","https://www.inaturalist.org/observations/109191943","109191943"
"3772620050","https://www.inaturalist.org/observations/113994518","113994518"
"6413049551","https://www.inaturalist.org/observations/372547945","372547945"
"6398768857","https://www.inaturalist.org/observations/369566392","369566392"
"5088112100","https://www.inaturalist.org/observations/265816589","265816589"
"4145762704","https://www.inaturalist.org/observations/170801489","170801489"
"4153398609","https://www.inaturalist.org/observations/170801501","170801501"
"4919421711","https://www.inaturalist.org/observations/232083438","232083438"
"1950019017","https://www.inaturalist.org/observations/18966818","18966818"
"2028517157","https://www.inaturalist.org/observations/21466928","21466928"
"2028517201","https://www.inaturalist.org/observations/21466924","21466924"
"4011782410","https://www.inaturalist.org/observations/145758332","145758332"
"2634448591","https://www.inaturalist.org/observations/47945546","47945546"
"5938120888","https://www.inaturalist.org/observations/333168911","333168911"
"6452397373","https://www.inaturalist.org/observations/383065052","383065052"
"5897830964","https://www.inaturalist.org/observations/273963597","273963597"
"6320224556","https://www.inaturalist.org/observations/147577402","147577402"
"5932313540","https://www.inaturalist.org/observations/139639820","139639820"
"3994247850","https://www.inaturalist.org/observations/143979062","143979062"
"3383876319","https://www.inaturalist.org/observations/8732642","8732642"
"6274172960","https://www.inaturalist.org/observations/271125321","271125321"
"6162763975","https://www.inaturalist.org/observations/339783885","339783885"
"6162776457","https://www.inaturalist.org/observations/339783880","339783880"
"6162793138","https://www.inaturalist.org/observations/339783895","339783895"
"6162856356","https://www.inaturalist.org/observations/339783891","339783891"
"6162892715","https://www.inaturalist.org/observations/339783907","339783907"
"6162899168","https://www.inaturalist.org/observations/339783878","339783878"
"6162923401","https://www.inaturalist.org/observations/339783906","339783906"
"6163041572","https://www.inaturalist.org/observations/339783914","339783914"
"6163187437","https://www.inaturalist.org/observations/339783904","339783904"
"6171228216","https://www.inaturalist.org/observations/339783896","339783896"
"6171362152","https://www.inaturalist.org/observations/339783912","339783912"
"6321240578","https://www.inaturalist.org/observations/339783887","339783887"
"6479278553","https://www.inaturalist.org/observations/339783913","339783913"
"3947503680","https://www.inaturalist.org/observations/127906152","127906152"
"4067221534","https://www.inaturalist.org/observations/107796927","107796927"
"4974096578","https://www.inaturalist.org/observations/107796928","107796928"
"5134496466","https://www.inaturalist.org/observations/272023978","272023978"
"6178471967","https://www.inaturalist.org/observations/342370746","342370746"
"6188163158","https://www.inaturalist.org/observations/347418862","347418862"
"6195445662","https://www.inaturalist.org/observations/348660219","348660219"
"6320311865","https://www.inaturalist.org/observations/345887641","345887641"
"6320893695","https://www.inaturalist.org/observations/349315381","349315381"
"6399046059","https://www.inaturalist.org/observations/349315258","349315258"
"6234283604","https://www.inaturalist.org/observations/354090249","354090249"
"6320386356","https://www.inaturalist.org/observations/354088883","354088883"
"6352760057","https://www.inaturalist.org/observations/354089650","354089650"
"6399299560","https://www.inaturalist.org/observations/354089584","354089584"
"6452427433","https://www.inaturalist.org/observations/354090187","354090187"
"6321173646","https://www.inaturalist.org/observations/360698964","360698964"
"6334872879","https://www.inaturalist.org/observations/360303160","360303160"
"6414001887","https://www.inaturalist.org/observations/360303153","360303153"
"6479961627","https://www.inaturalist.org/observations/374501088","374501088"
"6481009361","https://www.inaturalist.org/observations/388825698","388825698"
"5076924237","https://www.inaturalist.org/observations/262628583","262628583"
"5087197347","https://www.inaturalist.org/observations/262629489","262629489"
"5890345504","https://www.inaturalist.org/observations/298408365","298408365"
"5187688445","https://www.inaturalist.org/observations/280422374","280422374"
"5217057649","https://www.inaturalist.org/observations/280422216","280422216"
"6171224718","https://www.inaturalist.org/observations/280066157","280066157"
"6131310096","https://www.inaturalist.org/observations/313949057","313949057"
"6253027673","https://www.inaturalist.org/observations/312092894","312092894"
"5897173026","https://www.inaturalist.org/observations/326843195","326843195"
"5909073794","https://www.inaturalist.org/observations/326134118","326134118"
"6147703747","https://www.inaturalist.org/observations/333093578","333093578"
"4910879984","https://www.inaturalist.org/observations/230385661","230385661"
"6320481002","https://www.inaturalist.org/observations/230385476","230385476"
"4936747666","https://www.inaturalist.org/observations/238518277","238518277"
"5062742200","https://www.inaturalist.org/observations/234037150","234037150"
"4946246168","https://www.inaturalist.org/observations/241230759","241230759"
"4946635748","https://www.inaturalist.org/observations/241230276","241230276"
"4954314492","https://www.inaturalist.org/observations/246929166","246929166"
"4954716522","https://www.inaturalist.org/observations/247266635","247266635"
"5215906350","https://www.inaturalist.org/observations/293055214","293055214"
"5230400879","https://www.inaturalist.org/observations/293975509","293975509"
"4145252100","https://www.inaturalist.org/observations/170924112","170924112"
"4145740248","https://www.inaturalist.org/observations/170924118","170924118"
"4153632552","https://www.inaturalist.org/observations/170924104","170924104"
"4153794514","https://www.inaturalist.org/observations/170924124","170924124"
"4153984484","https://www.inaturalist.org/observations/170924098","170924098"
"4438644818","https://www.inaturalist.org/observations/170924133","170924133"
"4438747833","https://www.inaturalist.org/observations/170801512","170801512"
"4852665757","https://www.inaturalist.org/observations/170801502","170801502"
"5104267936","https://www.inaturalist.org/observations/170924105","170924105"
"6273745030","https://www.inaturalist.org/observations/170801514","170801514"
"4171489641","https://www.inaturalist.org/observations/175144005","175144005"
"4507743542","https://www.inaturalist.org/observations/195609771","195609771"
"4512091801","https://www.inaturalist.org/observations/195609811","195609811"
"6274318721","https://www.inaturalist.org/observations/195609815","195609815"
"6320673668","https://www.inaturalist.org/observations/195609793","195609793"
"4851864841","https://www.inaturalist.org/observations/208511809","208511809"
"4500649516","https://www.inaturalist.org/observations/194353324","194353324"
"3802708668","https://www.inaturalist.org/observations/118663107","118663107"
"3802765323","https://www.inaturalist.org/observations/118665853","118665853"
"4011583455","https://www.inaturalist.org/observations/118689629","118689629"
"4046324485","https://www.inaturalist.org/observations/118663545","118663545"
"4133719423","https://www.inaturalist.org/observations/125623668","125623668"
"3873133500","https://www.inaturalist.org/observations/127907336","127907336"
"3873235533","https://www.inaturalist.org/observations/127914526","127914526"
"3874093653","https://www.inaturalist.org/observations/127906745","127906745"
"3881400545","https://www.inaturalist.org/observations/127908389","127908389"
"3888848708","https://www.inaturalist.org/observations/129271128","129271128"
"3925410454","https://www.inaturalist.org/observations/138219510","138219510"
"3947129077","https://www.inaturalist.org/observations/139380371","139380371"
"3947578107","https://www.inaturalist.org/observations/139380001","139380001"
"3947646065","https://www.inaturalist.org/observations/139374967","139374967"
"3947688115","https://www.inaturalist.org/observations/139375283","139375283"
"5216245371","https://www.inaturalist.org/observations/139380536","139380536"
"3961336378","https://www.inaturalist.org/observations/140560596","140560596"
"3966546601","https://www.inaturalist.org/observations/140560612","140560612"
"4011533606","https://www.inaturalist.org/observations/140560549","140560549"
"4028727068","https://www.inaturalist.org/observations/140560578","140560578"
"4046236581","https://www.inaturalist.org/observations/140560566","140560566"
"4046658581","https://www.inaturalist.org/observations/140560595","140560595"
"4522465472","https://www.inaturalist.org/observations/140723273","140723273"
"5133229022","https://www.inaturalist.org/observations/140560538","140560538"
"6320262805","https://www.inaturalist.org/observations/140560604","140560604"
"6479552458","https://www.inaturalist.org/observations/140724423","140724423"
"4405199308","https://www.inaturalist.org/observations/33706165","33706165"
"2460032205","https://www.inaturalist.org/observations/35743870","35743870"
"2460041267","https://www.inaturalist.org/observations/35744011","35744011"
"2465180523","https://www.inaturalist.org/observations/35827457","35827457"
"3017954919","https://www.inaturalist.org/observations/67544662","67544662"
"3017969953","https://www.inaturalist.org/observations/67545084","67545084"
"3018011913","https://www.inaturalist.org/observations/67545129","67545129"
"3039263780","https://www.inaturalist.org/observations/67545288","67545288"
"3109047409","https://www.inaturalist.org/observations/67544167","67544167"
"3109170466","https://www.inaturalist.org/observations/67544995","67544995"
"3031647584","https://www.inaturalist.org/observations/38227572","38227572"
"4507861318","https://www.inaturalist.org/observations/15284008","15284008"
"4126709551","https://www.inaturalist.org/observations/20148845","20148845"
"4126816550","https://www.inaturalist.org/observations/20148879","20148879"
"4126842560","https://www.inaturalist.org/observations/20148951","20148951"
"4126852564","https://www.inaturalist.org/observations/20148935","20148935"
"5006805498","https://www.inaturalist.org/observations/20152002","20152002"
"3343785263","https://www.inaturalist.org/observations/92337884","92337884"
"3961356190","https://www.inaturalist.org/observations/140423646","140423646"
"3961449181","https://www.inaturalist.org/observations/140423586","140423586"
"4921958432","https://www.inaturalist.org/observations/140423641","140423641"
"5086964735","https://www.inaturalist.org/observations/140423602","140423602"
"6162811931","https://www.inaturalist.org/observations/339743742","339743742"
"6179167698","https://www.inaturalist.org/observations/342831202","342831202"
"6179570184","https://www.inaturalist.org/observations/342832861","342832861"
"6185682719","https://www.inaturalist.org/observations/342832509","342832509"
"6195264428","https://www.inaturalist.org/observations/348686251","348686251"
"6195284851","https://www.inaturalist.org/observations/348686244","348686244"
"6195458842","https://www.inaturalist.org/observations/348443150","348443150"
"6195498344","https://www.inaturalist.org/observations/348686257","348686257"
"6195531868","https://www.inaturalist.org/observations/349126762","349126762"
"6195637520","https://www.inaturalist.org/observations/348443190","348443190"
"6195637731","https://www.inaturalist.org/observations/348443191","348443191"
"6195681102","https://www.inaturalist.org/observations/348443183","348443183"
"6195688286","https://www.inaturalist.org/observations/348686255","348686255"
"6195777521","https://www.inaturalist.org/observations/348858536","348858536"
"6195793184","https://www.inaturalist.org/observations/348686261","348686261"
"6195979404","https://www.inaturalist.org/observations/348858555","348858555"
"6195981309","https://www.inaturalist.org/observations/348858542","348858542"
"6195989028","https://www.inaturalist.org/observations/349316018","349316018"
"6196020192","https://www.inaturalist.org/observations/348443177","348443177"
"6234442764","https://www.inaturalist.org/observations/351863231","351863231"
"6236427787","https://www.inaturalist.org/observations/351863226","351863226"
"6252531269","https://www.inaturalist.org/observations/351324454","351324454"
"6320961539","https://www.inaturalist.org/observations/351863245","351863245"
"6334145339","https://www.inaturalist.org/observations/351324449","351324449"
"6400632744","https://www.inaturalist.org/observations/342671260","342671260"
"6413631774","https://www.inaturalist.org/observations/351324446","351324446"
"6413681061","https://www.inaturalist.org/observations/351863246","351863246"
"6441806524","https://www.inaturalist.org/observations/348443175","348443175"
"6235229722","https://www.inaturalist.org/observations/355194698","355194698"
"6235789167","https://www.inaturalist.org/observations/355194652","355194652"
"6320828722","https://www.inaturalist.org/observations/355193886","355193886"
"6333927950","https://www.inaturalist.org/observations/363123738","363123738"
"6352375570","https://www.inaturalist.org/observations/367533438","367533438"
"6352516045","https://www.inaturalist.org/observations/367500107","367500107"
"6352809909","https://www.inaturalist.org/observations/361019049","361019049"
"6398612250","https://www.inaturalist.org/observations/369321963","369321963"
"6398878484","https://www.inaturalist.org/observations/370829341","370829341"
"6399090471","https://www.inaturalist.org/observations/370829327","370829327"
"6399104441","https://www.inaturalist.org/observations/367791409","367791409"
"6399132976","https://www.inaturalist.org/observations/370829338","370829338"
"6399137531","https://www.inaturalist.org/observations/369774404","369774404"
"6399479603","https://www.inaturalist.org/observations/370824945","370824945"
"6399481549","https://www.inaturalist.org/observations/370829285","370829285"
"6399482325","https://www.inaturalist.org/observations/367534290","367534290"
"6399526146","https://www.inaturalist.org/observations/370824936","370824936"
"6399614847","https://www.inaturalist.org/observations/370824930","370824930"
"6400031256","https://www.inaturalist.org/observations/370824934","370824934"
"6400153517","https://www.inaturalist.org/observations/370829295","370829295"
"6400200909","https://www.inaturalist.org/observations/370829315","370829315"
"6400202794","https://www.inaturalist.org/observations/369328031","369328031"
"6400392099","https://www.inaturalist.org/observations/370829342","370829342"
"6413154443","https://www.inaturalist.org/observations/370829290","370829290"
"6422591701","https://www.inaturalist.org/observations/367791381","367791381"
"6430840015","https://www.inaturalist.org/observations/364361074","364361074"
"6441521787","https://www.inaturalist.org/observations/370824928","370824928"
"6470267615","https://www.inaturalist.org/observations/367501238","367501238"
"6413578463","https://www.inaturalist.org/observations/374154367","374154367"
"6479420663","https://www.inaturalist.org/observations/373527027","373527027"
"6481097205","https://www.inaturalist.org/observations/384405479","384405479"
"6480689168","https://www.inaturalist.org/observations/386381908","386381908"
"5063600293","https://www.inaturalist.org/observations/260116088","260116088"
"5217651609","https://www.inaturalist.org/observations/294988037","294988037"
"5230054958","https://www.inaturalist.org/observations/294988036","294988036"
"5935982049","https://www.inaturalist.org/observations/294988047","294988047"
"5936320266","https://www.inaturalist.org/observations/295832810","295832810"
"6162919348","https://www.inaturalist.org/observations/295814611","295814611"
"6320546649","https://www.inaturalist.org/observations/294988023","294988023"
"6398724497","https://www.inaturalist.org/observations/295832818","295832818"
"5076945250","https://www.inaturalist.org/observations/262637911","262637911"
"5077017470","https://www.inaturalist.org/observations/262683843","262683843"
"5077019369","https://www.inaturalist.org/observations/262683904","262683904"
"5077045430","https://www.inaturalist.org/observations/262683920","262683920"
"5087214293","https://www.inaturalist.org/observations/262625909","262625909"
"5087214364","https://www.inaturalist.org/observations/262464960","262464960"
"5087244375","https://www.inaturalist.org/observations/262630930","262630930"
"5087244392","https://www.inaturalist.org/observations/262683996","262683996"
"5087463343","https://www.inaturalist.org/observations/263886021","263886021"
"5087522348","https://www.inaturalist.org/observations/263885976","263885976"
"5087557462","https://www.inaturalist.org/observations/263885990","263885990"
"5760888382","https://www.inaturalist.org/observations/263886043","263886043"
"5830865163","https://www.inaturalist.org/observations/263886026","263886026"
"6171160937","https://www.inaturalist.org/observations/262637696","262637696"
"6178410190","https://www.inaturalist.org/observations/262683897","262683897"
"6188293035","https://www.inaturalist.org/observations/262683886","262683886"
"6320172914","https://www.inaturalist.org/observations/263886060","263886060"
"6452590981","https://www.inaturalist.org/observations/262638077","262638077"
"5104483432","https://www.inaturalist.org/observations/266295160","266295160"
"5104514299","https://www.inaturalist.org/observations/266297851","266297851"
"5108185800","https://www.inaturalist.org/observations/266265634","266265634"
"5108201419","https://www.inaturalist.org/observations/267241684","267241684"
"6320237483","https://www.inaturalist.org/observations/266298072","266298072"
"5140488974","https://www.inaturalist.org/observations/274171943","274171943"
"5153132214","https://www.inaturalist.org/observations/277427574","277427574"
"5154369542","https://www.inaturalist.org/observations/280440363","280440363"
"5154526986","https://www.inaturalist.org/observations/277427410","277427410"
"5154746058","https://www.inaturalist.org/observations/277581138","277581138"
"5892478465","https://www.inaturalist.org/observations/274152435","274152435"
"6188088385","https://www.inaturalist.org/observations/277427644","277427644"
"6188376531","https://www.inaturalist.org/observations/277427800","277427800"
"6188418605","https://www.inaturalist.org/observations/280442073","280442073"
"6320075913","https://www.inaturalist.org/observations/275200985","275200985"
"6412959110","https://www.inaturalist.org/observations/276342696","276342696"
"5177132451","https://www.inaturalist.org/observations/281526580","281526580"
"6185752245","https://www.inaturalist.org/observations/343403597","343403597"
"6352480327","https://www.inaturalist.org/observations/343403598","343403598"
"5199235758","https://www.inaturalist.org/observations/290320645","290320645"
"5205979821","https://www.inaturalist.org/observations/292383389","292383389"
"5216283227","https://www.inaturalist.org/observations/294383385","294383385"
"5216612069","https://www.inaturalist.org/observations/294184555","294184555"
"5216696323","https://www.inaturalist.org/observations/294463018","294463018"
"5217112260","https://www.inaturalist.org/observations/294487737","294487737"
"5217517255","https://www.inaturalist.org/observations/294459153","294459153"
"5230392908","https://www.inaturalist.org/observations/293892487","293892487"
"5230793818","https://www.inaturalist.org/observations/291998990","291998990"
"5231228850","https://www.inaturalist.org/observations/294442133","294442133"
"5231389860","https://www.inaturalist.org/observations/293892390","293892390"
"5827765250","https://www.inaturalist.org/observations/294455489","294455489"
"5838307962","https://www.inaturalist.org/observations/291525618","291525618"
"5932632689","https://www.inaturalist.org/observations/291935866","291935866"
"6130153168","https://www.inaturalist.org/observations/335837307","335837307"
"6179307161","https://www.inaturalist.org/observations/337670273","337670273"
"6185626794","https://www.inaturalist.org/observations/294461465","294461465"
"6188106783","https://www.inaturalist.org/observations/294431767","294431767"
"6188376548","https://www.inaturalist.org/observations/294487744","294487744"
"6195384193","https://www.inaturalist.org/observations/290902995","290902995"
"6235764462","https://www.inaturalist.org/observations/291994965","291994965"
"6320075541","https://www.inaturalist.org/observations/294487738","294487738"
"6320123779","https://www.inaturalist.org/observations/290320313","290320313"
"6320244730","https://www.inaturalist.org/observations/337671511","337671511"
"6320538465","https://www.inaturalist.org/observations/294487706","294487706"
"6320811687","https://www.inaturalist.org/observations/290904806","290904806"
"6321236720","https://www.inaturalist.org/observations/294482083","294482083"
"6334480303","https://www.inaturalist.org/observations/335839340","335839340"
"6352857774","https://www.inaturalist.org/observations/294387419","294387419"
"6413607840","https://www.inaturalist.org/observations/294487689","294487689"
"6431603681","https://www.inaturalist.org/observations/294487743","294487743"
"6451510515","https://www.inaturalist.org/observations/294487733","294487733"
"6452218985","https://www.inaturalist.org/observations/293975843","293975843"
"6470756875","https://www.inaturalist.org/observations/337671657","337671657"
"6479267982","https://www.inaturalist.org/observations/293694097","293694097"
"5238315635","https://www.inaturalist.org/observations/299337785","299337785"
"5837642970","https://www.inaturalist.org/observations/317634198","317634198"
"5837979917","https://www.inaturalist.org/observations/317634224","317634224"
"5839975969","https://www.inaturalist.org/observations/317634235","317634235"
"5839989880","https://www.inaturalist.org/observations/317636673","317636673"
"5932380939","https://www.inaturalist.org/observations/317634219","317634219"
"6130260104","https://www.inaturalist.org/observations/305368089","305368089"
"6130973243","https://www.inaturalist.org/observations/305369645","305369645"
"6171369061","https://www.inaturalist.org/observations/317631190","317631190"
"6320220359","https://www.inaturalist.org/observations/317634254","317634254"
"6320454726","https://www.inaturalist.org/observations/311172451","311172451"
"5827844634","https://www.inaturalist.org/observations/313439686","313439686"
"5830349096","https://www.inaturalist.org/observations/315434490","315434490"
"5830991846","https://www.inaturalist.org/observations/315136597","315136597"
"5840009733","https://www.inaturalist.org/observations/318278249","318278249"
"6195885355","https://www.inaturalist.org/observations/311748785","311748785"
"6400026379","https://www.inaturalist.org/observations/313957315","313957315"
"5889408259","https://www.inaturalist.org/observations/322143036","322143036"
"5932411497","https://www.inaturalist.org/observations/323476288","323476288"
"6320943779","https://www.inaturalist.org/observations/325016960","325016960"
"5892405902","https://www.inaturalist.org/observations/325480514","325480514"
"5897248174","https://www.inaturalist.org/observations/326511609","326511609"
"5897897486","https://www.inaturalist.org/observations/326511400","326511400"
"6131406970","https://www.inaturalist.org/observations/325480297","325480297"
"6320637045","https://www.inaturalist.org/observations/326511939","326511939"
"5932561110","https://www.inaturalist.org/observations/330801606","330801606"
"5938052345","https://www.inaturalist.org/observations/332784362","332784362"
"4522560772","https://www.inaturalist.org/observations/198393155","198393155"
"4855231692","https://www.inaturalist.org/observations/198393153","198393153"
"4852692240","https://www.inaturalist.org/observations/211385444","211385444"
"4853193623","https://www.inaturalist.org/observations/211385428","211385428"
"4863563204","https://www.inaturalist.org/observations/211438163","211438163"
"4872105712","https://www.inaturalist.org/observations/211385449","211385449"
"4872644743","https://www.inaturalist.org/observations/211385429","211385429"
"5108058005","https://www.inaturalist.org/observations/211385436","211385436"
"5920376300","https://www.inaturalist.org/observations/211438195","211438195"
"5920376605","https://www.inaturalist.org/observations/234698398","234698398"
"6179511476","https://www.inaturalist.org/observations/211385426","211385426"
"6186136331","https://www.inaturalist.org/observations/199478151","199478151"
"6234932532","https://www.inaturalist.org/observations/211438181","211438181"
"6252107234","https://www.inaturalist.org/observations/234698380","234698380"
"6320689387","https://www.inaturalist.org/observations/211438162","211438162"
"6320695417","https://www.inaturalist.org/observations/199478078","199478078"
"6413847512","https://www.inaturalist.org/observations/211438177","211438177"
"4863416118","https://www.inaturalist.org/observations/215157953","215157953"
"4908353771","https://www.inaturalist.org/observations/227310757","227310757"
"4908001945","https://www.inaturalist.org/observations/228931042","228931042"
"4908470106","https://www.inaturalist.org/observations/227994823","227994823"
"4910704062","https://www.inaturalist.org/observations/231209465","231209465"
"4925854801","https://www.inaturalist.org/observations/236177602","236177602"
"4926316428","https://www.inaturalist.org/observations/236177593","236177593"
"4923885205","https://www.inaturalist.org/observations/235015150","235015150"
"4949872284","https://www.inaturalist.org/observations/243243472","243243472"
"4950012768","https://www.inaturalist.org/observations/243243444","243243444"
"4950168278","https://www.inaturalist.org/observations/243243334","243243334"
"4952286152","https://www.inaturalist.org/observations/242961860","242961860"
"4954414940","https://www.inaturalist.org/observations/243243488","243243488"
"4976467598","https://www.inaturalist.org/observations/243243392","243243392"
"4993737294","https://www.inaturalist.org/observations/243243384","243243384"
"4993754233","https://www.inaturalist.org/observations/241351450","241351450"
"4994477694","https://www.inaturalist.org/observations/243243506","243243506"
"5006875801","https://www.inaturalist.org/observations/242962051","242962051"
"5007055905","https://www.inaturalist.org/observations/242961979","242961979"
"5062825832","https://www.inaturalist.org/observations/242961609","242961609"
"5062840972","https://www.inaturalist.org/observations/242962035","242962035"
"5062841937","https://www.inaturalist.org/observations/242962029","242962029"
"5087108013","https://www.inaturalist.org/observations/243247230","243247230"
"6133312842","https://www.inaturalist.org/observations/243243435","243243435"
"6170901708","https://www.inaturalist.org/observations/242961999","242961999"
"6170910983","https://www.inaturalist.org/observations/242961871","242961871"
"6170964055","https://www.inaturalist.org/observations/242961821","242961821"
"6321230365","https://www.inaturalist.org/observations/242269380","242269380"
"6452286945","https://www.inaturalist.org/observations/242962047","242962047"
"5008298313","https://www.inaturalist.org/observations/249584924","249584924"
"4994078965","https://www.inaturalist.org/observations/253823284","253823284"
"5076970772","https://www.inaturalist.org/observations/262480802","262480802"
"5076979834","https://www.inaturalist.org/observations/262480813","262480813"
"5076981848","https://www.inaturalist.org/observations/262480790","262480790"
"5077054810","https://www.inaturalist.org/observations/262480791","262480791"
"5077073145","https://www.inaturalist.org/observations/262999906","262999906"
"5087203869","https://www.inaturalist.org/observations/263129416","263129416"
"5108157645","https://www.inaturalist.org/observations/262480820","262480820"
"5133795584","https://www.inaturalist.org/observations/262999883","262999883"
"6320743070","https://www.inaturalist.org/observations/262480816","262480816"
"4994037554","https://www.inaturalist.org/observations/254235463","254235463"
"4994144945","https://www.inaturalist.org/observations/254553833","254553833"
"5062892862","https://www.inaturalist.org/observations/254616571","254616571"
"5215693182","https://www.inaturalist.org/observations/292800619","292800619"
"5215711199","https://www.inaturalist.org/observations/292800613","292800613"
"5217312213","https://www.inaturalist.org/observations/292800620","292800620"
"5935849258","https://www.inaturalist.org/observations/292800618","292800618"
"6320954029","https://www.inaturalist.org/observations/292800616","292800616"
"4015306449","https://www.inaturalist.org/observations/146241784","146241784"
"5036834333","https://www.inaturalist.org/observations/146241290","146241290"
"5760085263","https://www.inaturalist.org/observations/146241592","146241592"
"6400716921","https://www.inaturalist.org/observations/146241619","146241619"
"6441652859","https://www.inaturalist.org/observations/170930154","170930154"
"4407345809","https://www.inaturalist.org/observations/179285691","179285691"
"4919095978","https://www.inaturalist.org/observations/170301509","170301509"
"4987487075","https://www.inaturalist.org/observations/170304668","170304668"
"5008220452","https://www.inaturalist.org/observations/170302460","170302460"
"6185703085","https://www.inaturalist.org/observations/170320173","170320173"
"6352486107","https://www.inaturalist.org/observations/170304496","170304496"
"6479335702","https://www.inaturalist.org/observations/179285687","179285687"
"4171585820","https://www.inaturalist.org/observations/175143565","175143565"
"4171609755","https://www.inaturalist.org/observations/175143741","175143741"
"4171685293","https://www.inaturalist.org/observations/175791842","175791842"
"4171870028","https://www.inaturalist.org/observations/176357825","176357825"
"4171941258","https://www.inaturalist.org/observations/176379625","176379625"
"4171986601","https://www.inaturalist.org/observations/176379624","176379624"
"4172095189","https://www.inaturalist.org/observations/176357840","176357840"
"4399999645","https://www.inaturalist.org/observations/176881834","176881834"
"4430436693","https://www.inaturalist.org/observations/175143690","175143690"
"4518999925","https://www.inaturalist.org/observations/174979617","174979617"
"4535891837","https://www.inaturalist.org/observations/173690005","173690005"
"5282086889","https://www.inaturalist.org/observations/174979727","174979727"
"6352769582","https://www.inaturalist.org/observations/174972326","174972326"
"4891691607","https://www.inaturalist.org/observations/220760989","220760989"
"4891960318","https://www.inaturalist.org/observations/220761039","220761039"
"4892119924","https://www.inaturalist.org/observations/220761004","220761004"
"6451526485","https://www.inaturalist.org/observations/220761024","220761024"
"6469892327","https://www.inaturalist.org/observations/182379078","182379078"
"6469955608","https://www.inaturalist.org/observations/182379362","182379362"
"6470031103","https://www.inaturalist.org/observations/182265078","182265078"
"6470183421","https://www.inaturalist.org/observations/182265292","182265292"
"6470495932","https://www.inaturalist.org/observations/182379281","182379281"
"6470596901","https://www.inaturalist.org/observations/182263428","182263428"
"6470684408","https://www.inaturalist.org/observations/193348934","193348934"
"4458723025","https://www.inaturalist.org/observations/192986046","192986046"
"4458724146","https://www.inaturalist.org/observations/192986571","192986571"
"5008221424","https://www.inaturalist.org/observations/190860500","190860500"
"4465419803","https://www.inaturalist.org/observations/193272368","193272368"
"4465427830","https://www.inaturalist.org/observations/193272361","193272361"
"4465432884","https://www.inaturalist.org/observations/193272338","193272338"
"4465433855","https://www.inaturalist.org/observations/193272341","193272341"
"4507739492","https://www.inaturalist.org/observations/195230540","195230540"
"4507896392","https://www.inaturalist.org/observations/195230553","195230553"
"4507918375","https://www.inaturalist.org/observations/195230548","195230548"
"4507939346","https://www.inaturalist.org/observations/195230541","195230541"
"4518973234","https://www.inaturalist.org/observations/195117012","195117012"
"5827800118","https://www.inaturalist.org/observations/191264003","191264003"
"5936093655","https://www.inaturalist.org/observations/195230547","195230547"
"6320103580","https://www.inaturalist.org/observations/195230557","195230557"
"6452213413","https://www.inaturalist.org/observations/195230534","195230534"
"5935799144","https://www.inaturalist.org/observations/331713943","331713943"
"5935932920","https://www.inaturalist.org/observations/331713973","331713973"
"5936111576","https://www.inaturalist.org/observations/331713988","331713988"
"5936195539","https://www.inaturalist.org/observations/331713951","331713951"
"5936376667","https://www.inaturalist.org/observations/331713989","331713989"
"5936402513","https://www.inaturalist.org/observations/331713982","331713982"
"5938138871","https://www.inaturalist.org/observations/331713946","331713946"
"6131489153","https://www.inaturalist.org/observations/331713950","331713950"
"6133241767","https://www.inaturalist.org/observations/331713994","331713994"
"6178535090","https://www.inaturalist.org/observations/331713948","331713948"
"6185063803","https://www.inaturalist.org/observations/331713942","331713942"
"6185294280","https://www.inaturalist.org/observations/331713972","331713972"
"3743060594","https://www.inaturalist.org/observations/108677387","108677387"
"3743066970","https://www.inaturalist.org/observations/108677390","108677390"
"6185507625","https://www.inaturalist.org/observations/108608507","108608507"
"3760228935","https://www.inaturalist.org/observations/111493809","111493809"
"3773463228","https://www.inaturalist.org/observations/116378658","116378658"
"3773489216","https://www.inaturalist.org/observations/116378677","116378677"
"3773684760","https://www.inaturalist.org/observations/116378673","116378673"
"3784678177","https://www.inaturalist.org/observations/117473199","117473199"
"3858289972","https://www.inaturalist.org/observations/111493817","111493817"
"3873515609","https://www.inaturalist.org/observations/111493820","111493820"
"3873681566","https://www.inaturalist.org/observations/111493798","111493798"
"4009659457","https://www.inaturalist.org/observations/117473196","117473196"
"4453805498","https://www.inaturalist.org/observations/111493815","111493815"
"5062565649","https://www.inaturalist.org/observations/111493799","111493799"
"5076753648","https://www.inaturalist.org/observations/111493791","111493791"
"5198968348","https://www.inaturalist.org/observations/116378665","116378665"
"5230134950","https://www.inaturalist.org/observations/299379305","299379305"
"5230320009","https://www.inaturalist.org/observations/299379364","299379364"
"5230668991","https://www.inaturalist.org/observations/299379360","299379360"
"5231815900","https://www.inaturalist.org/observations/299379324","299379324"
"5231912924","https://www.inaturalist.org/observations/299379341","299379341"
"5231935971","https://www.inaturalist.org/observations/299379297","299379297"
"5281809016","https://www.inaturalist.org/observations/299379325","299379325"
"5292651778","https://www.inaturalist.org/observations/117473202","117473202"
"5759565257","https://www.inaturalist.org/observations/299379363","299379363"
"5760979009","https://www.inaturalist.org/observations/299379317","299379317"
"5830776504","https://www.inaturalist.org/observations/299379288","299379288"
"5831034044","https://www.inaturalist.org/observations/299379329","299379329"
"5837886917","https://www.inaturalist.org/observations/299379278","299379278"
"5837951492","https://www.inaturalist.org/observations/299379291","299379291"
"5838331951","https://www.inaturalist.org/observations/299379312","299379312"
"6130035970","https://www.inaturalist.org/observations/112005537","112005537"
"6130164836","https://www.inaturalist.org/observations/116378671","116378671"
"6147178652","https://www.inaturalist.org/observations/299379307","299379307"
"6147201902","https://www.inaturalist.org/observations/299379315","299379315"
"6184817943","https://www.inaturalist.org/observations/299379334","299379334"
"6185074754","https://www.inaturalist.org/observations/116378675","116378675"
"6430901052","https://www.inaturalist.org/observations/299379356","299379356"
"3772486101","https://www.inaturalist.org/observations/115684476","115684476"
"3772993791","https://www.inaturalist.org/observations/115684362","115684362"
"3772994650","https://www.inaturalist.org/observations/115657192","115657192"
"3773245964","https://www.inaturalist.org/observations/115635381","115635381"
"3773286747","https://www.inaturalist.org/observations/115618724","115618724"
"3773594963","https://www.inaturalist.org/observations/115684442","115684442"
"3802278177","https://www.inaturalist.org/observations/118391837","118391837"
"3860390667","https://www.inaturalist.org/observations/119335739","119335739"
"3873007626","https://www.inaturalist.org/observations/119332277","119332277"
"3881480406","https://www.inaturalist.org/observations/118392668","118392668"
"4171375496","https://www.inaturalist.org/observations/116378695","116378695"
"4177217452","https://www.inaturalist.org/observations/119333685","119333685"
"4407212360","https://www.inaturalist.org/observations/119780233","119780233"
"4510263598","https://www.inaturalist.org/observations/116378638","116378638"
"4847033688","https://www.inaturalist.org/observations/119334992","119334992"
"5108073592","https://www.inaturalist.org/observations/119780027","119780027"
"5231049905","https://www.inaturalist.org/observations/299379385","299379385"
"6321217444","https://www.inaturalist.org/observations/119332378","119332378"
"6352266778","https://www.inaturalist.org/observations/118392550","118392550"
"3873314913","https://www.inaturalist.org/observations/128004016","128004016"
"3873408717","https://www.inaturalist.org/observations/127995915","127995915"
"3881811686","https://www.inaturalist.org/observations/128137673","128137673"
"3888891729","https://www.inaturalist.org/observations/129270780","129270780"
"3985705085","https://www.inaturalist.org/observations/142118144","142118144"
"3985711006","https://www.inaturalist.org/observations/142118662","142118662"
"4018195600","https://www.inaturalist.org/observations/128004226","128004226"
"4028924902","https://www.inaturalist.org/observations/128005784","128005784"
"4919203327","https://www.inaturalist.org/observations/157712627","157712627"
"4936119817","https://www.inaturalist.org/observations/126230829","126230829"
"4936292199","https://www.inaturalist.org/observations/126229716","126229716"
"4936327818","https://www.inaturalist.org/observations/126230944","126230944"
"4936327819","https://www.inaturalist.org/observations/126254128","126254128"
"4936406315","https://www.inaturalist.org/observations/126230492","126230492"
"4936455175","https://www.inaturalist.org/observations/126228760","126228760"
"4936475347","https://www.inaturalist.org/observations/126230229","126230229"
"4936712796","https://www.inaturalist.org/observations/126257230","126257230"
"4936953258","https://www.inaturalist.org/observations/126257063","126257063"
"4937017275","https://www.inaturalist.org/observations/126229431","126229431"
"4937140204","https://www.inaturalist.org/observations/126287957","126287957"
"4954502207","https://www.inaturalist.org/observations/157526669","157526669"
"5007682053","https://www.inaturalist.org/observations/257408621","257408621"
"5759569747","https://www.inaturalist.org/observations/126256796","126256796"
"6130263528","https://www.inaturalist.org/observations/127996642","127996642"
"6452024620","https://www.inaturalist.org/observations/159114571","159114571"
"6470601640","https://www.inaturalist.org/observations/136283697","136283697"
"3947124955","https://www.inaturalist.org/observations/139279546","139279546"
"3947130984","https://www.inaturalist.org/observations/139281284","139281284"
"3947283981","https://www.inaturalist.org/observations/139278842","139278842"
"3947486953","https://www.inaturalist.org/observations/139282887","139282887"
"3947566009","https://www.inaturalist.org/observations/139293221","139293221"
"3947573990","https://www.inaturalist.org/observations/139279178","139279178"
"3947828075","https://www.inaturalist.org/observations/139281705","139281705"
"3947830988","https://www.inaturalist.org/observations/139284584","139284584"
"6163389760","https://www.inaturalist.org/observations/135869590","135869590"
"3947051963","https://www.inaturalist.org/observations/138346319","138346319"
"4522505581","https://www.inaturalist.org/observations/140680641","140680641"
"4522523563","https://www.inaturalist.org/observations/140680842","140680842"
"3966497115","https://www.inaturalist.org/observations/141837536","141837536"
"4011971313","https://www.inaturalist.org/observations/145732899","145732899"
"4012015331","https://www.inaturalist.org/observations/145731947","145731947"
"4014828769","https://www.inaturalist.org/observations/145733054","145733054"
"4014890771","https://www.inaturalist.org/observations/145732336","145732336"
"4014934798","https://www.inaturalist.org/observations/145732147","145732147"
"4015193806","https://www.inaturalist.org/observations/145732079","145732079"
"4028597245","https://www.inaturalist.org/observations/145731348","145731348"
"4407076534","https://www.inaturalist.org/observations/145733300","145733300"
"4519027511","https://www.inaturalist.org/observations/142212709","142212709"
"5007758618","https://www.inaturalist.org/observations/142163857","142163857"
"6320296652","https://www.inaturalist.org/observations/145732545","145732545"
"6352322054","https://www.inaturalist.org/observations/145731137","145731137"
"3742976495","https://www.inaturalist.org/observations/108373279","108373279"
"3743026525","https://www.inaturalist.org/observations/108373278","108373278"
"3743043531","https://www.inaturalist.org/observations/108373276","108373276"
"4407142414","https://www.inaturalist.org/observations/108373280","108373280"
"5198688340","https://www.inaturalist.org/observations/108373281","108373281"
"6130807702","https://www.inaturalist.org/observations/68985908","68985908"
"3455766572","https://www.inaturalist.org/observations/98441371","98441371"
"4054955595","https://www.inaturalist.org/observations/149765184","149765184"
"3415505022","https://www.inaturalist.org/observations/101673810","101673810"
"3415602996","https://www.inaturalist.org/observations/101673813","101673813"
"3415624960","https://www.inaturalist.org/observations/101670951","101670951"
"3415659583","https://www.inaturalist.org/observations/101671004","101671004"
"3415675278","https://www.inaturalist.org/observations/101676572","101676572"
"3415680948","https://www.inaturalist.org/observations/101676579","101676579"
"3415716305","https://www.inaturalist.org/observations/101676581","101676581"
"3415718624","https://www.inaturalist.org/observations/101670977","101670977"
"3415729999","https://www.inaturalist.org/observations/101670953","101670953"
"3415781735","https://www.inaturalist.org/observations/101845288","101845288"
"3415814027","https://www.inaturalist.org/observations/101673814","101673814"
"3415837963","https://www.inaturalist.org/observations/101670952","101670952"
"3415893840","https://www.inaturalist.org/observations/101676578","101676578"
"3415905061","https://www.inaturalist.org/observations/101670954","101670954"
"3415912625","https://www.inaturalist.org/observations/101673795","101673795"
"3415919072","https://www.inaturalist.org/observations/101676570","101676570"
"3415966569","https://www.inaturalist.org/observations/101671040","101671040"
"3415970972","https://www.inaturalist.org/observations/101673821","101673821"
"3416040000","https://www.inaturalist.org/observations/101671058","101671058"
"3416050532","https://www.inaturalist.org/observations/101670995","101670995"
"3416140608","https://www.inaturalist.org/observations/101778913","101778913"
"3416161947","https://www.inaturalist.org/observations/101671075","101671075"
"3416177562","https://www.inaturalist.org/observations/101778930","101778930"
"3416178388","https://www.inaturalist.org/observations/101827004","101827004"
"3416189942","https://www.inaturalist.org/observations/101778928","101778928"
"3416203057","https://www.inaturalist.org/observations/101671088","101671088"
"3416251728","https://www.inaturalist.org/observations/101778941","101778941"
"3455361408","https://www.inaturalist.org/observations/101670991","101670991"
"3455454506","https://www.inaturalist.org/observations/101670963","101670963"
"3456347485","https://www.inaturalist.org/observations/101778920","101778920"
"3456742671","https://www.inaturalist.org/observations/101671067","101671067"
"3456778662","https://www.inaturalist.org/observations/101670988","101670988"
"3456853520","https://www.inaturalist.org/observations/101778946","101778946"
"3456973852","https://www.inaturalist.org/observations/101778909","101778909"
"3747340478","https://www.inaturalist.org/observations/101778907","101778907"
"3881590375","https://www.inaturalist.org/observations/101676561","101676561"
"3925089476","https://www.inaturalist.org/observations/101778911","101778911"
"4028607468","https://www.inaturalist.org/observations/101670997","101670997"
"4062650413","https://www.inaturalist.org/observations/101671071","101671071"
"4062666389","https://www.inaturalist.org/observations/101778935","101778935"
"4062858409","https://www.inaturalist.org/observations/101670990","101670990"
"4137665482","https://www.inaturalist.org/observations/101671015","101671015"
"4507827553","https://www.inaturalist.org/observations/101778924","101778924"
"5133306398","https://www.inaturalist.org/observations/101671016","101671016"
"6131067490","https://www.inaturalist.org/observations/101778927","101778927"
"3455764758","https://www.inaturalist.org/observations/103047856","103047856"
"3455765567","https://www.inaturalist.org/observations/103046236","103046236"
"3759106798","https://www.inaturalist.org/observations/103018259","103018259"
"3912478744","https://www.inaturalist.org/observations/135371463","135371463"
"2620036192","https://www.inaturalist.org/observations/44818237","44818237"
"2429207452","https://www.inaturalist.org/observations/26054442","26054442"
"5761094471","https://www.inaturalist.org/observations/106899308","106899308"
"2294633456","https://www.inaturalist.org/observations/29341269","29341269"
"2294634092","https://www.inaturalist.org/observations/29342142","29342142"
"2294634957","https://www.inaturalist.org/observations/29349286","29349286"
"2294636062","https://www.inaturalist.org/observations/29349367","29349367"
"2294636582","https://www.inaturalist.org/observations/29349896","29349896"
"2429220905","https://www.inaturalist.org/observations/29339547","29339547"
"2517951777","https://www.inaturalist.org/observations/29350152","29350152"
"2609077292","https://www.inaturalist.org/observations/29339730","29339730"
"5007747049","https://www.inaturalist.org/observations/29339526","29339526"
"5167967321","https://www.inaturalist.org/observations/29350182","29350182"
"5167998313","https://www.inaturalist.org/observations/29350200","29350200"
"6130560043","https://www.inaturalist.org/observations/29342016","29342016"
"3018148374","https://www.inaturalist.org/observations/33445521","33445521"
"4405243318","https://www.inaturalist.org/observations/33708051","33708051"
"2465196734","https://www.inaturalist.org/observations/35827108","35827108"
"3013897732","https://www.inaturalist.org/observations/67090936","67090936"
"2850965348","https://www.inaturalist.org/observations/15842174","15842174"
"2851018352","https://www.inaturalist.org/observations/16203274","16203274"
"3456162426","https://www.inaturalist.org/observations/15626447","15626447"
"6320875764","https://www.inaturalist.org/observations/15581857","15581857"
"5230366690","https://www.inaturalist.org/observations/297396595","297396595"
"5230368690","https://www.inaturalist.org/observations/297399081","297399081"
"5230485739","https://www.inaturalist.org/observations/297396596","297396596"
"5231226717","https://www.inaturalist.org/observations/297400671","297400671"
"2236298170","https://www.inaturalist.org/observations/6362236","6362236"
"2423255914","https://www.inaturalist.org/observations/6362245","6362245"
"3391702303","https://www.inaturalist.org/observations/6362247","6362247"
"2609341074","https://www.inaturalist.org/observations/42507670","42507670"
"5938180374","https://www.inaturalist.org/observations/333256835","333256835"
"3124546302","http://www.inaturalist.org/observations/1844789","1844789"
"1944419461","http://www.inaturalist.org/observations/2353707","2353707"
"4126671519","https://www.inaturalist.org/observations/20152128","20152128"
"4126672560","https://www.inaturalist.org/observations/20150473","20150473"
"4126674465","https://www.inaturalist.org/observations/20151714","20151714"
"4126678483","https://www.inaturalist.org/observations/20151846","20151846"
"4126683574","https://www.inaturalist.org/observations/20148930","20148930"
"4126683575","https://www.inaturalist.org/observations/20149425","20149425"
"4126691550","https://www.inaturalist.org/observations/20149403","20149403"
"4126692468","https://www.inaturalist.org/observations/20149495","20149495"
"4126693618","https://www.inaturalist.org/observations/20151693","20151693"
"4126697511","https://www.inaturalist.org/observations/20151844","20151844"
"4126707585","https://www.inaturalist.org/observations/20148745","20148745"
"4126710584","https://www.inaturalist.org/observations/20152149","20152149"
"4126714538","https://www.inaturalist.org/observations/20148738","20148738"
"4126715474","https://www.inaturalist.org/observations/20152071","20152071"
"4126716505","https://www.inaturalist.org/observations/20148907","20148907"
"4126722506","https://www.inaturalist.org/observations/20151799","20151799"
"4126725539","https://www.inaturalist.org/observations/20148905","20148905"
"4126726423","https://www.inaturalist.org/observations/20151738","20151738"
"4126726424","https://www.inaturalist.org/observations/20151837","20151837"
"4126733462","https://www.inaturalist.org/observations/20151944","20151944"
"4126743577","https://www.inaturalist.org/observations/20148752","20148752"
"4126743578","https://www.inaturalist.org/observations/20148851","20148851"
"4126754575","https://www.inaturalist.org/observations/20151752","20151752"
"4126762525","https://www.inaturalist.org/observations/20151932","20151932"
"4126766579","https://www.inaturalist.org/observations/20151840","20151840"
"4126768540","https://www.inaturalist.org/observations/20148925","20148925"
"4126768541","https://www.inaturalist.org/observations/20149519","20149519"
"4126769553","https://www.inaturalist.org/observations/20152102","20152102"
"4126772589","https://www.inaturalist.org/observations/20152164","20152164"
"4126774568","https://www.inaturalist.org/observations/20152059","20152059"
"4126777479","https://www.inaturalist.org/observations/20151725","20151725"
"4126779605","https://www.inaturalist.org/observations/20151780","20151780"
"4126785562","https://www.inaturalist.org/observations/20151740","20151740"
"4126786575","https://www.inaturalist.org/observations/20148899","20148899"
"4126786577","https://www.inaturalist.org/observations/20150472","20150472"
"4126787523","https://www.inaturalist.org/observations/20151711","20151711"
"4126789529","https://www.inaturalist.org/observations/20152061","20152061"
"4126796407","https://www.inaturalist.org/observations/20151749","20151749"
"4126796408","https://www.inaturalist.org/observations/20151848","20151848"
"4126797484","https://www.inaturalist.org/observations/20149386","20149386"
"4126798418","https://www.inaturalist.org/observations/20149482","20149482"
"4126799575","https://www.inaturalist.org/observations/20151690","20151690"
"4126799576","https://www.inaturalist.org/observations/20152086","20152086"
"4126800391","https://www.inaturalist.org/observations/20151829","20151829"
"4126804580","https://www.inaturalist.org/observations/20148679","20148679"
"4126804582","https://www.inaturalist.org/observations/20152133","20152133"
"4126807579","https://www.inaturalist.org/observations/20152044","20152044"
"4126814515","https://www.inaturalist.org/observations/20152118","20152118"
"4126815564","https://www.inaturalist.org/observations/20152066","20152066"
"4126820517","https://www.inaturalist.org/observations/20151985","20151985"
"4126821442","https://www.inaturalist.org/observations/20151715","20151715"
"4126822555","https://www.inaturalist.org/observations/20151754","20151754"
"4126826524","https://www.inaturalist.org/observations/20152171","20152171"
"4126827523","https://www.inaturalist.org/observations/20152116","20152116"
"4126829401","https://www.inaturalist.org/observations/20151939","20151939"
"4126831579","https://www.inaturalist.org/observations/20149417","20149417"
"4126831582","https://www.inaturalist.org/observations/20151694","20151694"
"4126832600","https://www.inaturalist.org/observations/20148941","20148941"
"4126839533","https://www.inaturalist.org/observations/20148796","20148796"
"4126839536","https://www.inaturalist.org/observations/20152052","20152052"
"4126843521","https://www.inaturalist.org/observations/20151832","20151832"
"4126846578","https://www.inaturalist.org/observations/20148855","20148855"
"4126854581","https://www.inaturalist.org/observations/20151764","20151764"
"4126904442","https://www.inaturalist.org/observations/20151804","20151804"
"4126937620","https://www.inaturalist.org/observations/20151781","20151781"
"4126937621","https://www.inaturalist.org/observations/20152177","20152177"
"4126960552","https://www.inaturalist.org/observations/20151882","20151882"
"4126965416","https://www.inaturalist.org/observations/20151906","20151906"
"4126978390","https://www.inaturalist.org/observations/20151839","20151839"
"4126993480","https://www.inaturalist.org/observations/20151835","20151835"
"4126994469","https://www.inaturalist.org/observations/20151758","20151758"
"4126994470","https://www.inaturalist.org/observations/20151956","20151956"
"4127006582","https://www.inaturalist.org/observations/20148867","20148867"
"4127033461","https://www.inaturalist.org/observations/20151856","20151856"
"4127049589","https://www.inaturalist.org/observations/20148942","20148942"
"4127091543","https://www.inaturalist.org/observations/20152203","20152203"
"4127093540","https://www.inaturalist.org/observations/20151765","20151765"
"4127102555","https://www.inaturalist.org/observations/20149509","20149509"
"4127119496","https://www.inaturalist.org/observations/20151911","20151911"
"4127127569","https://www.inaturalist.org/observations/20148750","20148750"
"4127163572","https://www.inaturalist.org/observations/20148726","20148726"
"4127163576","https://www.inaturalist.org/observations/20151696","20151696"
"4127163577","https://www.inaturalist.org/observations/20151894","20151894"
"4127163592","https://www.inaturalist.org/observations/20238519","20238519"
"4127167575","https://www.inaturalist.org/observations/20151695","20151695"
"4127175455","https://www.inaturalist.org/observations/20148909","20148909"
"4127191575","https://www.inaturalist.org/observations/20148735","20148735"
"4127192473","https://www.inaturalist.org/observations/20151902","20151902"
"4127194543","https://www.inaturalist.org/observations/20149499","20149499"
"4127197461","https://www.inaturalist.org/observations/20151789","20151789"
"4127212488","https://www.inaturalist.org/observations/20151767","20151767"
"4127223536","https://www.inaturalist.org/observations/20151964","20151964"
"4127225456","https://www.inaturalist.org/observations/20149462","20149462"
"4127235594","https://www.inaturalist.org/observations/20151742","20151742"
"4127235595","https://www.inaturalist.org/observations/20151940","20151940"
"4127243585","https://www.inaturalist.org/observations/20149423","20149423"
"4127243586","https://www.inaturalist.org/observations/20149522","20149522"
"4127243589","https://www.inaturalist.org/observations/20152096","20152096"
"4127246482","https://www.inaturalist.org/observations/20151889","20151889"
"4127250565","https://www.inaturalist.org/observations/20148914","20148914"
"4500458338","https://www.inaturalist.org/observations/20152080","20152080"
"4507851325","https://www.inaturalist.org/observations/20151900","20151900"
"5008173975","https://www.inaturalist.org/observations/20151874","20151874"
"5215954307","https://www.inaturalist.org/observations/20151954","20151954"
"5760588156","https://www.inaturalist.org/observations/20151953","20151953"
"5760710194","https://www.inaturalist.org/observations/20149437","20149437"
"6422557028","https://www.inaturalist.org/observations/20151833","20151833"
"6422605533","https://www.inaturalist.org/observations/20152174","20152174"
"6423034587","https://www.inaturalist.org/observations/20152172","20152172"
"6159423263","https://www.inaturalist.org/observations/338367363","338367363"
"6320058844","https://www.inaturalist.org/observations/338367364","338367364"
"4500543017","https://www.inaturalist.org/observations/193864496","193864496"
"4500569891","https://www.inaturalist.org/observations/193864579","193864579"
"5087169197","https://www.inaturalist.org/observations/261469659","261469659"
"2574074192","https://www.inaturalist.org/observations/31430638","31430638"
"5007227889","https://www.inaturalist.org/observations/38800111","38800111"
"3902451402","https://www.inaturalist.org/observations/132326470","132326470"
"3902870594","https://www.inaturalist.org/observations/132465780","132465780"
"3902877255","https://www.inaturalist.org/observations/132465782","132465782"
"3902990720","https://www.inaturalist.org/observations/132326466","132326466"
"3903251453","https://www.inaturalist.org/observations/132326473","132326473"
"3903371262","https://www.inaturalist.org/observations/132465783","132465783"
"3903380572","https://www.inaturalist.org/observations/132465789","132465789"
"4011557525","https://www.inaturalist.org/observations/132326467","132326467"
"2626352639","https://www.inaturalist.org/observations/37858615","37858615"
"5198743733","https://www.inaturalist.org/observations/290318311","290318311"
"5198853738","https://www.inaturalist.org/observations/290315903","290315903"
"5199202739","https://www.inaturalist.org/observations/290317643","290317643"
"5199274785","https://www.inaturalist.org/observations/290407418","290407418"
"5199280709","https://www.inaturalist.org/observations/290407173","290407173"
"5205902679","https://www.inaturalist.org/observations/290436473","290436473"
"5206382685","https://www.inaturalist.org/observations/290315040","290315040"
"5215970844","https://www.inaturalist.org/observations/290318958","290318958"
"2980899349","https://www.inaturalist.org/observations/64322405","64322405"
"3802759503","https://www.inaturalist.org/observations/118572456","118572456"
"4919189477","https://www.inaturalist.org/observations/118418707","118418707"
"1890033475","https://www.inaturalist.org/observations/12635131","12635131"
"1990440659","https://www.inaturalist.org/observations/12635175","12635175"
"1990440668","https://www.inaturalist.org/observations/12635243","12635243"
"1993702950","https://www.inaturalist.org/observations/12635206","12635206"
"3465921318","https://www.inaturalist.org/observations/12635091","12635091"
"3764232305","https://www.inaturalist.org/observations/12635233","12635233"
"3013926688","https://www.inaturalist.org/observations/67069124","67069124"
"6252636570","https://www.inaturalist.org/observations/357856167","357856167"
"6130412048","https://www.inaturalist.org/observations/314211404","314211404"
"4507743459","https://www.inaturalist.org/observations/195584261","195584261"
"3039271029","https://www.inaturalist.org/observations/68833162","68833162"
"6352590728","https://www.inaturalist.org/observations/367193004","367193004"
"5134057596","https://www.inaturalist.org/observations/271125324","271125324"
"6147634890","https://www.inaturalist.org/observations/217176026","217176026"
"5909344799","https://www.inaturalist.org/observations/148408566","148408566"
"6179000392","https://www.inaturalist.org/observations/341964659","341964659"
"6179011086","https://www.inaturalist.org/observations/341965659","341965659"
"6184944942","https://www.inaturalist.org/observations/342375624","342375624"
"6185932963","https://www.inaturalist.org/observations/345505446","345505446"
"6188014468","https://www.inaturalist.org/observations/347413650","347413650"
"6234222902","https://www.inaturalist.org/observations/350678295","350678295"
"6234259075","https://www.inaturalist.org/observations/350678297","350678297"
"6481273237","https://www.inaturalist.org/observations/353801751","353801751"
"6252790644","https://www.inaturalist.org/observations/357341448","357341448"
"6479456818","https://www.inaturalist.org/observations/388954344","388954344"
"6480216903","https://www.inaturalist.org/observations/389046958","389046958"
"6480239513","https://www.inaturalist.org/observations/389045534","389045534"
"6480367320","https://www.inaturalist.org/observations/388800537","388800537"
"6480409450","https://www.inaturalist.org/observations/388956407","388956407"
"6480507462","https://www.inaturalist.org/observations/389045538","389045538"
"6481223722","https://www.inaturalist.org/observations/389051192","389051192"
"6481325576","https://www.inaturalist.org/observations/388820575","388820575"
"6413009573","https://www.inaturalist.org/observations/265525110","265525110"
"5830627424","https://www.inaturalist.org/observations/314475111","314475111"
"5830634154","https://www.inaturalist.org/observations/314475112","314475112"
"5830789125","https://www.inaturalist.org/observations/314475121","314475121"
"5830953202","https://www.inaturalist.org/observations/314475103","314475103"
"5830985121","https://www.inaturalist.org/observations/314475104","314475104"
"5830992592","https://www.inaturalist.org/observations/314475109","314475109"
"5844632424","https://www.inaturalist.org/observations/314475108","314475108"
"6130262607","https://www.inaturalist.org/observations/314143628","314143628"
"6131499991","https://www.inaturalist.org/observations/313949414","313949414"
"5892437478","https://www.inaturalist.org/observations/325626312","325626312"
"5892441371","https://www.inaturalist.org/observations/325622838","325622838"
"5892523036","https://www.inaturalist.org/observations/325624886","325624886"
"5892526038","https://www.inaturalist.org/observations/325625821","325625821"
"5892704103","https://www.inaturalist.org/observations/325621952","325621952"
"5892868248","https://www.inaturalist.org/observations/325626548","325626548"
"5892960520","https://www.inaturalist.org/observations/325625583","325625583"
"5893005188","https://www.inaturalist.org/observations/325622403","325622403"
"5893022767","https://www.inaturalist.org/observations/325623021","325623021"
"5897492793","https://www.inaturalist.org/observations/325624254","325624254"
"5892422967","https://www.inaturalist.org/observations/325670778","325670778"
"5892802801","https://www.inaturalist.org/observations/325345714","325345714"
"5908615580","https://www.inaturalist.org/observations/325670919","325670919"
"5936171933","https://www.inaturalist.org/observations/332060913","332060913"
"4910674902","https://www.inaturalist.org/observations/230386028","230386028"
"4910961244","https://www.inaturalist.org/observations/230386069","230386069"
"5007662098","https://www.inaturalist.org/observations/256543180","256543180"
"6273575333","https://www.inaturalist.org/observations/256543179","256543179"
"5076922795","https://www.inaturalist.org/observations/262480777","262480777"
"5076979833","https://www.inaturalist.org/observations/262480778","262480778"
"5892480937","https://www.inaturalist.org/observations/320047762","320047762"
"5007051410","https://www.inaturalist.org/observations/254569794","254569794"
"4145226286","https://www.inaturalist.org/observations/170924113","170924113"
"4153833472","https://www.inaturalist.org/observations/170924121","170924121"
"4528158916","https://www.inaturalist.org/observations/170924100","170924100"
"4171426701","https://www.inaturalist.org/observations/176352308","176352308"
"6273149808","https://www.inaturalist.org/observations/176352306","176352306"
"4507741567","https://www.inaturalist.org/observations/195609751","195609751"
"4507748648","https://www.inaturalist.org/observations/195609829","195609829"
"4507751539","https://www.inaturalist.org/observations/195609773","195609773"
"4507755535","https://www.inaturalist.org/observations/195609837","195609837"
"4507763623","https://www.inaturalist.org/observations/195609789","195609789"
"4507768554","https://www.inaturalist.org/observations/195609787","195609787"
"4507771558","https://www.inaturalist.org/observations/195609752","195609752"
"4507773447","https://www.inaturalist.org/observations/195609825","195609825"
"4507812601","https://www.inaturalist.org/observations/195609796","195609796"
"4507817526","https://www.inaturalist.org/observations/195609809","195609809"
"4507819552","https://www.inaturalist.org/observations/195609750","195609750"
"4507820528","https://www.inaturalist.org/observations/195609788","195609788"
"4507836613","https://www.inaturalist.org/observations/195609823","195609823"
"4507953593","https://www.inaturalist.org/observations/195609810","195609810"
"4507954545","https://www.inaturalist.org/observations/195609836","195609836"
"4507957533","https://www.inaturalist.org/observations/195609779","195609779"
"4507975524","https://www.inaturalist.org/observations/195609783","195609783"
"4507980595","https://www.inaturalist.org/observations/195609819","195609819"
"4507996509","https://www.inaturalist.org/observations/195609824","195609824"
"4508008581","https://www.inaturalist.org/observations/195609830","195609830"
"4508024490","https://www.inaturalist.org/observations/195609807","195609807"
"4508030527","https://www.inaturalist.org/observations/195609785","195609785"
"4508031430","https://www.inaturalist.org/observations/195609797","195609797"
"4508032481","https://www.inaturalist.org/observations/195609782","195609782"
"4508037521","https://www.inaturalist.org/observations/195609781","195609781"
"4508041571","https://www.inaturalist.org/observations/195609835","195609835"
"4508042570","https://www.inaturalist.org/observations/195609753","195609753"
"4508047566","https://www.inaturalist.org/observations/195609822","195609822"
"4510063574","https://www.inaturalist.org/observations/195609816","195609816"
"4510358586","https://www.inaturalist.org/observations/195609820","195609820"
"4524970616","https://www.inaturalist.org/observations/195609832","195609832"
"5108074899","https://www.inaturalist.org/observations/195609774","195609774"
"4465812288","https://www.inaturalist.org/observations/193408382","193408382"
"4500594227","https://www.inaturalist.org/observations/194271423","194271423"
"4500612269","https://www.inaturalist.org/observations/194271416","194271416"
"4500628246","https://www.inaturalist.org/observations/194271427","194271427"
"4500782203","https://www.inaturalist.org/observations/194271428","194271428"
"4500848289","https://www.inaturalist.org/observations/194271433","194271433"
"4500854217","https://www.inaturalist.org/observations/194271429","194271429"
"4500911303","https://www.inaturalist.org/observations/194271434","194271434"
"4506273478","https://www.inaturalist.org/observations/194271439","194271439"
"4506456499","https://www.inaturalist.org/observations/194271430","194271430"
"4506458446","https://www.inaturalist.org/observations/194271436","194271436"
"4506492395","https://www.inaturalist.org/observations/194271438","194271438"
"5935943243","https://www.inaturalist.org/observations/194271425","194271425"
"6452431799","https://www.inaturalist.org/observations/194271424","194271424"
"3802545087","https://www.inaturalist.org/observations/118838026","118838026"
"3802592216","https://www.inaturalist.org/observations/118844794","118844794"
"3802799040","https://www.inaturalist.org/observations/118837232","118837232"
"3802824775","https://www.inaturalist.org/observations/118662183","118662183"
"3860411360","https://www.inaturalist.org/observations/118995782","118995782"
"3873721680","https://www.inaturalist.org/observations/118704158","118704158"
"4133673469","https://www.inaturalist.org/observations/151542641","151542641"
"4133678398","https://www.inaturalist.org/observations/122079558","122079558"
"4133710525","https://www.inaturalist.org/observations/151542636","151542636"
"4133733489","https://www.inaturalist.org/observations/151542635","151542635"
"4133852464","https://www.inaturalist.org/observations/151542639","151542639"
"4133886484","https://www.inaturalist.org/observations/151542637","151542637"
"6413351374","https://www.inaturalist.org/observations/122079556","122079556"
"3873115492","https://www.inaturalist.org/observations/127909360","127909360"
"3915695325","https://www.inaturalist.org/observations/136589756","136589756"
"3947125080","https://www.inaturalist.org/observations/139376962","139376962"
"3947370163","https://www.inaturalist.org/observations/139377236","139377236"
"3947452099","https://www.inaturalist.org/observations/139378427","139378427"
"3947526121","https://www.inaturalist.org/observations/139380212","139380212"
"3947577969","https://www.inaturalist.org/observations/139268824","139268824"
"3947674900","https://www.inaturalist.org/observations/139275719","139275719"
"3947709124","https://www.inaturalist.org/observations/139376811","139376811"
"3947751110","https://www.inaturalist.org/observations/139378109","139378109"
"4901391976","https://www.inaturalist.org/observations/225029687","225029687"
"4901794338","https://www.inaturalist.org/observations/225031502","225031502"
"4903799707","https://www.inaturalist.org/observations/224763835","224763835"
"4903831797","https://www.inaturalist.org/observations/225507333","225507333"
"4903941077","https://www.inaturalist.org/observations/224762811","224762811"
"4903963493","https://www.inaturalist.org/observations/224793397","224793397"
"4904051892","https://www.inaturalist.org/observations/224763448","224763448"
"5007898947","https://www.inaturalist.org/observations/139377988","139377988"
"5133545383","https://www.inaturalist.org/observations/225092957","225092957"
"5231058381","https://www.inaturalist.org/observations/139380724","139380724"
"5231495385","https://www.inaturalist.org/observations/139280779","139280779"
"5909017068","https://www.inaturalist.org/observations/139380248","139380248"
"3966819372","https://www.inaturalist.org/observations/142087275","142087275"
"3966872432","https://www.inaturalist.org/observations/142090457","142090457"
"3384086089","https://www.inaturalist.org/observations/97052083","97052083"
"3384088093","https://www.inaturalist.org/observations/97052130","97052130"
"3384111205","https://www.inaturalist.org/observations/97052134","97052134"
"3384178179","https://www.inaturalist.org/observations/97052089","97052089"
"3384746221","https://www.inaturalist.org/observations/97052022","97052022"
"3384846179","https://www.inaturalist.org/observations/97052037","97052037"
"3385108150","https://www.inaturalist.org/observations/97052044","97052044"
"3385204237","https://www.inaturalist.org/observations/97052067","97052067"
"3385208228","https://www.inaturalist.org/observations/97052129","97052129"
"3415830833","https://www.inaturalist.org/observations/97052036","97052036"
"3468762550","https://www.inaturalist.org/observations/97052042","97052042"
"3947061486","https://www.inaturalist.org/observations/97052119","97052119"
"3947089505","https://www.inaturalist.org/observations/97052033","97052033"
"3947099490","https://www.inaturalist.org/observations/97052155","97052155"
"3947101478","https://www.inaturalist.org/observations/97052143","97052143"
"3947108489","https://www.inaturalist.org/observations/97052149","97052149"
"3947110503","https://www.inaturalist.org/observations/97052102","97052102"
"3947115479","https://www.inaturalist.org/observations/97052026","97052026"
"3947118484","https://www.inaturalist.org/observations/97052159","97052159"
"3947173512","https://www.inaturalist.org/observations/97052025","97052025"
"3947173513","https://www.inaturalist.org/observations/97052157","97052157"
"3947180471","https://www.inaturalist.org/observations/97052150","97052150"
"3947195496","https://www.inaturalist.org/observations/97052093","97052093"
"3947234536","https://www.inaturalist.org/observations/97052103","97052103"
"3947254492","https://www.inaturalist.org/observations/97052094","97052094"
"3947270489","https://www.inaturalist.org/observations/97052136","97052136"
"3947335501","https://www.inaturalist.org/observations/97052141","97052141"
"3947399469","https://www.inaturalist.org/observations/97052030","97052030"
"3947425480","https://www.inaturalist.org/observations/97052125","97052125"
"3947432521","https://www.inaturalist.org/observations/97052137","97052137"
"3947466498","https://www.inaturalist.org/observations/97052106","97052106"
"3947475509","https://www.inaturalist.org/observations/97052090","97052090"
"3947482485","https://www.inaturalist.org/observations/97052148","97052148"
"3947498480","https://www.inaturalist.org/observations/97052128","97052128"
"3947543479","https://www.inaturalist.org/observations/97052049","97052049"
"3947620471","https://www.inaturalist.org/observations/97052100","97052100"
"3947652487","https://www.inaturalist.org/observations/97052043","97052043"
"3947692478","https://www.inaturalist.org/observations/97052085","97052085"
"3947740474","https://www.inaturalist.org/observations/97052124","97052124"
"3947742477","https://www.inaturalist.org/observations/97052156","97052156"
"3947762533","https://www.inaturalist.org/observations/97052081","97052081"
"3947795479","https://www.inaturalist.org/observations/97052120","97052120"
"2883090496","https://www.inaturalist.org/observations/60650340","60650340"
"5108040378","https://www.inaturalist.org/observations/30450850","30450850"
"4919112550","https://www.inaturalist.org/observations/232083454","232083454"
"4919136460","https://www.inaturalist.org/observations/232083447","232083447"
"4919155731","https://www.inaturalist.org/observations/232083461","232083461"
"4919218428","https://www.inaturalist.org/observations/232083467","232083467"
"4919306708","https://www.inaturalist.org/observations/232086540","232086540"
"4919363126","https://www.inaturalist.org/observations/232083445","232083445"
"4919655927","https://www.inaturalist.org/observations/232083459","232083459"
"4976525302","https://www.inaturalist.org/observations/35744521","35744521"
"6184960373","https://www.inaturalist.org/observations/232083451","232083451"
"6430892621","https://www.inaturalist.org/observations/232083452","232083452"
"3772984360","https://www.inaturalist.org/observations/116592017","116592017"
"4516168998","https://www.inaturalist.org/observations/116592018","116592018"
"2850996776","https://www.inaturalist.org/observations/53390248","53390248"
"4522463523","https://www.inaturalist.org/observations/101171581","101171581"
"1986630992","http://www.inaturalist.org/observations/2355660","2355660"
"4867559711","https://www.inaturalist.org/observations/196754450","196754450"
"5087084766","https://www.inaturalist.org/observations/237021277","237021277"
"2397683826","https://www.inaturalist.org/observations/32022230","32022230"
"3343797079","https://www.inaturalist.org/observations/91961427","91961427"
"6178490563","https://www.inaturalist.org/observations/341964937","341964937"
"6399753505","https://www.inaturalist.org/observations/336887464","336887464"
"6184751087","https://www.inaturalist.org/observations/345172042","345172042"
"6184882090","https://www.inaturalist.org/observations/345172228","345172228"
"6184965141","https://www.inaturalist.org/observations/345580444","345580444"
"6185012164","https://www.inaturalist.org/observations/345505026","345505026"
"6185025677","https://www.inaturalist.org/observations/345171600","345171600"
"6185114968","https://www.inaturalist.org/observations/345505322","345505322"
"6185114990","https://www.inaturalist.org/observations/345537354","345537354"
"6185276394","https://www.inaturalist.org/observations/345579742","345579742"
"6185286468","https://www.inaturalist.org/observations/345171204","345171204"
"6185296686","https://www.inaturalist.org/observations/345581098","345581098"
"6185303706","https://www.inaturalist.org/observations/345579811","345579811"
"6185308119","https://www.inaturalist.org/observations/345172303","345172303"
"6185330598","https://www.inaturalist.org/observations/345521239","345521239"
"6185338661","https://www.inaturalist.org/observations/345171522","345171522"
"6185345055","https://www.inaturalist.org/observations/345582919","345582919"
"6185402857","https://www.inaturalist.org/observations/345171740","345171740"
"6185438907","https://www.inaturalist.org/observations/345578017","345578017"
"6185441637","https://www.inaturalist.org/observations/345172089","345172089"
"6185447368","https://www.inaturalist.org/observations/345536647","345536647"
"6185465061","https://www.inaturalist.org/observations/345536291","345536291"
"6185524346","https://www.inaturalist.org/observations/343029605","343029605"
"6185535138","https://www.inaturalist.org/observations/345579906","345579906"
"6185577437","https://www.inaturalist.org/observations/345171804","345171804"
"6185715545","https://www.inaturalist.org/observations/345536961","345536961"
"6185721167","https://www.inaturalist.org/observations/345583230","345583230"
"6185772940","https://www.inaturalist.org/observations/345582956","345582956"
"6185923663","https://www.inaturalist.org/observations/345171845","345171845"
"6186158896","https://www.inaturalist.org/observations/345581028","345581028"
"6188533551","https://www.inaturalist.org/observations/347298384","347298384"
"6195331289","https://www.inaturalist.org/observations/349126691","349126691"
"6195347418","https://www.inaturalist.org/observations/349126716","349126716"
"6195476056","https://www.inaturalist.org/observations/349126717","349126717"
"6195479434","https://www.inaturalist.org/observations/348849715","348849715"
"6195775758","https://www.inaturalist.org/observations/349126767","349126767"
"6195981135","https://www.inaturalist.org/observations/348858576","348858576"
"6196026829","https://www.inaturalist.org/observations/349126706","349126706"
"6234205261","https://www.inaturalist.org/observations/351324463","351324463"
"6235157209","https://www.inaturalist.org/observations/350678291","350678291"
"6235208968","https://www.inaturalist.org/observations/350678289","350678289"
"6235358629","https://www.inaturalist.org/observations/350683051","350683051"
"6235536950","https://www.inaturalist.org/observations/350678290","350678290"
"6235768172","https://www.inaturalist.org/observations/350678311","350678311"
"6235847414","https://www.inaturalist.org/observations/351324461","351324461"
"6236448999","https://www.inaturalist.org/observations/351324438","351324438"
"6480686247","https://www.inaturalist.org/observations/345172267","345172267"
"6235132167","https://www.inaturalist.org/observations/355194610","355194610"
"6235929657","https://www.inaturalist.org/observations/355191077","355191077"
"6251621870","https://www.inaturalist.org/observations/355194291","355194291"
"6273541934","https://www.inaturalist.org/observations/358732688","358732688"
"6320407637","https://www.inaturalist.org/observations/361498787","361498787"
"6320420901","https://www.inaturalist.org/observations/361499497","361499497"
"6320646876","https://www.inaturalist.org/observations/361499106","361499106"
"6334679004","https://www.inaturalist.org/observations/363123794","363123794"
"6334949538","https://www.inaturalist.org/observations/363121122","363121122"
"6398948616","https://www.inaturalist.org/observations/361499297","361499297"
"6399291890","https://www.inaturalist.org/observations/370824929","370824929"
"6399299323","https://www.inaturalist.org/observations/367791435","367791435"
"6399570298","https://www.inaturalist.org/observations/370824923","370824923"
"6400328837","https://www.inaturalist.org/observations/370824927","370824927"
"6400402372","https://www.inaturalist.org/observations/367791373","367791373"
"6430949542","https://www.inaturalist.org/observations/377598181","377598181"
"6431160425","https://www.inaturalist.org/observations/377596033","377596033"
"6431626321","https://www.inaturalist.org/observations/367791434","367791434"
"6431804838","https://www.inaturalist.org/observations/377593093","377593093"
"6479399969","https://www.inaturalist.org/observations/367791441","367791441"
"6481334767","https://www.inaturalist.org/observations/367791374","367791374"
"6422389600","https://www.inaturalist.org/observations/376649749","376649749"
"6480385797","https://www.inaturalist.org/observations/389763226","389763226"
"6480436997","https://www.inaturalist.org/observations/388781988","388781988"
"6441071768","https://www.inaturalist.org/observations/380928138","380928138"
"6479548280","https://www.inaturalist.org/observations/387031366","387031366"
"6480042680","https://www.inaturalist.org/observations/388800539","388800539"
"5216556610","https://www.inaturalist.org/observations/294988054","294988054"
"5217638030","https://www.inaturalist.org/observations/295814594","295814594"
"5087273252","https://www.inaturalist.org/observations/263540642","263540642"
"5087314373","https://www.inaturalist.org/observations/263549913","263549913"
"5087328202","https://www.inaturalist.org/observations/263540636","263540636"
"5087339114","https://www.inaturalist.org/observations/263540638","263540638"
"5087341293","https://www.inaturalist.org/observations/263549899","263549899"
"5087362266","https://www.inaturalist.org/observations/263540635","263540635"
"5087365266","https://www.inaturalist.org/observations/263549909","263549909"
"5087369223","https://www.inaturalist.org/observations/263549895","263549895"
"5087386081","https://www.inaturalist.org/observations/263540632","263540632"
"5087393448","https://www.inaturalist.org/observations/263549893","263549893"
"5087397149","https://www.inaturalist.org/observations/263549890","263549890"
"5087399358","https://www.inaturalist.org/observations/263540644","263540644"
"5087410376","https://www.inaturalist.org/observations/263549911","263549911"
"5087429426","https://www.inaturalist.org/observations/263886004","263886004"
"5087442219","https://www.inaturalist.org/observations/263549902","263549902"
"5087448295","https://www.inaturalist.org/observations/263549889","263549889"
"5087453127","https://www.inaturalist.org/observations/263549894","263549894"
"5087459387","https://www.inaturalist.org/observations/263886030","263886030"
"5087463344","https://www.inaturalist.org/observations/263886044","263886044"
"5087519327","https://www.inaturalist.org/observations/263549906","263549906"
"5087631211","https://www.inaturalist.org/observations/263886007","263886007"
"5889899810","https://www.inaturalist.org/observations/323013105","323013105"
"5932229135","https://www.inaturalist.org/observations/263549885","263549885"
"5932783983","https://www.inaturalist.org/observations/263549883","263549883"
"6131432184","https://www.inaturalist.org/observations/263886054","263886054"
"6131455626","https://www.inaturalist.org/observations/263886033","263886033"
"5134555869","https://www.inaturalist.org/observations/268853870","268853870"
"5215945503","https://www.inaturalist.org/observations/294830427","294830427"
"6253230800","https://www.inaturalist.org/observations/268854686","268854686"
"5167514213","https://www.inaturalist.org/observations/280140811","280140811"
"5932544706","https://www.inaturalist.org/observations/268744400","268744400"
"5168420291","https://www.inaturalist.org/observations/283679839","283679839"
"6147361673","https://www.inaturalist.org/observations/337967485","337967485"
"5216874007","https://www.inaturalist.org/observations/292597482","292597482"
"5237577682","https://www.inaturalist.org/observations/301863870","301863870"
"5237607504","https://www.inaturalist.org/observations/301581833","301581833"
"5237657562","https://www.inaturalist.org/observations/301581840","301581840"
"5237910468","https://www.inaturalist.org/observations/301581849","301581849"
"5238062530","https://www.inaturalist.org/observations/301581834","301581834"
"5238135552","https://www.inaturalist.org/observations/301580191","301580191"
"5238241498","https://www.inaturalist.org/observations/301581821","301581821"
"5238412494","https://www.inaturalist.org/observations/301581842","301581842"
"5238451507","https://www.inaturalist.org/observations/301581854","301581854"
"5293095079","https://www.inaturalist.org/observations/301581847","301581847"
"5761033703","https://www.inaturalist.org/observations/292792108","292792108"
"5838023908","https://www.inaturalist.org/observations/301581831","301581831"
"6129906947","https://www.inaturalist.org/observations/335836499","335836499"
"6130080651","https://www.inaturalist.org/observations/335836984","335836984"
"6130150602","https://www.inaturalist.org/observations/335839146","335839146"
"6130388174","https://www.inaturalist.org/observations/335839822","335839822"
"6130814802","https://www.inaturalist.org/observations/335839440","335839440"
"6131084329","https://www.inaturalist.org/observations/335836530","335836530"
"6131156811","https://www.inaturalist.org/observations/335839834","335839834"
"6131215735","https://www.inaturalist.org/observations/335836545","335836545"
"6133451205","https://www.inaturalist.org/observations/289570636","289570636"
"6147573928","https://www.inaturalist.org/observations/337671376","337671376"
"6441289079","https://www.inaturalist.org/observations/380611472","380611472"
"5230096843","https://www.inaturalist.org/observations/299298699","299298699"
"5230647898","https://www.inaturalist.org/observations/299298842","299298842"
"5230709982","https://www.inaturalist.org/observations/299333766","299333766"
"5231065853","https://www.inaturalist.org/observations/299298928","299298928"
"5231130906","https://www.inaturalist.org/observations/299333815","299333815"
"5231158915","https://www.inaturalist.org/observations/299298984","299298984"
"5231312975","https://www.inaturalist.org/observations/299333712","299333712"
"5231400951","https://www.inaturalist.org/observations/299298421","299298421"
"5231416915","https://www.inaturalist.org/observations/299298815","299298815"
"5231594894","https://www.inaturalist.org/observations/299298446","299298446"
"5237483613","https://www.inaturalist.org/observations/299335850","299335850"
"5237631672","https://www.inaturalist.org/observations/299335775","299335775"
"5237656649","https://www.inaturalist.org/observations/299333905","299333905"
"5237783763","https://www.inaturalist.org/observations/302000225","302000225"
"5282014533","https://www.inaturalist.org/observations/299333782","299333782"
"5282167948","https://www.inaturalist.org/observations/299333700","299333700"
"5282319463","https://www.inaturalist.org/observations/299334040","299334040"
"5292309304","https://www.inaturalist.org/observations/305811158","305811158"
"5760409859","https://www.inaturalist.org/observations/310894914","310894914"
"5827393208","https://www.inaturalist.org/observations/313165456","313165456"
"5828755103","https://www.inaturalist.org/observations/299333687","299333687"
"6130002520","https://www.inaturalist.org/observations/299333732","299333732"
"6130737644","https://www.inaturalist.org/observations/299333569","299333569"
"6131491478","https://www.inaturalist.org/observations/299333843","299333843"
"6195457657","https://www.inaturalist.org/observations/349409242","349409242"
"6195521457","https://www.inaturalist.org/observations/349409267","349409267"
"6195537306","https://www.inaturalist.org/observations/349409237","349409237"
"6195561479","https://www.inaturalist.org/observations/349409256","349409256"
"6195652049","https://www.inaturalist.org/observations/349409244","349409244"
"6195860627","https://www.inaturalist.org/observations/349409262","349409262"
"6195878730","https://www.inaturalist.org/observations/349409261","349409261"
"6234200554","https://www.inaturalist.org/observations/351678470","351678470"
"6234356482","https://www.inaturalist.org/observations/351678454","351678454"
"6234369922","https://www.inaturalist.org/observations/352104875","352104875"
"6234383928","https://www.inaturalist.org/observations/351678410","351678410"
"6234404493","https://www.inaturalist.org/observations/351678460","351678460"
"6234419585","https://www.inaturalist.org/observations/351284268","351284268"
"6234422822","https://www.inaturalist.org/observations/351678447","351678447"
"6234424362","https://www.inaturalist.org/observations/351284285","351284285"
"6234476981","https://www.inaturalist.org/observations/351678424","351678424"
"6234600457","https://www.inaturalist.org/observations/351284267","351284267"
"6234627905","https://www.inaturalist.org/observations/351678465","351678465"
"6234718951","https://www.inaturalist.org/observations/351284272","351284272"
"6234732531","https://www.inaturalist.org/observations/349097699","349097699"
"6234741760","https://www.inaturalist.org/observations/351678453","351678453"
"6234754674","https://www.inaturalist.org/observations/351678404","351678404"
"6234770089","https://www.inaturalist.org/observations/351678412","351678412"
"6234772386","https://www.inaturalist.org/observations/351284256","351284256"
"6234772502","https://www.inaturalist.org/observations/351284264","351284264"
"6234786831","https://www.inaturalist.org/observations/351678448","351678448"
"6234921953","https://www.inaturalist.org/observations/351678466","351678466"
"6234999067","https://www.inaturalist.org/observations/351284287","351284287"
"6235023795","https://www.inaturalist.org/observations/351678423","351678423"
"6235061870","https://www.inaturalist.org/observations/351284266","351284266"
"6235068610","https://www.inaturalist.org/observations/351678419","351678419"
"6235120649","https://www.inaturalist.org/observations/351284290","351284290"
"6235123837","https://www.inaturalist.org/observations/351678434","351678434"
"6235132793","https://www.inaturalist.org/observations/351678416","351678416"
"6235183194","https://www.inaturalist.org/observations/351284276","351284276"
"6235205909","https://www.inaturalist.org/observations/351284288","351284288"
"6235258581","https://www.inaturalist.org/observations/351284273","351284273"
"6235581591","https://www.inaturalist.org/observations/351678469","351678469"
"6235685969","https://www.inaturalist.org/observations/351284289","351284289"
"6235793556","https://www.inaturalist.org/observations/351678455","351678455"
"6235804372","https://www.inaturalist.org/observations/351284284","351284284"
"6235983926","https://www.inaturalist.org/observations/351284262","351284262"
"6236109285","https://www.inaturalist.org/observations/351678449","351678449"
"6236241286","https://www.inaturalist.org/observations/351678440","351678440"
"6236324422","https://www.inaturalist.org/observations/351678437","351678437"
"6236356714","https://www.inaturalist.org/observations/349409240","349409240"
"6236425972","https://www.inaturalist.org/observations/349409268","349409268"
"6236464991","https://www.inaturalist.org/observations/351678458","351678458"
"6236523637","https://www.inaturalist.org/observations/351284279","351284279"
"6398794821","https://www.inaturalist.org/observations/299982049","299982049"
"6400477182","https://www.inaturalist.org/observations/369946298","369946298"
"6479239493","https://www.inaturalist.org/observations/299334066","299334066"
"6481083906","https://www.inaturalist.org/observations/349097696","349097696"
"5828690383","https://www.inaturalist.org/observations/311171136","311171136"
"5837813853","https://www.inaturalist.org/observations/317631230","317631230"
"5838054095","https://www.inaturalist.org/observations/317631232","317631232"
"5838063153","https://www.inaturalist.org/observations/317634292","317634292"
"5838067970","https://www.inaturalist.org/observations/317634276","317634276"
"5838201466","https://www.inaturalist.org/observations/317631191","317631191"
"5838331619","https://www.inaturalist.org/observations/317634293","317634293"
"5932442421","https://www.inaturalist.org/observations/317636677","317636677"
"5935913219","https://www.inaturalist.org/observations/312250296","312250296"
"5935991943","https://www.inaturalist.org/observations/312250297","312250297"
"5936132352","https://www.inaturalist.org/observations/312250299","312250299"
"5936157600","https://www.inaturalist.org/observations/312250307","312250307"
"5936330015","https://www.inaturalist.org/observations/312250306","312250306"
"6430940795","https://www.inaturalist.org/observations/311051772","311051772"
"5828010350","https://www.inaturalist.org/observations/313016700","313016700"
"5831055109","https://www.inaturalist.org/observations/314475106","314475106"
"6129928259","https://www.inaturalist.org/observations/313949836","313949836"
"6129956268","https://www.inaturalist.org/observations/313973246","313973246"
"6130028929","https://www.inaturalist.org/observations/313959042","313959042"
"6130068632","https://www.inaturalist.org/observations/313963145","313963145"
"6130132263","https://www.inaturalist.org/observations/313964764","313964764"
"6130241884","https://www.inaturalist.org/observations/313964530","313964530"
"6130291667","https://www.inaturalist.org/observations/313954839","313954839"
"6130350750","https://www.inaturalist.org/observations/313960468","313960468"
"6130479157","https://www.inaturalist.org/observations/313960733","313960733"
"6131151984","https://www.inaturalist.org/observations/313966444","313966444"
"6131188464","https://www.inaturalist.org/observations/313950030","313950030"
"6131198337","https://www.inaturalist.org/observations/313971231","313971231"
"6131254716","https://www.inaturalist.org/observations/314002272","314002272"
"6131288066","https://www.inaturalist.org/observations/313966294","313966294"
"6131496105","https://www.inaturalist.org/observations/313950187","313950187"
"6131517576","https://www.inaturalist.org/observations/313972586","313972586"
"6163154339","https://www.inaturalist.org/observations/313972364","313972364"
"5889705330","https://www.inaturalist.org/observations/322143611","322143611"
"5938043132","https://www.inaturalist.org/observations/332358844","332358844"
"6399911539","https://www.inaturalist.org/observations/323502544","323502544"
"6400311744","https://www.inaturalist.org/observations/323502543","323502543"
"5897372421","https://www.inaturalist.org/observations/326134276","326134276"
"5897765434","https://www.inaturalist.org/observations/326511196","326511196"
"6130037757","https://www.inaturalist.org/observations/334549301","334549301"
"6130199100","https://www.inaturalist.org/observations/334549299","334549299"
"6131287258","https://www.inaturalist.org/observations/334549303","334549303"
"5932236525","https://www.inaturalist.org/observations/330802034","330802034"
"6131075567","https://www.inaturalist.org/observations/333769559","333769559"
"4599801473","https://www.inaturalist.org/observations/203477907","203477907"
"4600162578","https://www.inaturalist.org/observations/203475586","203475586"
"4846823493","https://www.inaturalist.org/observations/203475583","203475583"
"4847034191","https://www.inaturalist.org/observations/203477127","203477127"
"4847178452","https://www.inaturalist.org/observations/203477132","203477132"
"4903832929","https://www.inaturalist.org/observations/225356642","225356642"
"4903906677","https://www.inaturalist.org/observations/225364718","225364718"
"4904221698","https://www.inaturalist.org/observations/225208560","225208560"
"4908131626","https://www.inaturalist.org/observations/227312646","227312646"
"4908452939","https://www.inaturalist.org/observations/227307793","227307793"
"4908548406","https://www.inaturalist.org/observations/227301802","227301802"
"4908712414","https://www.inaturalist.org/observations/227303577","227303577"
"4908906615","https://www.inaturalist.org/observations/227308285","227308285"
"4936094633","https://www.inaturalist.org/observations/227302703","227302703"
"4936637930","https://www.inaturalist.org/observations/227300215","227300215"
"4946060837","https://www.inaturalist.org/observations/227304847","227304847"
"4973837048","https://www.inaturalist.org/observations/227300621","227300621"
"4973946471","https://www.inaturalist.org/observations/227305510","227305510"
"4974261214","https://www.inaturalist.org/observations/227306020","227306020"
"5062761784","https://www.inaturalist.org/observations/227306491","227306491"
"5168358627","https://www.inaturalist.org/observations/284141939","284141939"
"5828809968","https://www.inaturalist.org/observations/238583170","238583170"
"4908038743","https://www.inaturalist.org/observations/229030992","229030992"
"4908241007","https://www.inaturalist.org/observations/229030998","229030998"
"4908279780","https://www.inaturalist.org/observations/228931025","228931025"
"4908324719","https://www.inaturalist.org/observations/228931045","228931045"
"4908407302","https://www.inaturalist.org/observations/228931029","228931029"
"4908411847","https://www.inaturalist.org/observations/228931035","228931035"
"4908435436","https://www.inaturalist.org/observations/228881796","228881796"
"4908443904","https://www.inaturalist.org/observations/228931036","228931036"
"4908449964","https://www.inaturalist.org/observations/227799350","227799350"
"4908509684","https://www.inaturalist.org/observations/228881798","228881798"
"4908581058","https://www.inaturalist.org/observations/228881797","228881797"
"4908600240","https://www.inaturalist.org/observations/229030995","229030995"
"4908627447","https://www.inaturalist.org/observations/229030994","229030994"
"4908823516","https://www.inaturalist.org/observations/227861010","227861010"
"4908866033","https://www.inaturalist.org/observations/228931030","228931030"
"4908911983","https://www.inaturalist.org/observations/228881778","228881778"
"4909297419","https://www.inaturalist.org/observations/229030988","229030988"
"4925960200","https://www.inaturalist.org/observations/236177575","236177575"
"4926193077","https://www.inaturalist.org/observations/236177591","236177591"
"4926390476","https://www.inaturalist.org/observations/236177600","236177600"
"5062742923","https://www.inaturalist.org/observations/228881792","228881792"
"5909032345","https://www.inaturalist.org/observations/228881805","228881805"
"6413692811","https://www.inaturalist.org/observations/232888763","232888763"
"6431511030","https://www.inaturalist.org/observations/228931039","228931039"
"4945563428","https://www.inaturalist.org/observations/241229480","241229480"
"4949882879","https://www.inaturalist.org/observations/243243345","243243345"
"4950058646","https://www.inaturalist.org/observations/243243340","243243340"
"4950154933","https://www.inaturalist.org/observations/242961608","242961608"
"4950191080","https://www.inaturalist.org/observations/243243348","243243348"
"4950196687","https://www.inaturalist.org/observations/243243353","243243353"
"4950270977","https://www.inaturalist.org/observations/242961607","242961607"
"4950317020","https://www.inaturalist.org/observations/242961773","242961773"
"4950322590","https://www.inaturalist.org/observations/243243331","243243331"
"4950362471","https://www.inaturalist.org/observations/243247254","243247254"
"4950366153","https://www.inaturalist.org/observations/243243330","243243330"
"4950406326","https://www.inaturalist.org/observations/242603702","242603702"
"4950456018","https://www.inaturalist.org/observations/242269409","242269409"
"4950499642","https://www.inaturalist.org/observations/243243405","243243405"
"4950535900","https://www.inaturalist.org/observations/243247210","243247210"
"4952696120","https://www.inaturalist.org/observations/242961597","242961597"
"4974205666","https://www.inaturalist.org/observations/242961580","242961580"
"4980477516","https://www.inaturalist.org/observations/251249504","251249504"
"4980512374","https://www.inaturalist.org/observations/251179166","251179166"
"4993818329","https://www.inaturalist.org/observations/242603751","242603751"
"4994475293","https://www.inaturalist.org/observations/242961693","242961693"
"5007294395","https://www.inaturalist.org/observations/243247263","243247263"
"5087064158","https://www.inaturalist.org/observations/243247239","243247239"
"5153449749","https://www.inaturalist.org/observations/243243351","243243351"
"5167670693","https://www.inaturalist.org/observations/243243349","243243349"
"5199073477","https://www.inaturalist.org/observations/251175693","251175693"
"5231218544","https://www.inaturalist.org/observations/242961837","242961837"
"5828025619","https://www.inaturalist.org/observations/242956476","242956476"
"5892381034","https://www.inaturalist.org/observations/242961577","242961577"
"5920439938","https://www.inaturalist.org/observations/329995923","329995923"
"6400370669","https://www.inaturalist.org/observations/239724985","239724985"
"6413209661","https://www.inaturalist.org/observations/249333168","249333168"
"5076980723","https://www.inaturalist.org/observations/262480844","262480844"
"5077055804","https://www.inaturalist.org/observations/262480845","262480845"
"5134182982","https://www.inaturalist.org/observations/268999818","268999818"
"5844009241","https://www.inaturalist.org/observations/320047761","320047761"
"6129829155","https://www.inaturalist.org/observations/320047759","320047759"
"4993971665","https://www.inaturalist.org/observations/254450152","254450152"
"5215683146","https://www.inaturalist.org/observations/292800624","292800624"
"5216843208","https://www.inaturalist.org/observations/292800621","292800621"
"5217069180","https://www.inaturalist.org/observations/292800622","292800622"
"4015052456","https://www.inaturalist.org/observations/146241528","146241528"
"4903814995","https://www.inaturalist.org/observations/205919228","205919228"
"4145480972","https://www.inaturalist.org/observations/170924150","170924150"
"4145525434","https://www.inaturalist.org/observations/170924146","170924146"
"4145669320","https://www.inaturalist.org/observations/170924145","170924145"
"4145745933","https://www.inaturalist.org/observations/170924149","170924149"
"4145752685","https://www.inaturalist.org/observations/170930149","170930149"
"4145774499","https://www.inaturalist.org/observations/170924109","170924109"
"4153444645","https://www.inaturalist.org/observations/170924139","170924139"
"4153914566","https://www.inaturalist.org/observations/170924148","170924148"
"5069703987","https://www.inaturalist.org/observations/194390837","194390837"
"5936095639","https://www.inaturalist.org/observations/170930150","170930150"
"4126959768","https://www.inaturalist.org/observations/163543124","163543124"
"4400328061","https://www.inaturalist.org/observations/179267283","179267283"
"4400421056","https://www.inaturalist.org/observations/179285693","179285693"
"4855432447","https://www.inaturalist.org/observations/171360790","171360790"
"4171630655","https://www.inaturalist.org/observations/175017014","175017014"
"4171677925","https://www.inaturalist.org/observations/176379619","176379619"
"4171780754","https://www.inaturalist.org/observations/176379638","176379638"
"4171820551","https://www.inaturalist.org/observations/176357826","176357826"
"4171847285","https://www.inaturalist.org/observations/176355240","176355240"
"4171872198","https://www.inaturalist.org/observations/176379636","176379636"
"4171980561","https://www.inaturalist.org/observations/176379645","176379645"
"4172002890","https://www.inaturalist.org/observations/176379640","176379640"
"4172006920","https://www.inaturalist.org/observations/176355237","176355237"
"4172019090","https://www.inaturalist.org/observations/176355236","176355236"
"4172020943","https://www.inaturalist.org/observations/176379641","176379641"
"4172065462","https://www.inaturalist.org/observations/176379635","176379635"
"4172112668","https://www.inaturalist.org/observations/176379634","176379634"
"4172119706","https://www.inaturalist.org/observations/176379644","176379644"
"4172143472","https://www.inaturalist.org/observations/176379639","176379639"
"4172208098","https://www.inaturalist.org/observations/176379632","176379632"
"4400400649","https://www.inaturalist.org/observations/175016904","175016904"
"4407377763","https://www.inaturalist.org/observations/176355235","176355235"
"4875225818","https://www.inaturalist.org/observations/176355234","176355234"
"5936037803","https://www.inaturalist.org/observations/176355241","176355241"
"4500586186","https://www.inaturalist.org/observations/194271421","194271421"
"5759579733","https://www.inaturalist.org/observations/309354432","309354432"
"6469797065","https://www.inaturalist.org/observations/193349274","193349274"
"6469843410","https://www.inaturalist.org/observations/193348479","193348479"
"6469845629","https://www.inaturalist.org/observations/193349454","193349454"
"6469928317","https://www.inaturalist.org/observations/193348468","193348468"
"6469928852","https://www.inaturalist.org/observations/193348927","193348927"
"6469938090","https://www.inaturalist.org/observations/193349276","193349276"
"6469955657","https://www.inaturalist.org/observations/193349278","193349278"
"6469995161","https://www.inaturalist.org/observations/193349451","193349451"
"6470088459","https://www.inaturalist.org/observations/193348936","193348936"
"6470137365","https://www.inaturalist.org/observations/193348924","193348924"
"6470213925","https://www.inaturalist.org/observations/193349275","193349275"
"6470312479","https://www.inaturalist.org/observations/193349450","193349450"
"6470398054","https://www.inaturalist.org/observations/193348475","193348475"
"6470541870","https://www.inaturalist.org/observations/193348476","193348476"
"6470548960","https://www.inaturalist.org/observations/193349277","193349277"
"6470562461","https://www.inaturalist.org/observations/193349279","193349279"
"6470632366","https://www.inaturalist.org/observations/193348471","193348471"
"6470736418","https://www.inaturalist.org/observations/193348925","193348925"
"6470751481","https://www.inaturalist.org/observations/193348480","193348480"
"6470751590","https://www.inaturalist.org/observations/193348931","193348931"
"6470752803","https://www.inaturalist.org/observations/193349453","193349453"
"4458498487","https://www.inaturalist.org/observations/193096562","193096562"
"4458731484","https://www.inaturalist.org/observations/193096549","193096549"
"4458792402","https://www.inaturalist.org/observations/193096535","193096535"
"4458792403","https://www.inaturalist.org/observations/193096573","193096573"
"4516412324","https://www.inaturalist.org/observations/193096542","193096542"
"5291943866","https://www.inaturalist.org/observations/190730328","190730328"
"6131140553","https://www.inaturalist.org/observations/190730261","190730261"
"3712660745","https://www.inaturalist.org/observations/107986408","107986408"
"3712684975","https://www.inaturalist.org/observations/108131878","108131878"
"3802359150","https://www.inaturalist.org/observations/118444422","118444422"
"3802428125","https://www.inaturalist.org/observations/118453304","118453304"
"3802760468","https://www.inaturalist.org/observations/118444750","118444750"
"3802777596","https://www.inaturalist.org/observations/118839010","118839010"
"3802785399","https://www.inaturalist.org/observations/118836791","118836791"
"3858793789","https://www.inaturalist.org/observations/123051075","123051075"
"3860016082","https://www.inaturalist.org/observations/115657264","115657264"
"4516173885","https://www.inaturalist.org/observations/118398181","118398181"
"5903992638","https://www.inaturalist.org/observations/327462175","327462175"
"4133641391","https://www.inaturalist.org/observations/151543030","151543030"
"4133673470","https://www.inaturalist.org/observations/151543037","151543037"
"4133701427","https://www.inaturalist.org/observations/151543031","151543031"
"4133807468","https://www.inaturalist.org/observations/151543038","151543038"
"4133844426","https://www.inaturalist.org/observations/151543034","151543034"
"4133884504","https://www.inaturalist.org/observations/151542643","151542643"
"3873351456","https://www.inaturalist.org/observations/127762730","127762730"
"3873913075","https://www.inaturalist.org/observations/127761302","127761302"
"3889130693","https://www.inaturalist.org/observations/129271387","129271387"
"3985641073","https://www.inaturalist.org/observations/142119122","142119122"
"3986032024","https://www.inaturalist.org/observations/142119174","142119174"
"4102688820","https://www.inaturalist.org/observations/156858643","156858643"
"4936327817","https://www.inaturalist.org/observations/126229649","126229649"
"4936441717","https://www.inaturalist.org/observations/126210263","126210263"
"4936445891","https://www.inaturalist.org/observations/126231134","126231134"
"4936739338","https://www.inaturalist.org/observations/126210261","126210261"
"4936777939","https://www.inaturalist.org/observations/126210254","126210254"
"6470712339","https://www.inaturalist.org/observations/136283690","136283690"
"3947287957","https://www.inaturalist.org/observations/139275670","139275670"
"3947370966","https://www.inaturalist.org/observations/139278581","139278581"
"3947423959","https://www.inaturalist.org/observations/139269652","139269652"
"3947486948","https://www.inaturalist.org/observations/139279953","139279953"
"3947573983","https://www.inaturalist.org/observations/139275251","139275251"
"3947778020","https://www.inaturalist.org/observations/139285005","139285005"
"3947818049","https://www.inaturalist.org/observations/139291878","139291878"
"3988626621","https://www.inaturalist.org/observations/139293607","139293607"
"4096463533","https://www.inaturalist.org/observations/139285551","139285551"
"3925386567","https://www.inaturalist.org/observations/138344627","138344627"
"4522479553","https://www.inaturalist.org/observations/140684982","140684982"
"3966427353","https://www.inaturalist.org/observations/142087804","142087804"
"3966436418","https://www.inaturalist.org/observations/142090426","142090426"
"3966481372","https://www.inaturalist.org/observations/142090438","142090438"
"3966510326","https://www.inaturalist.org/observations/142090618","142090618"
"3966607373","https://www.inaturalist.org/observations/142086724","142086724"
"3966643393","https://www.inaturalist.org/observations/142090529","142090529"
"3966763390","https://www.inaturalist.org/observations/142087592","142087592"
"3966780423","https://www.inaturalist.org/observations/142087482","142087482"
"3966849391","https://www.inaturalist.org/observations/142090586","142090586"
"3966859351","https://www.inaturalist.org/observations/142100810","142100810"
"3966887404","https://www.inaturalist.org/observations/142087507","142087507"
"3985685018","https://www.inaturalist.org/observations/142087831","142087831"
"3986083024","https://www.inaturalist.org/observations/142101797","142101797"
"3994146287","https://www.inaturalist.org/observations/144280718","144280718"
"3994320218","https://www.inaturalist.org/observations/144280717","144280717"
"4006727658","https://www.inaturalist.org/observations/144280724","144280724"
"4006743687","https://www.inaturalist.org/observations/144280723","144280723"
"4430402080","https://www.inaturalist.org/observations/144280721","144280721"
"3039509072","https://www.inaturalist.org/observations/69433694","69433694"
"3455661824","https://www.inaturalist.org/observations/101302875","101302875"
"3384728173","https://www.inaturalist.org/observations/97049347","97049347"
"4116351763","https://www.inaturalist.org/observations/161421584","161421584"
"3456161487","https://www.inaturalist.org/observations/103740138","103740138"
"3456164018","https://www.inaturalist.org/observations/103799405","103799405"
"3465891147","https://www.inaturalist.org/observations/105793767","105793767"
"3466111451","https://www.inaturalist.org/observations/105793764","105793764"
"3466132599","https://www.inaturalist.org/observations/105793763","105793763"
"3466155022","https://www.inaturalist.org/observations/105793760","105793760"
"3466162810","https://www.inaturalist.org/observations/105793762","105793762"
"3466190930","https://www.inaturalist.org/observations/105793761","105793761"
"3466490959","https://www.inaturalist.org/observations/105793111","105793111"
"4116452126","https://www.inaturalist.org/observations/161230317","161230317"
"3090925021","https://www.inaturalist.org/observations/74055573","74055573"
"1990468769","https://www.inaturalist.org/observations/19522670","19522670"
"2236211527","https://www.inaturalist.org/observations/21984480","21984480"
"2283179451","https://www.inaturalist.org/observations/28266865","28266865"
"2294633471","https://www.inaturalist.org/observations/29340855","29340855"
"2542899722","https://www.inaturalist.org/observations/29340939","29340939"
"2542899725","https://www.inaturalist.org/observations/29340960","29340960"
"4606917443","https://www.inaturalist.org/observations/29339743","29339743"
"5920094239","https://www.inaturalist.org/observations/29339510","29339510"
"2802717667","https://www.inaturalist.org/observations/49841868","49841868"
"5760491996","https://www.inaturalist.org/observations/309472900","309472900"
"6431542513","https://www.inaturalist.org/observations/232083460","232083460"
"6431885536","https://www.inaturalist.org/observations/232083440","232083440"
"3013883747","https://www.inaturalist.org/observations/67090938","67090938"
"3468860316","https://www.inaturalist.org/observations/17770742","17770742"
"2238876084","https://www.inaturalist.org/observations/23517195","23517195"
"2802548188","https://www.inaturalist.org/observations/49908968","49908968"
"3773171113","https://www.inaturalist.org/observations/115762183","115762183"
"5230089639","https://www.inaturalist.org/observations/297396599","297396599"
"5231015780","https://www.inaturalist.org/observations/297399077","297399077"
"2818525631","https://www.inaturalist.org/observations/52575572","52575572"
"2818548643","https://www.inaturalist.org/observations/52575573","52575573"
"2818565626","https://www.inaturalist.org/observations/52575584","52575584"
"2818569642","https://www.inaturalist.org/observations/52575575","52575575"
"2818694612","https://www.inaturalist.org/observations/52575585","52575585"
"4034649126","https://www.inaturalist.org/observations/148424205","148424205"
"1135212025","http://www.inaturalist.org/observations/1848132","1848132"
"1135212559","http://www.inaturalist.org/observations/1850010","1850010"
"1249274134","http://www.inaturalist.org/observations/1847419","1847419"
"1453062617","http://www.inaturalist.org/observations/1848131","1848131"
"1453522004","https://www.inaturalist.org/observations/5389250","5389250"
"1453522022","https://www.inaturalist.org/observations/5389212","5389212"
"2563659557","https://www.inaturalist.org/observations/5389211","5389211"
"3468985302","https://www.inaturalist.org/observations/5389248","5389248"
"1211993892","http://www.inaturalist.org/observations/2366233","2366233"
"4126685571","https://www.inaturalist.org/observations/20148835","20148835"
"4126737506","https://www.inaturalist.org/observations/20148772","20148772"
"4126751596","https://www.inaturalist.org/observations/20151730","20151730"
"4126761412","https://www.inaturalist.org/observations/20151828","20151828"
"4126780452","https://www.inaturalist.org/observations/20151924","20151924"
"4126786579","https://www.inaturalist.org/observations/20152056","20152056"
"4126825599","https://www.inaturalist.org/observations/20152146","20152146"
"4126826523","https://www.inaturalist.org/observations/20152072","20152072"
"4126831580","https://www.inaturalist.org/observations/20149516","20149516"
"4126835428","https://www.inaturalist.org/observations/20151914","20151914"
"4126863547","https://www.inaturalist.org/observations/20152120","20152120"
"4126905575","https://www.inaturalist.org/observations/20151881","20151881"
"4126988503","https://www.inaturalist.org/observations/20149388","20149388"
"4127007598","https://www.inaturalist.org/observations/20152147","20152147"
"4127025587","https://www.inaturalist.org/observations/20152068","20152068"
"4127083528","https://www.inaturalist.org/observations/20148872","20148872"
"4127107560","https://www.inaturalist.org/observations/20148705","20148705"
"4127110493","https://www.inaturalist.org/observations/20152119","20152119"
"4127163578","https://www.inaturalist.org/observations/20151993","20151993"
"4127256538","https://www.inaturalist.org/observations/20148948","20148948"
"5932401827","https://www.inaturalist.org/observations/20151766","20151766"
"5932516723","https://www.inaturalist.org/observations/20151825","20151825"
"5935178787","https://www.inaturalist.org/observations/325944277","325944277"
"4500804941","https://www.inaturalist.org/observations/193864853","193864853"
"4524938019","https://www.inaturalist.org/observations/193898018","193898018"
"4908512517","https://www.inaturalist.org/observations/193864814","193864814"
"5198942786","https://www.inaturalist.org/observations/290406701","290406701"
"5938162032","https://www.inaturalist.org/observations/290438681","290438681"
"3802316928","https://www.inaturalist.org/observations/118571788","118571788"
"4516187024","https://www.inaturalist.org/observations/118418878","118418878"
"5062582749","https://www.inaturalist.org/observations/118570283","118570283"
