"nombre_enviado","reino_enviado","usage_key","accepted_usage_key","scientific_name","canonical_name","rank","status","confidence","match_type","kingdom","phylum","class","order","family","genus","species","consulta_utc"
"Accipiter striatus","Animalia","9740253",NA,"Accipiter striatus Vieillot, 1808","Accipiter striatus","SPECIES","ACCEPTED",100,"EXACT","Animalia","Chordata","Aves","Accipitriformes","Accipitridae","Accipiter","Accipiter striatus","2026-08-29 23:33:29 UTC"
"Actitis macularius","Animalia","2481798",NA,"Actitis macularius (Linnaeus, 1766)","Actitis macularius","SPECIES","ACCEPTED",100,"EXACT","Animalia","Chordata","Aves","Charadriiformes","Scolopacidae","Actitis","Actitis macularius","2026-08-29 23:33:29 UTC"
"Aeronautes andecolus","Animalia","2477112",NA,"Aeronautes andecolus (d'Orbigny & Lafresnaye, 1837)","Aeronautes andecolus","SPECIES","ACCEPTED",100,"EXACT","Animalia","Chordata","Aves","Apodiformes","Apodidae","Aeronautes","Aeronautes andecolus","2026-08-29 23:33:29 UTC"
"Agelasticus thilius","Animalia","2484205",NA,"Agelasticus thilius (Molina, 1782)","Agelasticus thilius","SPECIES","ACCEPTED",100,"EXACT","Animalia","Chordata","Aves","Passeriformes","Icteridae","Agelasticus","Agelasticus thilius","2026-08-29 23:33:29 UTC"
"Aglaeactis castelnaudii","Animalia","2476304",NA,"Aglaeactis castelnaudii (Bourcier & Mulsant, 1848)","Aglaeactis castelnaudii","SPECIES","ACCEPTED",100,"EXACT","Animalia","Chordata","Aves","Apodiformes","Trochilidae","Aglaeactis","Aglaeactis castelnaudii","2026-08-29 23:33:29 UTC"
"Aglaeactis cupripennis","Animalia","2476308",NA,"Aglaeactis cupripennis (Bourcier, 1843)","Aglaeactis cupripennis","SPECIES","ACCEPTED",100,"EXACT","Animalia","Chordata","Aves","Apodiformes","Trochilidae","Aglaeactis","Aglaeactis cupripennis","2026-08-29 23:33:29 UTC"
"Aglaoctenus lagotis","Animalia","2146896",NA,"Aglaoctenus lagotis (Holmberg, 1876)","Aglaoctenus lagotis","SPECIES","ACCEPTED",100,"EXACT","Animalia","Arthropoda","Arachnida","Araneae","Lycosidae","Aglaoctenus","Aglaoctenus lagotis","2026-08-29 23:33:29 UTC"
"Agriornis montanus","Animalia","2483480",NA,"Agriornis montanus (Orbigny & Lafresnaye, 1837)","Agriornis montanus","SPECIES","ACCEPTED",100,"EXACT","Animalia","Chordata","Aves","Passeriformes","Tyrannidae","Agriornis","Agriornis montanus","2026-08-29 23:33:29 UTC"
"Agrius cingulata","Animalia","5123636",NA,"Agrius cingulata Fabricius, 1775","Agrius cingulata","SPECIES","ACCEPTED",100,"EXACT","Animalia","Arthropoda","Insecta","Lepidoptera","Sphingidae","Agrius","Agrius cingulata","2026-08-29 23:33:29 UTC"
"Amazonetta brasiliensis","Animalia","2498411",NA,"Amazonetta brasiliensis (J.F.Gmelin, 1789)","Amazonetta brasiliensis","SPECIES","ACCEPTED",100,"EXACT","Animalia","Chordata","Aves","Anseriformes","Anatidae","Amazonetta","Amazonetta brasiliensis","2026-08-29 23:33:29 UTC"
"Ambonus interrogationis","Animalia","1106622",NA,"Ambonus interrogationis (Blanchard, 1847)","Ambonus interrogationis","SPECIES","ACCEPTED",100,"EXACT","Animalia","Arthropoda","Insecta","Coleoptera","Cerambycidae","Ambonus","Ambonus interrogationis","2026-08-29 23:33:29 UTC"
"Ampelion rubrocristatus","Animalia","2486420",NA,"Ampelion rubrocristatus (Orbigny & Lafresnaye, 1837)","Ampelion rubrocristatus","SPECIES","ACCEPTED",100,"EXACT","Animalia","Chordata","Aves","Passeriformes","Cotingidae","Ampelion","Ampelion rubrocristatus","2026-08-29 23:33:29 UTC"
"Anairetes flavirostris","Animalia","2482680",NA,"Anairetes flavirostris P.L.Sclater & Salvin, 1876","Anairetes flavirostris","SPECIES","ACCEPTED",100,"EXACT","Animalia","Chordata","Aves","Passeriformes","Tyrannidae","Anairetes","Anairetes flavirostris","2026-08-29 23:33:29 UTC"
"Anairetes parulus","Animalia","2482688",NA,"Anairetes parulus (Kittlitz, 1830)","Anairetes parulus","SPECIES","ACCEPTED",100,"EXACT","Animalia","Chordata","Aves","Passeriformes","Tyrannidae","Anairetes","Anairetes parulus","2026-08-29 23:33:29 UTC"
"Anas flavirostris","Animalia","2498065",NA,"Anas flavirostris Vieillot, 1816","Anas flavirostris","SPECIES","ACCEPTED",99,"EXACT","Animalia","Chordata","Aves","Anseriformes","Anatidae","Anas","Anas flavirostris","2026-08-29 23:33:29 UTC"
"Anas georgica","Animalia","2498127",NA,"Anas georgica J.F.Gmelin, 1789","Anas georgica","SPECIES","ACCEPTED",100,"EXACT","Animalia","Chordata","Aves","Anseriformes","Anatidae","Anas","Anas georgica","2026-08-29 23:33:29 UTC"
"Ancognatha scarabaeoides","Animalia","1073404",NA,"Ancognatha scarabaeoides Erichson, 1847","Ancognatha scarabaeoides","SPECIES","ACCEPTED",100,"EXACT","Animalia","Arthropoda","Insecta","Coleoptera","Scarabaeidae","Ancognatha","Ancognatha scarabaeoides","2026-08-29 23:33:29 UTC"
"Anisognathus igniventris","Animalia","5230541",NA,"Anisognathus igniventris (d'Orbigny & Lafresnaye, 1837)","Anisognathus igniventris","SPECIES","ACCEPTED",100,"EXACT","Animalia","Chordata","Aves","Passeriformes","Thraupidae","Anisognathus","Anisognathus igniventris","2026-08-29 23:33:29 UTC"
"Anthus brevirostris","Animalia","9737363",NA,"Anthus brevirostris Taczanowski, 1875","Anthus brevirostris","SPECIES","ACCEPTED",100,"EXACT","Animalia","Chordata","Aves","Passeriformes","Motacillidae","Anthus","Anthus brevirostris","2026-08-29 23:33:29 UTC"
"Apis mellifera","Animalia","1341976",NA,"Apis mellifera Linnaeus, 1758","Apis mellifera","SPECIES","ACCEPTED",100,"EXACT","Animalia","Arthropoda","Insecta","Hymenoptera","Apidae","Apis","Apis mellifera","2026-08-29 23:33:29 UTC"
"Ara ararauna","Animalia","5959231",NA,"Ara ararauna (Linnaeus, 1758)","Ara ararauna","SPECIES","ACCEPTED",100,"EXACT","Animalia","Chordata","Aves","Psittaciformes","Psittacidae","Ara","Ara ararauna","2026-08-29 23:33:29 UTC"
"Ara severus","Animalia","5959228",NA,"Ara severus (Linnaeus, 1758)","Ara severus","SPECIES","ACCEPTED",100,"EXACT","Animalia","Chordata","Aves","Psittaciformes","Psittacidae","Ara","Ara severus","2026-08-29 23:33:29 UTC"
"Ardea alba","Animalia","9752617",NA,"Ardea alba Linnaeus, 1758","Ardea alba","SPECIES","ACCEPTED",99,"EXACT","Animalia","Chordata","Aves","Pelecaniformes","Ardeidae","Ardea","Ardea alba","2026-08-29 23:33:29 UTC"
"Ardea ibis","Animalia","4408439","2480830","Ardea ibis Linnaeus, 1758","Ardea ibis","SPECIES","SYNONYM",100,"EXACT","Animalia","Chordata","Aves","Pelecaniformes","Ardeidae","Bubulcus","Bubulcus ibis","2026-08-29 23:33:29 UTC"
"Argiope argentata","Animalia","5170999",NA,"Argiope argentata (Fabricius, 1775)","Argiope argentata","SPECIES","ACCEPTED",100,"EXACT","Animalia","Arthropoda","Arachnida","Araneae","Araneidae","Argiope","Argiope argentata","2026-08-29 23:33:29 UTC"
"Argiope trifasciata","Animalia","5170973",NA,"Argiope trifasciata (Forssk<U+00E5>l, 1775)","Argiope trifasciata","SPECIES","ACCEPTED",100,"EXACT","Animalia","Arthropoda","Arachnida","Araneae","Araneidae","Argiope","Argiope trifasciata","2026-08-29 23:33:29 UTC"
"Armadillidium vulgare","Animalia","2203611",NA,"Armadillidium vulgare (Latreille, 1804)","Armadillidium vulgare","SPECIES","ACCEPTED",100,"EXACT","Animalia","Arthropoda","Malacostraca","Isopoda","Armadillidiidae","Armadillidium","Armadillidium vulgare","2026-08-29 23:33:29 UTC"
"Asio flammeus","Animalia","2497295",NA,"Asio flammeus (Pontoppidan, 1763)","Asio flammeus","SPECIES","ACCEPTED",100,"EXACT","Animalia","Chordata","Aves","Strigiformes","Strigidae","Asio","Asio flammeus","2026-08-29 23:33:29 UTC"
"Asthenes huancavelicae usheri","Animalia","9016110",NA,"Asthenes huancavelicae usheri Morrison, 1947","Asthenes huancavelicae usheri","SUBSPECIES","ACCEPTED",100,"EXACT","Animalia","Chordata","Aves","Passeriformes","Furnariidae","Asthenes","Asthenes huancavelicae","2026-08-29 23:33:29 UTC"
"Asthenes humilis","Animalia","5230054",NA,"Asthenes humilis (Cabanis, 1873)","Asthenes humilis","SPECIES","ACCEPTED",100,"EXACT","Animalia","Chordata","Aves","Passeriformes","Furnariidae","Asthenes","Asthenes humilis","2026-08-29 23:33:29 UTC"
"Astylus subannulatus","Animalia","1",NA,"Animalia","Animalia","KINGDOM","ACCEPTED",95,"HIGHERRANK","Animalia",NA,NA,NA,NA,NA,NA,"2026-08-29 23:33:29 UTC"
"Athene cunicularia","Animalia","2497240",NA,"Athene cunicularia (Molina, 1782)","Athene cunicularia","SPECIES","ACCEPTED",100,"EXACT","Animalia","Chordata","Aves","Strigiformes","Strigidae","Athene","Athene cunicularia","2026-08-29 23:33:29 UTC"
"Atlapetes forbesi","Animalia","2491465",NA,"Atlapetes forbesi Morrison, 1947","Atlapetes forbesi","SPECIES","ACCEPTED",100,"EXACT","Animalia","Chordata","Aves","Passeriformes","Passerellidae","Atlapetes","Atlapetes forbesi","2026-08-29 23:33:29 UTC"
"Battus polydamas","Animalia","5141324",NA,"Battus polydamas (Linnaeus, 1758)","Battus polydamas","SPECIES","ACCEPTED",100,"EXACT","Animalia","Arthropoda","Insecta","Lepidoptera","Papilionidae","Battus","Battus polydamas","2026-08-29 23:33:29 UTC"
"Bolborhynchus orbygnesius","Animalia","5229119",NA,"Bolborhynchus orbygnesius (Souance, 1856)","Bolborhynchus orbygnesius","SPECIES","ACCEPTED",100,"EXACT","Animalia","Chordata","Aves","Psittaciformes","Psittacidae","Bolborhynchus","Bolborhynchus orbygnesius","2026-08-29 23:33:29 UTC"
"Bombus coccineus","Animalia","1340497",NA,"Bombus coccineus Friese, 1903","Bombus coccineus","SPECIES","ACCEPTED",100,"EXACT","Animalia","Arthropoda","Insecta","Hymenoptera","Apidae","Bombus","Bombus coccineus","2026-08-29 23:33:29 UTC"
"Bombus funebris","Animalia","1340427",NA,"Bombus funebris Smith, 1854","Bombus funebris","SPECIES","ACCEPTED",100,"EXACT","Animalia","Arthropoda","Insecta","Hymenoptera","Apidae","Bombus","Bombus funebris","2026-08-29 23:33:29 UTC"
"Bombus opifex","Animalia","1340438",NA,"Bombus opifex Smith, 1879","Bombus opifex","SPECIES","ACCEPTED",100,"EXACT","Animalia","Arthropoda","Insecta","Hymenoptera","Apidae","Bombus","Bombus opifex","2026-08-29 23:33:29 UTC"
"Bos taurus","Animalia","2441022",NA,"Bos taurus Linnaeus, 1758","Bos taurus","SPECIES","ACCEPTED",100,"EXACT","Animalia","Chordata","Mammalia","Artiodactyla","Bovidae","Bos","Bos taurus","2026-08-29 23:33:29 UTC"
"Burnsius orcus","Animalia","12012526","5142436","Burnsius orcus (Stoll, 1780)","Burnsius orcus","SPECIES","SYNONYM",100,"EXACT","Animalia","Arthropoda","Insecta","Lepidoptera","Hesperiidae","Pyrgus","Pyrgus oileus","2026-08-29 23:33:29 UTC"
"Buteo albigula","Animalia","2480535",NA,"Buteo albigula Philippi, 1899","Buteo albigula","SPECIES","ACCEPTED",100,"EXACT","Animalia","Chordata","Aves","Accipitriformes","Accipitridae","Buteo","Buteo albigula","2026-08-29 23:33:29 UTC"
"Cacicus chrysonotus","Animalia","5229822",NA,"Cacicus chrysonotus (Lafresnaye & Orbigny, 1838)","Cacicus chrysonotus","SPECIES","ACCEPTED",100,"EXACT","Animalia","Chordata","Aves","Passeriformes","Icteridae","Cacicus","Cacicus chrysonotus","2026-08-29 23:33:29 UTC"
"Calidris himantopus","Animalia","5229400",NA,"Calidris himantopus (Bonaparte, 1826)","Calidris himantopus","SPECIES","ACCEPTED",100,"EXACT","Animalia","Chordata","Aves","Charadriiformes","Scolopacidae","Calidris","Calidris himantopus","2026-08-29 23:33:29 UTC"
"Canis familiaris","Animalia","5219200","6164210","Canis familiaris Linnaeus, 1758","Canis familiaris","SPECIES","SYNONYM",100,"EXACT","Animalia","Chordata","Mammalia","Carnivora","Canidae","Canis","Canis lupus","2026-08-29 23:33:29 UTC"
"Caracara plancus","Animalia","2480989",NA,"Caracara plancus (J.F.Miller, 1777)","Caracara plancus","SPECIES","ACCEPTED",100,"EXACT","Animalia","Chordata","Aves","Falconiformes","Falconidae","Caracara","Caracara plancus","2026-08-29 23:33:29 UTC"
"Catamblyrhynchus diadema","Animalia","2488915",NA,"Catamblyrhynchus diadema Lafresnaye, 1842","Catamblyrhynchus diadema","SPECIES","ACCEPTED",100,"EXACT","Animalia","Chordata","Aves","Passeriformes","Thraupidae","Catamblyrhynchus","Catamblyrhynchus diadema","2026-08-29 23:33:29 UTC"
"Catamenia analis","Animalia","2491185",NA,"Catamenia analis (d'Orbigny & Lafresnaye, 1837)","Catamenia analis","SPECIES","ACCEPTED",100,"EXACT","Animalia","Chordata","Aves","Passeriformes","Thraupidae","Catamenia","Catamenia analis","2026-08-29 23:33:29 UTC"
"Catamenia inornata","Animalia","2491197",NA,"Catamenia inornata (Lafresnaye, 1847)","Catamenia inornata","SPECIES","ACCEPTED",100,"EXACT","Animalia","Chordata","Aves","Passeriformes","Thraupidae","Catamenia","Catamenia inornata","2026-08-29 23:33:29 UTC"
"Catasticta cora","Animalia","1920060",NA,"Catasticta cora (Lucas, 1852)","Catasticta cora","SPECIES","ACCEPTED",100,"EXACT","Animalia","Arthropoda","Insecta","Lepidoptera","Pieridae","Catasticta","Catasticta cora","2026-08-29 23:33:29 UTC"
"Cavia tschudii","Animalia","5219705",NA,"Cavia tschudii Fitzinger, 1857","Cavia tschudii","SPECIES","ACCEPTED",99,"EXACT","Animalia","Chordata","Mammalia","Rodentia","Caviidae","Cavia","Cavia tschudii","2026-08-29 23:33:29 UTC"
"Cecropterus dorantes","Animalia","12070012","1944286","Cecropterus dorantes (Stoll, 1790)","Cecropterus dorantes","SPECIES","SYNONYM",100,"EXACT","Animalia","Arthropoda","Insecta","Lepidoptera","Hesperiidae","Urbanus","Urbanus dorantes","2026-08-29 23:33:29 UTC"
"Chauliognathus luctuosus","Animalia","1162463",NA,"Chauliognathus Hentz, 1830","Chauliognathus","GENUS","ACCEPTED",96,"HIGHERRANK","Animalia","Arthropoda","Insecta","Coleoptera","Cantharidae","Chauliognathus",NA,"2026-08-29 23:33:29 UTC"
"Chionomesa lactea","Animalia","11070437",NA,"Chionomesa lactea (R.Lesson, 1832)","Chionomesa lactea","SPECIES","ACCEPTED",100,"EXACT","Animalia","Chordata","Aves","Apodiformes","Trochilidae","Chionomesa","Chionomesa lactea","2026-08-29 23:33:29 UTC"
"Chirgus bocchoris trisignatus","Animalia","11777125",NA,"Chirgus bocchoris trisignatus","Chirgus bocchoris trisignatus","SUBSPECIES","ACCEPTED",100,"EXACT","Animalia","Arthropoda","Insecta","Lepidoptera","Hesperiidae","Chirgus","Chirgus bocchoris","2026-08-29 23:33:29 UTC"
"Chorinea sylphina","Animalia","1",NA,"Animalia","Animalia","KINGDOM","ACCEPTED",99,"HIGHERRANK","Animalia",NA,NA,NA,NA,NA,NA,"2026-08-29 23:33:29 UTC"
"Chroicocephalus serranus","Animalia","6065825",NA,"Chroicocephalus serranus (Tschudi, 1844)","Chroicocephalus serranus","SPECIES","ACCEPTED",100,"EXACT","Animalia","Chordata","Aves","Charadriiformes","Laridae","Chroicocephalus","Chroicocephalus serranus","2026-08-29 23:33:29 UTC"
"Cinclodes albiventris","Animalia","7341295","6171119","Cinclodes albiventris (Philippi & Landbeck, 1861)","Cinclodes albiventris","SPECIES","SYNONYM",100,"EXACT","Animalia","Chordata","Aves","Passeriformes","Furnariidae","Cinclodes","Cinclodes fuscus","2026-08-29 23:33:29 UTC"
"Cinclodes atacamensis","Animalia","2485061",NA,"Cinclodes atacamensis (Philippi, 1857)","Cinclodes atacamensis","SPECIES","ACCEPTED",100,"EXACT","Animalia","Chordata","Aves","Passeriformes","Furnariidae","Cinclodes","Cinclodes atacamensis","2026-08-29 23:33:29 UTC"
"Cinclus leucocephalus","Animalia","5231776",NA,"Cinclus leucocephalus Tschudi, 1844","Cinclus leucocephalus","SPECIES","ACCEPTED",100,"EXACT","Animalia","Chordata","Aves","Passeriformes","Cinclidae","Cinclus","Cinclus leucocephalus","2026-08-29 23:33:29 UTC"
"Colaptes rivolii","Animalia","7340159",NA,"Colaptes rivolii (Boissonneau, 1840)","Colaptes rivolii","SPECIES","ACCEPTED",100,"EXACT","Animalia","Chordata","Aves","Piciformes","Picidae","Colaptes","Colaptes rivolii","2026-08-29 23:33:29 UTC"
"Colaptes rupicola","Animalia","2478244",NA,"Colaptes rupicola d'Orbigny, 1840","Colaptes rupicola","SPECIES","ACCEPTED",100,"EXACT","Animalia","Chordata","Aves","Piciformes","Picidae","Colaptes","Colaptes rupicola","2026-08-29 23:33:29 UTC"
"Colibri coruscans","Animalia","5228474",NA,"Colibri coruscans (Gould, 1846)","Colibri coruscans","SPECIES","ACCEPTED",100,"EXACT","Animalia","Chordata","Aves","Apodiformes","Trochilidae","Colibri","Colibri coruscans","2026-08-29 23:33:29 UTC"
"Colibri cyanotus","Animalia","9053125",NA,"Colibri cyanotus (Bourcier, 1843)","Colibri cyanotus","SPECIES","ACCEPTED",100,"EXACT","Animalia","Chordata","Aves","Apodiformes","Trochilidae","Colibri","Colibri cyanotus","2026-08-29 23:33:29 UTC"
"Columba livia domestica","Animalia","9310871",NA,"Columba livia f. domestica","Columba livia domestica","FORM","ACCEPTED",99,"EXACT","Animalia","Chordata","Aves","Columbiformes","Columbidae","Columba","Columba livia","2026-08-29 23:33:29 UTC"
"Conirostrum cinereum","Animalia","5230612",NA,"Conirostrum cinereum d'Orbigny & Lafresnaye, 1838","Conirostrum cinereum","SPECIES","ACCEPTED",100,"EXACT","Animalia","Chordata","Aves","Passeriformes","Thraupidae","Conirostrum","Conirostrum cinereum","2026-08-29 23:33:29 UTC"
"Conirostrum ferrugineiventre","Animalia","5230626",NA,"Conirostrum ferrugineiventre P.L.Sclater, 1855","Conirostrum ferrugineiventre","SPECIES","ACCEPTED",100,"EXACT","Animalia","Chordata","Aves","Passeriformes","Thraupidae","Conirostrum","Conirostrum ferrugineiventre","2026-08-29 23:33:29 UTC"
"Copaxa medea","Animalia","1867491",NA,"Copaxa medea Maassen, 1890","Copaxa medea","SPECIES","ACCEPTED",100,"EXACT","Animalia","Arthropoda","Insecta","Lepidoptera","Saturniidae","Copaxa","Copaxa medea","2026-08-29 23:33:29 UTC"
"Cranioleuca albicapilla","Animalia","2485316",NA,"Cranioleuca albicapilla (Cabanis, 1873)","Cranioleuca albicapilla","SPECIES","ACCEPTED",100,"EXACT","Animalia","Chordata","Aves","Passeriformes","Furnariidae","Cranioleuca","Cranioleuca albicapilla","2026-08-29 23:33:29 UTC"
"Crotophaga ani","Animalia","2496209",NA,"Crotophaga ani Linnaeus, 1758","Crotophaga ani","SPECIES","ACCEPTED",100,"EXACT","Animalia","Chordata","Aves","Cuculiformes","Cuculidae","Crotophaga","Crotophaga ani","2026-08-29 23:33:29 UTC"
"Cybdelis boliviana","Animalia","1894928","6228937","Cybdelis boliviana Salvin, 1869","Cybdelis boliviana","SPECIES","SYNONYM",100,"EXACT","Animalia","Arthropoda","Insecta","Lepidoptera","Nymphalidae","Cybdelis","Cybdelis phaesyle","2026-08-29 23:33:29 UTC"
"Cycloneda ecuadorica","Animalia","1043103",NA,"Cycloneda Crotch, 1871","Cycloneda","GENUS","ACCEPTED",96,"HIGHERRANK","Animalia","Arthropoda","Insecta","Coleoptera","Coccinellidae","Cycloneda",NA,"2026-08-29 23:33:29 UTC"
"Dactylopius coccus","Animalia","2090105",NA,"Dactylopius coccus Costa, 1829","Dactylopius coccus","SPECIES","ACCEPTED",100,"EXACT","Animalia","Arthropoda","Insecta","Hemiptera","Dactylopiidae","Dactylopius","Dactylopius coccus","2026-08-29 23:33:29 UTC"
"Danaus gilippus","Animalia","5714299",NA,"Danaus gilippus (Cramer, 1775)","Danaus gilippus","SPECIES","ACCEPTED",100,"EXACT","Animalia","Arthropoda","Insecta","Lepidoptera","Nymphalidae","Danaus","Danaus gilippus","2026-08-29 23:33:29 UTC"
"Danaus gilippus candidus","Animalia","5714299",NA,"Danaus gilippus (Cramer, 1775)","Danaus gilippus","SPECIES","ACCEPTED",100,"HIGHERRANK","Animalia","Arthropoda","Insecta","Lepidoptera","Nymphalidae","Danaus","Danaus gilippus","2026-08-29 23:33:29 UTC"
"Danaus plexippus","Animalia","5133088",NA,"Danaus plexippus (Linnaeus, 1758)","Danaus plexippus","SPECIES","ACCEPTED",100,"EXACT","Animalia","Arthropoda","Insecta","Lepidoptera","Nymphalidae","Danaus","Danaus plexippus","2026-08-29 23:33:29 UTC"
"Danaus plexippus nigrippus","Animalia","11576592",NA,"Danaus plexippus nigrippus Haensch, 1909","Danaus plexippus nigrippus","SUBSPECIES","ACCEPTED",100,"EXACT","Animalia","Arthropoda","Insecta","Lepidoptera","Nymphalidae","Danaus","Danaus plexippus","2026-08-29 23:33:29 UTC"
"Daptrius megalopterus","Animalia","2481072",NA,"Daptrius Vieillot, 1816","Daptrius","GENUS","ACCEPTED",96,"HIGHERRANK","Animalia","Chordata","Aves","Falconiformes","Falconidae","Daptrius",NA,"2026-08-29 23:33:29 UTC"
"Diabrotica speciosa","Animalia","9210637",NA,"Diabrotica speciosa Germar, 1824","Diabrotica speciosa","SPECIES","ACCEPTED",100,"EXACT","Animalia","Arthropoda","Insecta","Coleoptera","Chrysomelidae","Diabrotica","Diabrotica speciosa","2026-08-29 23:33:29 UTC"
"Diglossa brunneiventris","Animalia","5230673",NA,"Diglossa brunneiventris Lafresnaye, 1846","Diglossa brunneiventris","SPECIES","ACCEPTED",100,"EXACT","Animalia","Chordata","Aves","Passeriformes","Thraupidae","Diglossa","Diglossa brunneiventris","2026-08-29 23:33:29 UTC"
"Diglossa brunneiventris brunneiventris","Animalia","7192239",NA,"Diglossa brunneiventris brunneiventris Lafresnaye, 1846","Diglossa brunneiventris brunneiventris","SUBSPECIES","ACCEPTED",100,"EXACT","Animalia","Chordata","Aves","Passeriformes","Thraupidae","Diglossa","Diglossa brunneiventris","2026-08-29 23:33:29 UTC"
"Diglossa cyanea","Animalia","7342077",NA,"Diglossa cyanea (Lafresnaye, 1840)","Diglossa cyanea","SPECIES","ACCEPTED",100,"EXACT","Animalia","Chordata","Aves","Passeriformes","Thraupidae","Diglossa","Diglossa cyanea","2026-08-29 23:33:29 UTC"
"Diglossa mystacalis","Animalia","5230655",NA,"Diglossa mystacalis Lafresnaye, 1846","Diglossa mystacalis","SPECIES","ACCEPTED",100,"EXACT","Animalia","Chordata","Aves","Passeriformes","Thraupidae","Diglossa","Diglossa mystacalis","2026-08-29 23:33:29 UTC"
"Dione glycera","Animalia","5129257",NA,"Dione glycera (C.Felder & R.Felder, 1861)","Dione glycera","SPECIES","ACCEPTED",100,"EXACT","Animalia","Arthropoda","Insecta","Lepidoptera","Nymphalidae","Dione","Dione glycera","2026-08-29 23:33:29 UTC"
"Dione juno","Animalia","5925238",NA,"Dione juno Cramer, 1779","Dione juno","SPECIES","ACCEPTED",100,"EXACT","Animalia","Arthropoda","Insecta","Lepidoptera","Nymphalidae","Dione","Dione juno","2026-08-29 23:33:29 UTC"
"Dione vanillae","Animalia","11701883",NA,"Dione vanillae (Linnaeus, 1758)","Dione vanillae","SPECIES","ACCEPTED",100,"EXACT","Animalia","Arthropoda","Insecta","Lepidoptera","Nymphalidae","Dione","Dione vanillae","2026-08-29 23:33:29 UTC"
"Dione vanillae maculosa","Animalia","11481899",NA,"Dione vanillae maculosa Stichel, 1907","Dione vanillae maculosa","SUBSPECIES","ACCEPTED",100,"EXACT","Animalia","Arthropoda","Insecta","Lepidoptera","Nymphalidae","Dione","Dione vanillae","2026-08-29 23:33:29 UTC"
"Dolichonyx oryzivorus","Animalia","2484417",NA,"Dolichonyx oryzivorus (Linnaeus, 1758)","Dolichonyx oryzivorus","SPECIES","ACCEPTED",100,"EXACT","Animalia","Chordata","Aves","Passeriformes","Icteridae","Dolichonyx","Dolichonyx oryzivorus","2026-08-29 23:33:29 UTC"
"Dynamine postverta","Animalia","1909159","1909128","Dynamine postverta Cramer, 1782","Dynamine postverta","SPECIES","SYNONYM",100,"EXACT","Animalia","Arthropoda","Insecta","Lepidoptera","Nymphalidae","Dynamine","Dynamine mylitta","2026-08-29 23:33:29 UTC"
"Dynamine tithia salpensa","Animalia","1909155",NA,"Dynamine tithia H<U+00FC>bner, 1823","Dynamine tithia","SPECIES","ACCEPTED",100,"HIGHERRANK","Animalia","Arthropoda","Insecta","Lepidoptera","Nymphalidae","Dynamine","Dynamine tithia","2026-08-29 23:33:29 UTC"
"Elaenia albiceps","Animalia","5229651",NA,"Elaenia albiceps (Orbigny & Lafresnaye, 1837)","Elaenia albiceps","SPECIES","ACCEPTED",100,"EXACT","Animalia","Chordata","Aves","Passeriformes","Tyrannidae","Elaenia","Elaenia albiceps","2026-08-29 23:33:29 UTC"
"Elliotomyia chionogaster","Animalia","10949096",NA,"Elliotomyia chionogaster (Tschudi, 1846)","Elliotomyia chionogaster","SPECIES","ACCEPTED",100,"EXACT","Animalia","Chordata","Aves","Apodiformes","Trochilidae","Elliotomyia","Elliotomyia chionogaster","2026-08-29 23:33:29 UTC"
"Emesis mandana","Animalia","1935888",NA,"Emesis mandana (Cramer, 1780)","Emesis mandana","SPECIES","DOUBTFUL",99,"EXACT","Animalia","Arthropoda","Insecta","Lepidoptera","Lycaenidae","Emesis","Emesis mandana","2026-08-29 23:33:29 UTC"
"Ensifera ensifera","Animalia","2476884",NA,"Ensifera ensifera (Boissonneau, 1840)","Ensifera ensifera","SPECIES","ACCEPTED",100,"EXACT","Animalia","Chordata","Aves","Apodiformes","Trochilidae","Ensifera","Ensifera ensifera","2026-08-29 23:33:29 UTC"
"Equus asinus","Animalia","2440891",NA,"Equus asinus Linnaeus, 1758","Equus asinus","SPECIES","ACCEPTED",100,"EXACT","Animalia","Chordata","Mammalia","Perissodactyla","Equidae","Equus","Equus asinus","2026-08-29 23:33:29 UTC"
"Eristalis bogotensis","Animalia","1541315",NA,"Eristalis bogotensis Macquart, 1842","Eristalis bogotensis","SPECIES","ACCEPTED",100,"EXACT","Animalia","Arthropoda","Insecta","Diptera","Syrphidae","Eristalis","Eristalis bogotensis","2026-08-29 23:33:29 UTC"
"Eristalis tenax","Animalia","1541217",NA,"Eristalis tenax (Linnaeus, 1758)","Eristalis tenax","SPECIES","ACCEPTED",100,"EXACT","Animalia","Arthropoda","Insecta","Diptera","Syrphidae","Eristalis","Eristalis tenax","2026-08-29 23:33:29 UTC"
"Euchroma giganteum","Animalia","8150886",NA,"Euchroma giganteum (Linnaeus, 1758)","Euchroma giganteum","SPECIES","ACCEPTED",100,"EXACT","Animalia","Arthropoda","Insecta","Coleoptera","Buprestidae","Euchroma","Euchroma giganteum","2026-08-29 23:33:29 UTC"
"Eudule limbata","Animalia","1963688",NA,"Eudule limbata Burmeister, 1878","Eudule limbata","SPECIES","ACCEPTED",100,"EXACT","Animalia","Arthropoda","Insecta","Lepidoptera","Geometridae","Eudule","Eudule limbata","2026-08-29 23:33:29 UTC"
"Eulaema polychroma","Animalia","1339333",NA,"Eulaema polychroma (Friese, 1899)","Eulaema polychroma","SPECIES","ACCEPTED",99,"EXACT","Animalia","Arthropoda","Insecta","Hymenoptera","Apidae","Eulaema","Eulaema polychroma","2026-08-29 23:33:29 UTC"
"Eurema nise","Animalia","5714874","1919943","Eurema nise (Cramer, 1775)","Eurema nise","SPECIES","SYNONYM",100,"EXACT","Animalia","Arthropoda","Insecta","Lepidoptera","Pieridae","Pyrisitia","Pyrisitia nise","2026-08-29 23:33:29 UTC"
"Ewok kimraykawsaki","Animalia","1",NA,"Animalia","Animalia","KINGDOM","ACCEPTED",99,"HIGHERRANK","Animalia",NA,NA,NA,NA,NA,NA,"2026-08-29 23:33:29 UTC"
"Falco femoralis","Animalia","2481006",NA,"Falco femoralis Temminck, 1822","Falco femoralis","SPECIES","ACCEPTED",100,"EXACT","Animalia","Chordata","Aves","Falconiformes","Falconidae","Falco","Falco femoralis","2026-08-29 23:33:29 UTC"
"Falco femoralis pichinchae","Animalia","5844324",NA,"Falco femoralis pichinchae Chapman, 1925","Falco femoralis pichinchae","SUBSPECIES","ACCEPTED",100,"EXACT","Animalia","Chordata","Aves","Falconiformes","Falconidae","Falco","Falco femoralis","2026-08-29 23:33:29 UTC"
"Falco peregrinus","Animalia","2481047",NA,"Falco peregrinus Tunstall, 1771","Falco peregrinus","SPECIES","ACCEPTED",100,"EXACT","Animalia","Chordata","Aves","Falconiformes","Falconidae","Falco","Falco peregrinus","2026-08-29 23:33:29 UTC"
"Falco sparverius","Animalia","9685907",NA,"Falco sparverius Linnaeus, 1758","Falco sparverius","SPECIES","ACCEPTED",100,"EXACT","Animalia","Chordata","Aves","Falconiformes","Falconidae","Falco","Falco sparverius","2026-08-29 23:33:29 UTC"
"Felis catus","Animalia","2435035",NA,"Felis catus Linnaeus, 1758","Felis catus","SPECIES","ACCEPTED",100,"EXACT","Animalia","Chordata","Mammalia","Carnivora","Felidae","Felis","Felis catus","2026-08-29 23:33:29 UTC"
"Fulica ardesiaca","Animalia","2474383",NA,"Fulica ardesiaca Tschudi, 1843","Fulica ardesiaca","SPECIES","ACCEPTED",100,"EXACT","Animalia","Chordata","Aves","Gruiformes","Rallidae","Fulica","Fulica ardesiaca","2026-08-29 23:33:29 UTC"
"Fulica gigantea","Animalia","2474391",NA,"Fulica gigantea Eydoux & Souleyet, 1841","Fulica gigantea","SPECIES","ACCEPTED",100,"EXACT","Animalia","Chordata","Aves","Gruiformes","Rallidae","Fulica","Fulica gigantea","2026-08-29 23:33:29 UTC"
"Gallus gallus domesticus","Animalia","9457155",NA,"Gallus gallus f. domesticus","Gallus gallus domesticus","FORM","ACCEPTED",99,"EXACT","Animalia","Chordata","Aves","Galliformes","Phasianidae","Gallus","Gallus gallus","2026-08-29 23:33:29 UTC"
"Gastrotheca marsupiata","Animalia","5218206",NA,"Gastrotheca marsupiata (Dum<U+00E9>ril & Bibron, 1841)","Gastrotheca marsupiata","SPECIES","ACCEPTED",100,"EXACT","Animalia","Chordata","Amphibia","Anura","Hemiphractidae","Gastrotheca","Gastrotheca marsupiata","2026-08-29 23:33:29 UTC"
"Geospizopsis plebejus","Animalia","9635084",NA,"Geospizopsis plebejus (Tschudi, 1844)","Geospizopsis plebejus","SPECIES","ACCEPTED",100,"EXACT","Animalia","Chordata","Aves","Passeriformes","Thraupidae","Geospizopsis","Geospizopsis plebejus","2026-08-29 23:33:29 UTC"
"Geospizopsis unicolor","Animalia","9491290",NA,"Geospizopsis unicolor (d'Orbigny & Lafresnaye, 1837)","Geospizopsis unicolor","SPECIES","ACCEPTED",100,"EXACT","Animalia","Chordata","Aves","Passeriformes","Thraupidae","Geospizopsis","Geospizopsis unicolor","2026-08-29 23:33:29 UTC"
"Geospizopsis unicolor geospizopsis","Animalia","9278447",NA,"Geospizopsis unicolor geospizopsis (Bonaparte, 1853)","Geospizopsis unicolor geospizopsis","SUBSPECIES","ACCEPTED",100,"EXACT","Animalia","Chordata","Aves","Passeriformes","Thraupidae","Geospizopsis","Geospizopsis unicolor","2026-08-29 23:33:29 UTC"
"Geranoaetus melanoleucus","Animalia","2480668",NA,"Geranoaetus melanoleucus (Vieillot, 1819)","Geranoaetus melanoleucus","SPECIES","ACCEPTED",100,"EXACT","Animalia","Chordata","Aves","Accipitriformes","Accipitridae","Geranoaetus","Geranoaetus melanoleucus","2026-08-29 23:33:29 UTC"
"Geranoaetus polyosoma","Animalia","8033105","2480552","Geranoaetus polyosoma (Quoy & Gaimard, 1824)","Geranoaetus polyosoma","SPECIES","SYNONYM",100,"EXACT","Animalia","Chordata","Aves","Accipitriformes","Accipitridae","Buteo","Buteo polyosoma","2026-08-29 23:33:29 UTC"
"Glaucidium peruanum","Animalia","5232094",NA,"Glaucidium peruanum C.K<U+00F6>nig, 1991","Glaucidium peruanum","SPECIES","ACCEPTED",100,"EXACT","Animalia","Chordata","Aves","Strigiformes","Strigidae","Glaucidium","Glaucidium peruanum","2026-08-29 23:33:29 UTC"
"Golofa eacus","Animalia","1074845",NA,"Golofa eacus Burmeister, 1847","Golofa eacus","SPECIES","ACCEPTED",100,"EXACT","Animalia","Arthropoda","Insecta","Coleoptera","Scarabaeidae","Golofa","Golofa eacus","2026-08-29 23:33:29 UTC"
"Gomphomacromia fallax","Animalia","1429754",NA,"Gomphomacromia fallax McLachlan, 1881","Gomphomacromia fallax","SPECIES","ACCEPTED",100,"EXACT","Animalia","Arthropoda","Insecta","Odonata","Synthemistidae","Gomphomacromia","Gomphomacromia fallax","2026-08-29 23:33:29 UTC"
"Grallaria andicolus","Animalia","7341001",NA,"Grallaria andicolus (Cabanis, 1873)","Grallaria andicolus","SPECIES","ACCEPTED",100,"EXACT","Animalia","Chordata","Aves","Passeriformes","Grallariidae","Grallaria","Grallaria andicolus","2026-08-29 23:33:29 UTC"
"Grallaria occabambae","Animalia","11272186","6089204","Grallaria occabambae (Chapman, 1923)","Grallaria occabambae","SPECIES","SYNONYM",100,"EXACT","Animalia","Chordata","Aves","Passeriformes","Grallariidae","Grallaria","Grallaria rufula","2026-08-29 23:33:29 UTC"
"Grallaria squamigera","Animalia","2490525",NA,"Grallaria squamigera Prevost & Des Murs, 1842","Grallaria squamigera","SPECIES","ACCEPTED",100,"EXACT","Animalia","Chordata","Aves","Passeriformes","Grallariidae","Grallaria","Grallaria squamigera","2026-08-29 23:33:29 UTC"
"Hamadryas februa","Animalia","5129481",NA,"Hamadryas februa (H<U+00FC>bner)","Hamadryas februa","SPECIES","ACCEPTED",100,"EXACT","Animalia","Arthropoda","Insecta","Lepidoptera","Nymphalidae","Hamadryas","Hamadryas februa","2026-08-29 23:33:29 UTC"
"Hedone vibex","Animalia","12386548",NA,"Hedone vibex","Hedone vibex","SPECIES","DOUBTFUL",99,"EXACT","Animalia","Arthropoda","Insecta","Lepidoptera","Hesperiidae","Polites","Hedone vibex","2026-08-29 23:33:29 UTC"
"Heliconius erato microclea","Animalia","1900872",NA,"Heliconius erato (Linnaeus, 1758)","Heliconius erato","SPECIES","ACCEPTED",100,"HIGHERRANK","Animalia","Arthropoda","Insecta","Lepidoptera","Nymphalidae","Heliconius","Heliconius erato","2026-08-29 23:33:29 UTC"
"Hemiargus hanno","Animalia","1927996",NA,"Hemiargus hanno (Stoll, 1790)","Hemiargus hanno","SPECIES","ACCEPTED",100,"EXACT","Animalia","Arthropoda","Insecta","Lepidoptera","Lycaenidae","Hemiargus","Hemiargus hanno","2026-08-29 23:33:29 UTC"
"Heraclides anchisiades","Animalia","9510031","1937655","Heraclides anchisiades (Esper, 1788)","Heraclides anchisiades","SPECIES","SYNONYM",100,"EXACT","Animalia","Arthropoda","Insecta","Lepidoptera","Papilionidae","Papilio","Papilio anchisiades","2026-08-29 23:33:29 UTC"
"Hippodamia convergens","Animalia","4989894",NA,"Hippodamia convergens Gu<U+00E9>rin-M<U+00E9>neville, 1842","Hippodamia convergens","SPECIES","ACCEPTED",100,"EXACT","Animalia","Arthropoda","Insecta","Coleoptera","Coccinellidae","Hippodamia","Hippodamia convergens","2026-08-29 23:33:29 UTC"
"Hoplosphyrum griseum","Animalia","7603903",NA,"Hoplosphyrum griseum (Philippi, 1863)","Hoplosphyrum griseum","SPECIES","ACCEPTED",100,"EXACT","Animalia","Arthropoda","Insecta","Orthoptera","Mogoplistidae","Hoplosphyrum","Hoplosphyrum griseum","2026-08-29 23:33:29 UTC"
"Hylephila phyleus","Animalia","5715127",NA,"Hylephila phyleus (Drury, 1773)","Hylephila phyleus","SPECIES","ACCEPTED",100,"EXACT","Animalia","Arthropoda","Insecta","Lepidoptera","Hesperiidae","Hylephila","Hylephila phyleus","2026-08-29 23:33:29 UTC"
"Hyles lineata","Animalia","1862841",NA,"Hyles lineata Fabricius, 1775","Hyles lineata","SPECIES","ACCEPTED",99,"EXACT","Animalia","Arthropoda","Insecta","Lepidoptera","Sphingidae","Hyles","Hyles lineata","2026-08-29 23:33:29 UTC"
"Hypanartia bella","Animalia","1894085",NA,"Hypanartia bella Fabricius, 1793","Hypanartia bella","SPECIES","ACCEPTED",100,"EXACT","Animalia","Arthropoda","Insecta","Lepidoptera","Nymphalidae","Hypanartia","Hypanartia bella","2026-08-29 23:33:29 UTC"
"Idiopsar speculifer","Animalia","9513144",NA,"Idiopsar speculifer (d'Orbigny & Lafresnaye, 1837)","Idiopsar speculifer","SPECIES","ACCEPTED",100,"EXACT","Animalia","Chordata","Aves","Passeriformes","Thraupidae","Idiopsar","Idiopsar speculifer","2026-08-29 23:33:29 UTC"
"Itylos koa","Animalia","10308668",NA,"Itylos koa","Itylos koa","SPECIES","ACCEPTED",100,"EXACT","Animalia","Arthropoda","Insecta","Lepidoptera","Lycaenidae","Itylos","Itylos koa","2026-08-29 23:33:29 UTC"
"Junonia vestina","Animalia","11832697",NA,"Junonia vestina","Junonia vestina","SPECIES","ACCEPTED",100,"EXACT","Animalia","Arthropoda","Insecta","Lepidoptera","Nymphalidae","Junonia","Junonia vestina","2026-08-29 23:33:29 UTC"
"Kleinothraupis atropileus","Animalia","9377161",NA,"Kleinothraupis atropileus (Lafresnaye, 1842)","Kleinothraupis atropileus","SPECIES","ACCEPTED",100,"EXACT","Animalia","Chordata","Aves","Passeriformes","Thraupidae","Kleinothraupis","Kleinothraupis atropileus","2026-08-29 23:33:29 UTC"
"Knipolegus aterrimus","Animalia","9403898",NA,"Knipolegus aterrimus Kaup, 1853","Knipolegus aterrimus","SPECIES","ACCEPTED",100,"EXACT","Animalia","Chordata","Aves","Passeriformes","Tyrannidae","Knipolegus","Knipolegus aterrimus","2026-08-29 23:33:29 UTC"
"Lafresnaya lafresnayi","Animalia","2476238",NA,"Lafresnaya lafresnayi (Boissonneau, 1840)","Lafresnaya lafresnayi","SPECIES","ACCEPTED",100,"EXACT","Animalia","Chordata","Aves","Apodiformes","Trochilidae","Lafresnaya","Lafresnaya lafresnayi","2026-08-29 23:33:29 UTC"
"Lagidium viscacia","Animalia","2439834",NA,"Lagidium viscacia (Molina, 1782)","Lagidium viscacia","SPECIES","ACCEPTED",100,"EXACT","Animalia","Chordata","Mammalia","Rodentia","Chinchillidae","Lagidium","Lagidium viscacia","2026-08-29 23:33:29 UTC"
"Lama glama","Animalia","5220190",NA,"Lama glama (Linnaeus, 1758)","Lama glama","SPECIES","ACCEPTED",100,"EXACT","Animalia","Chordata","Mammalia","Artiodactyla","Camelidae","Lama","Lama glama","2026-08-29 23:33:29 UTC"
"Lama pacos","Animalia","5220189","7515593","Lama pacos (Linnaeus, 1758)","Lama pacos","SPECIES","SYNONYM",100,"EXACT","Animalia","Chordata","Mammalia","Artiodactyla","Camelidae","Vicugna","Vicugna pacos","2026-08-29 23:33:29 UTC"
"Leopardus garleppi","Animalia","2434918",NA,"Leopardus Gray, 1842","Leopardus","GENUS","ACCEPTED",96,"HIGHERRANK","Animalia","Chordata","Mammalia","Carnivora","Felidae","Leopardus",NA,"2026-08-29 23:33:29 UTC"
"Leptophobia aripa","Animalia","1920426",NA,"Leptophobia aripa (Boisduval, 1836)","Leptophobia aripa","SPECIES","ACCEPTED",100,"EXACT","Animalia","Arthropoda","Insecta","Lepidoptera","Pieridae","Leptophobia","Leptophobia aripa","2026-08-29 23:33:29 UTC"
"Leptotes callanga","Animalia","5140043",NA,"Leptotes callanga (Dyar, 1913)","Leptotes callanga","SPECIES","ACCEPTED",100,"EXACT","Animalia","Arthropoda","Insecta","Lepidoptera","Lycaenidae","Leptotes","Leptotes callanga","2026-08-29 23:33:29 UTC"
"Leptotila verreauxi","Animalia","2496060",NA,"Leptotila verreauxi Bonaparte, 1855","Leptotila verreauxi","SPECIES","ACCEPTED",100,"EXACT","Animalia","Chordata","Aves","Columbiformes","Columbidae","Leptotila","Leptotila verreauxi","2026-08-29 23:33:29 UTC"
"Lepus europaeus","Animalia","7952072",NA,"Lepus europaeus Pallas, 1778","Lepus europaeus","SPECIES","ACCEPTED",100,"EXACT","Animalia","Chordata","Mammalia","Lagomorpha","Leporidae","Lepus","Lepus europaeus","2026-08-29 23:33:29 UTC"
"Lesbia nuna","Animalia","5228490",NA,"Lesbia nuna (R.Lesson, 1832)","Lesbia nuna","SPECIES","ACCEPTED",100,"EXACT","Animalia","Chordata","Aves","Apodiformes","Trochilidae","Lesbia","Lesbia nuna","2026-08-29 23:33:29 UTC"
"Lessonia oreas","Animalia","5229771",NA,"Lessonia oreas (P.L.Sclater & Salvin, 1869)","Lessonia oreas","SPECIES","ACCEPTED",100,"EXACT","Animalia","Chordata","Aves","Passeriformes","Tyrannidae","Lessonia","Lessonia oreas","2026-08-29 23:33:29 UTC"
"Lieinix nemesis","Animalia","1919173",NA,"Lieinix nemesis (Latreille, 1813)","Lieinix nemesis","SPECIES","ACCEPTED",100,"EXACT","Animalia","Arthropoda","Insecta","Lepidoptera","Pieridae","Lieinix","Lieinix nemesis","2026-08-29 23:33:29 UTC"
"Linothele uniformis","Animalia","11117823",NA,"Linothele uniformis Drolshagen & B<U+00E4>ckstam, 2021","Linothele uniformis","SPECIES","ACCEPTED",100,"EXACT","Animalia","Arthropoda","Arachnida","Araneae","Dipluridae","Linothele","Linothele uniformis","2026-08-29 23:33:29 UTC"
"Lontra longicaudis","Animalia","2433738",NA,"Lontra longicaudis (Olfers, 1818)","Lontra longicaudis","SPECIES","ACCEPTED",100,"EXACT","Animalia","Chordata","Mammalia","Carnivora","Mustelidae","Lontra","Lontra longicaudis","2026-08-29 23:33:29 UTC"
"Lophonetta specularioides","Animalia","2498294",NA,"Lophonetta specularioides (P.P.King, 1828)","Lophonetta specularioides","SPECIES","ACCEPTED",100,"EXACT","Animalia","Chordata","Aves","Anseriformes","Anatidae","Lophonetta","Lophonetta specularioides","2026-08-29 23:33:29 UTC"
"Lycalopex culpaeus","Animalia","2434340",NA,"Lycalopex culpaeus (Molina, 1782)","Lycalopex culpaeus","SPECIES","ACCEPTED",100,"EXACT","Animalia","Chordata","Mammalia","Carnivora","Canidae","Lycalopex","Lycalopex culpaeus","2026-08-29 23:33:29 UTC"
"Lymanopoda eubagioides","Animalia","1917903",NA,"Lymanopoda eubagioides Butler, 1873","Lymanopoda eubagioides","SPECIES","ACCEPTED",100,"EXACT","Animalia","Arthropoda","Insecta","Lepidoptera","Nymphalidae","Lymanopoda","Lymanopoda eubagioides","2026-08-29 23:33:29 UTC"
"Lymanopoda shefteli","Animalia","1917894",NA,"Lymanopoda shefteli Dyar, 1913","Lymanopoda shefteli","SPECIES","ACCEPTED",100,"EXACT","Animalia","Arthropoda","Insecta","Lepidoptera","Nymphalidae","Lymanopoda","Lymanopoda shefteli","2026-08-29 23:33:29 UTC"
"Macrohaltica costata","Animalia","4734638",NA,"Macrohaltica Bechyn<U+00E9>, 1957","Macrohaltica","GENUS","ACCEPTED",96,"HIGHERRANK","Animalia","Arthropoda","Insecta","Coleoptera","Chrysomelidae","Macrohaltica",NA,"2026-08-29 23:33:29 UTC"
"Manduca paphus","Animalia","8233233","1864103","Manduca paphus Herrich-Sch<U+00E4>ffer, 1865","Manduca paphus","SPECIES","SYNONYM",100,"EXACT","Animalia","Arthropoda","Insecta","Lepidoptera","Sphingidae","Manduca","Manduca afflicta","2026-08-29 23:33:29 UTC"
"Mastigodryas boddaerti","Animalia","2456203",NA,"Mastigodryas boddaerti (Sentzen, 1796)","Mastigodryas boddaerti","SPECIES","ACCEPTED",100,"EXACT","Animalia","Chordata","Squamata",NA,"Colubridae","Mastigodryas","Mastigodryas boddaerti","2026-08-29 23:33:29 UTC"
"Mecocerculus stictopterus","Animalia","2483838",NA,"Mecocerculus stictopterus (P.L.Sclater, 1859)","Mecocerculus stictopterus","SPECIES","ACCEPTED",100,"EXACT","Animalia","Chordata","Aves","Passeriformes","Tyrannidae","Mecocerculus","Mecocerculus stictopterus","2026-08-29 23:33:29 UTC"
"Megascops koepckeae","Animalia","2497326",NA,"Megascops koepckeae (Hekstra, 1982)","Megascops koepckeae","SPECIES","ACCEPTED",100,"EXACT","Animalia","Chordata","Aves","Strigiformes","Strigidae","Megascops","Megascops koepckeae","2026-08-29 23:33:29 UTC"
"Megascops koepckeae hockingi","Animalia","8962307",NA,"Megascops koepckeae hockingi Fjelds<U+00E5> et al., 2012","Megascops koepckeae hockingi","SUBSPECIES","ACCEPTED",100,"EXACT","Animalia","Chordata","Aves","Strigiformes","Strigidae","Megascops","Megascops koepckeae","2026-08-29 23:33:29 UTC"
"Melipotis bisinuata","Animalia","1790288","1790230","Melipotis bisinuata Felder, 1874","Melipotis bisinuata","SPECIES","SYNONYM",100,"EXACT","Animalia","Arthropoda","Insecta","Lepidoptera","Erebidae","Melipotis","Melipotis cellaris","2026-08-29 23:33:29 UTC"
"Melipotis trujillensis","Animalia","1790241",NA,"Melipotis trujillensis Dognin, 1912","Melipotis trujillensis","SPECIES","ACCEPTED",100,"EXACT","Animalia","Arthropoda","Insecta","Lepidoptera","Erebidae","Melipotis","Melipotis trujillensis","2026-08-29 23:33:29 UTC"
"Merganetta armata","Animalia","2498275",NA,"Merganetta armata Gould, 1842","Merganetta armata","SPECIES","ACCEPTED",100,"EXACT","Animalia","Chordata","Aves","Anseriformes","Anatidae","Merganetta","Merganetta armata","2026-08-29 23:33:29 UTC"
"Mesonychium garleppi","Animalia","1342761",NA,"Mesonychium garleppi (Schrottky, 1910)","Mesonychium garleppi","SPECIES","ACCEPTED",100,"EXACT","Animalia","Arthropoda","Insecta","Hymenoptera","Apidae","Mesonychium","Mesonychium garleppi","2026-08-29 23:33:29 UTC"
"Metallura aeneocauda","Animalia","2476880",NA,"Metallura aeneocauda (Gould, 1846)","Metallura aeneocauda","SPECIES","ACCEPTED",100,"EXACT","Animalia","Chordata","Aves","Apodiformes","Trochilidae","Metallura","Metallura aeneocauda","2026-08-29 23:33:29 UTC"
"Metallura tyrianthina","Animalia","2476860",NA,"Metallura tyrianthina (Loddiges, 1832)","Metallura tyrianthina","SPECIES","ACCEPTED",100,"EXACT","Animalia","Chordata","Aves","Apodiformes","Trochilidae","Metallura","Metallura tyrianthina","2026-08-29 23:33:29 UTC"
"Metardaris cosinga","Animalia","1946756",NA,"Metardaris cosinga (Hewitson, 1874)","Metardaris cosinga","SPECIES","ACCEPTED",100,"EXACT","Animalia","Arthropoda","Insecta","Lepidoptera","Hesperiidae","Metardaris","Metardaris cosinga","2026-08-29 23:33:29 UTC"
"Metardaris cosinga cosinga","Animalia","11920922",NA,"Metardaris cosinga cosinga","Metardaris cosinga cosinga","SUBSPECIES","ACCEPTED",100,"EXACT","Animalia","Arthropoda","Insecta","Lepidoptera","Hesperiidae","Metardaris","Metardaris cosinga","2026-08-29 23:33:29 UTC"
"Microspingus trifasciatus","Animalia","9326188",NA,"Microspingus trifasciatus Taczanowski, 1874","Microspingus trifasciatus","SPECIES","ACCEPTED",100,"EXACT","Animalia","Chordata","Aves","Passeriformes","Thraupidae","Microspingus","Microspingus trifasciatus","2026-08-29 23:33:29 UTC"
"Micrurus annellatus","Animalia","9009227",NA,"Micrurus annellatus Peters, 1871","Micrurus annellatus","SPECIES","ACCEPTED",100,"EXACT","Animalia","Chordata","Squamata",NA,"Elapidae","Micrurus","Micrurus annellatus","2026-08-29 23:33:29 UTC"
"Muscisaxicola maculirostris","Animalia","2483709",NA,"Muscisaxicola maculirostris Orbigny & Lafresnaye, 1837","Muscisaxicola maculirostris","SPECIES","ACCEPTED",100,"EXACT","Animalia","Chordata","Aves","Passeriformes","Tyrannidae","Muscisaxicola","Muscisaxicola maculirostris","2026-08-29 23:33:29 UTC"
"Muscisaxicola rufivertex","Animalia","2483721",NA,"Muscisaxicola rufivertex Orbigny & Lafresnaye, 1837","Muscisaxicola rufivertex","SPECIES","ACCEPTED",100,"EXACT","Animalia","Chordata","Aves","Passeriformes","Tyrannidae","Muscisaxicola","Muscisaxicola rufivertex","2026-08-29 23:33:29 UTC"
"Myioborus melanocephalus","Animalia","2489830",NA,"Myioborus melanocephalus (Tschudi, 1844)","Myioborus melanocephalus","SPECIES","ACCEPTED",100,"EXACT","Animalia","Chordata","Aves","Passeriformes","Parulidae","Myioborus","Myioborus melanocephalus","2026-08-29 23:33:29 UTC"
"Myiotheretes fumigatus","Animalia","2483329",NA,"Myiotheretes fumigatus (Boissonneau, 1840)","Myiotheretes fumigatus","SPECIES","ACCEPTED",100,"EXACT","Animalia","Chordata","Aves","Passeriformes","Tyrannidae","Myiotheretes","Myiotheretes fumigatus","2026-08-29 23:33:29 UTC"
"Myiothlypis luteoviridis","Animalia","7341680",NA,"Myiothlypis luteoviridis (Bonaparte, 1845)","Myiothlypis luteoviridis","SPECIES","ACCEPTED",100,"EXACT","Animalia","Chordata","Aves","Passeriformes","Parulidae","Myiothlypis","Myiothlypis luteoviridis","2026-08-29 23:33:29 UTC"
"Nycticorax nycticorax","Animalia","2480863",NA,"Nycticorax nycticorax (Linnaeus, 1758)","Nycticorax nycticorax","SPECIES","ACCEPTED",100,"EXACT","Animalia","Chordata","Aves","Pelecaniformes","Ardeidae","Nycticorax","Nycticorax nycticorax","2026-08-29 23:33:29 UTC"
"Nystalus chacuru","Animalia","2475192",NA,"Nystalus chacuru (Vieillot, 1816)","Nystalus chacuru","SPECIES","ACCEPTED",100,"EXACT","Animalia","Chordata","Aves","Piciformes","Bucconidae","Nystalus","Nystalus chacuru","2026-08-29 23:33:29 UTC"
"Nystalus chacuru uncirostris","Animalia","6180283",NA,"Nystalus chacuru uncirostris (Stolzmann, 1926)","Nystalus chacuru uncirostris","SUBSPECIES","ACCEPTED",100,"EXACT","Animalia","Chordata","Aves","Piciformes","Bucconidae","Nystalus","Nystalus chacuru","2026-08-29 23:33:29 UTC"
"Ochthoeca leucophrys","Animalia","2483165",NA,"Ochthoeca leucophrys (Orbigny & Lafresnaye, 1837)","Ochthoeca leucophrys","SPECIES","ACCEPTED",100,"EXACT","Animalia","Chordata","Aves","Passeriformes","Tyrannidae","Ochthoeca","Ochthoeca leucophrys","2026-08-29 23:33:29 UTC"
"Ochthoeca oenanthoides","Animalia","2483149",NA,"Ochthoeca oenanthoides (Orbigny & Lafresnaye, 1837)","Ochthoeca oenanthoides","SPECIES","ACCEPTED",100,"EXACT","Animalia","Chordata","Aves","Passeriformes","Tyrannidae","Ochthoeca","Ochthoeca oenanthoides","2026-08-29 23:33:29 UTC"
"Ochthoeca rufipectoralis","Animalia","2483157",NA,"Ochthoeca rufipectoralis (Orbigny & Lafresnaye, 1837)","Ochthoeca rufipectoralis","SPECIES","ACCEPTED",100,"EXACT","Animalia","Chordata","Aves","Passeriformes","Tyrannidae","Ochthoeca","Ochthoeca rufipectoralis","2026-08-29 23:33:29 UTC"
"Ochthoeca thoracica","Animalia","4845276",NA,"Ochthoeca thoracica Taczanowski, 1874","Ochthoeca thoracica","SPECIES","ACCEPTED",100,"EXACT","Animalia","Chordata","Aves","Passeriformes","Tyrannidae","Ochthoeca","Ochthoeca thoracica","2026-08-29 23:33:29 UTC"
"Odocoileus virginianus peruvianus","Animalia","4262318",NA,"Odocoileus virginianus peruvianus (Gray, 1874)","Odocoileus virginianus peruvianus","SUBSPECIES","ACCEPTED",100,"EXACT","Animalia","Chordata","Mammalia","Artiodactyla","Cervidae","Odocoileus","Odocoileus virginianus","2026-08-29 23:33:29 UTC"
"Oeda informis","Animalia","2024713",NA,"Oeda informis Westwood","Oeda informis","SPECIES","ACCEPTED",100,"EXACT","Animalia","Arthropoda","Insecta","Hemiptera","Membracidae","Oeda","Oeda informis","2026-08-29 23:33:29 UTC"
"Oncopeltus zonatus","Animalia","8969173",NA,"Oncopeltus zonatus (Erichson, 1848)","Oncopeltus zonatus","SPECIES","ACCEPTED",100,"EXACT","Animalia","Arthropoda","Insecta","Hemiptera","Lygaeidae","Oncopeltus","Oncopeltus zonatus","2026-08-29 23:33:29 UTC"
"Oreonympha nobilis","Animalia","2476332",NA,"Oreonympha nobilis Gould, 1869","Oreonympha nobilis","SPECIES","ACCEPTED",100,"EXACT","Animalia","Chordata","Aves","Apodiformes","Trochilidae","Oreonympha","Oreonympha nobilis","2026-08-29 23:33:29 UTC"
"Oreotrochilus estella","Animalia","2476686",NA,"Oreotrochilus estella (d'Orbigny, 1838)","Oreotrochilus estella","SPECIES","ACCEPTED",100,"EXACT","Animalia","Chordata","Aves","Apodiformes","Trochilidae","Oreotrochilus","Oreotrochilus estella","2026-08-29 23:33:29 UTC"
"Oressinoma sorata","Animalia","10406617","1896876","Oressinoma sorata Salvin, 1868","Oressinoma sorata","SPECIES","SYNONYM",100,"EXACT","Animalia","Arthropoda","Insecta","Lepidoptera","Nymphalidae","Oressinoma","Oressinoma typhla","2026-08-29 23:33:29 UTC"
"Oressochen melanopterus","Animalia","8138522","5232422","Oressochen melanopterus (Eyton, 1838)","Oressochen melanopterus","SPECIES","SYNONYM",100,"EXACT","Animalia","Chordata","Aves","Anseriformes","Anatidae","Chloephaga","Chloephaga melanoptera","2026-08-29 23:33:29 UTC"
"Oxyura ferruginea","Animalia","5232468",NA,"Oxyura ferruginea (Eyton, 1838)","Oxyura ferruginea","SPECIES","ACCEPTED",100,"EXACT","Animalia","Chordata","Aves","Anseriformes","Anatidae","Oxyura","Oxyura ferruginea","2026-08-29 23:33:29 UTC"
"Panyapedaliodes drymaea","Animalia","1892837",NA,"Panyapedaliodes drymaea (Hewitson, 1858)","Panyapedaliodes drymaea","SPECIES","ACCEPTED",100,"EXACT","Animalia","Arthropoda","Insecta","Lepidoptera","Nymphalidae","Panyapedaliodes","Panyapedaliodes drymaea","2026-08-29 23:33:29 UTC"
"Parabuteo leucorrhous","Animalia","7982966","6066303","Parabuteo leucorrhous (Quoy & Gaimard, 1824)","Parabuteo leucorrhous","SPECIES","SYNONYM",100,"EXACT","Animalia","Chordata","Aves","Accipitriformes","Accipitridae","Percnohierax","Percnohierax leucorrhous","2026-08-29 23:33:29 UTC"
"Pardirallus sanguinolentus","Animalia","2474715",NA,"Pardirallus sanguinolentus (Swainson, 1838)","Pardirallus sanguinolentus","SPECIES","ACCEPTED",100,"EXACT","Animalia","Chordata","Aves","Gruiformes","Rallidae","Pardirallus","Pardirallus sanguinolentus","2026-08-29 23:33:29 UTC"
"Patagioenas fasciata","Animalia","2495266",NA,"Patagioenas fasciata (Say, 1822)","Patagioenas fasciata","SPECIES","ACCEPTED",100,"EXACT","Animalia","Chordata","Aves","Columbiformes","Columbidae","Patagioenas","Patagioenas fasciata","2026-08-29 23:33:29 UTC"
"Patagioenas maculosa","Animalia","2495335",NA,"Patagioenas maculosa (Temminck, 1813)","Patagioenas maculosa","SPECIES","ACCEPTED",100,"EXACT","Animalia","Chordata","Aves","Columbiformes","Columbidae","Patagioenas","Patagioenas maculosa","2026-08-29 23:33:29 UTC"
"Patagioenas maculosa albipennis","Animalia","6179677",NA,"Patagioenas maculosa albipennis (P.L.Sclater & Salvin, 1876)","Patagioenas maculosa albipennis","SUBSPECIES","ACCEPTED",100,"EXACT","Animalia","Chordata","Aves","Columbiformes","Columbidae","Patagioenas","Patagioenas maculosa","2026-08-29 23:33:29 UTC"
"Patagona gigas","Animalia","2476964",NA,"Patagona gigas (Vieillot, 1824)","Patagona gigas","SPECIES","ACCEPTED",100,"EXACT","Animalia","Chordata","Aves","Apodiformes","Trochilidae","Patagona","Patagona gigas","2026-08-29 23:33:29 UTC"
"Pedaliodes palaepolis","Animalia","1898828","1898848","Pedaliodes palaepolis Hewitson, 1878","Pedaliodes palaepolis","SPECIES","SYNONYM",100,"EXACT","Animalia","Arthropoda","Insecta","Lepidoptera","Nymphalidae","Pedaliodes","Pedaliodes porina","2026-08-29 23:33:29 UTC"
"Penelope montagnii","Animalia","2482198",NA,"Penelope montagnii (Bonaparte, 1856)","Penelope montagnii","SPECIES","ACCEPTED",100,"EXACT","Animalia","Chordata","Aves","Galliformes","Cracidae","Penelope","Penelope montagnii","2026-08-29 23:33:29 UTC"
"Peucetia rubrolineata","Animalia","2178571",NA,"Peucetia rubrolineata Keyserling, 1877","Peucetia rubrolineata","SPECIES","ACCEPTED",100,"EXACT","Animalia","Arthropoda","Arachnida","Araneae","Oxyopidae","Peucetia","Peucetia rubrolineata","2026-08-29 23:33:29 UTC"
"Phacellodomus striaticeps","Animalia","2485133",NA,"Phacellodomus striaticeps (Orbigny & Lafresnaye, 1838)","Phacellodomus striaticeps","SPECIES","ACCEPTED",100,"EXACT","Animalia","Chordata","Aves","Passeriformes","Furnariidae","Phacellodomus","Phacellodomus striaticeps","2026-08-29 23:33:29 UTC"
"Pheucticus aureoventris","Animalia","2490499",NA,"Pheucticus aureoventris (d'Orbigny & Lafresnaye, 1837)","Pheucticus aureoventris","SPECIES","ACCEPTED",100,"EXACT","Animalia","Chordata","Aves","Passeriformes","Cardinalidae","Pheucticus","Pheucticus aureoventris","2026-08-29 23:33:29 UTC"
"Pheucticus aureoventris aureoventris","Animalia","7191756",NA,"Pheucticus aureoventris aureoventris (d'Orbigny & Lafresnaye, 1837)","Pheucticus aureoventris aureoventris","SUBSPECIES","ACCEPTED",100,"EXACT","Animalia","Chordata","Aves","Passeriformes","Cardinalidae","Pheucticus","Pheucticus aureoventris","2026-08-29 23:33:29 UTC"
"Phoenicopterus chilensis","Animalia","2481110",NA,"Phoenicopterus chilensis Molina, 1782","Phoenicopterus chilensis","SPECIES","ACCEPTED",100,"EXACT","Animalia","Chordata","Aves","Phoenicopteriformes","Phoenicopteridae","Phoenicopterus","Phoenicopterus chilensis","2026-08-29 23:33:29 UTC"
"Phrygilus punensis","Animalia","5231100",NA,"Phrygilus punensis Ridgway, 1887","Phrygilus punensis","SPECIES","ACCEPTED",100,"EXACT","Animalia","Chordata","Aves","Passeriformes","Thraupidae","Phrygilus","Phrygilus punensis","2026-08-29 23:33:29 UTC"
"Piaya cayana","Animalia","2496432",NA,"Piaya cayana (Linnaeus, 1766)","Piaya cayana","SPECIES","ACCEPTED",100,"EXACT","Animalia","Chordata","Aves","Cuculiformes","Cuculidae","Piaya","Piaya cayana","2026-08-29 23:33:29 UTC"
"Plegadis ridgwayi","Animalia","2480772",NA,"Plegadis ridgwayi (Allen, 1876)","Plegadis ridgwayi","SPECIES","ACCEPTED",100,"EXACT","Animalia","Chordata","Aves","Pelecaniformes","Threskiornithidae","Plegadis","Plegadis ridgwayi","2026-08-29 23:33:29 UTC"
"Pluvialis dominica","Animalia","2480328",NA,"Pluvialis dominica (P.L.S.M<U+00FC>ller, 1776)","Pluvialis dominica","SPECIES","ACCEPTED",100,"EXACT","Animalia","Chordata","Aves","Charadriiformes","Charadriidae","Pluvialis","Pluvialis dominica","2026-08-29 23:33:29 UTC"
"Podiceps occipitalis","Animalia","2482063",NA,"Podiceps occipitalis Garnot, 1826","Podiceps occipitalis","SPECIES","ACCEPTED",100,"EXACT","Animalia","Chordata","Aves","Podicipediformes","Podicipedidae","Podiceps","Podiceps occipitalis","2026-08-29 23:33:29 UTC"
"Podiceps occipitalis juninensis","Animalia","6066458",NA,"Podiceps occipitalis juninensis von Berlepsch & Stolzmann, 1894","Podiceps occipitalis juninensis","SUBSPECIES","ACCEPTED",100,"EXACT","Animalia","Chordata","Aves","Podicipediformes","Podicipedidae","Podiceps","Podiceps occipitalis","2026-08-29 23:33:29 UTC"
"Podisus tinctus","Animalia","2079032",NA,"Podisus Herrich-Schaeffer, 1851","Podisus","GENUS","ACCEPTED",95,"HIGHERRANK","Animalia","Arthropoda","Insecta","Hemiptera","Pentatomidae","Podisus",NA,"2026-08-29 23:33:29 UTC"
"Polistes xanthogaster","Animalia","1310993",NA,"Polistes xanthogaster Bequard, 1940","Polistes xanthogaster","SPECIES","ACCEPTED",100,"EXACT","Animalia","Arthropoda","Insecta","Hymenoptera","Eumenidae","Polistes","Polistes xanthogaster","2026-08-29 23:33:29 UTC"
"Poospizopsis caesar","Animalia","2491151",NA,"Poospizopsis caesar (P.L.Sclater & Salvin, 1869)","Poospizopsis caesar","SPECIES","ACCEPTED",100,"EXACT","Animalia","Chordata","Aves","Passeriformes","Thraupidae","Poospizopsis","Poospizopsis caesar","2026-08-29 23:33:29 UTC"
"Proctoporus unsaacae","Animalia","2450506",NA,"Proctoporus unsaacae Doan & Castoe, 2003","Proctoporus unsaacae","SPECIES","ACCEPTED",100,"EXACT","Animalia","Chordata","Squamata",NA,"Gymnophthalmidae","Proctoporus","Proctoporus unsaacae","2026-08-29 23:33:29 UTC"
"Psittacara frontatus","Animalia","9582884","6170468","Psittacara frontatus (Cabanis, 1846)","Psittacara frontatus","SPECIES","SYNONYM",100,"EXACT","Animalia","Chordata","Aves","Psittaciformes","Psittacidae","Aratinga","Aratinga wagleri","2026-08-29 23:33:29 UTC"
"Psittacara mitratus","Animalia","7731984","2479153","Psittacara mitratus (Tschudi, 1844)","Psittacara mitratus","SPECIES","SYNONYM",100,"EXACT","Animalia","Chordata","Aves","Psittaciformes","Psittacidae","Aratinga","Aratinga mitrata","2026-08-29 23:33:29 UTC"
"Pygochelidon cyanoleuca","Animalia","2489207","2489208","Pygochelidon cyanoleuca (Vieillot, 1817)","Pygochelidon cyanoleuca","SPECIES","SYNONYM",100,"EXACT","Animalia","Chordata","Aves","Passeriformes","Hirundinidae","Notiochelidon","Notiochelidon cyanoleuca","2026-08-29 23:33:29 UTC"
"Pyrrhomyias cinnamomeus","Animalia","2483914",NA,"Pyrrhomyias cinnamomeus (Orbigny & Lafresnaye, 1837)","Pyrrhomyias cinnamomeus","SPECIES","ACCEPTED",100,"EXACT","Animalia","Chordata","Aves","Passeriformes","Tyrannidae","Pyrrhomyias","Pyrrhomyias cinnamomeus","2026-08-29 23:33:29 UTC"
"Ramphomicron microrhynchum","Animalia","2476052",NA,"Ramphomicron microrhynchum (Boissonneau, 1840)","Ramphomicron microrhynchum","SPECIES","ACCEPTED",100,"EXACT","Animalia","Chordata","Aves","Apodiformes","Trochilidae","Ramphomicron","Ramphomicron microrhynchum","2026-08-29 23:33:29 UTC"
"Rauenia bonariensis","Animalia","11345373",NA,"Rauenia bonariensis (J.F.Gmelin, 1789)","Rauenia bonariensis","SPECIES","ACCEPTED",100,"EXACT","Animalia","Chordata","Aves","Passeriformes","Thraupidae","Rauenia","Rauenia bonariensis","2026-08-29 23:33:29 UTC"
"Rekoa palegon","Animalia","4300406",NA,"Rekoa palegon (Cramer, 1780)","Rekoa palegon","SPECIES","ACCEPTED",100,"EXACT","Animalia","Arthropoda","Insecta","Lepidoptera","Lycaenidae","Rekoa","Rekoa palegon","2026-08-29 23:33:29 UTC"
"Rhamma oxida","Animalia","8230610","1929921","Rhamma oxida (Hewitson, 1870) Hewitson, 1870","Rhamma oxida","SPECIES","SYNONYM",100,"EXACT","Animalia","Arthropoda","Insecta","Lepidoptera","Lycaenidae","Thecla","Thecla oxida","2026-08-29 23:33:29 UTC"
"Rhinella spinulosa","Animalia","5216910",NA,"Rhinella spinulosa (Wiegmann, 1834)","Rhinella spinulosa","SPECIES","ACCEPTED",100,"EXACT","Animalia","Chordata","Amphibia","Anura","Bufonidae","Rhinella","Rhinella spinulosa","2026-08-29 23:33:29 UTC"
"Rhionaeschna fissifrons","Animalia","1424962",NA,"Rhionaeschna fissifrons (Muz<U+00F3>n & von Ellenrieder, 2001)","Rhionaeschna fissifrons","SPECIES","ACCEPTED",100,"EXACT","Animalia","Arthropoda","Insecta","Odonata","Aeshnidae","Rhionaeschna","Rhionaeschna fissifrons","2026-08-29 23:33:29 UTC"
"Rollandia rolland","Animalia","5229424",NA,"Rollandia rolland (Quoy & Gaimard, 1824)","Rollandia rolland","SPECIES","ACCEPTED",100,"EXACT","Animalia","Chordata","Aves","Podicipediformes","Podicipedidae","Rollandia","Rollandia rolland","2026-08-29 23:33:29 UTC"
"Rothschildia arethusa","Animalia","5124542",NA,"Rothschildia arethusa Walker, 1855","Rothschildia arethusa","SPECIES","ACCEPTED",100,"EXACT","Animalia","Arthropoda","Insecta","Lepidoptera","Saturniidae","Rothschildia","Rothschildia arethusa","2026-08-29 23:33:29 UTC"
"Saltator aurantiirostris","Animalia","5230903",NA,"Saltator aurantiirostris Vieillot, 1817","Saltator aurantiirostris","SPECIES","ACCEPTED",100,"EXACT","Animalia","Chordata","Aves","Passeriformes","Thraupidae","Saltator","Saltator aurantiirostris","2026-08-29 23:33:29 UTC"
"Scytalopus urubambae","Animalia","2491008",NA,"Scytalopus urubambae Zimmer, 1939","Scytalopus urubambae","SPECIES","ACCEPTED",100,"EXACT","Animalia","Chordata","Aves","Passeriformes","Rhinocryptidae","Scytalopus","Scytalopus urubambae","2026-08-29 23:33:29 UTC"
"Spatula cyanoptera","Animalia","9345027",NA,"Spatula cyanoptera (Vieillot, 1816)","Spatula cyanoptera","SPECIES","ACCEPTED",100,"EXACT","Animalia","Chordata","Aves","Anseriformes","Anatidae","Spatula","Spatula cyanoptera","2026-08-29 23:33:29 UTC"
"Spatula puna","Animalia","9583342",NA,"Spatula puna (Tschudi, 1844)","Spatula puna","SPECIES","ACCEPTED",100,"EXACT","Animalia","Chordata","Aves","Anseriformes","Anatidae","Spatula","Spatula puna","2026-08-29 23:33:29 UTC"
"Spinus atratus","Animalia","6092503",NA,"Spinus atratus (d'Orbigny & Lafresnaye, 1837)","Spinus atratus","SPECIES","ACCEPTED",100,"EXACT","Animalia","Chordata","Aves","Passeriformes","Fringillidae","Spinus","Spinus atratus","2026-08-29 23:33:29 UTC"
"Spinus magellanicus","Animalia","7341745",NA,"Spinus magellanicus (Vieillot, 1805)","Spinus magellanicus","SPECIES","ACCEPTED",100,"EXACT","Animalia","Chordata","Aves","Passeriformes","Fringillidae","Spinus","Spinus magellanicus","2026-08-29 23:33:29 UTC"
"Stenocercus crassicaudatus","Animalia","2459764",NA,"Stenocercus crassicaudatus (Tschudi, 1845)","Stenocercus crassicaudatus","SPECIES","ACCEPTED",100,"EXACT","Animalia","Chordata","Squamata",NA,"Tropiduridae","Stenocercus","Stenocercus crassicaudatus","2026-08-29 23:33:29 UTC"
"Stenocercus ochoai","Animalia","2459795",NA,"Stenocercus ochoai Fritts, 1972","Stenocercus ochoai","SPECIES","ACCEPTED",100,"EXACT","Animalia","Chordata","Squamata",NA,"Tropiduridae","Stenocercus","Stenocercus ochoai","2026-08-29 23:33:29 UTC"
"Streptoprocne zonaris","Animalia","2477082",NA,"Streptoprocne zonaris (Shaw, 1796)","Streptoprocne zonaris","SPECIES","ACCEPTED",100,"EXACT","Animalia","Chordata","Aves","Apodiformes","Apodidae","Streptoprocne","Streptoprocne zonaris","2026-08-29 23:33:29 UTC"
"Strymon bazochii","Animalia","4300393",NA,"Strymon bazochii (Godart)","Strymon bazochii","SPECIES","ACCEPTED",100,"EXACT","Animalia","Arthropoda","Insecta","Lepidoptera","Lycaenidae","Strymon","Strymon bazochii","2026-08-29 23:33:29 UTC"
"Strymon bazochii bazochii","Animalia","4300394",NA,"Strymon bazochii bazochii","Strymon bazochii bazochii","SUBSPECIES","ACCEPTED",100,"EXACT","Animalia","Arthropoda","Insecta","Lepidoptera","Lycaenidae","Strymon","Strymon bazochii","2026-08-29 23:33:29 UTC"
"Strymon bubastus","Animalia","8389961",NA,"Strymon bubastus (Stoll, 1780)","Strymon bubastus","SPECIES","ACCEPTED",100,"EXACT","Animalia","Arthropoda","Insecta","Lepidoptera","Lycaenidae","Strymon","Strymon bubastus","2026-08-29 23:33:29 UTC"
"Strymon lamasi","Animalia","1925423",NA,"Strymon H<U+00FC>bner, 1818","Strymon","GENUS","ACCEPTED",95,"HIGHERRANK","Animalia","Arthropoda","Insecta","Lepidoptera","Lycaenidae","Strymon",NA,"2026-08-29 23:33:29 UTC"
"Strymon rufofusca","Animalia","4300377","1930653","Strymon rufofusca (Hewitson, 1877)","Strymon rufofusca","SPECIES","SYNONYM",100,"EXACT","Animalia","Arthropoda","Insecta","Lepidoptera","Lycaenidae","Thecla","Thecla rufofusca","2026-08-29 23:33:29 UTC"
"Synallaxis courseni","Animalia","2484976",NA,"Synallaxis courseni Blake, 1971","Synallaxis courseni","SPECIES","ACCEPTED",100,"EXACT","Animalia","Chordata","Aves","Passeriformes","Furnariidae","Synallaxis","Synallaxis courseni","2026-08-29 23:33:29 UTC"
"Tachuris rubrigastra","Animalia","2482651",NA,"Tachuris rubrigastra (Vieillot, 1817)","Tachuris rubrigastra","SPECIES","ACCEPTED",100,"EXACT","Animalia","Chordata","Aves","Passeriformes","Tyrannidae","Tachuris","Tachuris rubrigastra","2026-08-29 23:33:29 UTC"
"Tachymenis peruviana","Animalia","5224413",NA,"Tachymenis peruviana Wiegmann, 1834","Tachymenis peruviana","SPECIES","ACCEPTED",100,"EXACT","Animalia","Chordata","Squamata",NA,"Colubridae","Tachymenis","Tachymenis peruviana","2026-08-29 23:33:29 UTC"
"Telenassa berenice","Animalia","1916790",NA,"Telenassa berenice (Felder, 1862)","Telenassa berenice","SPECIES","ACCEPTED",100,"EXACT","Animalia","Arthropoda","Insecta","Lepidoptera","Nymphalidae","Telenassa","Telenassa berenice","2026-08-29 23:33:29 UTC"
"Theristicus branickii","Animalia","2480789","6066355","Theristicus branickii Berlepsch & Stolzmann, 1894","Theristicus branickii","SPECIES","SYNONYM",100,"EXACT","Animalia","Chordata","Aves","Pelecaniformes","Threskiornithidae","Theristicus","Theristicus melanopis","2026-08-29 23:33:29 UTC"
"Thespieus argentina","Animalia","1946323",NA,"Thespieus argentina Draudt, 1924","Thespieus argentina","SPECIES","ACCEPTED",100,"EXACT","Animalia","Arthropoda","Insecta","Lepidoptera","Hesperiidae","Thespieus","Thespieus argentina","2026-08-29 23:33:29 UTC"
"Thlypopsis ruficeps","Animalia","2488689",NA,"Thlypopsis ruficeps (d'Orbigny & Lafresnaye, 1837)","Thlypopsis ruficeps","SPECIES","ACCEPTED",100,"EXACT","Animalia","Chordata","Aves","Passeriformes","Thraupidae","Thlypopsis","Thlypopsis ruficeps","2026-08-29 23:33:29 UTC"
"Thrixopelma choquequirao","Animalia","2153777",NA,"Thrixopelma Schmidt, 1994","Thrixopelma","GENUS","ACCEPTED",96,"HIGHERRANK","Animalia","Arthropoda","Arachnida","Araneae","Theraphosidae","Thrixopelma",NA,"2026-08-29 23:33:29 UTC"
"Tigrisoma fasciatum","Animalia","2480868",NA,"Tigrisoma fasciatum (Such, 1825)","Tigrisoma fasciatum","SPECIES","ACCEPTED",100,"EXACT","Animalia","Chordata","Aves","Pelecaniformes","Ardeidae","Tigrisoma","Tigrisoma fasciatum","2026-08-29 23:33:29 UTC"
"Tremarctos ornatus","Animalia","2433401",NA,"Tremarctos ornatus (F.G.Cuvier, 1825)","Tremarctos ornatus","SPECIES","ACCEPTED",100,"EXACT","Animalia","Chordata","Mammalia","Carnivora","Ursidae","Tremarctos","Tremarctos ornatus","2026-08-29 23:33:29 UTC"
"Tringa flavipes","Animalia","2481721",NA,"Tringa flavipes (J.F.Gmelin, 1789)","Tringa flavipes","SPECIES","ACCEPTED",100,"EXACT","Animalia","Chordata","Aves","Charadriiformes","Scolopacidae","Tringa","Tringa flavipes","2026-08-29 23:33:29 UTC"
"Troglodytes musculus","Animalia","8346347",NA,"Troglodytes musculus J.F.Naumann, 1823","Troglodytes musculus","SPECIES","ACCEPTED",100,"EXACT","Animalia","Chordata","Aves","Passeriformes","Troglodytidae","Troglodytes","Troglodytes musculus","2026-08-29 23:33:29 UTC"
"Troglodytes musculus puna","Animalia","8346347",NA,"Troglodytes musculus J.F.Naumann, 1823","Troglodytes musculus","SPECIES","ACCEPTED",100,"HIGHERRANK","Animalia","Chordata","Aves","Passeriformes","Troglodytidae","Troglodytes","Troglodytes musculus","2026-08-29 23:33:29 UTC"
"Turdus chiguanco","Animalia","2490735",NA,"Turdus chiguanco Orbigny & Lafresnaye, 1837","Turdus chiguanco","SPECIES","ACCEPTED",100,"EXACT","Animalia","Chordata","Aves","Passeriformes","Turdidae","Turdus","Turdus chiguanco","2026-08-29 23:33:29 UTC"
"Turdus fuscater","Animalia","2490717",NA,"Turdus fuscater Orbigny & Lafresnaye, 1837","Turdus fuscater","SPECIES","ACCEPTED",100,"EXACT","Animalia","Chordata","Aves","Passeriformes","Turdidae","Turdus","Turdus fuscater","2026-08-29 23:33:29 UTC"
"Tyrannus melancholicus","Animalia","5229662",NA,"Tyrannus melancholicus Vieillot, 1819","Tyrannus melancholicus","SPECIES","ACCEPTED",100,"EXACT","Animalia","Chordata","Aves","Passeriformes","Tyrannidae","Tyrannus","Tyrannus melancholicus","2026-08-29 23:33:29 UTC"
"Urbanus elmina","Animalia","1944313",NA,"Urbanus elmina Evans, 1952","Urbanus elmina","SPECIES","ACCEPTED",100,"EXACT","Animalia","Arthropoda","Insecta","Lepidoptera","Hesperiidae","Urbanus","Urbanus elmina","2026-08-29 23:33:29 UTC"
"Urbanus proteus","Animalia","1944314",NA,"Urbanus proteus (Linnaeus, 1758)","Urbanus proteus","SPECIES","ACCEPTED",100,"EXACT","Animalia","Arthropoda","Insecta","Lepidoptera","Hesperiidae","Urbanus","Urbanus proteus","2026-08-29 23:33:29 UTC"
"Vanellus resplendens","Animalia","5229141",NA,"Vanellus resplendens (Tschudi, 1843)","Vanellus resplendens","SPECIES","ACCEPTED",100,"EXACT","Animalia","Chordata","Aves","Charadriiformes","Charadriidae","Vanellus","Vanellus resplendens","2026-08-29 23:33:29 UTC"
"Vanessa altissima","Animalia","8961830",NA,"Vanessa altissima (Rosenberg & Talbot, 1914)","Vanessa altissima","SPECIES","ACCEPTED",100,"EXACT","Animalia","Arthropoda","Insecta","Lepidoptera","Nymphalidae","Vanessa","Vanessa altissima","2026-08-29 23:33:29 UTC"
"Vanessa braziliensis","Animalia","9563837",NA,"Vanessa braziliensis (Moore, 1883)","Vanessa braziliensis","SPECIES","ACCEPTED",100,"EXACT","Animalia","Arthropoda","Insecta","Lepidoptera","Nymphalidae","Vanessa","Vanessa braziliensis","2026-08-29 23:33:29 UTC"
"Vanessa carye","Animalia","9396180",NA,"Vanessa carye (H<U+00FC>bner, 1812)","Vanessa carye","SPECIES","ACCEPTED",100,"EXACT","Animalia","Arthropoda","Insecta","Lepidoptera","Nymphalidae","Vanessa","Vanessa carye","2026-08-29 23:33:29 UTC"
"Vultur gryphus","Animalia","2481907",NA,"Vultur gryphus Linnaeus, 1758","Vultur gryphus","SPECIES","ACCEPTED",100,"EXACT","Animalia","Chordata","Aves","Accipitriformes","Cathartidae","Vultur","Vultur gryphus","2026-08-29 23:33:29 UTC"
"Wettsteinia","Animalia","3259099",NA,"Wettsteinia Dalla Torre, 1904","Wettsteinia","GENUS","DOUBTFUL",94,"EXACT","Animalia","Arthropoda","Insecta","Hymenoptera","Vespidae","Wettsteinia",NA,"2026-08-29 23:33:29 UTC"
"Xenodacnis parina","Animalia","2488847",NA,"Xenodacnis parina Cabanis, 1873","Xenodacnis parina","SPECIES","ACCEPTED",100,"EXACT","Animalia","Chordata","Aves","Passeriformes","Thraupidae","Xenodacnis","Xenodacnis parina","2026-08-29 23:33:29 UTC"
"Xylocopa viridigastra","Animalia","1342098",NA,"Xylocopa viridigastra Lepeletier, 1841","Xylocopa viridigastra","SPECIES","ACCEPTED",100,"EXACT","Animalia","Arthropoda","Insecta","Hymenoptera","Apidae","Xylocopa","Xylocopa viridigastra","2026-08-29 23:33:29 UTC"
"Yphthimoides leguialimai","Animalia","9882927",NA,"Yphthimoides leguialimai","Yphthimoides leguialimai","SPECIES","ACCEPTED",100,"EXACT","Animalia","Arthropoda","Insecta","Lepidoptera","Nymphalidae","Yphthimoides","Yphthimoides leguialimai","2026-08-29 23:33:29 UTC"
"Zenaida auriculata","Animalia","2495358",NA,"Zenaida auriculata (Des Murs, 1847)","Zenaida auriculata","SPECIES","ACCEPTED",100,"EXACT","Animalia","Chordata","Aves","Columbiformes","Columbidae","Zenaida","Zenaida auriculata","2026-08-29 23:33:29 UTC"
"Zentrygon frenata","Animalia","8243080",NA,"Zentrygon frenata (Tschudi, 1843)","Zentrygon frenata","SPECIES","ACCEPTED",100,"EXACT","Animalia","Chordata","Aves","Columbiformes","Columbidae","Zentrygon","Zentrygon frenata","2026-08-29 23:33:29 UTC"
"Zerene cesonia","Animalia","1920809",NA,"Zerene cesonia (Stoll, 1790)","Zerene cesonia","SPECIES","ACCEPTED",100,"EXACT","Animalia","Arthropoda","Insecta","Lepidoptera","Pieridae","Zerene","Zerene cesonia","2026-08-29 23:33:29 UTC"
"Zizula cyna","Animalia","4300019","5139578","Zizula cyna (W.H.Edwards, 1881)","Zizula cyna","SPECIES","SYNONYM",100,"EXACT","Animalia","Arthropoda","Insecta","Lepidoptera","Lycaenidae","Lycaena","Lycaena cyna","2026-08-29 23:33:29 UTC"
"Zonotrichia capensis","Animalia","5231103",NA,"Zonotrichia capensis (P.L.S.M<U+00FC>ller, 1776)","Zonotrichia capensis","SPECIES","ACCEPTED",100,"EXACT","Animalia","Chordata","Aves","Passeriformes","Passerellidae","Zonotrichia","Zonotrichia capensis","2026-08-29 23:33:29 UTC"
"Abatia spicata","Plantae","3878213",NA,"Abatia spicata (Turcz.) Sleumer","Abatia spicata","SPECIES","ACCEPTED",100,"EXACT","Plantae","Tracheophyta","Magnoliopsida","Malpighiales","Salicaceae","Abatia","Abatia spicata","2026-08-29 23:33:29 UTC"
"Acaena elongata","Plantae","5370941",NA,"Acaena elongata L.","Acaena elongata","SPECIES","ACCEPTED",100,"EXACT","Plantae","Tracheophyta","Magnoliopsida","Rosales","Rosaceae","Acaena","Acaena elongata","2026-08-29 23:33:29 UTC"
"Achyrocline alata","Plantae","3139547",NA,"Achyrocline alata (Kunth) DC.","Achyrocline alata","SPECIES","ACCEPTED",100,"EXACT","Plantae","Tracheophyta","Magnoliopsida","Asterales","Asteraceae","Achyrocline","Achyrocline alata","2026-08-29 23:33:29 UTC"
"Achyrocline saturejoides","Plantae","3139534",NA,"Achyrocline satureioides (Lam.) DC.","Achyrocline satureioides","SPECIES","ACCEPTED",96,"FUZZY","Plantae","Tracheophyta","Magnoliopsida","Asterales","Asteraceae","Achyrocline","Achyrocline satureioides","2026-08-29 23:33:29 UTC"
"Adenaria floribunda","Plantae","7286112",NA,"Adenaria floribunda Kunth","Adenaria floribunda","SPECIES","ACCEPTED",100,"EXACT","Plantae","Tracheophyta","Magnoliopsida","Myrtales","Lythraceae","Adenaria","Adenaria floribunda","2026-08-29 23:33:29 UTC"
"Adesmia miraflorensis","Plantae","5356086",NA,"Adesmia miraflorensis J.R<U+00E9>my","Adesmia miraflorensis","SPECIES","ACCEPTED",100,"EXACT","Plantae","Tracheophyta","Magnoliopsida","Fabales","Fabaceae","Adesmia","Adesmia miraflorensis","2026-08-29 23:33:29 UTC"
"Adiantum digitatum","Plantae","3747192",NA,"Adiantum digitatum C.Presl","Adiantum digitatum","SPECIES","ACCEPTED",99,"EXACT","Plantae","Tracheophyta","Polypodiopsida","Polypodiales","Pteridaceae","Adiantum","Adiantum digitatum","2026-08-29 23:33:29 UTC"
"Adiantum poiretii","Plantae","7335733",NA,"Adiantum poiretii Wikstr.","Adiantum poiretii","SPECIES","ACCEPTED",100,"EXACT","Plantae","Tracheophyta","Polypodiopsida","Polypodiales","Pteridaceae","Adiantum","Adiantum poiretii","2026-08-29 23:33:29 UTC"
"Aetheolaena campanulata","Plantae","3116939","11588259","Aetheolaena campanulata (Sch.Bip. ex Klatt) B.Nord.","Aetheolaena campanulata","SPECIES","SYNONYM",100,"EXACT","Plantae","Tracheophyta","Magnoliopsida","Asterales","Asteraceae","Aetheolaena","Aetheolaena betonicifolia","2026-08-29 23:33:29 UTC"
"Agave cordillerensis","Plantae","2767059","2767032","Agave cordillerensis Lod<U+00E9> & Pino","Agave cordillerensis","SPECIES","SYNONYM",100,"EXACT","Plantae","Tracheophyta","Liliopsida","Asparagales","Asparagaceae","Agave","Agave americana","2026-08-29 23:33:29 UTC"
"Ageratina pentlandiana","Plantae","5400818",NA,"Ageratina pentlandiana (DC.) R.M.King & H.Rob.","Ageratina pentlandiana","SPECIES","ACCEPTED",100,"EXACT","Plantae","Tracheophyta","Magnoliopsida","Asterales","Asteraceae","Ageratina","Ageratina pentlandiana","2026-08-29 23:33:29 UTC"
"Alchemilla diplophylla","Plantae","3027637","3025365","Alchemilla diplophylla Diels","Alchemilla diplophylla","SPECIES","SYNONYM",100,"EXACT","Plantae","Tracheophyta","Magnoliopsida","Rosales","Rosaceae","Lachemilla","Lachemilla diplophylla","2026-08-29 23:33:29 UTC"
"Alchemilla pinnata","Plantae","3025314",NA,"Lachemilla Rydb.","Lachemilla","GENUS","ACCEPTED",99,"HIGHERRANK","Plantae","Tracheophyta","Magnoliopsida","Rosales","Rosaceae","Lachemilla",NA,"2026-08-29 23:33:29 UTC"
"Aldama helianthoides","Plantae","9392518",NA,"Aldama helianthoides (Rich.) E.E.Schill. & Panero","Aldama helianthoides","SPECIES","ACCEPTED",100,"EXACT","Plantae","Tracheophyta","Magnoliopsida","Asterales","Asteraceae","Aldama","Aldama helianthoides","2026-08-29 23:33:29 UTC"
"Aldama lanceolata","Plantae","9389961",NA,"Aldama lanceolata (Britton) E.E.Schill. & Panero","Aldama lanceolata","SPECIES","ACCEPTED",100,"EXACT","Plantae","Tracheophyta","Magnoliopsida","Asterales","Asteraceae","Aldama","Aldama lanceolata","2026-08-29 23:33:29 UTC"
"Alnus acuminata","Plantae","2876131",NA,"Alnus acuminata Kunth","Alnus acuminata","SPECIES","ACCEPTED",100,"EXACT","Plantae","Tracheophyta","Magnoliopsida","Fagales","Betulaceae","Alnus","Alnus acuminata","2026-08-29 23:33:29 UTC"
"Alonsoa meridionalis","Plantae","7869713",NA,"Alonsoa meridionalis (L.fil.) Kuntze","Alonsoa meridionalis","SPECIES","ACCEPTED",99,"EXACT","Plantae","Tracheophyta","Magnoliopsida","Lamiales","Scrophulariaceae","Alonsoa","Alonsoa meridionalis","2026-08-29 23:33:29 UTC"
"Alstroemeria pygmaea","Plantae","2753729",NA,"Alstroemeria pygmaea Herb.","Alstroemeria pygmaea","SPECIES","ACCEPTED",100,"EXACT","Plantae","Tracheophyta","Liliopsida","Liliales","Alstroemeriaceae","Alstroemeria","Alstroemeria pygmaea","2026-08-29 23:33:29 UTC"
"Arenaria orbignyana","Plantae","5585082",NA,"Arenaria orbignyana Wedd.","Arenaria orbignyana","SPECIES","ACCEPTED",100,"EXACT","Plantae","Tracheophyta","Magnoliopsida","Caryophyllales","Caryophyllaceae","Arenaria","Arenaria orbignyana","2026-08-29 23:33:29 UTC"
"Arenaria soratensis","Plantae","5584015",NA,"Arenaria soratensis Rohrb.","Arenaria soratensis","SPECIES","ACCEPTED",100,"EXACT","Plantae","Tracheophyta","Magnoliopsida","Caryophyllales","Caryophyllaceae","Arenaria","Arenaria soratensis","2026-08-29 23:33:29 UTC"
"Arenaria tetragyna","Plantae","7268233",NA,"Arenaria tetragyna Willd. ex D.F.K.Schltdl.","Arenaria tetragyna","SPECIES","ACCEPTED",99,"EXACT","Plantae","Tracheophyta","Magnoliopsida","Caryophyllales","Caryophyllaceae","Arenaria","Arenaria tetragyna","2026-08-29 23:33:29 UTC"
"Argemone subfusiformis","Plantae","7315184",NA,"Argemone subfusiformis G.B.Ownbey","Argemone subfusiformis","SPECIES","ACCEPTED",100,"EXACT","Plantae","Tracheophyta","Magnoliopsida","Ranunculales","Papaveraceae","Argemone","Argemone subfusiformis","2026-08-29 23:33:29 UTC"
"Argyrochosma nivea","Plantae","7335754",NA,"Argyrochosma nivea (Poir.) Windham","Argyrochosma nivea","SPECIES","ACCEPTED",100,"EXACT","Plantae","Tracheophyta","Polypodiopsida","Polypodiales","Pteridaceae","Argyrochosma","Argyrochosma nivea","2026-08-29 23:33:29 UTC"
"Aristeguietia discolor","Plantae","3110133",NA,"Aristeguietia discolor (DC.) R.M.King & H.Rob.","Aristeguietia discolor","SPECIES","ACCEPTED",100,"EXACT","Plantae","Tracheophyta","Magnoliopsida","Asterales","Asteraceae","Aristeguietia","Aristeguietia discolor","2026-08-29 23:33:29 UTC"
"Asclepias curassavica","Plantae","3170241",NA,"Asclepias curassavica L.","Asclepias curassavica","SPECIES","ACCEPTED",99,"EXACT","Plantae","Tracheophyta","Magnoliopsida","Gentianales","Apocynaceae","Asclepias","Asclepias curassavica","2026-08-29 23:33:29 UTC"
"Astragalus garbancillo","Plantae","5342858",NA,"Astragalus garbancillo Cav.","Astragalus garbancillo","SPECIES","ACCEPTED",100,"EXACT","Plantae","Tracheophyta","Magnoliopsida","Fabales","Fabaceae","Astragalus","Astragalus garbancillo","2026-08-29 23:33:29 UTC"
"Austrocylindropuntia floccosa","Plantae","7282233",NA,"Austrocylindropuntia floccosa (Salm-Dyck) F.Ritter","Austrocylindropuntia floccosa","SPECIES","ACCEPTED",100,"EXACT","Plantae","Tracheophyta","Magnoliopsida","Caryophyllales","Cactaceae","Austrocylindropuntia","Austrocylindropuntia floccosa","2026-08-29 23:33:29 UTC"
"Austrocylindropuntia subulata","Plantae","7282135",NA,"Austrocylindropuntia subulata (Muehlenpf.) Backeb.","Austrocylindropuntia subulata","SPECIES","ACCEPTED",100,"EXACT","Plantae","Tracheophyta","Magnoliopsida","Caryophyllales","Cactaceae","Austrocylindropuntia","Austrocylindropuntia subulata","2026-08-29 23:33:29 UTC"
"Austroeupatorium inulifolium","Plantae","3142427",NA,"Austroeupatorium inulifolium (Kunth) R.M.King & H.Rob.","Austroeupatorium inulifolium","SPECIES","ACCEPTED",100,"EXACT","Plantae","Tracheophyta","Magnoliopsida","Asterales","Asteraceae","Austroeupatorium","Austroeupatorium inulifolium","2026-08-29 23:33:29 UTC"
"Azolla filiculoides","Plantae","2650107",NA,"Azolla filiculoides Lam.","Azolla filiculoides","SPECIES","ACCEPTED",100,"EXACT","Plantae","Tracheophyta","Polypodiopsida","Salviniales","Salviniaceae","Azolla","Azolla filiculoides","2026-08-29 23:33:29 UTC"
"Azorella biloba","Plantae","6026584",NA,"Azorella biloba (Schltdl.) Wedd.","Azorella biloba","SPECIES","ACCEPTED",100,"EXACT","Plantae","Tracheophyta","Magnoliopsida","Apiales","Apiaceae","Azorella","Azorella biloba","2026-08-29 23:33:29 UTC"
"Azorella multifida","Plantae","3631153",NA,"Azorella multifida (Ruiz & Pav.) Pers.","Azorella multifida","SPECIES","ACCEPTED",100,"EXACT","Plantae","Tracheophyta","Magnoliopsida","Apiales","Apiaceae","Azorella","Azorella multifida","2026-08-29 23:33:29 UTC"
"Azorella pedunculata","Plantae","7508025",NA,"Azorella pedunculata (Spreng.) Mathias & Constance","Azorella pedunculata","SPECIES","ACCEPTED",99,"EXACT","Plantae","Tracheophyta","Magnoliopsida","Apiales","Apiaceae","Azorella","Azorella pedunculata","2026-08-29 23:33:29 UTC"
"Azureocereus hertlingianus","Plantae","3950442","3946522","Azureocereus hertlingianus (Backeb.) Backeb.","Azureocereus hertlingianus","SPECIES","SYNONYM",100,"EXACT","Plantae","Tracheophyta","Magnoliopsida","Caryophyllales","Cactaceae","Browningia","Browningia hertlingiana","2026-08-29 23:33:29 UTC"
"Baccharis alpina","Plantae","8134665",NA,"Baccharis alpina Kunth","Baccharis alpina","SPECIES","ACCEPTED",99,"EXACT","Plantae","Tracheophyta","Magnoliopsida","Asterales","Asteraceae","Baccharis","Baccharis alpina","2026-08-29 23:33:29 UTC"
"Baccharis genistelloides","Plantae","3129545",NA,"Baccharis genistelloides (Lam.) Pers.","Baccharis genistelloides","SPECIES","ACCEPTED",99,"EXACT","Plantae","Tracheophyta","Magnoliopsida","Asterales","Asteraceae","Baccharis","Baccharis genistelloides","2026-08-29 23:33:29 UTC"
"Baccharis latifolia","Plantae","3129805",NA,"Baccharis latifolia (Ruiz & Pav.) Pers.","Baccharis latifolia","SPECIES","ACCEPTED",100,"EXACT","Plantae","Tracheophyta","Magnoliopsida","Asterales","Asteraceae","Baccharis","Baccharis latifolia","2026-08-29 23:33:29 UTC"
"Barbaceniopsis vargasiana","Plantae","2863896",NA,"Barbaceniopsis vargasiana (L.B.Sm.) L.B.Sm.","Barbaceniopsis vargasiana","SPECIES","ACCEPTED",100,"EXACT","Plantae","Tracheophyta","Liliopsida","Pandanales","Velloziaceae","Barbaceniopsis","Barbaceniopsis vargasiana","2026-08-29 23:33:29 UTC"
"Barnadesia arborea","Plantae","7414794",NA,"Barnadesia arborea Kunth","Barnadesia arborea","SPECIES","ACCEPTED",99,"EXACT","Plantae","Tracheophyta","Magnoliopsida","Asterales","Asteraceae","Barnadesia","Barnadesia arborea","2026-08-29 23:33:29 UTC"
"Begonia acerifolia","Plantae","4157576",NA,"Begonia acerifolia Kunth","Begonia acerifolia","SPECIES","ACCEPTED",100,"EXACT","Plantae","Tracheophyta","Magnoliopsida","Cucurbitales","Begoniaceae","Begonia","Begonia acerifolia","2026-08-29 23:33:29 UTC"
"Begonia bracteosa","Plantae","4157493",NA,"Begonia bracteosa A.DC.","Begonia bracteosa","SPECIES","ACCEPTED",100,"EXACT","Plantae","Tracheophyta","Magnoliopsida","Cucurbitales","Begoniaceae","Begonia","Begonia bracteosa","2026-08-29 23:33:29 UTC"
"Begonia octopetala","Plantae","7303204",NA,"Begonia octopetala L'H<U+00E9>r.","Begonia octopetala","SPECIES","ACCEPTED",100,"EXACT","Plantae","Tracheophyta","Magnoliopsida","Cucurbitales","Begoniaceae","Begonia","Begonia octopetala","2026-08-29 23:33:29 UTC"
"Begonia veitchii","Plantae","7303335",NA,"Begonia veitchii Hook.fil.","Begonia veitchii","SPECIES","ACCEPTED",100,"EXACT","Plantae","Tracheophyta","Magnoliopsida","Cucurbitales","Begoniaceae","Begonia","Begonia veitchii","2026-08-29 23:33:29 UTC"
"Berberis commutata","Plantae","8187882",NA,"Berberis commutata Eichler","Berberis commutata","SPECIES","ACCEPTED",100,"EXACT","Plantae","Tracheophyta","Magnoliopsida","Ranunculales","Berberidaceae","Berberis","Berberis commutata","2026-08-29 23:33:29 UTC"
"Berberis humbertiana","Plantae","3982095",NA,"Berberis humbertiana J.F.Macbr.","Berberis humbertiana","SPECIES","ACCEPTED",100,"EXACT","Plantae","Tracheophyta","Magnoliopsida","Ranunculales","Berberidaceae","Berberis","Berberis humbertiana","2026-08-29 23:33:29 UTC"
"Bidens andicola","Plantae","7338058",NA,"Bidens andicola Kunth","Bidens andicola","SPECIES","ACCEPTED",100,"EXACT","Plantae","Tracheophyta","Magnoliopsida","Asterales","Asteraceae","Bidens","Bidens andicola","2026-08-29 23:33:29 UTC"
"Bletia catenulata","Plantae","2794591",NA,"Bletia catenulata Ruiz & Pav.","Bletia catenulata","SPECIES","ACCEPTED",100,"EXACT","Plantae","Tracheophyta","Liliopsida","Asparagales","Orchidaceae","Bletia","Bletia catenulata","2026-08-29 23:33:29 UTC"
"Bocconia frutescens","Plantae","2888374",NA,"Bocconia frutescens L.","Bocconia frutescens","SPECIES","ACCEPTED",100,"EXACT","Plantae","Tracheophyta","Magnoliopsida","Ranunculales","Papaveraceae","Bocconia","Bocconia frutescens","2026-08-29 23:33:29 UTC"
"Bomarea crocea","Plantae","2754285",NA,"Bomarea crocea (Ruiz & Pav.) Herb.","Bomarea crocea","SPECIES","ACCEPTED",100,"EXACT","Plantae","Tracheophyta","Liliopsida","Liliales","Alstroemeriaceae","Bomarea","Bomarea crocea","2026-08-29 23:33:29 UTC"
"Bomarea dulcis","Plantae","2754111",NA,"Bomarea dulcis (Hook.) Beauverd","Bomarea dulcis","SPECIES","ACCEPTED",100,"EXACT","Plantae","Tracheophyta","Liliopsida","Liliales","Alstroemeriaceae","Bomarea","Bomarea dulcis","2026-08-29 23:33:29 UTC"
"Bomarea formosissima","Plantae","2754288",NA,"Bomarea formosissima (Ruiz & Pav.) Herb.","Bomarea formosissima","SPECIES","ACCEPTED",100,"EXACT","Plantae","Tracheophyta","Liliopsida","Liliales","Alstroemeriaceae","Bomarea","Bomarea formosissima","2026-08-29 23:33:29 UTC"
"Bomarea involucrosa","Plantae","2754278",NA,"Bomarea involucrosa (Herb.) Baker","Bomarea involucrosa","SPECIES","ACCEPTED",100,"EXACT","Plantae","Tracheophyta","Liliopsida","Liliales","Alstroemeriaceae","Bomarea","Bomarea involucrosa","2026-08-29 23:33:29 UTC"
"Brachyotum rostratum","Plantae","3862067",NA,"Brachyotum rostratum (Naudin) Triana","Brachyotum rostratum","SPECIES","ACCEPTED",100,"EXACT","Plantae","Tracheophyta","Magnoliopsida","Myrtales","Melastomataceae","Brachyotum","Brachyotum rostratum","2026-08-29 23:33:29 UTC"
"Brugmansia sanguinea","Plantae","5341760",NA,"Brugmansia sanguinea (Ruiz & Pav.) D.Don","Brugmansia sanguinea","SPECIES","ACCEPTED",100,"EXACT","Plantae","Tracheophyta","Magnoliopsida","Solanales","Solanaceae","Brugmansia","Brugmansia sanguinea","2026-08-29 23:33:29 UTC"
"Buddleja incana","Plantae","7288255",NA,"Buddleja incana Ruiz & Pav.","Buddleja incana","SPECIES","ACCEPTED",100,"EXACT","Plantae","Tracheophyta","Magnoliopsida","Lamiales","Scrophulariaceae","Buddleja","Buddleja incana","2026-08-29 23:33:29 UTC"
"Caiophora chuquitensis","Plantae","4021192",NA,"Caiophora chuquitensis (Meyen) Urb. & Gilg","Caiophora chuquitensis","SPECIES","ACCEPTED",100,"EXACT","Plantae","Tracheophyta","Magnoliopsida","Cornales","Loasaceae","Caiophora","Caiophora chuquitensis","2026-08-29 23:33:29 UTC"
"Calceolaria chaetostemon","Plantae","7638368",NA,"Calceolaria chaetostemon Pennell","Calceolaria chaetostemon","SPECIES","ACCEPTED",100,"EXACT","Plantae","Tracheophyta","Magnoliopsida","Lamiales","Calceolariaceae","Calceolaria","Calceolaria chaetostemon","2026-08-29 23:33:29 UTC"
"Calceolaria engleriana","Plantae","7866117",NA,"Calceolaria engleriana Kraenzl.","Calceolaria engleriana","SPECIES","ACCEPTED",100,"EXACT","Plantae","Tracheophyta","Magnoliopsida","Lamiales","Calceolariaceae","Calceolaria","Calceolaria engleriana","2026-08-29 23:33:29 UTC"
"Calceolaria myriophylla","Plantae","7402855",NA,"Calceolaria myriophylla Kraenzl.","Calceolaria myriophylla","SPECIES","ACCEPTED",100,"EXACT","Plantae","Tracheophyta","Magnoliopsida","Lamiales","Calceolariaceae","Calceolaria","Calceolaria myriophylla","2026-08-29 23:33:29 UTC"
"Calceolaria tripartita","Plantae","3172126",NA,"Calceolaria tripartita Ruiz & Pav.","Calceolaria tripartita","SPECIES","ACCEPTED",100,"EXACT","Plantae","Tracheophyta","Magnoliopsida","Lamiales","Calceolariaceae","Calceolaria","Calceolaria tripartita","2026-08-29 23:33:29 UTC"
"Calceolaria vaccinioides","Plantae","8097711",NA,"Calceolaria vaccinioides Kraenzl.","Calceolaria vaccinioides","SPECIES","ACCEPTED",100,"EXACT","Plantae","Tracheophyta","Magnoliopsida","Lamiales","Calceolariaceae","Calceolaria","Calceolaria vaccinioides","2026-08-29 23:33:29 UTC"
"Callianthe picta","Plantae","7900084",NA,"Callianthe picta (Gillies ex Hook. & Arn.) Donnell","Callianthe picta","SPECIES","ACCEPTED",100,"EXACT","Plantae","Tracheophyta","Magnoliopsida","Malvales","Malvaceae","Callianthe","Callianthe picta","2026-08-29 23:33:29 UTC"
"Cantua buxifolia","Plantae","7294305",NA,"Cantua buxifolia Juss. ex Lam.","Cantua buxifolia","SPECIES","ACCEPTED",99,"EXACT","Plantae","Tracheophyta","Magnoliopsida","Ericales","Polemoniaceae","Cantua","Cantua buxifolia","2026-08-29 23:33:29 UTC"
"Cantua flexuosa","Plantae","4057506",NA,"Cantua flexuosa (Ruiz & Pav.) Pers.","Cantua flexuosa","SPECIES","ACCEPTED",100,"EXACT","Plantae","Tracheophyta","Magnoliopsida","Ericales","Polemoniaceae","Cantua","Cantua flexuosa","2026-08-29 23:33:29 UTC"
"Capsella bursa-pastoris","Plantae","5375388",NA,"Capsella bursa-pastoris (L.) Medik.","Capsella bursa-pastoris","SPECIES","ACCEPTED",100,"EXACT","Plantae","Tracheophyta","Magnoliopsida","Brassicales","Brassicaceae","Capsella","Capsella bursa-pastoris","2026-08-29 23:33:29 UTC"
"Capsicum pubescens","Plantae","2932943",NA,"Capsicum pubescens Ruiz & Pav.","Capsicum pubescens","SPECIES","ACCEPTED",99,"EXACT","Plantae","Tracheophyta","Magnoliopsida","Solanales","Solanaceae","Capsicum","Capsicum pubescens","2026-08-29 23:33:29 UTC"
"Carex hebetata","Plantae","2728272",NA,"Carex hebetata Boott","Carex hebetata","SPECIES","ACCEPTED",100,"EXACT","Plantae","Tracheophyta","Liliopsida","Poales","Cyperaceae","Carex","Carex hebetata","2026-08-29 23:33:29 UTC"
"Carex pichinchensis","Plantae","2727422",NA,"Carex pichinchensis Kunth","Carex pichinchensis","SPECIES","ACCEPTED",100,"EXACT","Plantae","Tracheophyta","Liliopsida","Poales","Cyperaceae","Carex","Carex pichinchensis","2026-08-29 23:33:29 UTC"
"Castilleja arvensis arvensis","Plantae","11121068",NA,"Castilleja arvensis var. arvensis","Castilleja arvensis arvensis","VARIETY","ACCEPTED",100,"EXACT","Plantae","Tracheophyta","Magnoliopsida","Lamiales","Orobanchaceae","Castilleja","Castilleja arvensis","2026-08-29 23:33:29 UTC"
"Castilleja fissifolia","Plantae","8130967",NA,"Castilleja fissifolia L.fil.","Castilleja fissifolia","SPECIES","ACCEPTED",99,"EXACT","Plantae","Tracheophyta","Magnoliopsida","Lamiales","Orobanchaceae","Castilleja","Castilleja fissifolia","2026-08-29 23:33:29 UTC"
"Castilleja laciniata","Plantae","3737109",NA,"Castilleja laciniata Hook. & Arn.","Castilleja laciniata","SPECIES","ACCEPTED",100,"EXACT","Plantae","Tracheophyta","Magnoliopsida","Lamiales","Orobanchaceae","Castilleja","Castilleja laciniata","2026-08-29 23:33:29 UTC"
"Castilleja nubigena","Plantae","7332754",NA,"Castilleja nubigena Kunth","Castilleja nubigena","SPECIES","ACCEPTED",100,"EXACT","Plantae","Tracheophyta","Magnoliopsida","Lamiales","Orobanchaceae","Castilleja","Castilleja nubigena","2026-08-29 23:33:29 UTC"
"Castilleja pumila","Plantae","3735445",NA,"Castilleja pumila (Benth.) Wedd.","Castilleja pumila","SPECIES","ACCEPTED",99,"EXACT","Plantae","Tracheophyta","Magnoliopsida","Lamiales","Orobanchaceae","Castilleja","Castilleja pumila","2026-08-29 23:33:29 UTC"
"Castilleja virgata","Plantae","7751178",NA,"Castilleja virgata (Wedd.) Edwin","Castilleja virgata","SPECIES","ACCEPTED",99,"EXACT","Plantae","Tracheophyta","Magnoliopsida","Lamiales","Orobanchaceae","Castilleja","Castilleja virgata","2026-08-29 23:33:29 UTC"
"Cerastium crassipes","Plantae","3812547",NA,"Cerastium crassipes Bartl.","Cerastium crassipes","SPECIES","ACCEPTED",100,"EXACT","Plantae","Tracheophyta","Magnoliopsida","Caryophyllales","Caryophyllaceae","Cerastium","Cerastium crassipes","2026-08-29 23:33:29 UTC"
"Cervantesia tomentosa","Plantae","3788884",NA,"Cervantesia tomentosa Ruiz & Pav.","Cervantesia tomentosa","SPECIES","ACCEPTED",99,"EXACT","Plantae","Tracheophyta","Magnoliopsida","Santalales","Cervantesiaceae","Cervantesia","Cervantesia tomentosa","2026-08-29 23:33:29 UTC"
"Cestrum nocturnum","Plantae","2928791",NA,"Cestrum nocturnum L.","Cestrum nocturnum","SPECIES","ACCEPTED",99,"EXACT","Plantae","Tracheophyta","Magnoliopsida","Solanales","Solanaceae","Cestrum","Cestrum nocturnum","2026-08-29 23:33:29 UTC"
"Chenopodium quinoa","Plantae","3083935",NA,"Chenopodium quinoa Willd.","Chenopodium quinoa","SPECIES","ACCEPTED",100,"EXACT","Plantae","Tracheophyta","Magnoliopsida","Caryophyllales","Amaranthaceae","Chenopodium","Chenopodium quinoa","2026-08-29 23:33:29 UTC"
"Chloraea multilineolata","Plantae","5324913",NA,"Chloraea multilineolata C.Schweinf.","Chloraea multilineolata","SPECIES","ACCEPTED",100,"EXACT","Plantae","Tracheophyta","Liliopsida","Asparagales","Orchidaceae","Chloraea","Chloraea multilineolata","2026-08-29 23:33:29 UTC"
"Chloraea reticulata","Plantae","5324830",NA,"Chloraea reticulata Schltr.","Chloraea reticulata","SPECIES","ACCEPTED",99,"EXACT","Plantae","Tracheophyta","Liliopsida","Asparagales","Orchidaceae","Chloraea","Chloraea reticulata","2026-08-29 23:33:29 UTC"
"Chromolaena odorata","Plantae","3087725",NA,"Chromolaena odorata (L.) R.M.King & H.Rob.","Chromolaena odorata","SPECIES","ACCEPTED",100,"EXACT","Plantae","Tracheophyta","Magnoliopsida","Asterales","Asteraceae","Chromolaena","Chromolaena odorata","2026-08-29 23:33:29 UTC"
"Chusquea scandens","Plantae","4130186",NA,"Chusquea scandens Kunth","Chusquea scandens","SPECIES","ACCEPTED",100,"EXACT","Plantae","Tracheophyta","Liliopsida","Poales","Poaceae","Chusquea","Chusquea scandens","2026-08-29 23:33:29 UTC"
"Cirsium vulgare","Plantae","3112801",NA,"Cirsium vulgare (Savi) Ten.","Cirsium vulgare","SPECIES","ACCEPTED",99,"EXACT","Plantae","Tracheophyta","Magnoliopsida","Asterales","Asteraceae","Cirsium","Cirsium vulgare","2026-08-29 23:33:29 UTC"
"Citharexylum herrerae","Plantae","4084391",NA,"Citharexylum herrerae Mansf.","Citharexylum herrerae","SPECIES","ACCEPTED",100,"EXACT","Plantae","Tracheophyta","Magnoliopsida","Lamiales","Verbenaceae","Citharexylum","Citharexylum herrerae","2026-08-29 23:33:29 UTC"
"Cleistocactus pungens","Plantae","3960582",NA,"Cleistocactus pungens F.Ritter","Cleistocactus pungens","SPECIES","ACCEPTED",100,"EXACT","Plantae","Tracheophyta","Magnoliopsida","Caryophyllales","Cactaceae","Cleistocactus","Cleistocactus pungens","2026-08-29 23:33:29 UTC"
"Cleome lechleri","Plantae","3872102","7544780","Cleome lechleri Eichler","Cleome lechleri","SPECIES","SYNONYM",100,"EXACT","Plantae","Tracheophyta","Magnoliopsida","Brassicales","Cleomaceae","Andinocleome","Andinocleome lechleri","2026-08-29 23:33:29 UTC"
"Cleome longifolia","Plantae","220",NA,"Magnoliopsida","Magnoliopsida","CLASS","ACCEPTED",99,"HIGHERRANK","Plantae","Tracheophyta","Magnoliopsida",NA,NA,NA,NA,"2026-08-29 23:33:29 UTC"
"Clitoria ternatea","Plantae","2946519",NA,"Clitoria ternatea L.","Clitoria ternatea","SPECIES","ACCEPTED",100,"EXACT","Plantae","Tracheophyta","Magnoliopsida","Fabales","Fabaceae","Clitoria","Clitoria ternatea","2026-08-29 23:33:29 UTC"
"Condea tafallae","Plantae","8419415",NA,"Condea tafallae (Benth.) Harley & J.F.B.Pastore","Condea tafallae","SPECIES","ACCEPTED",100,"EXACT","Plantae","Tracheophyta","Magnoliopsida","Lamiales","Lamiaceae","Condea","Condea tafallae","2026-08-29 23:33:29 UTC"
"Conium maculatum","Plantae","3034807",NA,"Conium maculatum L.","Conium maculatum","SPECIES","ACCEPTED",100,"EXACT","Plantae","Tracheophyta","Magnoliopsida","Apiales","Apiaceae","Conium","Conium maculatum","2026-08-29 23:33:29 UTC"
"Coriaria ruscifolia","Plantae","3701768",NA,"Coriaria ruscifolia L.","Coriaria ruscifolia","SPECIES","ACCEPTED",100,"EXACT","Plantae","Tracheophyta","Magnoliopsida","Cucurbitales","Coriariaceae","Coriaria","Coriaria ruscifolia","2026-08-29 23:33:29 UTC"
"Corryocactus erectus","Plantae","3957807",NA,"Corryocactus erectus (Backeb.) F.Ritter","Corryocactus erectus","SPECIES","ACCEPTED",100,"EXACT","Plantae","Tracheophyta","Magnoliopsida","Caryophyllales","Cactaceae","Corryocactus","Corryocactus erectus","2026-08-29 23:33:29 UTC"
"Cosmos peucedanifolius","Plantae","3098928",NA,"Cosmos peucedanifolius Wedd.","Cosmos peucedanifolius","SPECIES","ACCEPTED",100,"EXACT","Plantae","Tracheophyta","Magnoliopsida","Asterales","Asteraceae","Cosmos","Cosmos peucedanifolius","2026-08-29 23:33:29 UTC"
"Cotula coronopifolia","Plantae","3112110",NA,"Cotula coronopifolia L.","Cotula coronopifolia","SPECIES","ACCEPTED",100,"EXACT","Plantae","Tracheophyta","Magnoliopsida","Asterales","Asteraceae","Cotula","Cotula coronopifolia","2026-08-29 23:33:29 UTC"
"Cranichis ciliata","Plantae","2789755",NA,"Cranichis ciliata Kunth","Cranichis ciliata","SPECIES","ACCEPTED",100,"EXACT","Plantae","Tracheophyta","Liliopsida","Asparagales","Orchidaceae","Cranichis","Cranichis ciliata","2026-08-29 23:33:29 UTC"
"Culcitium canescens","Plantae","3108405",NA,"Culcitium canescens Humb. & Bonpl.","Culcitium canescens","SPECIES","ACCEPTED",99,"EXACT","Plantae","Tracheophyta","Magnoliopsida","Asterales","Asteraceae","Culcitium","Culcitium canescens","2026-08-29 23:33:29 UTC"
"Cyrtochilum aureum","Plantae","2832768",NA,"Cyrtochilum aureum (Lindl.) Senghas","Cyrtochilum aureum","SPECIES","ACCEPTED",100,"EXACT","Plantae","Tracheophyta","Liliopsida","Asparagales","Orchidaceae","Cyrtochilum","Cyrtochilum aureum","2026-08-29 23:33:29 UTC"
"Cyrtochilum caespitosum","Plantae","2832976",NA,"Cyrtochilum caespitosum (Rolfe) Dalstr<U+00F6>m","Cyrtochilum caespitosum","SPECIES","ACCEPTED",100,"EXACT","Plantae","Tracheophyta","Liliopsida","Asparagales","Orchidaceae","Cyrtochilum","Cyrtochilum caespitosum","2026-08-29 23:33:29 UTC"
"Cyrtochilum microxiphium","Plantae","2832997",NA,"Cyrtochilum microxiphium (Rchb.f.) Kraenzl.","Cyrtochilum microxiphium","SPECIES","ACCEPTED",100,"EXACT","Plantae","Tracheophyta","Liliopsida","Asparagales","Orchidaceae","Cyrtochilum","Cyrtochilum microxiphium","2026-08-29 23:33:29 UTC"
"Cyrtochilum rhodoneurum","Plantae","2832962",NA,"Cyrtochilum rhodoneurum (Rchb.f.) Dalstr<U+00F6>m","Cyrtochilum rhodoneurum","SPECIES","ACCEPTED",100,"EXACT","Plantae","Tracheophyta","Liliopsida","Asparagales","Orchidaceae","Cyrtochilum","Cyrtochilum rhodoneurum","2026-08-29 23:33:29 UTC"
"Cyrtochilum tetracopis","Plantae","2833097",NA,"Cyrtochilum tetracopis (Rchb.f.) Kraenzl.","Cyrtochilum tetracopis","SPECIES","ACCEPTED",100,"EXACT","Plantae","Tracheophyta","Liliopsida","Asparagales","Orchidaceae","Cyrtochilum","Cyrtochilum tetracopis","2026-08-29 23:33:29 UTC"
"Dalechampia aristolochiifolia","Plantae","3055750",NA,"Dalechampia aristolochiifolia Kunth","Dalechampia aristolochiifolia","SPECIES","ACCEPTED",100,"EXACT","Plantae","Tracheophyta","Magnoliopsida","Malpighiales","Euphorbiaceae","Dalechampia","Dalechampia aristolochiifolia","2026-08-29 23:33:29 UTC"
"Datura stramonium","Plantae","2928751",NA,"Datura stramonium L.","Datura stramonium","SPECIES","ACCEPTED",99,"EXACT","Plantae","Tracheophyta","Magnoliopsida","Solanales","Solanaceae","Datura","Datura stramonium","2026-08-29 23:33:29 UTC"
"Daucus montanus","Plantae","8063199",NA,"Daucus montanus Humb. & Bonpl. ex Schult.","Daucus montanus","SPECIES","ACCEPTED",99,"EXACT","Plantae","Tracheophyta","Magnoliopsida","Apiales","Apiaceae","Daucus","Daucus montanus","2026-08-29 23:33:29 UTC"
"Delostoma integrifolium","Plantae","4093319",NA,"Delostoma integrifolium D.Don","Delostoma integrifolium","SPECIES","ACCEPTED",100,"EXACT","Plantae","Tracheophyta","Magnoliopsida","Lamiales","Bignoniaceae","Delostoma","Delostoma integrifolium","2026-08-29 23:33:29 UTC"
"Dendrophorbium fortunatum","Plantae","3109937",NA,"Dendrophorbium fortunatum (Cuatrec.) C.Jeffrey","Dendrophorbium fortunatum","SPECIES","ACCEPTED",100,"EXACT","Plantae","Tracheophyta","Magnoliopsida","Asterales","Asteraceae","Dendrophorbium","Dendrophorbium fortunatum","2026-08-29 23:33:29 UTC"
"Descurainia myriophylla","Plantae","3044273",NA,"Descurainia myriophylla (Willd. ex DC.) R.E.Fr.","Descurainia myriophylla","SPECIES","ACCEPTED",100,"EXACT","Plantae","Tracheophyta","Magnoliopsida","Brassicales","Brassicaceae","Descurainia","Descurainia myriophylla","2026-08-29 23:33:29 UTC"
"Desmodium intortum","Plantae","2967846",NA,"Desmodium intortum (Mill.) Urb.","Desmodium intortum","SPECIES","ACCEPTED",100,"EXACT","Plantae","Tracheophyta","Magnoliopsida","Fabales","Fabaceae","Desmodium","Desmodium intortum","2026-08-29 23:33:29 UTC"
"Digitalis purpurea","Plantae","5414995",NA,"Digitalis purpurea L.","Digitalis purpurea","SPECIES","ACCEPTED",100,"EXACT","Plantae","Tracheophyta","Magnoliopsida","Lamiales","Plantaginaceae","Digitalis","Digitalis purpurea","2026-08-29 23:33:29 UTC"
"Distimake weberbaueri","Plantae","9797991",NA,"Distimake weberbaueri (Ooststr.) A.R.Sim<U+00F5>es & Petrongari","Distimake weberbaueri","SPECIES","ACCEPTED",100,"EXACT","Plantae","Tracheophyta","Magnoliopsida","Solanales","Convolvulaceae","Distimake","Distimake weberbaueri","2026-08-29 23:33:29 UTC"
"Duranta armata","Plantae","4084594",NA,"Duranta armata Moldenke","Duranta armata","SPECIES","ACCEPTED",100,"EXACT","Plantae","Tracheophyta","Magnoliopsida","Lamiales","Verbenaceae","Duranta","Duranta armata","2026-08-29 23:33:29 UTC"
"Dysphania ambrosioides","Plantae","5568446",NA,"Dysphania ambrosioides (L.) Mosyakin & Clemants","Dysphania ambrosioides","SPECIES","ACCEPTED",100,"EXACT","Plantae","Tracheophyta","Magnoliopsida","Caryophyllales","Amaranthaceae","Dysphania","Dysphania ambrosioides","2026-08-29 23:33:29 UTC"
"Elleanthus amethystinus","Plantae","2839368",NA,"Elleanthus amethystinus (Rchb.f. & Warsz.) Rchb.f.","Elleanthus amethystinus","SPECIES","ACCEPTED",100,"EXACT","Plantae","Tracheophyta","Liliopsida","Asparagales","Orchidaceae","Elleanthus","Elleanthus amethystinus","2026-08-29 23:33:29 UTC"
"Elleanthus conifer","Plantae","2839289",NA,"Elleanthus conifer (Rchb.f. & Warsz.) Rchb.f.","Elleanthus conifer","SPECIES","ACCEPTED",100,"EXACT","Plantae","Tracheophyta","Liliopsida","Asparagales","Orchidaceae","Elleanthus","Elleanthus conifer","2026-08-29 23:33:29 UTC"
"Ephedra rupestris","Plantae","2653294",NA,"Ephedra rupestris Benth.","Ephedra rupestris","SPECIES","ACCEPTED",100,"EXACT","Plantae","Tracheophyta","Gnetopsida","Ephedrales","Ephedraceae","Ephedra","Ephedra rupestris","2026-08-29 23:33:29 UTC"
"Epidendrum megagastrium","Plantae","5320719",NA,"Epidendrum megagastrium Lindl.","Epidendrum megagastrium","SPECIES","ACCEPTED",100,"EXACT","Plantae","Tracheophyta","Liliopsida","Asparagales","Orchidaceae","Epidendrum","Epidendrum megagastrium","2026-08-29 23:33:29 UTC"
"Epilobium denticulatum","Plantae","8138456",NA,"Epilobium denticulatum Ruiz & Pav.","Epilobium denticulatum","SPECIES","ACCEPTED",99,"EXACT","Plantae","Tracheophyta","Magnoliopsida","Myrtales","Onagraceae","Epilobium","Epilobium denticulatum","2026-08-29 23:33:29 UTC"
"Epiphyllum phyllanthus","Plantae","5384030",NA,"Epiphyllum phyllanthus (L.) Haw.","Epiphyllum phyllanthus","SPECIES","ACCEPTED",100,"EXACT","Plantae","Tracheophyta","Magnoliopsida","Caryophyllales","Cactaceae","Epiphyllum","Epiphyllum phyllanthus","2026-08-29 23:33:29 UTC"
"Equisetum bogotense","Plantae","7287803",NA,"Equisetum bogotense Kunth","Equisetum bogotense","SPECIES","ACCEPTED",100,"EXACT","Plantae","Tracheophyta","Polypodiopsida","Equisetales","Equisetaceae","Equisetum","Equisetum bogotense","2026-08-29 23:33:29 UTC"
"Equisetum giganteum","Plantae","7287808",NA,"Equisetum giganteum L.","Equisetum giganteum","SPECIES","ACCEPTED",100,"EXACT","Plantae","Tracheophyta","Polypodiopsida","Equisetales","Equisetaceae","Equisetum","Equisetum giganteum","2026-08-29 23:33:29 UTC"
"Erythrina falcata","Plantae","5349565",NA,"Erythrina falcata Benth.","Erythrina falcata","SPECIES","ACCEPTED",100,"EXACT","Plantae","Tracheophyta","Magnoliopsida","Fabales","Fabaceae","Erythrina","Erythrina falcata","2026-08-29 23:33:29 UTC"
"Escallonia herrerae","Plantae","3932988",NA,"Escallonia herrerae Mattf.","Escallonia herrerae","SPECIES","ACCEPTED",100,"EXACT","Plantae","Tracheophyta","Magnoliopsida","Escalloniales","Escalloniaceae","Escallonia","Escallonia herrerae","2026-08-29 23:33:29 UTC"
"Escallonia myrtilloides","Plantae","8376201",NA,"Escallonia myrtilloides L.fil.","Escallonia myrtilloides","SPECIES","ACCEPTED",100,"EXACT","Plantae","Tracheophyta","Magnoliopsida","Escalloniales","Escalloniaceae","Escallonia","Escallonia myrtilloides","2026-08-29 23:33:29 UTC"
"Escallonia resinosa","Plantae","7278651",NA,"Escallonia resinosa (Ruiz & Pav.) Pers.","Escallonia resinosa","SPECIES","ACCEPTED",99,"EXACT","Plantae","Tracheophyta","Magnoliopsida","Escalloniales","Escalloniaceae","Escallonia","Escallonia resinosa","2026-08-29 23:33:29 UTC"
"Eschscholzia californica","Plantae","2888380",NA,"Eschscholzia californica Cham.","Eschscholzia californica","SPECIES","ACCEPTED",99,"EXACT","Plantae","Tracheophyta","Magnoliopsida","Ranunculales","Papaveraceae","Eschscholzia","Eschscholzia californica","2026-08-29 23:33:29 UTC"
"Eucalyptus globulus","Plantae","3176787",NA,"Eucalyptus globulus Labill.","Eucalyptus globulus","SPECIES","ACCEPTED",100,"EXACT","Plantae","Tracheophyta","Magnoliopsida","Myrtales","Myrtaceae","Eucalyptus","Eucalyptus globulus","2026-08-29 23:33:29 UTC"
"Euphorbia laurifolia","Plantae","3067842",NA,"Euphorbia laurifolia Juss. ex Lam.","Euphorbia laurifolia","SPECIES","ACCEPTED",99,"EXACT","Plantae","Tracheophyta","Magnoliopsida","Malpighiales","Euphorbiaceae","Euphorbia","Euphorbia laurifolia","2026-08-29 23:33:29 UTC"
"Euphorbia pulcherrima","Plantae","3066465",NA,"Euphorbia pulcherrima Willd. ex Klotzsch","Euphorbia pulcherrima","SPECIES","ACCEPTED",99,"EXACT","Plantae","Tracheophyta","Magnoliopsida","Malpighiales","Euphorbiaceae","Euphorbia","Euphorbia pulcherrima","2026-08-29 23:33:29 UTC"
"Eustephia coccinea","Plantae","2860375",NA,"Eustephia coccinea Cav.","Eustephia coccinea","SPECIES","ACCEPTED",100,"EXACT","Plantae","Tracheophyta","Liliopsida","Asparagales","Amaryllidaceae","Eustephia","Eustephia coccinea","2026-08-29 23:33:29 UTC"
"Foeniculum vulgare","Plantae","3034922",NA,"Foeniculum vulgare Mill.","Foeniculum vulgare","SPECIES","ACCEPTED",99,"EXACT","Plantae","Tracheophyta","Magnoliopsida","Apiales","Apiaceae","Foeniculum","Foeniculum vulgare","2026-08-29 23:33:29 UTC"
"Fuchsia apetala","Plantae","6029067",NA,"Fuchsia apetala Ruiz & Pav.","Fuchsia apetala","SPECIES","ACCEPTED",100,"EXACT","Plantae","Tracheophyta","Magnoliopsida","Myrtales","Onagraceae","Fuchsia","Fuchsia apetala","2026-08-29 23:33:29 UTC"
"Fuchsia boliviana","Plantae","5938225",NA,"Fuchsia boliviana Carri<U+00E8>re","Fuchsia boliviana","SPECIES","ACCEPTED",99,"EXACT","Plantae","Tracheophyta","Magnoliopsida","Myrtales","Onagraceae","Fuchsia","Fuchsia boliviana","2026-08-29 23:33:29 UTC"
"Furcraea andina","Plantae","2769788",NA,"Furcraea andina Trel.","Furcraea andina","SPECIES","ACCEPTED",100,"EXACT","Plantae","Tracheophyta","Liliopsida","Asparagales","Asparagaceae","Furcraea","Furcraea andina","2026-08-29 23:33:29 UTC"
"Galinsoga quadriradiata","Plantae","8298495",NA,"Galinsoga quadriradiata Ruiz & Pav.","Galinsoga quadriradiata","SPECIES","ACCEPTED",99,"EXACT","Plantae","Tracheophyta","Magnoliopsida","Asterales","Asteraceae","Galinsoga","Galinsoga quadriradiata","2026-08-29 23:33:29 UTC"
"Galium hypocarpium","Plantae","2914207",NA,"Galium hypocarpium (L.) Endl. ex Griseb.","Galium hypocarpium","SPECIES","ACCEPTED",99,"EXACT","Plantae","Tracheophyta","Magnoliopsida","Gentianales","Rubiaceae","Galium","Galium hypocarpium","2026-08-29 23:33:29 UTC"
"Gaultheria glomerata","Plantae","4171500",NA,"Gaultheria glomerata (Cav.) Sleumer","Gaultheria glomerata","SPECIES","ACCEPTED",100,"EXACT","Plantae","Tracheophyta","Magnoliopsida","Ericales","Ericaceae","Gaultheria","Gaultheria glomerata","2026-08-29 23:33:29 UTC"
"Gaultheria myrsinoides","Plantae","4170522",NA,"Gaultheria myrsinoides Kunth","Gaultheria myrsinoides","SPECIES","ACCEPTED",100,"EXACT","Plantae","Tracheophyta","Magnoliopsida","Ericales","Ericaceae","Gaultheria","Gaultheria myrsinoides","2026-08-29 23:33:29 UTC"
"Gazania × splendens","Plantae","7845652",NA,"Gazania × splendens Hend. & A.A.Hend.","Gazania splendens","SPECIES","ACCEPTED",99,"EXACT","Plantae","Tracheophyta","Magnoliopsida","Asterales","Asteraceae","Gazania","Gazania splendens","2026-08-29 23:46:14 UTC"
"Genista monspessulana","Plantae","5347796",NA,"Genista monspessulana (L.) L.A.S.Johnson","Genista monspessulana","SPECIES","ACCEPTED",99,"EXACT","Plantae","Tracheophyta","Magnoliopsida","Fabales","Fabaceae","Genista","Genista monspessulana","2026-08-29 23:33:29 UTC"
"Gentiana sedifolia","Plantae","7269933",NA,"Gentiana sedifolia Kunth","Gentiana sedifolia","SPECIES","ACCEPTED",100,"EXACT","Plantae","Tracheophyta","Magnoliopsida","Gentianales","Gentianaceae","Gentiana","Gentiana sedifolia","2026-08-29 23:33:29 UTC"
"Gentianella dolichopoda","Plantae","3842748",NA,"Gentianella dolichopoda (Gilg) J.S.Pringle","Gentianella dolichopoda","SPECIES","ACCEPTED",100,"EXACT","Plantae","Tracheophyta","Magnoliopsida","Gentianales","Gentianaceae","Gentianella","Gentianella dolichopoda","2026-08-29 23:33:29 UTC"
"Gentianella viridiflora","Plantae","7745524",NA,"Gentianella viridiflora Pfanzelt & Sylvester","Gentianella viridiflora","SPECIES","ACCEPTED",100,"EXACT","Plantae","Tracheophyta","Magnoliopsida","Gentianales","Gentianaceae","Gentianella","Gentianella viridiflora","2026-08-29 23:33:29 UTC"
"Gunnera magellanica","Plantae","3723590",NA,"Gunnera magellanica Lam.","Gunnera magellanica","SPECIES","ACCEPTED",100,"EXACT","Plantae","Tracheophyta","Magnoliopsida","Gunnerales","Gunneraceae","Gunnera","Gunnera magellanica","2026-08-29 23:33:29 UTC"
"Gynoxys longifolia","Plantae","3138742",NA,"Gynoxys longifolia Wedd.","Gynoxys longifolia","SPECIES","ACCEPTED",100,"EXACT","Plantae","Tracheophyta","Magnoliopsida","Asterales","Asteraceae","Gynoxys","Gynoxys longifolia","2026-08-29 23:33:29 UTC"
"Habenaria eustachya","Plantae","2828554",NA,"Habenaria eustachya Rchb.f.","Habenaria eustachya","SPECIES","ACCEPTED",100,"EXACT","Plantae","Tracheophyta","Liliopsida","Asparagales","Orchidaceae","Habenaria","Habenaria eustachya","2026-08-29 23:33:29 UTC"
"Habenaria repens maxillaris","Plantae","2830063",NA,"Habenaria repens var. maxillaris (Lindl.) Garay","Habenaria repens maxillaris","VARIETY","ACCEPTED",100,"EXACT","Plantae","Tracheophyta","Liliopsida","Asparagales","Orchidaceae","Habenaria","Habenaria repens","2026-08-29 23:33:29 UTC"
"Hackelia revoluta","Plantae","7294483",NA,"Hackelia revoluta (Ruiz & Pav.) I.M.Johnst.","Hackelia revoluta","SPECIES","ACCEPTED",100,"EXACT","Plantae","Tracheophyta","Magnoliopsida","Boraginales","Boraginaceae","Hackelia","Hackelia revoluta","2026-08-29 23:33:29 UTC"
"Hesperomeles ferruginea","Plantae","7785474",NA,"Hesperomeles ferruginea (Juss. ex Pers.) Benth.","Hesperomeles ferruginea","SPECIES","ACCEPTED",99,"EXACT","Plantae","Tracheophyta","Magnoliopsida","Rosales","Rosaceae","Hesperomeles","Hesperomeles ferruginea","2026-08-29 23:33:29 UTC"
"Hesperomeles obtusifolia","Plantae","2988522",NA,"Hesperomeles obtusifolia (Pers.) Lindl.","Hesperomeles obtusifolia","SPECIES","ACCEPTED",100,"EXACT","Plantae","Tracheophyta","Magnoliopsida","Rosales","Rosaceae","Hesperomeles","Hesperomeles obtusifolia","2026-08-29 23:33:29 UTC"
"Hesperoxiphion pardalis","Plantae","2743241",NA,"Hesperoxiphion pardalis (Ravenna) Ravenna","Hesperoxiphion pardalis","SPECIES","ACCEPTED",100,"EXACT","Plantae","Tracheophyta","Liliopsida","Asparagales","Iridaceae","Hesperoxiphion","Hesperoxiphion pardalis","2026-08-29 23:33:29 UTC"
"Hesperoxiphion peruvianum","Plantae","2743235",NA,"Hesperoxiphion peruvianum (Baker) Baker","Hesperoxiphion peruvianum","SPECIES","ACCEPTED",100,"EXACT","Plantae","Tracheophyta","Liliopsida","Asparagales","Iridaceae","Hesperoxiphion","Hesperoxiphion peruvianum","2026-08-29 23:33:29 UTC"
"Hippeastrum machupijchense","Plantae","2854540",NA,"Hippeastrum machupijchense (Vargas) D.R.Hunt","Hippeastrum machupijchense","SPECIES","ACCEPTED",100,"EXACT","Plantae","Tracheophyta","Liliopsida","Asparagales","Amaryllidaceae","Hippeastrum","Hippeastrum machupijchense","2026-08-29 23:33:29 UTC"
"Hydrocotyle ranunculoides","Plantae","7978544",NA,"Hydrocotyle ranunculoides L.fil.","Hydrocotyle ranunculoides","SPECIES","ACCEPTED",99,"EXACT","Plantae","Tracheophyta","Magnoliopsida","Apiales","Araliaceae","Hydrocotyle","Hydrocotyle ranunculoides","2026-08-29 23:33:29 UTC"
"Hypochaeris meyeniana","Plantae","3093785",NA,"Hypochaeris meyeniana (Walp.) Griseb.","Hypochaeris meyeniana","SPECIES","ACCEPTED",100,"EXACT","Plantae","Tracheophyta","Magnoliopsida","Asterales","Asteraceae","Hypochaeris","Hypochaeris meyeniana","2026-08-29 23:33:29 UTC"
"Hypochaeris sessiliflora","Plantae","3093832",NA,"Hypochaeris sessiliflora Kunth","Hypochaeris sessiliflora","SPECIES","ACCEPTED",100,"EXACT","Plantae","Tracheophyta","Magnoliopsida","Asterales","Asteraceae","Hypochaeris","Hypochaeris sessiliflora","2026-08-29 23:33:29 UTC"
"Hypoestes phyllostachya","Plantae","3173196",NA,"Hypoestes phyllostachya Baker","Hypoestes phyllostachya","SPECIES","ACCEPTED",100,"EXACT","Plantae","Tracheophyta","Magnoliopsida","Lamiales","Acanthaceae","Hypoestes","Hypoestes phyllostachya","2026-08-29 23:33:29 UTC"
"Ida grandis","Plantae","7439403",NA,"Ida grandis Fowlie ex Oakeley","Ida grandis","SPECIES","ACCEPTED",99,"EXACT","Plantae","Tracheophyta","Liliopsida","Asparagales","Orchidaceae","Ida","Ida grandis","2026-08-29 23:33:29 UTC"
"Ida heynderycxii","Plantae","7445917",NA,"Ida heynderycxii (<U+00C9>.Morren) A.Ryan & Oakeley","Ida heynderycxii","SPECIES","ACCEPTED",100,"EXACT","Plantae","Tracheophyta","Liliopsida","Asparagales","Orchidaceae","Ida","Ida heynderycxii","2026-08-29 23:33:29 UTC"
"Ida locusta","Plantae","8074520",NA,"Ida locusta (Rchb.f.) A.Ryan & Oakeley","Ida locusta","SPECIES","ACCEPTED",100,"EXACT","Plantae","Tracheophyta","Liliopsida","Asparagales","Orchidaceae","Ida","Ida locusta","2026-08-29 23:33:29 UTC"
"Ipomoea cairica","Plantae","2928531",NA,"Ipomoea cairica (L.) Sweet","Ipomoea cairica","SPECIES","ACCEPTED",100,"EXACT","Plantae","Tracheophyta","Magnoliopsida","Solanales","Convolvulaceae","Ipomoea","Ipomoea cairica","2026-08-29 23:33:29 UTC"
"Ipomoea pauciflora vargasiana","Plantae","6708889","4927175","Ipomoea pauciflora subsp. vargasiana (O'Donell) McPherson","Ipomoea pauciflora vargasiana","SUBSPECIES","SYNONYM",98,"EXACT","Plantae","Tracheophyta","Magnoliopsida","Solanales","Convolvulaceae","Ipomoea","Ipomoea pauciflora","2026-08-29 23:33:29 UTC"
"Ipomoea purpurea","Plantae","2928576",NA,"Ipomoea purpurea (L.) Roth","Ipomoea purpurea","SPECIES","ACCEPTED",99,"EXACT","Plantae","Tracheophyta","Magnoliopsida","Solanales","Convolvulaceae","Ipomoea","Ipomoea purpurea","2026-08-29 23:33:29 UTC"
"Iresine diffusa herbstii","Plantae","3673470",NA,"Iresine diffusa f. herbstii (Hook.) Pedersen","Iresine diffusa herbstii","FORM","ACCEPTED",100,"EXACT","Plantae","Tracheophyta","Magnoliopsida","Caryophyllales","Amaranthaceae","Iresine","Iresine diffusa","2026-08-29 23:33:29 UTC"
"Iris albicans","Plantae","5298598","5298079","Iris albicans Lange","Iris albicans","SPECIES","SYNONYM",100,"EXACT","Plantae","Tracheophyta","Liliopsida","Asparagales","Iridaceae","Iris","Iris florentina","2026-08-29 23:33:29 UTC"
"Ismene hawkesii","Plantae","5326967",NA,"Ismene hawkesii (Vargas) Gereau & Meerow","Ismene hawkesii","SPECIES","ACCEPTED",100,"EXACT","Plantae","Tracheophyta","Liliopsida","Asparagales","Amaryllidaceae","Ismene","Ismene hawkesii","2026-08-29 23:33:29 UTC"
"Jacaranda acutifolia","Plantae","3172500",NA,"Jacaranda acutifolia Humb. & Bonpl.","Jacaranda acutifolia","SPECIES","ACCEPTED",99,"EXACT","Plantae","Tracheophyta","Magnoliopsida","Lamiales","Bignoniaceae","Jacaranda","Jacaranda acutifolia","2026-08-29 23:33:29 UTC"
"Jaltomata herrerae","Plantae","3801572",NA,"Jaltomata herrerae (C.V.Morton) Mione","Jaltomata herrerae","SPECIES","ACCEPTED",100,"EXACT","Plantae","Tracheophyta","Magnoliopsida","Solanales","Solanaceae","Jaltomata","Jaltomata herrerae","2026-08-29 23:33:29 UTC"
"Jobinia tarmensis","Plantae","7964582",NA,"Jobinia tarmensis (Schltr.) Liede & Meve","Jobinia tarmensis","SPECIES","ACCEPTED",100,"EXACT","Plantae","Tracheophyta","Magnoliopsida","Gentianales","Apocynaceae","Jobinia","Jobinia tarmensis","2026-08-29 23:33:29 UTC"
"Jungia rugosa","Plantae","5402228",NA,"Jungia rugosa Less.","Jungia rugosa","SPECIES","ACCEPTED",100,"EXACT","Plantae","Tracheophyta","Magnoliopsida","Asterales","Asteraceae","Jungia","Jungia rugosa","2026-08-29 23:33:29 UTC"
"Kageneckia lanceolata","Plantae","3016222",NA,"Kageneckia lanceolata Ruiz & Pav.","Kageneckia lanceolata","SPECIES","ACCEPTED",100,"EXACT","Plantae","Tracheophyta","Magnoliopsida","Rosales","Rosaceae","Kageneckia","Kageneckia lanceolata","2026-08-29 23:33:29 UTC"
"Kalanchoe × houghtonii","Plantae","4199772",NA,"Kalanchoe × houghtonii D.B.Ward","Kalanchoe houghtonii","SPECIES","ACCEPTED",100,"EXACT","Plantae","Tracheophyta","Magnoliopsida","Saxifragales","Crassulaceae","Kalanchoe","Kalanchoe houghtonii","2026-08-29 23:46:14 UTC"
"Lantana scabiosiflora","Plantae","7297157",NA,"Lantana scabiosiflora Kunth","Lantana scabiosiflora","SPECIES","ACCEPTED",100,"EXACT","Plantae","Tracheophyta","Magnoliopsida","Lamiales","Verbenaceae","Lantana","Lantana scabiosiflora","2026-08-29 23:33:29 UTC"
"Leonotis nepetifolia","Plantae","4924659",NA,"Leonotis nepetifolia (L.) R.Br.","Leonotis nepetifolia","SPECIES","ACCEPTED",99,"EXACT","Plantae","Tracheophyta","Magnoliopsida","Lamiales","Lamiaceae","Leonotis","Leonotis nepetifolia","2026-08-29 23:33:29 UTC"
"Lepechinia meyenii","Plantae","3888601",NA,"Lepechinia meyenii (Walp.) Epling","Lepechinia meyenii","SPECIES","ACCEPTED",100,"EXACT","Plantae","Tracheophyta","Magnoliopsida","Lamiales","Lamiaceae","Lepechinia","Lepechinia meyenii","2026-08-29 23:33:29 UTC"
"Lippia antaica","Plantae","4086332",NA,"Lippia antaica Loes. & Moldenke","Lippia antaica","SPECIES","ACCEPTED",100,"EXACT","Plantae","Tracheophyta","Magnoliopsida","Lamiales","Verbenaceae","Lippia","Lippia antaica","2026-08-29 23:33:29 UTC"
"Lobivia hertrichiana","Plantae","7284100",NA,"Lobivia hertrichiana Backeb.","Lobivia hertrichiana","SPECIES","ACCEPTED",100,"EXACT","Plantae","Tracheophyta","Magnoliopsida","Caryophyllales","Cactaceae","Lobivia","Lobivia hertrichiana","2026-08-29 23:33:29 UTC"
"Lobivia maximiliana","Plantae","7282538",NA,"Lobivia maximiliana (Heyder ex A.Dietr.) Backeb. ex Rausch","Lobivia maximiliana","SPECIES","ACCEPTED",99,"EXACT","Plantae","Tracheophyta","Magnoliopsida","Caryophyllales","Cactaceae","Lobivia","Lobivia maximiliana","2026-08-29 23:33:29 UTC"
"Lobivia silvestrii","Plantae","3955118","3944596","Lobivia silvestrii (Speg.) G.D.Rowley","Lobivia silvestrii","SPECIES","SYNONYM",100,"EXACT","Plantae","Tracheophyta","Magnoliopsida","Caryophyllales","Cactaceae","Chamaecereus","Chamaecereus silvestrii","2026-08-29 23:33:29 UTC"
"Lycianthes lycioides","Plantae","7299577",NA,"Lycianthes lycioides (L.) Hassl.","Lycianthes lycioides","SPECIES","ACCEPTED",100,"EXACT","Plantae","Tracheophyta","Magnoliopsida","Solanales","Solanaceae","Lycianthes","Lycianthes lycioides","2026-08-29 23:33:29 UTC"
"Lycopodium clavatum","Plantae","2688393",NA,"Lycopodium clavatum L.","Lycopodium clavatum","SPECIES","ACCEPTED",100,"EXACT","Plantae","Tracheophyta","Lycopodiopsida","Lycopodiales","Lycopodiaceae","Lycopodium","Lycopodium clavatum","2026-08-29 23:33:29 UTC"
"Lymanbensonia choquequiraensis","Plantae","11153518",NA,"Lymanbensonia choquequiraensis Hoxey","Lymanbensonia choquequiraensis","SPECIES","ACCEPTED",100,"EXACT","Plantae","Tracheophyta","Magnoliopsida","Caryophyllales","Cactaceae","Lymanbensonia","Lymanbensonia choquequiraensis","2026-08-29 23:33:29 UTC"
"Lysimachia arvensis","Plantae","8184903",NA,"Lysimachia arvensis (L.) U.Manns & Anderb.","Lysimachia arvensis","SPECIES","ACCEPTED",100,"EXACT","Plantae","Tracheophyta","Magnoliopsida","Ericales","Primulaceae","Lysimachia","Lysimachia arvensis","2026-08-29 23:33:29 UTC"
"Lysipomia laciniata","Plantae","3166049",NA,"Lysipomia laciniata A.DC.","Lysipomia laciniata","SPECIES","ACCEPTED",100,"EXACT","Plantae","Tracheophyta","Magnoliopsida","Asterales","Campanulaceae","Lysipomia","Lysipomia laciniata","2026-08-29 23:33:29 UTC"
"Lysipomia laciniata laciniata","Plantae","7222055",NA,"Lysipomia laciniata subsp. laciniata","Lysipomia laciniata laciniata","SUBSPECIES","ACCEPTED",100,"EXACT","Plantae","Tracheophyta","Magnoliopsida","Asterales","Campanulaceae","Lysipomia","Lysipomia laciniata","2026-08-29 23:33:29 UTC"
"Maclura tinctoria","Plantae","2984583",NA,"Maclura tinctoria (L.) D.Don ex Steud.","Maclura tinctoria","SPECIES","ACCEPTED",99,"EXACT","Plantae","Tracheophyta","Magnoliopsida","Rosales","Moraceae","Maclura","Maclura tinctoria","2026-08-29 23:33:29 UTC"
"Margyricarpus pinnatus","Plantae","3030248",NA,"Margyricarpus pinnatus (Lam.) Kuntze","Margyricarpus pinnatus","SPECIES","ACCEPTED",100,"EXACT","Plantae","Tracheophyta","Magnoliopsida","Rosales","Rosaceae","Margyricarpus","Margyricarpus pinnatus","2026-08-29 23:33:29 UTC"
"Masdevallia veitchiana","Plantae","4935158",NA,"Masdevallia veitchiana Rchb.f.","Masdevallia veitchiana","SPECIES","ACCEPTED",100,"EXACT","Plantae","Tracheophyta","Liliopsida","Asparagales","Orchidaceae","Masdevallia","Masdevallia veitchiana","2026-08-29 23:33:29 UTC"
"Maytenus jelskii","Plantae","3792554",NA,"Maytenus jelskii Szyszyl.","Maytenus jelskii","SPECIES","ACCEPTED",99,"EXACT","Plantae","Tracheophyta","Magnoliopsida","Celastrales","Celastraceae","Maytenus","Maytenus jelskii","2026-08-29 23:33:29 UTC"
"Medicago lupulina","Plantae","2965201",NA,"Medicago lupulina L.","Medicago lupulina","SPECIES","ACCEPTED",100,"EXACT","Plantae","Tracheophyta","Magnoliopsida","Fabales","Fabaceae","Medicago","Medicago lupulina","2026-08-29 23:33:29 UTC"
"Medicago polymorpha","Plantae","2965531",NA,"Medicago polymorpha L.","Medicago polymorpha","SPECIES","ACCEPTED",99,"EXACT","Plantae","Tracheophyta","Magnoliopsida","Fabales","Fabaceae","Medicago","Medicago polymorpha","2026-08-29 23:33:29 UTC"
"Medicago sativa","Plantae","9151957",NA,"Medicago sativa L.","Medicago sativa","SPECIES","ACCEPTED",99,"EXACT","Plantae","Tracheophyta","Magnoliopsida","Fabales","Fabaceae","Medicago","Medicago sativa","2026-08-29 23:33:29 UTC"
"Melaleuca viminalis","Plantae","5415476","9538669","Melaleuca viminalis (Gaertn.) Byrnes","Melaleuca viminalis","SPECIES","SYNONYM",100,"EXACT","Plantae","Tracheophyta","Magnoliopsida","Myrtales","Myrtaceae","Callistemon","Callistemon viminalis","2026-08-29 23:33:29 UTC"
"Melochia leucantha","Plantae","7501186",NA,"Melochia leucantha J.F.Macbr.","Melochia leucantha","SPECIES","ACCEPTED",100,"EXACT","Plantae","Tracheophyta","Magnoliopsida","Malvales","Malvaceae","Melochia","Melochia leucantha","2026-08-29 23:33:29 UTC"
"Mentzelia scabra","Plantae","7289741",NA,"Mentzelia scabra Kunth","Mentzelia scabra","SPECIES","ACCEPTED",100,"EXACT","Plantae","Tracheophyta","Magnoliopsida","Cornales","Loasaceae","Mentzelia","Mentzelia scabra","2026-08-29 23:33:29 UTC"
"Minthostachys mollis","Plantae","7306778",NA,"Minthostachys mollis (Benth.) Griseb.","Minthostachys mollis","SPECIES","ACCEPTED",100,"EXACT","Plantae","Tracheophyta","Magnoliopsida","Lamiales","Lamiaceae","Minthostachys","Minthostachys mollis","2026-08-29 23:33:29 UTC"
"Mirabilis viscosa","Plantae","3700642",NA,"Mirabilis viscosa Cav.","Mirabilis viscosa","SPECIES","ACCEPTED",100,"EXACT","Plantae","Tracheophyta","Magnoliopsida","Caryophyllales","Nyctaginaceae","Mirabilis","Mirabilis viscosa","2026-08-29 23:33:29 UTC"
"Morella pubescens","Plantae","3744993",NA,"Morella pubescens (Humb. & Bonpl. ex Willd.) Wilbur","Morella pubescens","SPECIES","ACCEPTED",99,"EXACT","Plantae","Tracheophyta","Magnoliopsida","Fagales","Myricaceae","Morella","Morella pubescens","2026-08-29 23:33:29 UTC"
"Muehlenbeckia volcanica","Plantae","4038573",NA,"Muehlenbeckia volcanica (Benth.) Endl.","Muehlenbeckia volcanica","SPECIES","ACCEPTED",99,"EXACT","Plantae","Tracheophyta","Magnoliopsida","Caryophyllales","Polygonaceae","Muehlenbeckia","Muehlenbeckia volcanica","2026-08-29 23:33:29 UTC"
"Musa acuminata","Plantae","2762680",NA,"Musa acuminata Colla","Musa acuminata","SPECIES","ACCEPTED",100,"EXACT","Plantae","Tracheophyta","Liliopsida","Zingiberales","Musaceae","Musa","Musa acuminata","2026-08-29 23:33:29 UTC"
"Mutisia cochabambensis","Plantae","3144130",NA,"Mutisia cochabambensis Hieron.","Mutisia cochabambensis","SPECIES","ACCEPTED",100,"EXACT","Plantae","Tracheophyta","Magnoliopsida","Asterales","Asteraceae","Mutisia","Mutisia cochabambensis","2026-08-29 23:33:29 UTC"
"Myoxanthus oliviae","Plantae","10845478",NA,"Myoxanthus oliviae Kolan. & Szlach.","Myoxanthus oliviae","SPECIES","ACCEPTED",100,"EXACT","Plantae","Tracheophyta","Liliopsida","Asparagales","Orchidaceae","Myoxanthus","Myoxanthus oliviae","2026-08-29 23:33:29 UTC"
"Myoxanthus serripetalus","Plantae","2801885",NA,"Myoxanthus serripetalus (Kraenzl.) Luer","Myoxanthus serripetalus","SPECIES","ACCEPTED",100,"EXACT","Plantae","Tracheophyta","Liliopsida","Asparagales","Orchidaceae","Myoxanthus","Myoxanthus serripetalus","2026-08-29 23:33:29 UTC"
"Myriopteris microphylla","Plantae","7971606",NA,"Myriopteris microphylla (Sw.) Grusz & Windham","Myriopteris microphylla","SPECIES","ACCEPTED",100,"EXACT","Plantae","Tracheophyta","Polypodiopsida","Polypodiales","Pteridaceae","Myriopteris","Myriopteris microphylla","2026-08-29 23:33:29 UTC"
"Myrrhinium atropurpureum","Plantae","3175434",NA,"Myrrhinium atropurpureum Schott","Myrrhinium atropurpureum","SPECIES","ACCEPTED",100,"EXACT","Plantae","Tracheophyta","Magnoliopsida","Myrtales","Myrtaceae","Myrrhinium","Myrrhinium atropurpureum","2026-08-29 23:33:29 UTC"
"Nasa poissoniana","Plantae","5646517",NA,"Nasa poissoniana (Urb. & Gilg) Weigend","Nasa poissoniana","SPECIES","ACCEPTED",100,"EXACT","Plantae","Tracheophyta","Magnoliopsida","Cornales","Loasaceae","Nasa","Nasa poissoniana","2026-08-29 23:33:29 UTC"
"Nasa ranunculifolia macrantha","Plantae","7902978",NA,"Nasa ranunculifolia subsp. macrantha (Urb. & Gilg) Weigend","Nasa ranunculifolia macrantha","SUBSPECIES","ACCEPTED",100,"EXACT","Plantae","Tracheophyta","Magnoliopsida","Cornales","Loasaceae","Nasa","Nasa ranunculifolia","2026-08-29 23:33:29 UTC"
"Nasa vargasii","Plantae","5646359",NA,"Nasa vargasii (J.F.Macbr) Weigend","Nasa vargasii","SPECIES","ACCEPTED",100,"EXACT","Plantae","Tracheophyta","Magnoliopsida","Cornales","Loasaceae","Nasa","Nasa vargasii","2026-08-29 23:33:29 UTC"
"Nasturtium officinale","Plantae","7701037",NA,"Nasturtium officinale R.Br.","Nasturtium officinale","SPECIES","ACCEPTED",99,"EXACT","Plantae","Tracheophyta","Magnoliopsida","Brassicales","Brassicaceae","Nasturtium","Nasturtium officinale","2026-08-29 23:33:29 UTC"
"Neobartsia camporum","Plantae","9473463",NA,"Neobartsia camporum (Diels) Uribe-Convers & Tank","Neobartsia camporum","SPECIES","ACCEPTED",100,"EXACT","Plantae","Tracheophyta","Magnoliopsida","Lamiales","Orobanchaceae","Neobartsia","Neobartsia camporum","2026-08-29 23:33:29 UTC"
"Nertera granadensis","Plantae","2911624",NA,"Nertera granadensis (Mutis ex L.f.) Druce","Nertera granadensis","SPECIES","ACCEPTED",100,"EXACT","Plantae","Tracheophyta","Magnoliopsida","Gentianales","Rubiaceae","Nertera","Nertera granadensis","2026-08-29 23:33:29 UTC"
"Nicandra physalodes","Plantae","5341754",NA,"Nicandra physalodes (L.) Gaertn.","Nicandra physalodes","SPECIES","ACCEPTED",99,"EXACT","Plantae","Tracheophyta","Magnoliopsida","Solanales","Solanaceae","Nicandra","Nicandra physalodes","2026-08-29 23:33:29 UTC"
"Nicotiana glauca","Plantae","2928783",NA,"Nicotiana glauca Graham","Nicotiana glauca","SPECIES","ACCEPTED",100,"EXACT","Plantae","Tracheophyta","Magnoliopsida","Solanales","Solanaceae","Nicotiana","Nicotiana glauca","2026-08-29 23:33:29 UTC"
"Nicotiana paniculata","Plantae","2928760",NA,"Nicotiana paniculata L.","Nicotiana paniculata","SPECIES","ACCEPTED",100,"EXACT","Plantae","Tracheophyta","Magnoliopsida","Solanales","Solanaceae","Nicotiana","Nicotiana paniculata","2026-08-29 23:33:29 UTC"
"Nicotiana tomentosa","Plantae","2928772",NA,"Nicotiana tomentosa Ruiz & Pav.","Nicotiana tomentosa","SPECIES","ACCEPTED",100,"EXACT","Plantae","Tracheophyta","Magnoliopsida","Solanales","Solanaceae","Nicotiana","Nicotiana tomentosa","2026-08-29 23:33:29 UTC"
"Nothoscordum andicola","Plantae","2855567",NA,"Nothoscordum andicola Kunth","Nothoscordum andicola","SPECIES","ACCEPTED",100,"EXACT","Plantae","Tracheophyta","Liliopsida","Asparagales","Amaryllidaceae","Nothoscordum","Nothoscordum andicola","2026-08-29 23:33:29 UTC"
"Oenothera multicaulis","Plantae","3663746",NA,"Oenothera multicaulis Ruiz & Pav.","Oenothera multicaulis","SPECIES","ACCEPTED",100,"EXACT","Plantae","Tracheophyta","Magnoliopsida","Myrtales","Onagraceae","Oenothera","Oenothera multicaulis","2026-08-29 23:33:29 UTC"
"Oenothera rosea","Plantae","3188875",NA,"Oenothera rosea Aiton","Oenothera rosea","SPECIES","ACCEPTED",100,"EXACT","Plantae","Tracheophyta","Magnoliopsida","Myrtales","Onagraceae","Oenothera","Oenothera rosea","2026-08-29 23:33:29 UTC"
"Oenothera versicolor","Plantae","7914241",NA,"Oenothera versicolor Lehm.","Oenothera versicolor","SPECIES","ACCEPTED",99,"EXACT","Plantae","Tracheophyta","Magnoliopsida","Myrtales","Onagraceae","Oenothera","Oenothera versicolor","2026-08-29 23:33:29 UTC"
"Oncidium lykaiosii","Plantae","5322259",NA,"Oncidium lykaiosii R.V<U+00E1>squez & Dodson","Oncidium lykaiosii","SPECIES","ACCEPTED",100,"EXACT","Plantae","Tracheophyta","Liliopsida","Asparagales","Orchidaceae","Oncidium","Oncidium lykaiosii","2026-08-29 23:33:29 UTC"
"Oncidium retusum","Plantae","5321566",NA,"Oncidium retusum Lindl.","Oncidium retusum","SPECIES","ACCEPTED",99,"EXACT","Plantae","Tracheophyta","Liliopsida","Asparagales","Orchidaceae","Oncidium","Oncidium retusum","2026-08-29 23:33:29 UTC"
"Oncidium weddellii","Plantae","5322007",NA,"Oncidium weddellii Lindl.","Oncidium weddellii","SPECIES","ACCEPTED",100,"EXACT","Plantae","Tracheophyta","Liliopsida","Asparagales","Orchidaceae","Oncidium","Oncidium weddellii","2026-08-29 23:33:29 UTC"
"Onoseris albicans","Plantae","3143173",NA,"Onoseris albicans (D.Don) Ferreyra","Onoseris albicans","SPECIES","ACCEPTED",100,"EXACT","Plantae","Tracheophyta","Magnoliopsida","Asterales","Asteraceae","Onoseris","Onoseris albicans","2026-08-29 23:33:29 UTC"
"Onoseris gnaphalioides","Plantae","3143140",NA,"Onoseris gnaphalioides Muschl.","Onoseris gnaphalioides","SPECIES","ACCEPTED",100,"EXACT","Plantae","Tracheophyta","Magnoliopsida","Asterales","Asteraceae","Onoseris","Onoseris gnaphalioides","2026-08-29 23:33:29 UTC"
"Opuntia ficus-indica","Plantae","5384064",NA,"Opuntia ficus-indica (L.) Mill.","Opuntia ficus-indica","SPECIES","ACCEPTED",99,"EXACT","Plantae","Tracheophyta","Magnoliopsida","Caryophyllales","Cactaceae","Opuntia","Opuntia ficus-indica","2026-08-29 23:33:29 UTC"
"Opuntia pubescens","Plantae","5625358",NA,"Opuntia pubescens H.L.Wendl.","Opuntia pubescens","SPECIES","ACCEPTED",99,"EXACT","Plantae","Tracheophyta","Magnoliopsida","Caryophyllales","Cactaceae","Opuntia","Opuntia pubescens","2026-08-29 23:33:29 UTC"
"Oreocallis grandiflora","Plantae","7287732",NA,"Oreocallis grandiflora (Lam.) R.Br.","Oreocallis grandiflora","SPECIES","ACCEPTED",100,"EXACT","Plantae","Tracheophyta","Magnoliopsida","Proteales","Proteaceae","Oreocallis","Oreocallis grandiflora","2026-08-29 23:33:29 UTC"
"Oreopanax thaumasiophyllus","Plantae","3036735",NA,"Oreopanax thaumasiophyllus Harms","Oreopanax thaumasiophyllus","SPECIES","ACCEPTED",100,"EXACT","Plantae","Tracheophyta","Magnoliopsida","Apiales","Araliaceae","Oreopanax","Oreopanax thaumasiophyllus","2026-08-29 23:33:29 UTC"
"Oritrophium hieracioides","Plantae","3096762",NA,"Oritrophium hieracioides (Wedd.) Cuatrec.","Oritrophium hieracioides","SPECIES","ACCEPTED",100,"EXACT","Plantae","Tracheophyta","Magnoliopsida","Asterales","Asteraceae","Oritrophium","Oritrophium hieracioides","2026-08-29 23:33:29 UTC"
"Ourisia chamaedrifolia","Plantae","7332044",NA,"Ourisia chamaedrifolia Benth.","Ourisia chamaedrifolia","SPECIES","ACCEPTED",100,"EXACT","Plantae","Tracheophyta","Magnoliopsida","Lamiales","Plantaginaceae","Ourisia","Ourisia chamaedrifolia","2026-08-29 23:33:29 UTC"
"Paspalum ceresia","Plantae","4114040",NA,"Paspalum ceresia (Kuntze) Chase","Paspalum ceresia","SPECIES","ACCEPTED",100,"EXACT","Plantae","Tracheophyta","Liliopsida","Poales","Poaceae","Paspalum","Paspalum ceresia","2026-08-29 23:33:29 UTC"
"Passiflora foetida","Plantae","2874211",NA,"Passiflora foetida L.","Passiflora foetida","SPECIES","ACCEPTED",99,"EXACT","Plantae","Tracheophyta","Magnoliopsida","Malpighiales","Passifloraceae","Passiflora","Passiflora foetida","2026-08-29 23:33:29 UTC"
"Passiflora ligularis","Plantae","2874198",NA,"Passiflora ligularis Juss.","Passiflora ligularis","SPECIES","ACCEPTED",100,"EXACT","Plantae","Tracheophyta","Magnoliopsida","Malpighiales","Passifloraceae","Passiflora","Passiflora ligularis","2026-08-29 23:33:29 UTC"
"Passiflora mixta","Plantae","8368994",NA,"Passiflora mixta L.fil.","Passiflora mixta","SPECIES","ACCEPTED",100,"EXACT","Plantae","Tracheophyta","Magnoliopsida","Malpighiales","Passifloraceae","Passiflora","Passiflora mixta","2026-08-29 23:33:29 UTC"
"Passiflora pinnatistipula","Plantae","7313368",NA,"Passiflora pinnatistipula Cav.","Passiflora pinnatistipula","SPECIES","ACCEPTED",100,"EXACT","Plantae","Tracheophyta","Magnoliopsida","Malpighiales","Passifloraceae","Passiflora","Passiflora pinnatistipula","2026-08-29 23:33:29 UTC"
"Passiflora trifoliata","Plantae","7313419",NA,"Passiflora trifoliata Cav.","Passiflora trifoliata","SPECIES","ACCEPTED",100,"EXACT","Plantae","Tracheophyta","Magnoliopsida","Malpighiales","Passifloraceae","Passiflora","Passiflora trifoliata","2026-08-29 23:33:29 UTC"
"Passiflora tripartita","Plantae","7152132",NA,"Passiflora tripartita (Juss.) Poir.","Passiflora tripartita","SPECIES","ACCEPTED",99,"EXACT","Plantae","Tracheophyta","Magnoliopsida","Malpighiales","Passifloraceae","Passiflora","Passiflora tripartita","2026-08-29 23:33:29 UTC"
"Passiflora tripartita mollissima","Plantae","3587022",NA,"Passiflora tripartita var. mollissima (Kunth) Holm-Niels. & P.J<U+00F8>rg.","Passiflora tripartita mollissima","VARIETY","ACCEPTED",100,"EXACT","Plantae","Tracheophyta","Magnoliopsida","Malpighiales","Passifloraceae","Passiflora","Passiflora tripartita","2026-08-29 23:33:29 UTC"
"Passiflora trisecta","Plantae","7890748",NA,"Passiflora trisecta Mast.","Passiflora trisecta","SPECIES","ACCEPTED",99,"EXACT","Plantae","Tracheophyta","Magnoliopsida","Malpighiales","Passifloraceae","Passiflora","Passiflora trisecta","2026-08-29 23:33:29 UTC"
"Peperomia galioides","Plantae","7305021",NA,"Peperomia galioides Kunth","Peperomia galioides","SPECIES","ACCEPTED",100,"EXACT","Plantae","Tracheophyta","Magnoliopsida","Piperales","Piperaceae","Peperomia","Peperomia galioides","2026-08-29 23:33:29 UTC"
"Peperomia tetraphylla","Plantae","3086448",NA,"Peperomia tetraphylla (G.Forst.) Hook. & Arn.","Peperomia tetraphylla","SPECIES","ACCEPTED",99,"EXACT","Plantae","Tracheophyta","Magnoliopsida","Piperales","Piperaceae","Peperomia","Peperomia tetraphylla","2026-08-29 23:33:29 UTC"
"Perezia coerulescens","Plantae","5391414","5391447","Perezia coerulescens Wedd.","Perezia coerulescens","SPECIES","SYNONYM",100,"EXACT","Plantae","Tracheophyta","Magnoliopsida","Asterales","Asteraceae","Perezia","Perezia pinnatifida","2026-08-29 23:33:29 UTC"
"Perezia multiflora","Plantae","5391359",NA,"Perezia multiflora (Bonpl.) Less.","Perezia multiflora","SPECIES","ACCEPTED",100,"EXACT","Plantae","Tracheophyta","Magnoliopsida","Asterales","Asteraceae","Perezia","Perezia multiflora","2026-08-29 23:33:29 UTC"
"Perezia multiflora multiflora","Plantae","7223083",NA,"Perezia multiflora subsp. multiflora","Perezia multiflora multiflora","SUBSPECIES","ACCEPTED",99,"EXACT","Plantae","Tracheophyta","Magnoliopsida","Asterales","Asteraceae","Perezia","Perezia multiflora","2026-08-29 23:33:29 UTC"
"Perezia pungens","Plantae","5391419",NA,"Perezia pungens (Bonpl.) Less.","Perezia pungens","SPECIES","ACCEPTED",100,"EXACT","Plantae","Tracheophyta","Magnoliopsida","Asterales","Asteraceae","Perezia","Perezia pungens","2026-08-29 23:33:29 UTC"
"Persea americana","Plantae","3034046",NA,"Persea americana Mill.","Persea americana","SPECIES","ACCEPTED",99,"EXACT","Plantae","Tracheophyta","Magnoliopsida","Laurales","Lauraceae","Persea","Persea americana","2026-08-29 23:33:29 UTC"
"Philibertia lysimachioides","Plantae","5829379",NA,"Philibertia lysimachioides (Wedd.) T.Mey.","Philibertia lysimachioides","SPECIES","ACCEPTED",100,"EXACT","Plantae","Tracheophyta","Magnoliopsida","Gentianales","Apocynaceae","Philibertia","Philibertia lysimachioides","2026-08-29 23:33:29 UTC"
"Philoglossa mimuloides","Plantae","3118688",NA,"Philoglossa mimuloides (Hieron.) H.Rob. & Cuatrec.","Philoglossa mimuloides","SPECIES","ACCEPTED",100,"EXACT","Plantae","Tracheophyta","Magnoliopsida","Asterales","Asteraceae","Philoglossa","Philoglossa mimuloides","2026-08-29 23:33:29 UTC"
"Phlegmariurus andinus","Plantae","7413474",NA,"Phlegmariurus andinus (Rosenst.) B.<U+00D8>llg.","Phlegmariurus andinus","SPECIES","ACCEPTED",100,"EXACT","Plantae","Tracheophyta","Lycopodiopsida","Lycopodiales","Lycopodiaceae","Phlegmariurus","Phlegmariurus andinus","2026-08-29 23:33:29 UTC"
"Phlegmariurus crassus","Plantae","8314351",NA,"Phlegmariurus crassus (Humb. & Bonpl. ex Willd.) B.<U+00D8>llg.","Phlegmariurus crassus","SPECIES","ACCEPTED",100,"EXACT","Plantae","Tracheophyta","Lycopodiopsida","Lycopodiales","Lycopodiaceae","Phlegmariurus","Phlegmariurus crassus","2026-08-29 23:33:29 UTC"
"Phoenix canariensis","Plantae","7445284",NA,"Phoenix canariensis H.Wildpret","Phoenix canariensis","SPECIES","ACCEPTED",99,"EXACT","Plantae","Tracheophyta","Liliopsida","Arecales","Arecaceae","Phoenix","Phoenix canariensis","2026-08-29 23:33:29 UTC"
"Phylloscirpus acaulis","Plantae","5291317",NA,"Phylloscirpus acaulis (Phil.) Goetgh. & D.A.Simpson","Phylloscirpus acaulis","SPECIES","ACCEPTED",100,"EXACT","Plantae","Tracheophyta","Liliopsida","Poales","Cyperaceae","Phylloscirpus","Phylloscirpus acaulis","2026-08-29 23:33:29 UTC"
"Physalis peruviana","Plantae","5341784",NA,"Physalis peruviana L.","Physalis peruviana","SPECIES","ACCEPTED",99,"EXACT","Plantae","Tracheophyta","Magnoliopsida","Solanales","Solanaceae","Physalis","Physalis peruviana","2026-08-29 23:33:29 UTC"
"Phytolacca bogotensis","Plantae","3084020",NA,"Phytolacca bogotensis Kunth","Phytolacca bogotensis","SPECIES","ACCEPTED",99,"EXACT","Plantae","Tracheophyta","Magnoliopsida","Caryophyllales","Phytolaccaceae","Phytolacca","Phytolacca bogotensis","2026-08-29 23:33:29 UTC"
"Phytolacca octandra","Plantae","3084021","3084023","Phytolacca octandra L.","Phytolacca octandra","SPECIES","SYNONYM",99,"EXACT","Plantae","Tracheophyta","Magnoliopsida","Caryophyllales","Phytolaccaceae","Phytolacca","Phytolacca icosandra","2026-08-29 23:33:29 UTC"
"Pilea serpyllacea","Plantae","5670500",NA,"Pilea serpyllacea (Kunth) Liebm.","Pilea serpyllacea","SPECIES","ACCEPTED",99,"EXACT","Plantae","Tracheophyta","Magnoliopsida","Rosales","Urticaceae","Pilea","Pilea serpyllacea","2026-08-29 23:33:29 UTC"
"Pineda incana","Plantae","7908603",NA,"Pineda incana Ruiz & Pav.","Pineda incana","SPECIES","ACCEPTED",100,"EXACT","Plantae","Tracheophyta","Magnoliopsida","Malpighiales","Salicaceae","Pineda","Pineda incana","2026-08-29 23:33:29 UTC"
"Plagiochasma rupestre","Plantae","8606860",NA,"Plagiochasma rupestre (J.R.Forst. & G.Forst.) Steph.","Plagiochasma rupestre","SPECIES","ACCEPTED",100,"EXACT","Plantae","Marchantiophyta","Marchantiopsida","Marchantiales","Aytoniaceae","Plagiochasma","Plagiochasma rupestre","2026-08-29 23:33:29 UTC"
"Plantago rigida","Plantae","7749255",NA,"Plantago rigida Kunth","Plantago rigida","SPECIES","ACCEPTED",99,"EXACT","Plantae","Tracheophyta","Magnoliopsida","Lamiales","Plantaginaceae","Plantago","Plantago rigida","2026-08-29 23:33:29 UTC"
"Plantago tubulosa","Plantae","7303101",NA,"Plantago tubulosa Decne.","Plantago tubulosa","SPECIES","ACCEPTED",100,"EXACT","Plantae","Tracheophyta","Magnoliopsida","Lamiales","Plantaginaceae","Plantago","Plantago tubulosa","2026-08-29 23:33:29 UTC"
"Polylepis incana","Plantae","5370633",NA,"Polylepis incana Kunth","Polylepis incana","SPECIES","ACCEPTED",100,"EXACT","Plantae","Tracheophyta","Magnoliopsida","Rosales","Rosaceae","Polylepis","Polylepis incana","2026-08-29 23:33:29 UTC"
"Polystichum orbiculatum","Plantae","7774122",NA,"Polystichum orbiculatum (Desv.) J.R<U+00E9>my & F<U+00E9>e","Polystichum orbiculatum","SPECIES","ACCEPTED",99,"EXACT","Plantae","Tracheophyta","Polypodiopsida","Polypodiales","Dryopteridaceae","Polystichum","Polystichum orbiculatum","2026-08-29 23:33:29 UTC"
"Pontederia crassipes","Plantae","2765942",NA,"Pontederia crassipes Mart.","Pontederia crassipes","SPECIES","ACCEPTED",99,"EXACT","Plantae","Tracheophyta","Liliopsida","Commelinales","Pontederiaceae","Pontederia","Pontederia crassipes","2026-08-29 23:33:29 UTC"
"Ponthieva mandonii","Plantae","2784515",NA,"Ponthieva mandonii Rchb.f.","Ponthieva mandonii","SPECIES","ACCEPTED",100,"EXACT","Plantae","Tracheophyta","Liliopsida","Asparagales","Orchidaceae","Ponthieva","Ponthieva mandonii","2026-08-29 23:33:29 UTC"
"Prestonia quinquangularis","Plantae","5414415",NA,"Prestonia quinquangularis (Jacq.) Spreng.","Prestonia quinquangularis","SPECIES","ACCEPTED",100,"EXACT","Plantae","Tracheophyta","Magnoliopsida","Gentianales","Apocynaceae","Prestonia","Prestonia quinquangularis","2026-08-29 23:33:29 UTC"
"Prunus persica","Plantae","8149923",NA,"Prunus persica (L.) Stokes","Prunus persica","SPECIES","ACCEPTED",99,"EXACT","Plantae","Tracheophyta","Magnoliopsida","Rosales","Rosaceae","Prunus","Prunus persica","2026-08-29 23:33:29 UTC"
"Pterichis silvestris","Plantae","2850734",NA,"Pterichis silvestris Schltr.","Pterichis silvestris","SPECIES","ACCEPTED",100,"EXACT","Plantae","Tracheophyta","Liliopsida","Asparagales","Orchidaceae","Pterichis","Pterichis silvestris","2026-08-29 23:33:29 UTC"
"Puya cochabambensis","Plantae","2696150",NA,"Puya cochabambensis R.V<U+00E1>squez & Ibisch","Puya cochabambensis","SPECIES","ACCEPTED",100,"EXACT","Plantae","Tracheophyta","Liliopsida","Poales","Bromeliaceae","Puya","Puya cochabambensis","2026-08-29 23:33:29 UTC"
"Puya ferruginea","Plantae","2696278",NA,"Puya ferruginea (Ruiz & Pav.) L.B.Sm.","Puya ferruginea","SPECIES","ACCEPTED",100,"EXACT","Plantae","Tracheophyta","Liliopsida","Poales","Bromeliaceae","Puya","Puya ferruginea","2026-08-29 23:33:29 UTC"
"Puya weberbaueri","Plantae","2696223",NA,"Puya weberbaueri Mez","Puya weberbaueri","SPECIES","ACCEPTED",100,"EXACT","Plantae","Tracheophyta","Liliopsida","Poales","Bromeliaceae","Puya","Puya weberbaueri","2026-08-29 23:33:29 UTC"
"Pyrolirion arvense","Plantae","2855303",NA,"Pyrolirion arvense (F.Dietr.) Erhardt, G<U+00F6>tz & Seybold","Pyrolirion arvense","SPECIES","ACCEPTED",100,"EXACT","Plantae","Tracheophyta","Liliopsida","Asparagales","Amaryllidaceae","Pyrolirion","Pyrolirion arvense","2026-08-29 23:33:29 UTC"
"Pyrolirion tubiflorum","Plantae","8140253",NA,"Pyrolirion tubiflorum (L'H<U+00E9>r.) M.Roem.","Pyrolirion tubiflorum","SPECIES","ACCEPTED",100,"EXACT","Plantae","Tracheophyta","Liliopsida","Asparagales","Amaryllidaceae","Pyrolirion","Pyrolirion tubiflorum","2026-08-29 23:33:29 UTC"
"Quinchamalium chilense","Plantae","7265288",NA,"Quinchamalium chilense Molina","Quinchamalium chilense","SPECIES","ACCEPTED",99,"EXACT","Plantae","Tracheophyta","Magnoliopsida","Santalales","Schoepfiaceae","Quinchamalium","Quinchamalium chilense","2026-08-29 23:33:29 UTC"
"Racinaea tetrantha","Plantae","2694619",NA,"Racinaea tetrantha (Ruiz & Pav.) M.A.Spencer & L.B.Sm.","Racinaea tetrantha","SPECIES","ACCEPTED",100,"EXACT","Plantae","Tracheophyta","Liliopsida","Poales","Bromeliaceae","Racinaea","Racinaea tetrantha","2026-08-29 23:33:29 UTC"
"Raphanus raphanistrum sativus","Plantae","3040962",NA,"Raphanus L.","Raphanus","GENUS","ACCEPTED",98,"HIGHERRANK","Plantae","Tracheophyta","Magnoliopsida","Brassicales","Brassicaceae","Raphanus",NA,"2026-08-29 23:33:29 UTC"
"Ribes cuneifolium","Plantae","7335072",NA,"Ribes cuneifolium Ruiz & Pav.","Ribes cuneifolium","SPECIES","ACCEPTED",100,"EXACT","Plantae","Tracheophyta","Magnoliopsida","Saxifragales","Grossulariaceae","Ribes","Ribes cuneifolium","2026-08-29 23:33:29 UTC"
"Ribes incarnatum","Plantae","4194800",NA,"Ribes incarnatum Wedd.","Ribes incarnatum","SPECIES","ACCEPTED",100,"EXACT","Plantae","Tracheophyta","Magnoliopsida","Saxifragales","Grossulariaceae","Ribes","Ribes incarnatum","2026-08-29 23:33:29 UTC"
"Richardia brasiliensis","Plantae","5337499",NA,"Richardia brasiliensis Gomes","Richardia brasiliensis","SPECIES","ACCEPTED",100,"EXACT","Plantae","Tracheophyta","Magnoliopsida","Gentianales","Rubiaceae","Richardia","Richardia brasiliensis","2026-08-29 23:33:29 UTC"
"Ricinus communis","Plantae","5380041",NA,"Ricinus communis L.","Ricinus communis","SPECIES","ACCEPTED",100,"EXACT","Plantae","Tracheophyta","Magnoliopsida","Malpighiales","Euphorbiaceae","Ricinus","Ricinus communis","2026-08-29 23:33:29 UTC"
"Rockhausenia nubigena","Plantae","12174355",NA,"Rockhausenia nubigena (Kunth) D.J.N.Hind","Rockhausenia nubigena","SPECIES","ACCEPTED",100,"EXACT","Plantae","Tracheophyta","Magnoliopsida","Asterales","Asteraceae","Rockhausenia","Rockhausenia nubigena","2026-08-29 23:33:29 UTC"
"Rockhausenia orbignyana","Plantae","12185813",NA,"Rockhausenia orbignyana (Wedd.) D.J.N.Hind","Rockhausenia orbignyana","SPECIES","ACCEPTED",100,"EXACT","Plantae","Tracheophyta","Magnoliopsida","Asterales","Asteraceae","Rockhausenia","Rockhausenia orbignyana","2026-08-29 23:33:29 UTC"
"Rockhausenia pectinata","Plantae","12209742",NA,"Rockhausenia pectinata (Lingelsh.) D.J.N.Hind","Rockhausenia pectinata","SPECIES","ACCEPTED",100,"EXACT","Plantae","Tracheophyta","Magnoliopsida","Asterales","Asteraceae","Rockhausenia","Rockhausenia pectinata","2026-08-29 23:33:29 UTC"
"Rockhausenia villosa","Plantae","12238218",NA,"Rockhausenia villosa (A.Gray) D.J.N.Hind","Rockhausenia villosa","SPECIES","ACCEPTED",100,"EXACT","Plantae","Tracheophyta","Magnoliopsida","Asterales","Asteraceae","Rockhausenia","Rockhausenia villosa","2026-08-29 23:33:29 UTC"
"Rubus peruvianus","Plantae","9978661",NA,"Rubus peruvianus Fritsch ex Szyszyl.","Rubus peruvianus","SPECIES","ACCEPTED",99,"EXACT","Plantae","Tracheophyta","Magnoliopsida","Rosales","Rosaceae","Rubus","Rubus peruvianus","2026-08-29 23:33:29 UTC"
"Rumex acetosella","Plantae","2888995",NA,"Rumex acetosella L.","Rumex acetosella","SPECIES","ACCEPTED",99,"EXACT","Plantae","Tracheophyta","Magnoliopsida","Caryophyllales","Polygonaceae","Rumex","Rumex acetosella","2026-08-29 23:33:29 UTC"
"Rumex obtusifolius","Plantae","2889011",NA,"Rumex obtusifolius L.","Rumex obtusifolius","SPECIES","ACCEPTED",99,"EXACT","Plantae","Tracheophyta","Magnoliopsida","Caryophyllales","Polygonaceae","Rumex","Rumex obtusifolius","2026-08-29 23:33:29 UTC"
"Sacoila lanceolata","Plantae","2808912",NA,"Sacoila lanceolata (Aubl.) Garay","Sacoila lanceolata","SPECIES","ACCEPTED",100,"EXACT","Plantae","Tracheophyta","Liliopsida","Asparagales","Orchidaceae","Sacoila","Sacoila lanceolata","2026-08-29 23:33:29 UTC"
"Salpichroa didieriana","Plantae","12250679",NA,"Salpichroa didieriana Jaub.","Salpichroa didieriana","SPECIES","ACCEPTED",100,"EXACT","Plantae","Tracheophyta","Magnoliopsida","Solanales","Solanaceae","Salpichroa","Salpichroa didieriana","2026-08-29 23:33:29 UTC"
"Salpichroa glandulosa","Plantae","7299536",NA,"Salpichroa glandulosa (Hook.) Miers","Salpichroa glandulosa","SPECIES","ACCEPTED",100,"EXACT","Plantae","Tracheophyta","Magnoliopsida","Solanales","Solanaceae","Salpichroa","Salpichroa glandulosa","2026-08-29 23:33:29 UTC"
"Salvia cyanicalyx","Plantae","3904519",NA,"Salvia cyanicalyx Epling","Salvia cyanicalyx","SPECIES","ACCEPTED",100,"EXACT","Plantae","Tracheophyta","Magnoliopsida","Lamiales","Lamiaceae","Salvia","Salvia cyanicalyx","2026-08-29 23:33:29 UTC"
"Salvia dombeyi","Plantae","3903786",NA,"Salvia dombeyi Epling","Salvia dombeyi","SPECIES","ACCEPTED",100,"EXACT","Plantae","Tracheophyta","Magnoliopsida","Lamiales","Lamiaceae","Salvia","Salvia dombeyi","2026-08-29 23:33:29 UTC"
"Salvia sagittata","Plantae","3888514",NA,"Salvia sagittata Ruiz & Pav.","Salvia sagittata","SPECIES","ACCEPTED",100,"EXACT","Plantae","Tracheophyta","Magnoliopsida","Lamiales","Lamiaceae","Salvia","Salvia sagittata","2026-08-29 23:33:29 UTC"
"Sambucus peruviana","Plantae","3857458",NA,"Sambucus peruviana Kunth","Sambucus peruviana","SPECIES","ACCEPTED",100,"EXACT","Plantae","Tracheophyta","Magnoliopsida","Dipsacales","Viburnaceae","Sambucus","Sambucus peruviana","2026-08-29 23:33:29 UTC"
"Sauroglossum aurantiacum","Plantae","2816838",NA,"Sauroglossum aurantiacum (C.Schweinf.) Garay","Sauroglossum aurantiacum","SPECIES","ACCEPTED",100,"EXACT","Plantae","Tracheophyta","Liliopsida","Asparagales","Orchidaceae","Sauroglossum","Sauroglossum aurantiacum","2026-08-29 23:33:29 UTC"
"Saxifraga boussingaultii","Plantae","3752662",NA,"Saxifraga boussingaultii Brongn.","Saxifraga boussingaultii","SPECIES","ACCEPTED",100,"EXACT","Plantae","Tracheophyta","Magnoliopsida","Saxifragales","Saxifragaceae","Saxifraga","Saxifraga boussingaultii","2026-08-29 23:33:29 UTC"
"Schinus molle","Plantae","3190642",NA,"Schinus molle L.","Schinus molle","SPECIES","ACCEPTED",99,"EXACT","Plantae","Tracheophyta","Magnoliopsida","Sapindales","Anacardiaceae","Schinus","Schinus molle","2026-08-29 23:33:29 UTC"
"Seemannia sylvatica","Plantae","5589197",NA,"Seemannia sylvatica (Kunth) Hanst.","Seemannia sylvatica","SPECIES","ACCEPTED",99,"EXACT","Plantae","Tracheophyta","Magnoliopsida","Lamiales","Gesneriaceae","Seemannia","Seemannia sylvatica","2026-08-29 23:33:29 UTC"
"Senecio adenophyllus","Plantae","3108780",NA,"Senecio adenophyllus Meyen & Walp.","Senecio adenophyllus","SPECIES","ACCEPTED",100,"EXACT","Plantae","Tracheophyta","Magnoliopsida","Asterales","Asteraceae","Senecio","Senecio adenophyllus","2026-08-29 23:33:29 UTC"
"Senecio candollei","Plantae","4240190","3126513","Senecio candollei Wedd.","Senecio candollei","SPECIES","SYNONYM",100,"EXACT","Plantae","Tracheophyta","Magnoliopsida","Asterales","Asteraceae","Culcitium","Culcitium humile","2026-08-29 23:33:29 UTC"
"Senecio collinus","Plantae","7476150",NA,"Senecio collinus DC.","Senecio collinus","SPECIES","ACCEPTED",99,"EXACT","Plantae","Tracheophyta","Magnoliopsida","Asterales","Asteraceae","Senecio","Senecio collinus","2026-08-29 23:33:29 UTC"
"Senecio condimentarius","Plantae","3108518",NA,"Senecio condimentarius Cabrera","Senecio condimentarius","SPECIES","ACCEPTED",100,"EXACT","Plantae","Tracheophyta","Magnoliopsida","Asterales","Asteraceae","Senecio","Senecio condimentarius","2026-08-29 23:33:29 UTC"
"Senecio expansus","Plantae","3107202",NA,"Senecio expansus Wedd.","Senecio expansus","SPECIES","ACCEPTED",99,"EXACT","Plantae","Tracheophyta","Magnoliopsida","Asterales","Asteraceae","Senecio","Senecio expansus","2026-08-29 23:33:29 UTC"
"Senecio panticallensis","Plantae","4223751",NA,"Senecio panticallensis Cabrera","Senecio panticallensis","SPECIES","DOUBTFUL",99,"EXACT","Plantae","Tracheophyta","Magnoliopsida","Asterales","Asteraceae","Senecio","Senecio panticallensis","2026-08-29 23:33:29 UTC"
"Senecio peruensis","Plantae","4222804",NA,"Senecio peruensis Cuatrec.","Senecio peruensis","SPECIES","ACCEPTED",100,"EXACT","Plantae","Tracheophyta","Magnoliopsida","Asterales","Asteraceae","Senecio","Senecio peruensis","2026-08-29 23:33:29 UTC"
"Senecio rhizomatus","Plantae","3108526",NA,"Senecio rhizomatus Rusby","Senecio rhizomatus","SPECIES","ACCEPTED",100,"EXACT","Plantae","Tracheophyta","Magnoliopsida","Asterales","Asteraceae","Senecio","Senecio rhizomatus","2026-08-29 23:33:29 UTC"
"Senecio rufescens","Plantae","7488565",NA,"Senecio rufescens DC.","Senecio rufescens","SPECIES","ACCEPTED",99,"EXACT","Plantae","Tracheophyta","Magnoliopsida","Asterales","Asteraceae","Senecio","Senecio rufescens","2026-08-29 23:33:29 UTC"
"Senecio serratifolius","Plantae","3108855",NA,"Senecio serratifolius (Meyen & Walp.) Cuatrec.","Senecio serratifolius","SPECIES","ACCEPTED",99,"EXACT","Plantae","Tracheophyta","Magnoliopsida","Asterales","Asteraceae","Senecio","Senecio serratifolius","2026-08-29 23:33:29 UTC"
"Senna aymara","Plantae","2956973",NA,"Senna aymara H.S.Irwin & Barneby","Senna aymara","SPECIES","ACCEPTED",100,"EXACT","Plantae","Tracheophyta","Magnoliopsida","Fabales","Fabaceae","Senna","Senna aymara","2026-08-29 23:33:29 UTC"
"Sessea stipulata","Plantae","3796919",NA,"Sessea stipulata Ruiz & Pav.","Sessea stipulata","SPECIES","ACCEPTED",100,"EXACT","Plantae","Tracheophyta","Magnoliopsida","Solanales","Solanaceae","Sessea","Sessea stipulata","2026-08-29 23:33:29 UTC"
"Sida cordifolia","Plantae","5406755",NA,"Sida cordifolia L.","Sida cordifolia","SPECIES","ACCEPTED",99,"EXACT","Plantae","Tracheophyta","Magnoliopsida","Malvales","Malvaceae","Sida","Sida cordifolia","2026-08-29 23:33:29 UTC"
"Sigesbeckia jorullensis","Plantae","3125893",NA,"Sigesbeckia jorullensis Kunth","Sigesbeckia jorullensis","SPECIES","ACCEPTED",100,"EXACT","Plantae","Tracheophyta","Magnoliopsida","Asterales","Asteraceae","Sigesbeckia","Sigesbeckia jorullensis","2026-08-29 23:33:29 UTC"
"Silybum marianum","Plantae","3145214",NA,"Silybum marianum (L.) Gaertn.","Silybum marianum","SPECIES","ACCEPTED",100,"EXACT","Plantae","Tracheophyta","Magnoliopsida","Asterales","Asteraceae","Silybum","Silybum marianum","2026-08-29 23:33:29 UTC"
"Siphocampylus actinothrix","Plantae","3168631",NA,"Siphocampylus actinothrix E.Wimm.","Siphocampylus actinothrix","SPECIES","ACCEPTED",100,"EXACT","Plantae","Tracheophyta","Magnoliopsida","Asterales","Campanulaceae","Siphocampylus","Siphocampylus actinothrix","2026-08-29 23:33:29 UTC"
"Siphocampylus krauseanus","Plantae","3168474",NA,"Siphocampylus krauseanus E.Wimm.","Siphocampylus krauseanus","SPECIES","ACCEPTED",100,"EXACT","Plantae","Tracheophyta","Magnoliopsida","Asterales","Campanulaceae","Siphocampylus","Siphocampylus krauseanus","2026-08-29 23:33:29 UTC"
"Siphocampylus tupaeformis","Plantae","7274230",NA,"Siphocampylus tupaeformis Zahlbr.","Siphocampylus tupaeformis","SPECIES","ACCEPTED",100,"EXACT","Plantae","Tracheophyta","Magnoliopsida","Asterales","Campanulaceae","Siphocampylus","Siphocampylus tupaeformis","2026-08-29 23:33:29 UTC"
"Sobralia dichotoma","Plantae","2797509",NA,"Sobralia dichotoma Ruiz & Pav.","Sobralia dichotoma","SPECIES","ACCEPTED",100,"EXACT","Plantae","Tracheophyta","Liliopsida","Asparagales","Orchidaceae","Sobralia","Sobralia dichotoma","2026-08-29 23:33:29 UTC"
"Solanum anomalostemon","Plantae","2931187",NA,"Solanum anomalostemon S.Knapp & M.Nee","Solanum anomalostemon","SPECIES","ACCEPTED",100,"EXACT","Plantae","Tracheophyta","Magnoliopsida","Solanales","Solanaceae","Solanum","Solanum anomalostemon","2026-08-29 23:33:29 UTC"
"Solanum candolleanum","Plantae","3799175",NA,"Solanum candolleanum Berthault","Solanum candolleanum","SPECIES","ACCEPTED",100,"EXACT","Plantae","Tracheophyta","Magnoliopsida","Solanales","Solanaceae","Solanum","Solanum candolleanum","2026-08-29 23:33:29 UTC"
"Solanum caricaefolium","Plantae","2930325",NA,"Solanum caricaefolium Rusby","Solanum caricaefolium","SPECIES","ACCEPTED",100,"EXACT","Plantae","Tracheophyta","Magnoliopsida","Solanales","Solanaceae","Solanum","Solanum caricaefolium","2026-08-29 23:33:29 UTC"
"Solanum caripense","Plantae","2932832",NA,"Solanum caripense Humb. & Bonpl. ex Dunal","Solanum caripense","SPECIES","ACCEPTED",99,"EXACT","Plantae","Tracheophyta","Magnoliopsida","Solanales","Solanaceae","Solanum","Solanum caripense","2026-08-29 23:33:29 UTC"
"Solanum muricatum","Plantae","2931290",NA,"Solanum muricatum Aiton","Solanum muricatum","SPECIES","ACCEPTED",99,"EXACT","Plantae","Tracheophyta","Magnoliopsida","Solanales","Solanaceae","Solanum","Solanum muricatum","2026-08-29 23:33:29 UTC"
"Solanum nitidum","Plantae","2930198",NA,"Solanum nitidum Ruiz & Pav.","Solanum nitidum","SPECIES","ACCEPTED",99,"EXACT","Plantae","Tracheophyta","Magnoliopsida","Solanales","Solanaceae","Solanum","Solanum nitidum","2026-08-29 23:33:29 UTC"
"Solanum ochranthum","Plantae","2929382",NA,"Solanum ochranthum Humb. & Bonpl. ex Dunal","Solanum ochranthum","SPECIES","ACCEPTED",99,"EXACT","Plantae","Tracheophyta","Magnoliopsida","Solanales","Solanaceae","Solanum","Solanum ochranthum","2026-08-29 23:33:29 UTC"
"Solanum pentlandii","Plantae","3798180",NA,"Solanum pentlandii Dunal","Solanum pentlandii","SPECIES","ACCEPTED",100,"EXACT","Plantae","Tracheophyta","Magnoliopsida","Solanales","Solanaceae","Solanum","Solanum pentlandii","2026-08-29 23:33:29 UTC"
"Solanum tuberosum","Plantae","2930262",NA,"Solanum tuberosum L.","Solanum tuberosum","SPECIES","ACCEPTED",99,"EXACT","Plantae","Tracheophyta","Magnoliopsida","Solanales","Solanaceae","Solanum","Solanum tuberosum","2026-08-29 23:33:29 UTC"
"Spartium junceum","Plantae","5355395",NA,"Spartium junceum L.","Spartium junceum","SPECIES","ACCEPTED",100,"EXACT","Plantae","Tracheophyta","Magnoliopsida","Fabales","Fabaceae","Spartium","Spartium junceum","2026-08-29 23:33:29 UTC"
"Spathodea campanulata","Plantae","3172574",NA,"Spathodea campanulata Beauverd","Spathodea campanulata","SPECIES","ACCEPTED",99,"EXACT","Plantae","Tracheophyta","Magnoliopsida","Lamiales","Bignoniaceae","Spathodea","Spathodea campanulata","2026-08-29 23:33:29 UTC"
"Stellaria cuspidata","Plantae","5384613",NA,"Stellaria cuspidata Willd. ex D.F.K.Schltdl.","Stellaria cuspidata","SPECIES","ACCEPTED",99,"EXACT","Plantae","Tracheophyta","Magnoliopsida","Caryophyllales","Caryophyllaceae","Stellaria","Stellaria cuspidata","2026-08-29 23:33:29 UTC"
"Stellaria media","Plantae","5384604",NA,"Stellaria media (L.) Vill.","Stellaria media","SPECIES","ACCEPTED",99,"EXACT","Plantae","Tracheophyta","Magnoliopsida","Caryophyllales","Caryophyllaceae","Stellaria","Stellaria media","2026-08-29 23:33:29 UTC"
"Stellaria weddellii","Plantae","5587921",NA,"Stellaria weddellii Pedersen","Stellaria weddellii","SPECIES","ACCEPTED",100,"EXACT","Plantae","Tracheophyta","Magnoliopsida","Caryophyllales","Caryophyllaceae","Stellaria","Stellaria weddellii","2026-08-29 23:33:29 UTC"
"Stenomesson pearcei","Plantae","2859444",NA,"Stenomesson pearcei Baker","Stenomesson pearcei","SPECIES","ACCEPTED",100,"EXACT","Plantae","Tracheophyta","Liliopsida","Asparagales","Amaryllidaceae","Stenomesson","Stenomesson pearcei","2026-08-29 23:33:29 UTC"
"Streptosolen jamesonii","Plantae","5341821",NA,"Streptosolen jamesonii (Benth.) Miers","Streptosolen jamesonii","SPECIES","ACCEPTED",100,"EXACT","Plantae","Tracheophyta","Magnoliopsida","Solanales","Solanaceae","Streptosolen","Streptosolen jamesonii","2026-08-29 23:33:29 UTC"
"Tagetes multiflora","Plantae","3088531",NA,"Tagetes multiflora Kunth","Tagetes multiflora","SPECIES","ACCEPTED",100,"EXACT","Plantae","Tracheophyta","Magnoliopsida","Asterales","Asteraceae","Tagetes","Tagetes multiflora","2026-08-29 23:33:29 UTC"
"Tagetes patula","Plantae","3088492","3088488","Tagetes patula L.","Tagetes patula","SPECIES","SYNONYM",100,"EXACT","Plantae","Tracheophyta","Magnoliopsida","Asterales","Asteraceae","Tagetes","Tagetes erecta","2026-08-29 23:33:29 UTC"
"Tara spinosa","Plantae","5354727",NA,"Tara spinosa (Molina) Britton & Rose","Tara spinosa","SPECIES","ACCEPTED",100,"EXACT","Plantae","Tracheophyta","Magnoliopsida","Fabales","Fabaceae","Tara","Tara spinosa","2026-08-29 23:33:29 UTC"
"Tarasa capitata","Plantae","3936920",NA,"Tarasa capitata (Cav.) D.M.Bates","Tarasa capitata","SPECIES","ACCEPTED",100,"EXACT","Plantae","Tracheophyta","Magnoliopsida","Malvales","Malvaceae","Tarasa","Tarasa capitata","2026-08-29 23:33:29 UTC"
"Taraxacum officinale","Plantae","5394163",NA,"Taraxacum officinale Weber ex F.H.Wigg.","Taraxacum officinale","SPECIES","ACCEPTED",99,"EXACT","Plantae","Tracheophyta","Magnoliopsida","Asterales","Asteraceae","Taraxacum","Taraxacum officinale","2026-08-29 23:33:29 UTC"
"Tecoma fulva","Plantae","7298537",NA,"Tecoma fulva (Cav.) G.Don","Tecoma fulva","SPECIES","ACCEPTED",100,"EXACT","Plantae","Tracheophyta","Magnoliopsida","Lamiales","Bignoniaceae","Tecoma","Tecoma fulva","2026-08-29 23:33:29 UTC"
"Tecoma stans","Plantae","3172492",NA,"Tecoma stans (L.) Juss. ex Kunth","Tecoma stans","SPECIES","ACCEPTED",99,"EXACT","Plantae","Tracheophyta","Magnoliopsida","Lamiales","Bignoniaceae","Tecoma","Tecoma stans","2026-08-29 23:33:29 UTC"
"Telipogon antisuyuensis","Plantae","2791088",NA,"Telipogon antisuyuensis Nauray & A.Gal<U+00E1>n","Telipogon antisuyuensis","SPECIES","ACCEPTED",100,"EXACT","Plantae","Tracheophyta","Liliopsida","Asparagales","Orchidaceae","Telipogon","Telipogon antisuyuensis","2026-08-29 23:33:29 UTC"
"Tillandsia denudata","Plantae","2695281",NA,"Tillandsia denudata Andr<U+00E9>","Tillandsia denudata","SPECIES","ACCEPTED",100,"EXACT","Plantae","Tracheophyta","Liliopsida","Poales","Bromeliaceae","Tillandsia","Tillandsia denudata","2026-08-29 23:33:29 UTC"
"Tillandsia minutiflora","Plantae","7554143",NA,"Tillandsia minutiflora Donadio","Tillandsia minutiflora","SPECIES","ACCEPTED",100,"EXACT","Plantae","Tracheophyta","Liliopsida","Poales","Bromeliaceae","Tillandsia","Tillandsia minutiflora","2026-08-29 23:33:29 UTC"
"Tillandsia patula","Plantae","2699855","5288920","Tillandsia patula Mez","Tillandsia patula","SPECIES","SYNONYM",100,"EXACT","Plantae","Tracheophyta","Liliopsida","Poales","Bromeliaceae","Vriesea","Vriesea patula","2026-08-29 23:33:29 UTC"
"Tillandsia pyramidata","Plantae","2694989",NA,"Tillandsia pyramidata Andr<U+00E9>","Tillandsia pyramidata","SPECIES","ACCEPTED",100,"EXACT","Plantae","Tracheophyta","Liliopsida","Poales","Bromeliaceae","Tillandsia","Tillandsia pyramidata","2026-08-29 23:33:29 UTC"
"Tillandsia recurvata","Plantae","2695588",NA,"Tillandsia recurvata (L.) L.","Tillandsia recurvata","SPECIES","ACCEPTED",99,"EXACT","Plantae","Tracheophyta","Liliopsida","Poales","Bromeliaceae","Tillandsia","Tillandsia recurvata","2026-08-29 23:33:29 UTC"
"Tillandsia streptocarpa","Plantae","2695421",NA,"Tillandsia streptocarpa Baker","Tillandsia streptocarpa","SPECIES","ACCEPTED",100,"EXACT","Plantae","Tracheophyta","Liliopsida","Poales","Bromeliaceae","Tillandsia","Tillandsia streptocarpa","2026-08-29 23:33:29 UTC"
"Tillandsia usneoides","Plantae","2695149",NA,"Tillandsia usneoides (L.) L.","Tillandsia usneoides","SPECIES","ACCEPTED",100,"EXACT","Plantae","Tracheophyta","Liliopsida","Poales","Bromeliaceae","Tillandsia","Tillandsia usneoides","2026-08-29 23:33:29 UTC"
"Trichlora peruviana","Plantae","2854641",NA,"Trichlora peruviana Baker","Trichlora peruviana","SPECIES","ACCEPTED",100,"EXACT","Plantae","Tracheophyta","Liliopsida","Asparagales","Amaryllidaceae","Trichlora","Trichlora peruviana","2026-08-29 23:33:29 UTC"
"Trichocereus cuzcoensis","Plantae","3952569",NA,"Trichocereus cuzcoensis Britton & Rose","Trichocereus cuzcoensis","SPECIES","ACCEPTED",100,"EXACT","Plantae","Tracheophyta","Magnoliopsida","Caryophyllales","Cactaceae","Trichocereus","Trichocereus cuzcoensis","2026-08-29 23:33:29 UTC"
"Trichoceros antennifer","Plantae","5308667",NA,"Trichoceros antennifer (Bonpl.) Kunth","Trichoceros antennifer","SPECIES","ACCEPTED",100,"EXACT","Plantae","Tracheophyta","Liliopsida","Asparagales","Orchidaceae","Trichoceros","Trichoceros antennifer","2026-08-29 23:33:29 UTC"
"Trifolium amabile","Plantae","5358989",NA,"Trifolium amabile Kunth","Trifolium amabile","SPECIES","ACCEPTED",100,"EXACT","Plantae","Tracheophyta","Magnoliopsida","Fabales","Fabaceae","Trifolium","Trifolium amabile","2026-08-29 23:33:29 UTC"
"Trifolium repens","Plantae","5358748",NA,"Trifolium repens L.","Trifolium repens","SPECIES","ACCEPTED",99,"EXACT","Plantae","Tracheophyta","Magnoliopsida","Fabales","Fabaceae","Trifolium","Trifolium repens","2026-08-29 23:33:29 UTC"
"Trihesperus glaucus","Plantae","2769690",NA,"Trihesperus glaucus (Ruiz & Pav.) Herb.","Trihesperus glaucus","SPECIES","ACCEPTED",100,"EXACT","Plantae","Tracheophyta","Liliopsida","Asparagales","Asparagaceae","Trihesperus","Trihesperus glaucus","2026-08-29 23:33:29 UTC"
"Tripodanthus acutifolius","Plantae","4004147",NA,"Tripodanthus acutifolius (Ruiz & Pav.) Tiegh.","Tripodanthus acutifolius","SPECIES","ACCEPTED",100,"EXACT","Plantae","Tracheophyta","Magnoliopsida","Santalales","Loranthaceae","Tripodanthus","Tripodanthus acutifolius","2026-08-29 23:33:29 UTC"
"Tristerix penduliflorus","Plantae","4003861",NA,"Tristerix penduliflorus Kuijt","Tristerix penduliflorus","SPECIES","ACCEPTED",100,"EXACT","Plantae","Tracheophyta","Magnoliopsida","Santalales","Loranthaceae","Tristerix","Tristerix penduliflorus","2026-08-29 23:33:29 UTC"
"Tropaeolum minus","Plantae","2889930",NA,"Tropaeolum minus L.","Tropaeolum minus","SPECIES","ACCEPTED",100,"EXACT","Plantae","Tracheophyta","Magnoliopsida","Brassicales","Tropaeolaceae","Tropaeolum","Tropaeolum minus","2026-08-29 23:33:29 UTC"
"Tropaeolum peregrinum","Plantae","7274324",NA,"Tropaeolum peregrinum L.","Tropaeolum peregrinum","SPECIES","ACCEPTED",100,"EXACT","Plantae","Tracheophyta","Magnoliopsida","Brassicales","Tropaeolaceae","Tropaeolum","Tropaeolum peregrinum","2026-08-29 23:33:29 UTC"
"Urtica flabellata","Plantae","5670265",NA,"Urtica flabellata Kunth","Urtica flabellata","SPECIES","ACCEPTED",100,"EXACT","Plantae","Tracheophyta","Magnoliopsida","Rosales","Urticaceae","Urtica","Urtica flabellata","2026-08-29 23:33:29 UTC"
"Urtica leptophylla","Plantae","5669658",NA,"Urtica leptophylla Kunth","Urtica leptophylla","SPECIES","ACCEPTED",100,"EXACT","Plantae","Tracheophyta","Magnoliopsida","Rosales","Urticaceae","Urtica","Urtica leptophylla","2026-08-29 23:33:29 UTC"
"Vachellia macracantha","Plantae","3795445",NA,"Vachellia macracantha (Humb. & Bonpl. ex Willd.) Seigler & Ebinger","Vachellia macracantha","SPECIES","ACCEPTED",100,"EXACT","Plantae","Tracheophyta","Magnoliopsida","Fabales","Fabaceae","Vachellia","Vachellia macracantha","2026-08-29 23:33:29 UTC"
"Valeriana micropterina","Plantae","4095239",NA,"Valeriana micropterina Wedd.","Valeriana micropterina","SPECIES","ACCEPTED",100,"EXACT","Plantae","Tracheophyta","Magnoliopsida","Dipsacales","Caprifoliaceae","Valeriana","Valeriana micropterina","2026-08-29 23:33:29 UTC"
"Vallea ecuadorensis","Plantae","4031249",NA,"Vallea ecuadorensis J.Jaram.","Vallea ecuadorensis","SPECIES","ACCEPTED",100,"EXACT","Plantae","Tracheophyta","Magnoliopsida","Oxalidales","Elaeocarpaceae","Vallea","Vallea ecuadorensis","2026-08-29 23:33:29 UTC"
"Vallea stipularis","Plantae","7721174",NA,"Vallea stipularis Mutis ex L.fil.","Vallea stipularis","SPECIES","ACCEPTED",99,"EXACT","Plantae","Tracheophyta","Magnoliopsida","Oxalidales","Elaeocarpaceae","Vallea","Vallea stipularis","2026-08-29 23:33:29 UTC"
"Vasconcellea quercifolia","Plantae","3838736",NA,"Vasconcellea quercifolia A.St.-Hil.","Vasconcellea quercifolia","SPECIES","ACCEPTED",100,"EXACT","Plantae","Tracheophyta","Magnoliopsida","Brassicales","Caricaceae","Vasconcellea","Vasconcellea quercifolia","2026-08-29 23:33:29 UTC"
"Verbascum virgatum","Plantae","3171954",NA,"Verbascum virgatum Stokes","Verbascum virgatum","SPECIES","ACCEPTED",99,"EXACT","Plantae","Tracheophyta","Magnoliopsida","Lamiales","Scrophulariaceae","Verbascum","Verbascum virgatum","2026-08-29 23:33:29 UTC"
"Verbena litoralis","Plantae","2925494",NA,"Verbena litoralis Kunth","Verbena litoralis","SPECIES","ACCEPTED",100,"EXACT","Plantae","Tracheophyta","Magnoliopsida","Lamiales","Verbenaceae","Verbena","Verbena litoralis","2026-08-29 23:33:29 UTC"
"Veronica peregrina","Plantae","3172104",NA,"Veronica peregrina L.","Veronica peregrina","SPECIES","ACCEPTED",99,"EXACT","Plantae","Tracheophyta","Magnoliopsida","Lamiales","Plantaginaceae","Veronica","Veronica peregrina","2026-08-29 23:33:29 UTC"
"Veronica persica","Plantae","3172077",NA,"Veronica persica Poir.","Veronica persica","SPECIES","ACCEPTED",100,"EXACT","Plantae","Tracheophyta","Magnoliopsida","Lamiales","Plantaginaceae","Veronica","Veronica persica","2026-08-29 23:33:29 UTC"
"Veronica serpyllifolia","Plantae","3172057",NA,"Veronica serpyllifolia L.","Veronica serpyllifolia","SPECIES","ACCEPTED",99,"EXACT","Plantae","Tracheophyta","Magnoliopsida","Lamiales","Plantaginaceae","Veronica","Veronica serpyllifolia","2026-08-29 23:33:29 UTC"
"Vicia faba","Plantae","2974832",NA,"Vicia faba L.","Vicia faba","SPECIES","ACCEPTED",100,"EXACT","Plantae","Tracheophyta","Magnoliopsida","Fabales","Fabaceae","Vicia","Vicia faba","2026-08-29 23:33:29 UTC"
"Vinca major","Plantae","3169708",NA,"Vinca major L.","Vinca major","SPECIES","ACCEPTED",99,"EXACT","Plantae","Tracheophyta","Magnoliopsida","Gentianales","Apocynaceae","Vinca","Vinca major","2026-08-29 23:33:29 UTC"
"Viola pusillima","Plantae","5664187",NA,"Viola pusillima Wedd.","Viola pusillima","SPECIES","ACCEPTED",100,"EXACT","Plantae","Tracheophyta","Magnoliopsida","Malpighiales","Violaceae","Viola","Viola pusillima","2026-08-29 23:33:29 UTC"
"Viola pygmaea","Plantae","5664172",NA,"Viola pygmaea Juss. ex Poir.","Viola pygmaea","SPECIES","ACCEPTED",99,"EXACT","Plantae","Tracheophyta","Magnoliopsida","Malpighiales","Violaceae","Viola","Viola pygmaea","2026-08-29 23:33:29 UTC"
"Weberbauerocereus cuzcoensis","Plantae","7281538",NA,"Weberbauerocereus cuzcoensis Kn<U+00ED>ze","Weberbauerocereus cuzcoensis","SPECIES","ACCEPTED",99,"EXACT","Plantae","Tracheophyta","Magnoliopsida","Caryophyllales","Cactaceae","Weberbauerocereus","Weberbauerocereus cuzcoensis","2026-08-29 23:33:29 UTC"
"Werneria ciliolata","Plantae","5402732",NA,"Werneria ciliolata A.Gray","Werneria ciliolata","SPECIES","ACCEPTED",100,"EXACT","Plantae","Tracheophyta","Magnoliopsida","Asterales","Asteraceae","Werneria","Werneria ciliolata","2026-08-29 23:33:29 UTC"
"Werneria dactylophylla","Plantae","6064275",NA,"Werneria dactylophylla Sch.Bip.","Werneria dactylophylla","SPECIES","ACCEPTED",100,"EXACT","Plantae","Tracheophyta","Magnoliopsida","Asterales","Asteraceae","Werneria","Werneria dactylophylla","2026-08-29 23:33:29 UTC"
"Zephyranthes andina","Plantae","2859968",NA,"Zephyranthes andina (R.E.Fr.) Traub","Zephyranthes andina","SPECIES","ACCEPTED",100,"EXACT","Plantae","Tracheophyta","Liliopsida","Asparagales","Amaryllidaceae","Zephyranthes","Zephyranthes andina","2026-08-29 23:33:29 UTC"
"Zinnia peruviana","Plantae","9193953",NA,"Zinnia peruviana (L.) L.","Zinnia peruviana","SPECIES","ACCEPTED",100,"EXACT","Plantae","Tracheophyta","Magnoliopsida","Asterales","Asteraceae","Zinnia","Zinnia peruviana","2026-08-29 23:33:29 UTC"
